# NNUE Training Runner - Structured Log
# Format: [TIMESTAMP] [LEVEL] [PHASE:GEN] message
# Structured events use KEY=VALUE pairs after the tag
# Levels: INFO, WARN, ERROR, EVENT, METRIC, CONFIG, CMD
# Generated: 2026-03-28T03:41:32.862
#
# â”€â”€ HOW TO READ THIS LOG â”€â”€
# Lines starting with [EVENT] mark pipeline milestones (start/stop/phase transitions)
# Lines starting with [METRIC] contain numeric training data points
# Lines starting with [ERROR] or [WARN] flag issues to investigate
# Lines starting with [CONFIG] dump the full configuration used
# Lines starting with [CMD] show exact command lines executed
# Lines starting with [INFO] are general informational messages
#
[2026-03-28T03:41:32.864] [INFO] [selfplay:0] [LOG] Writing structured log to: C:\Users\chris\pyproj\my_env\Projects\ChessEngine\x64\Release\assets\logs\training_run_20260328_034132.log
[2026-03-28T03:41:32.864] [EVENT] [pipeline:0] PIPELINE_START first_gen=7 last_gen=16 total_gens=10
[2026-03-28T03:41:32.864] [CONFIG] [pipeline:0] generations=10 startGen=6 gamesPerGen=750 epochsPerGen=12 batchSize=2048 lr=0.0002 weightDecay=0.0005 dropout=0.2 labelSmooth=0.01 gradAccum=4 warmupSteps=100 drawWeight=0.3 mateBoost=10 splRatio=0.25 frcMix=0 replayWindow=4 replayDecay=0.7 workers=12 depth=7 mixedDepthLow=4 mixedDepthRatio=0.2 maxPositions=200000 earlyStop=8 cosineLr=true cosineT0=0 swa=true swaStart=5 drawPct=30 wdlAlpha=0.3 wdlDrawElo=50 eloValidate=false eloGames=100 swaGames=100 overfitDetect=true resignCp=500 contemptCp=20 maxPlies=250 drawCp=0 exeName=ChessEngine.exe pyScript=train_nnue.py dataDir=assets
[2026-03-28T03:41:32.864] [INFO] [selfplay:0] --- Generation 7 ---
[2026-03-28T03:41:32.865] [EVENT] [selfplay:7] PHASE_START games=750 depth=7 workers=12
[2026-03-28T03:41:32.865] [CMD] [selfplay:0] [CMD] "C:\Users\chris\pyproj\my_env\Projects\ChessEngine\x64\Release\ChessEngine.exe" --generate --games 750 --depth 7 --mixed-depth-ratio 0.200000 --mixed-depth-low 4 --workers 12 --output "C:\Users\chris\pyproj\my_env\Projects\ChessEngine\x64\Release\assets\selfplay_gen7.bin" --weights "C:\Users\chris\pyproj\my_env\Projects\ChessEngine\x64\Release\assets\nnue_weights_gen6.bin" --openings "C:\Users\chris\pyproj\my_env\Projects\ChessEngine\x64\Release\assets\openings.txt" --game-time-limit 480 --resigncp 500 --contempt 20 --maxplies 250 --drawcp 0
[2026-03-28T03:41:33.372] [INFO] [selfplay:0] [SelfPlay] Loaded 2000 opening positions from C:\Users\chris\pyproj\my_env\Projects\ChessEngine\x64\Release\assets\openings.txt
[2026-03-28T03:41:33.372] [INFO] [selfplay:0] [SelfPlay] Starting 750 games  depth=7  movetime=0ms  workers=12  output=C:\Users\chris\pyproj\my_env\Projects\ChessEngine\x64\Release\assets\selfplay_gen7.bin  openings=2000  contempt=20  openingTemp=1.5  softmaxPlies=8  softmaxTemp=0.5  recordMinPly=10  mixedDepth=4/7 (20%/80%)
[2026-03-28T03:41:37.065] [INFO] [selfplay:0] [SelfPlay] 1/750 (0%)  pos=77  W/D/B=1/0/0  (100%/0%/0%)  d4/d7  0.3 games/s (avg 0.3)  48.7K nps  ETA 00:38:00        
[2026-03-28T03:41:37.142] [INFO] [selfplay:0] [SelfPlay] 2/750 (0%)  pos=121  W/D/B=2/0/0  (100%/0%/0%)  d4/d7  0.5 games/s (avg 0.5)  91.7K nps  ETA 00:23:01       
[2026-03-28T03:41:40.934] [INFO] [selfplay:0] [SelfPlay] 3/750 (0%)  pos=223  W/D/B=2/1/0  (66%/33%/0%)  d4/d7  2.4 games/s (avg 0.8)  142.3K nps  ETA 00:15:34      
[2026-03-28T03:41:41.873] [INFO] [selfplay:0] [SelfPlay] 4/750 (0%)  pos=324  W/D/B=2/2/0  (50%/50%/0%)  d4/d7  2.1 games/s (avg 0.5)  97.3K nps  ETA 00:23:29       
[2026-03-28T03:41:46.165] [INFO] [selfplay:0] [SelfPlay] 5/750 (0%)  pos=453  W/D/B=3/2/0  (60%/40%/0%)  d4/d7  1.9 games/s (avg 0.6)  121.9K nps  ETA 00:21:02      
[2026-03-28T03:41:58.701] [INFO] [selfplay:0] [SelfPlay] 6/750 (0%)  pos=565  W/D/B=4/2/0  (66%/33%/0%)  d4/d7  1.7 games/s (avg 0.5)  103.0K nps  ETA 00:26:13      
[2026-03-28T03:42:00.359] [INFO] [selfplay:0] [SelfPlay] 7/750 (0%)  pos=603  W/D/B=4/3/0  (57%/42%/0%)  d4/d7  1.5 games/s (avg 0.3)  186.1K nps  ETA 00:44:47      
[2026-03-28T03:42:02.934] [INFO] [selfplay:0] [SelfPlay] 8/750 (1%)  pos=635  W/D/B=4/3/1  (50%/37%/12%)  d4/d7  1.4 games/s (avg 0.3)  254.5K nps  ETA 00:41:40     
[2026-03-28T03:42:08.967] [INFO] [selfplay:0] [SelfPlay] 9/750 (1%)  pos=694  W/D/B=4/3/2  (44%/33%/22%)  d4/d7  1.2 games/s (avg 0.3)  303.1K nps  ETA 00:40:27     
[2026-03-28T03:42:10.341] [INFO] [selfplay:0] [SelfPlay] 10/750 (1%)  pos=781  W/D/B=4/4/2  (40%/40%/20%)  d4/d7  1.1 games/s (avg 0.3)  298.9K nps  ETA 00:43:53    
[2026-03-28T03:42:11.137] [INFO] [selfplay:0] [SelfPlay] 11/750 (1%)  pos=828  W/D/B=5/4/2  (45%/36%/18%)  d4/d7  1.0 games/s (avg 0.3)  358.0K nps  ETA 00:41:22    
[2026-03-28T03:42:14.188] [INFO] [selfplay:0] [SelfPlay] 12/750 (1%)  pos=1013  W/D/B=6/4/2  (50%/33%/16%)  d4/d7  1.1 games/s (avg 0.3)  365.0K nps  ETA 00:38:39   
[2026-03-28T03:42:15.511] [INFO] [selfplay:0] [SelfPlay] 13/750 (1%)  pos=1074  W/D/B=6/4/3  (46%/30%/23%)  d4/d7  1.0 games/s (avg 0.3)  336.2K nps  ETA 00:38:31   
[2026-03-28T03:42:15.742] [INFO] [selfplay:0] [SelfPlay] 14/750 (1%)  pos=1192  W/D/B=6/4/4  (42%/28%/28%)  d4/d7  0.9 games/s (avg 0.3)  396.1K nps  ETA 00:36:55   
[2026-03-28T03:42:17.622] [INFO] [selfplay:0] [SelfPlay] 15/750 (2%)  pos=1224  W/D/B=6/4/5  (40%/26%/33%)  d4/d7  1.4 games/s (avg 0.4)  395.9K nps  ETA 00:34:34   
[2026-03-28T03:42:24.569] [INFO] [selfplay:0] [SelfPlay] 16/750 (2%)  pos=1324  W/D/B=6/5/5  (37%/31%/31%)  d4/d7  1.3 games/s (avg 0.4)  431.8K nps  ETA 00:33:42   
[2026-03-28T03:42:26.246] [INFO] [selfplay:0] [SelfPlay] 17/750 (2%)  pos=1386  W/D/B=6/6/5  (35%/35%/29%)  d4/d7  1.1 games/s (avg 0.3)  400.4K nps  ETA 00:36:46   
[2026-03-28T03:42:26.471] [INFO] [selfplay:0] [SelfPlay] 18/750 (2%)  pos=1426  W/D/B=7/6/5  (38%/33%/27%)  d4/d7  1.0 games/s (avg 0.3)  415.7K nps  ETA 00:35:49   
[2026-03-28T03:42:30.528] [INFO] [selfplay:0] [SelfPlay] 19/750 (2%)  pos=1537  W/D/B=8/6/5  (42%/31%/26%)  d4/d7  1.6 games/s (avg 0.4)  481.0K nps  ETA 00:33:58   
[2026-03-28T03:42:30.863] [INFO] [selfplay:0] [SelfPlay] 20/750 (2%)  pos=1647  W/D/B=8/6/6  (40%/30%/30%)  d4/d7  1.4 games/s (avg 0.3)  442.6K nps  ETA 00:34:46   
[2026-03-28T03:42:33.724] [INFO] [selfplay:0] [SelfPlay] 21/750 (2%)  pos=1739  W/D/B=9/6/6  (42%/28%/28%)  d4/d7  1.6 games/s (avg 0.4)  499.8K nps  ETA 00:33:12   
[2026-03-28T03:42:39.283] [INFO] [selfplay:0] [SelfPlay] 22/750 (2%)  pos=1797  W/D/B=10/6/6  (45%/27%/27%)  d4/d7  1.4 games/s (avg 0.4)  473.3K nps  ETA 00:33:12  
[2026-03-28T03:42:44.837] [INFO] [selfplay:0] [SelfPlay] 23/750 (3%)  pos=1886  W/D/B=10/6/7  (43%/26%/30%)  d4/d7  1.2 games/s (avg 0.3)  463.5K nps  ETA 00:34:37  
[2026-03-28T03:42:47.817] [INFO] [selfplay:0] [SelfPlay] 24/750 (3%)  pos=1979  W/D/B=10/6/8  (41%/25%/33%)  d4/d7  1.1 games/s (avg 0.3)  448.2K nps  ETA 00:35:58  
[2026-03-28T03:42:55.082] [INFO] [selfplay:0] [SelfPlay] 25/750 (3%)  pos=2167  W/D/B=10/7/8  (40%/28%/32%)  d4/d7  1.0 games/s (avg 0.3)  429.4K nps  ETA 00:35:51  
[2026-03-28T03:42:57.737] [INFO] [selfplay:0] [SelfPlay] 26/750 (3%)  pos=2222  W/D/B=10/7/9  (38%/26%/34%)  d4/d7  0.8 games/s (avg 0.3)  406.5K nps  ETA 00:37:52  
[2026-03-28T03:43:01.214] [INFO] [selfplay:0] [SelfPlay] 27/750 (3%)  pos=2349  W/D/B=10/7/10  (37%/25%/37%)  d4/d7  0.8 games/s (avg 0.3)  416.0K nps  ETA 00:37:36 
[2026-03-28T03:43:03.459] [INFO] [selfplay:0] [SelfPlay] 28/750 (3%)  pos=2482  W/D/B=11/7/10  (39%/25%/35%)  d4/d7  0.7 games/s (avg 0.3)  426.4K nps  ETA 00:37:42 
[2026-03-28T03:43:04.127] [INFO] [selfplay:0] [SelfPlay] 29/750 (3%)  pos=2543  W/D/B=11/7/11  (37%/24%/37%)  d4/d7  0.7 games/s (avg 0.3)  434.9K nps  ETA 00:37:19 
[2026-03-28T03:43:05.247] [INFO] [selfplay:0] [SelfPlay] 30/750 (4%)  pos=2656  W/D/B=11/7/12  (36%/23%/40%)  d4/d7  0.8 games/s (avg 0.3)  487.1K nps  ETA 00:36:17 
[2026-03-28T03:43:05.519] [INFO] [selfplay:0] [SelfPlay] 31/750 (4%)  pos=2797  W/D/B=11/7/13  (35%/22%/41%)  d4/d7  0.8 games/s (avg 0.3)  485.1K nps  ETA 00:35:29 
[2026-03-28T03:43:06.320] [INFO] [selfplay:0] [SelfPlay] 32/750 (4%)  pos=2860  W/D/B=12/7/13  (37%/21%/40%)  d4/d7  1.2 games/s (avg 0.3)  518.6K nps  ETA 00:34:27 
[2026-03-28T03:43:08.180] [INFO] [selfplay:0] [SelfPlay] 33/750 (4%)  pos=2979  W/D/B=13/7/13  (39%/21%/39%)  d4/d7  1.2 games/s (avg 0.4)  543.2K nps  ETA 00:33:37 
[2026-03-28T03:43:08.875] [INFO] [selfplay:0] [SelfPlay] 34/750 (4%)  pos=3043  W/D/B=13/7/14  (38%/20%/41%)  d4/d7  1.1 games/s (avg 0.4)  533.8K nps  ETA 00:33:15 
[2026-03-28T03:43:11.126] [INFO] [selfplay:0] [SelfPlay] 35/750 (4%)  pos=3161  W/D/B=14/7/14  (40%/20%/40%)  d4/d7  1.2 games/s (avg 0.4)  550.7K nps  ETA 00:32:28 
[2026-03-28T03:43:12.724] [INFO] [selfplay:0] [SelfPlay] 36/750 (4%)  pos=3216  W/D/B=14/8/14  (38%/22%/38%)  d4/d7  1.1 games/s (avg 0.4)  538.0K nps  ETA 00:32:16 
[2026-03-28T03:43:16.638] [INFO] [selfplay:0] [SelfPlay] 37/750 (4%)  pos=3417  W/D/B=15/8/14  (40%/21%/37%)  d4/d7  1.0 games/s (avg 0.4)  582.1K nps  ETA 00:31:50 
[2026-03-28T03:43:19.883] [INFO] [selfplay:0] [SelfPlay] 38/750 (5%)  pos=3493  W/D/B=15/9/14  (39%/23%/36%)  d4/d7  0.9 games/s (avg 0.4)  559.3K nps  ETA 00:32:11 
[2026-03-28T03:43:20.264] [INFO] [selfplay:0] [SelfPlay] 39/750 (5%)  pos=3606  W/D/B=15/9/15  (38%/23%/38%)  d4/d7  0.8 games/s (avg 0.4)  573.2K nps  ETA 00:32:21 
[2026-03-28T03:43:20.865] [INFO] [selfplay:0] [SelfPlay] 40/750 (5%)  pos=3708  W/D/B=16/9/15  (40%/22%/37%)  d4/d7  1.1 games/s (avg 0.4)  587.3K nps  ETA 00:31:36 
[2026-03-28T03:43:25.532] [INFO] [selfplay:0] [SelfPlay] 41/750 (5%)  pos=3833  W/D/B=16/9/16  (39%/21%/39%)  d4/d7  1.2 games/s (avg 0.4)  595.1K nps  ETA 00:30:53 
[2026-03-28T03:43:32.164] [INFO] [selfplay:0] [SelfPlay] 42/750 (5%)  pos=3905  W/D/B=17/9/16  (40%/21%/38%)  d4/d7  1.0 games/s (avg 0.4)  577.5K nps  ETA 00:31:24 
[2026-03-28T03:43:37.594] [INFO] [selfplay:0] [SelfPlay] 43/750 (5%)  pos=3995  W/D/B=18/9/16  (41%/20%/37%)  d4/d7  0.9 games/s (avg 0.4)  558.5K nps  ETA 00:32:27 
[2026-03-28T03:43:38.020] [INFO] [selfplay:0] [SelfPlay] 44/750 (5%)  pos=4112  W/D/B=18/9/17  (40%/20%/38%)  d4/d7  0.8 games/s (avg 0.4)  558.6K nps  ETA 00:33:13 
[2026-03-28T03:43:43.961] [INFO] [selfplay:0] [SelfPlay] 45/750 (6%)  pos=4246  W/D/B=18/9/18  (40%/20%/40%)  d4/d7  1.0 games/s (avg 0.4)  568.5K nps  ETA 00:32:26 
[2026-03-28T03:43:44.954] [INFO] [selfplay:0] [SelfPlay] 46/750 (6%)  pos=4380  W/D/B=19/9/18  (41%/19%/39%)  d4/d7  0.9 games/s (avg 0.4)  557.1K nps  ETA 00:33:17 
[2026-03-28T03:43:47.568] [INFO] [selfplay:0] [SelfPlay] 47/750 (6%)  pos=4453  W/D/B=19/9/19  (40%/19%/40%)  d4/d7  0.9 games/s (avg 0.4)  568.2K nps  ETA 00:32:45 
[2026-03-28T03:43:48.961] [INFO] [selfplay:0] [SelfPlay] 48/750 (6%)  pos=4572  W/D/B=20/9/19  (41%/18%/39%)  d4/d7  0.8 games/s (avg 0.4)  557.7K nps  ETA 00:32:41 
[2026-03-28T03:43:49.688] [INFO] [selfplay:0] [SelfPlay] 49/750 (6%)  pos=4630  W/D/B=20/9/20  (40%/18%/40%)  d4/d7  0.8 games/s (avg 0.4)  563.1K nps  ETA 00:32:18 
[2026-03-28T03:43:51.893] [INFO] [selfplay:0] [SelfPlay] 50/750 (6%)  pos=4704  W/D/B=20/9/21  (40%/18%/42%)  d4/d7  0.9 games/s (avg 0.4)  569.4K nps  ETA 00:31:46 
[2026-03-28T03:43:53.233] [INFO] [selfplay:0] [SelfPlay] 51/750 (6%)  pos=4841  W/D/B=20/9/22  (39%/17%/43%)  d4/d7  0.8 games/s (avg 0.4)  579.1K nps  ETA 00:31:37 
[2026-03-28T03:43:53.431] [INFO] [selfplay:0] [SelfPlay] 52/750 (6%)  pos=4911  W/D/B=21/9/22  (40%/17%/42%)  d4/d7  0.8 games/s (avg 0.4)  586.4K nps  ETA 00:31:16 
[2026-03-28T03:43:53.709] [INFO] [selfplay:0] [SelfPlay] 53/750 (7%)  pos=5021  W/D/B=21/9/23  (39%/16%/43%)  d4/d7  1.5 games/s (avg 0.4)  587.4K nps  ETA 00:30:41 
[2026-03-28T03:43:55.052] [INFO] [selfplay:0] [SelfPlay] 54/750 (7%)  pos=5128  W/D/B=21/9/24  (38%/16%/44%)  d4/d7  1.8 games/s (avg 0.4)  604.9K nps  ETA 00:30:07 
[2026-03-28T03:43:56.531] [INFO] [selfplay:0] [SelfPlay] 55/750 (7%)  pos=5182  W/D/B=21/9/25  (38%/16%/45%)  d4/d7  1.6 games/s (avg 0.4)  612.8K nps  ETA 00:29:48 
[2026-03-28T03:43:58.125] [INFO] [selfplay:0] [SelfPlay] 56/750 (7%)  pos=5280  W/D/B=21/10/25  (37%/17%/44%)  d4/d7  1.5 games/s (avg 0.4)  607.2K nps  ETA 00:29:33
[2026-03-28T03:44:05.315] [INFO] [selfplay:0] [SelfPlay] 57/750 (7%)  pos=5289  W/D/B=22/10/25  (38%/17%/43%)  d4/d7  1.3 games/s (avg 0.4)  602.2K nps  ETA 00:29:12
[2026-03-28T03:44:12.894] [INFO] [selfplay:0] [SelfPlay] 58/750 (7%)  pos=5382  W/D/B=23/10/25  (39%/17%/43%)  d4/d7  1.2 games/s (avg 0.4)  588.3K nps  ETA 00:30:04
[2026-03-28T03:44:14.971] [INFO] [selfplay:0] [SelfPlay] 59/750 (7%)  pos=5436  W/D/B=23/11/25  (38%/18%/42%)  d4/d7  1.0 games/s (avg 0.4)  566.6K nps  ETA 00:31:06
[2026-03-28T03:44:15.644] [INFO] [selfplay:0] [SelfPlay] 60/750 (8%)  pos=5676  W/D/B=23/12/25  (38%/20%/41%)  d4/d7  0.9 games/s (avg 0.4)  574.4K nps  ETA 00:30:57
[2026-03-28T03:44:18.671] [INFO] [selfplay:0] [SelfPlay] 61/750 (8%)  pos=5714  W/D/B=23/13/25  (37%/21%/40%)  d4/d7  1.0 games/s (avg 0.4)  577.2K nps  ETA 00:30:29
[2026-03-28T03:44:21.815] [INFO] [selfplay:0] [SelfPlay] 62/750 (8%)  pos=5800  W/D/B=24/13/25  (38%/20%/40%)  d4/d7  0.9 games/s (avg 0.4)  579.2K nps  ETA 00:30:31
[2026-03-28T03:44:23.933] [INFO] [selfplay:0] [SelfPlay] 63/750 (8%)  pos=5860  W/D/B=24/14/25  (38%/22%/39%)  d4/d7  0.8 games/s (avg 0.4)  577.2K nps  ETA 00:30:34
[2026-03-28T03:44:26.836] [INFO] [selfplay:0] [SelfPlay] 64/750 (8%)  pos=5980  W/D/B=24/14/26  (37%/21%/40%)  d4/d7  0.8 games/s (avg 0.4)  583.8K nps  ETA 00:30:25
[2026-03-28T03:44:28.255] [INFO] [selfplay:0] [SelfPlay] 65/750 (8%)  pos=6017  W/D/B=24/15/26  (36%/23%/40%)  d4/d7  0.7 games/s (avg 0.4)  579.5K nps  ETA 00:30:27
[2026-03-28T03:44:33.752] [INFO] [selfplay:0] [SelfPlay] 66/750 (8%)  pos=6190  W/D/B=25/15/26  (37%/22%/39%)  d4/d7  0.7 games/s (avg 0.4)  588.1K nps  ETA 00:30:06
[2026-03-28T03:44:36.432] [INFO] [selfplay:0] [SelfPlay] 67/750 (8%)  pos=6429  W/D/B=26/15/26  (38%/22%/38%)  d4/d7  0.6 games/s (avg 0.4)  582.7K nps  ETA 00:30:35
[2026-03-28T03:44:37.920] [INFO] [selfplay:0] [SelfPlay] 68/750 (9%)  pos=6551  W/D/B=26/15/27  (38%/22%/39%)  d4/d7  0.6 games/s (avg 0.4)  580.9K nps  ETA 00:30:34
[2026-03-28T03:44:43.327] [INFO] [selfplay:0] [SelfPlay] 69/750 (9%)  pos=6595  W/D/B=26/15/28  (37%/21%/40%)  d4/d7  0.6 games/s (avg 0.4)  588.4K nps  ETA 00:30:16
[2026-03-28T03:44:49.002] [INFO] [selfplay:0] [SelfPlay] 70/750 (9%)  pos=6663  W/D/B=27/15/28  (38%/21%/40%)  d4/d7  0.5 games/s (avg 0.4)  572.0K nps  ETA 00:30:39
[2026-03-28T03:44:49.342] [INFO] [selfplay:0] [SelfPlay] 71/750 (9%)  pos=6794  W/D/B=28/15/28  (39%/21%/39%)  d4/d7  0.5 games/s (avg 0.4)  556.0K nps  ETA 00:31:10
[2026-03-28T03:44:54.802] [INFO] [selfplay:0] [SelfPlay] 72/750 (9%)  pos=6874  W/D/B=28/15/29  (38%/20%/40%)  d4/d7  0.9 games/s (avg 0.4)  569.8K nps  ETA 00:30:39
[2026-03-28T03:44:55.013] [INFO] [selfplay:0] [SelfPlay] 73/750 (9%)  pos=6961  W/D/B=28/15/30  (38%/20%/41%)  d4/d7  0.8 games/s (avg 0.4)  564.4K nps  ETA 00:31:08
[2026-03-28T03:44:58.543] [INFO] [selfplay:0] [SelfPlay] 74/750 (9%)  pos=7071  W/D/B=28/15/31  (37%/20%/41%)  d4/d7  1.4 games/s (avg 0.4)  571.0K nps  ETA 00:30:38
[2026-03-28T03:45:00.184] [INFO] [selfplay:0] [SelfPlay] 75/750 (10%)  pos=7143  W/D/B=29/15/31  (38%/20%/41%)  d4/d7  1.2 games/s (avg 0.4)  561.5K nps  ETA 00:30:45
[2026-03-28T03:45:03.438] [INFO] [selfplay:0] [SelfPlay] 76/750 (10%)  pos=7248  W/D/B=29/15/32  (38%/19%/42%)  d4/d7  1.1 games/s (avg 0.4)  567.0K nps  ETA 00:30:30
[2026-03-28T03:45:04.149] [INFO] [selfplay:0] [SelfPlay] 77/750 (10%)  pos=7315  W/D/B=30/15/32  (38%/19%/41%)  d4/d7  1.0 games/s (avg 0.4)  558.6K nps  ETA 00:30:36
[2026-03-28T03:45:08.798] [INFO] [selfplay:0] [SelfPlay] 78/750 (10%)  pos=7359  W/D/B=30/16/32  (38%/20%/41%)  d4/d7  1.0 games/s (avg 0.4)  563.7K nps  ETA 00:30:10
[2026-03-28T03:45:09.530] [INFO] [selfplay:0] [SelfPlay] 79/750 (10%)  pos=7527  W/D/B=30/16/33  (37%/20%/41%)  d4/d7  0.9 games/s (avg 0.4)  562.3K nps  ETA 00:30:28
[2026-03-28T03:45:10.102] [INFO] [selfplay:0] [SelfPlay] 80/750 (10%)  pos=7642  W/D/B=31/16/33  (38%/20%/41%)  d4/d7  1.0 games/s (avg 0.4)  573.6K nps  ETA 00:30:10
[2026-03-28T03:45:12.020] [INFO] [selfplay:0] [SelfPlay] 81/750 (10%)  pos=7722  W/D/B=31/16/34  (38%/19%/41%)  d4/d7  1.1 games/s (avg 0.4)  582.0K nps  ETA 00:29:48
[2026-03-28T03:45:18.041] [INFO] [selfplay:0] [SelfPlay] 82/750 (10%)  pos=7811  W/D/B=31/16/35  (37%/19%/42%)  d4/d7  1.0 games/s (avg 0.4)  595.2K nps  ETA 00:29:35
[2026-03-28T03:45:21.520] [INFO] [selfplay:0] [SelfPlay] 83/750 (11%)  pos=7963  W/D/B=31/16/36  (37%/19%/43%)  d4/d7  0.9 games/s (avg 0.4)  580.8K nps  ETA 00:30:01
[2026-03-28T03:45:25.036] [INFO] [selfplay:0] [SelfPlay] 84/750 (11%)  pos=8048  W/D/B=32/16/36  (38%/19%/42%)  d4/d7  0.8 games/s (avg 0.4)  578.9K nps  ETA 00:30:05
[2026-03-28T03:45:27.866] [INFO] [selfplay:0] [SelfPlay] 85/750 (11%)  pos=8112  W/D/B=32/17/36  (37%/20%/42%)  d4/d7  0.7 games/s (avg 0.4)  577.6K nps  ETA 00:30:09
[2026-03-28T03:45:31.021] [INFO] [selfplay:0] [SelfPlay] 86/750 (11%)  pos=8136  W/D/B=33/17/36  (38%/19%/41%)  d4/d7  0.7 games/s (avg 0.4)  570.9K nps  ETA 00:30:07
[2026-03-28T03:45:32.340] [INFO] [selfplay:0] [SelfPlay] 87/750 (11%)  pos=8255  W/D/B=34/17/36  (39%/19%/41%)  d4/d7  0.6 games/s (avg 0.4)  577.9K nps  ETA 00:30:10
[2026-03-28T03:45:32.999] [INFO] [selfplay:0] [SelfPlay] 88/750 (11%)  pos=8336  W/D/B=34/17/37  (38%/19%/42%)  d4/d7  0.6 games/s (avg 0.4)  583.2K nps  ETA 00:29:56
[2026-03-28T03:45:35.515] [INFO] [selfplay:0] [SelfPlay] 89/750 (11%)  pos=8433  W/D/B=34/17/38  (38%/19%/42%)  d4/d7  0.8 games/s (avg 0.4)  594.2K nps  ETA 00:29:36
[2026-03-28T03:45:39.567] [INFO] [selfplay:0] [SelfPlay] 90/750 (12%)  pos=8463  W/D/B=34/17/39  (37%/18%/43%)  d4/d7  0.7 games/s (avg 0.4)  588.2K nps  ETA 00:29:31
[2026-03-28T03:45:42.492] [INFO] [selfplay:0] [SelfPlay] 91/750 (12%)  pos=8586  W/D/B=34/17/40  (37%/18%/43%)  d4/d7  0.6 games/s (avg 0.4)  585.8K nps  ETA 00:29:39
[2026-03-28T03:45:43.683] [INFO] [selfplay:0] [SelfPlay] 92/750 (12%)  pos=8697  W/D/B=35/17/40  (38%/18%/43%)  d4/d7  0.6 games/s (avg 0.4)  585.9K nps  ETA 00:29:40
[2026-03-28T03:45:45.317] [INFO] [selfplay:0] [SelfPlay] 93/750 (12%)  pos=8788  W/D/B=35/17/41  (37%/18%/44%)  d4/d7  0.6 games/s (avg 0.4)  592.3K nps  ETA 00:29:27
[2026-03-28T03:45:45.909] [INFO] [selfplay:0] [SelfPlay] 94/750 (12%)  pos=8859  W/D/B=36/17/41  (38%/18%/43%)  d4/d7  0.6 games/s (avg 0.4)  595.5K nps  ETA 00:29:17
[2026-03-28T03:45:48.536] [INFO] [selfplay:0] [SelfPlay] 95/750 (12%)  pos=8964  W/D/B=36/17/42  (37%/17%/44%)  d4/d7  0.8 games/s (avg 0.4)  601.4K nps  ETA 00:28:58
[2026-03-28T03:45:50.108] [INFO] [selfplay:0] [SelfPlay] 96/750 (12%)  pos=9121  W/D/B=36/17/43  (37%/17%/44%)  d4/d7  0.7 games/s (avg 0.4)  601.6K nps  ETA 00:28:57
[2026-03-28T03:45:59.420] [INFO] [selfplay:0] [SelfPlay] 97/750 (12%)  pos=9247  W/D/B=37/17/43  (38%/17%/44%)  d4/d7  0.7 games/s (avg 0.4)  599.1K nps  ETA 00:28:38
[2026-03-28T03:46:04.408] [INFO] [selfplay:0] [SelfPlay] 98/750 (13%)  pos=9325  W/D/B=37/18/43  (37%/18%/43%)  d4/d7  0.6 games/s (avg 0.4)  581.8K nps  ETA 00:29:25
[2026-03-28T03:46:06.191] [INFO] [selfplay:0] [SelfPlay] 99/750 (13%)  pos=9394  W/D/B=38/18/43  (38%/18%/43%)  d4/d7  0.6 games/s (avg 0.4)  575.0K nps  ETA 00:29:41
[2026-03-28T03:46:11.001] [INFO] [selfplay:0] [SelfPlay] 100/750 (13%)  pos=9517  W/D/B=38/18/44  (38%/18%/44%)  d4/d7  0.6 games/s (avg 0.4)  583.4K nps  ETA 00:29:28
[2026-03-28T03:46:15.135] [INFO] [selfplay:0] [SelfPlay] 101/750 (13%)  pos=9580  W/D/B=39/18/44  (38%/17%/43%)  d4/d7  0.5 games/s (avg 0.4)  582.1K nps  ETA 00:29:39
[2026-03-28T03:46:15.151] [INFO] [selfplay:0] [SelfPlay] 102/750 (13%)  pos=9720  W/D/B=40/18/44  (39%/17%/43%)  d4/d7  0.5 games/s (avg 0.4)  582.0K nps  ETA 00:29:50
[2026-03-28T03:46:17.934] [INFO] [selfplay:0] [SelfPlay] 103/750 (13%)  pos=9769  W/D/B=40/18/45  (38%/17%/43%)  d4/d7  9.4 games/s (avg 0.4)  589.8K nps  ETA 00:29:27
[2026-03-28T03:46:18.825] [INFO] [selfplay:0] [SelfPlay] 104/750 (13%)  pos=9887  W/D/B=40/18/46  (38%/17%/44%)  d4/d7  8.7 games/s (avg 0.4)  595.9K nps  ETA 00:29:26
[2026-03-28T03:46:19.859] [INFO] [selfplay:0] [SelfPlay] 105/750 (14%)  pos=9951  W/D/B=40/18/47  (38%/17%/44%)  d4/d7  7.5 games/s (avg 0.4)  600.9K nps  ETA 00:29:12
[2026-03-28T03:46:19.926] [INFO] [selfplay:0] [SelfPlay] 106/750 (14%)  pos=10007  W/D/B=40/18/48  (37%/16%/45%)  d4/d7  6.6 games/s (avg 0.4)  599.5K nps  ETA 00:29:00
[2026-03-28T03:46:23.656] [INFO] [selfplay:0] [SelfPlay] 107/750 (14%)  pos=10093  W/D/B=40/18/49  (37%/16%/45%)  d4/d7  7.8 games/s (avg 0.4)  600.3K nps  ETA 00:28:38
[2026-03-28T03:46:23.779] [INFO] [selfplay:0] [SelfPlay] 108/750 (14%)  pos=10190  W/D/B=41/18/49  (37%/16%/45%)  d4/d7  7.2 games/s (avg 0.4)  601.1K nps  ETA 00:28:45
[2026-03-28T03:46:24.197] [INFO] [selfplay:0] [SelfPlay] 109/750 (14%)  pos=10249  W/D/B=41/18/50  (37%/16%/45%)  d4/d7  7.4 games/s (avg 0.4)  607.3K nps  ETA 00:28:27
[2026-03-28T03:46:24.527] [INFO] [selfplay:0] [SelfPlay] 110/750 (14%)  pos=10298  W/D/B=41/18/51  (37%/16%/46%)  d4/d7  6.6 games/s (avg 0.4)  612.7K nps  ETA 00:28:11
[2026-03-28T03:46:29.577] [INFO] [selfplay:0] [SelfPlay] 111/750 (14%)  pos=10417  W/D/B=41/19/51  (36%/17%/45%)  d4/d7  6.1 games/s (avg 0.4)  612.9K nps  ETA 00:27:51
[2026-03-28T03:46:31.069] [INFO] [selfplay:0] [SelfPlay] 112/750 (14%)  pos=10440  W/D/B=41/19/52  (36%/16%/46%)  d4/d7  5.6 games/s (avg 0.4)  617.1K nps  ETA 00:28:06
[2026-03-28T03:46:31.733] [INFO] [selfplay:0] [SelfPlay] 113/750 (15%)  pos=10524  W/D/B=41/19/53  (36%/16%/46%)  d4/d7  4.9 games/s (avg 0.4)  624.9K nps  ETA 00:27:57
[2026-03-28T03:46:36.564] [INFO] [selfplay:0] [SelfPlay] 114/750 (15%)  pos=10666  W/D/B=42/19/53  (36%/16%/46%)  d4/d7  4.4 games/s (avg 0.4)  624.8K nps  ETA 00:27:39
[2026-03-28T03:46:39.170] [INFO] [selfplay:0] [SelfPlay] 115/750 (15%)  pos=10750  W/D/B=42/19/54  (36%/16%/46%)  d4/d7  4.0 games/s (avg 0.4)  629.8K nps  ETA 00:27:52
[2026-03-28T03:46:39.931] [INFO] [selfplay:0] [SelfPlay] 116/750 (15%)  pos=10907  W/D/B=43/19/54  (37%/16%/46%)  d4/d7  3.7 games/s (avg 0.4)  639.0K nps  ETA 00:27:50
[2026-03-28T03:46:46.157] [INFO] [selfplay:0] [SelfPlay] 117/750 (15%)  pos=11086  W/D/B=43/20/54  (36%/17%/46%)  d4/d7  3.4 games/s (avg 0.4)  644.7K nps  ETA 00:27:32
[2026-03-28T03:46:49.382] [INFO] [selfplay:0] [SelfPlay] 118/750 (15%)  pos=11124  W/D/B=43/21/54  (36%/17%/45%)  d4/d7  3.1 games/s (avg 0.4)  647.6K nps  ETA 00:27:52
[2026-03-28T03:46:49.491] [INFO] [selfplay:0] [SelfPlay] 119/750 (15%)  pos=11165  W/D/B=44/21/54  (36%/17%/45%)  d4/d7  2.9 games/s (avg 0.4)  652.5K nps  ETA 00:27:54
[2026-03-28T03:46:50.445] [INFO] [selfplay:0] [SelfPlay] 120/750 (16%)  pos=11243  W/D/B=44/22/54  (36%/18%/45%)  d4/d7  3.8 games/s (avg 0.4)  657.3K nps  ETA 00:27:38
[2026-03-28T03:46:50.743] [INFO] [selfplay:0] [SelfPlay] 121/750 (16%)  pos=11306  W/D/B=45/22/54  (37%/18%/44%)  d4/d7  3.4 games/s (avg 0.4)  659.6K nps  ETA 00:27:28
[2026-03-28T03:46:53.298] [INFO] [selfplay:0] [SelfPlay] 122/750 (16%)  pos=11449  W/D/B=46/22/54  (37%/18%/44%)  d4/d7  3.4 games/s (avg 0.4)  659.8K nps  ETA 00:27:11
[2026-03-28T03:46:57.440] [INFO] [selfplay:0] [SelfPlay] 123/750 (16%)  pos=11562  W/D/B=46/22/55  (37%/17%/44%)  d4/d7  2.9 games/s (avg 0.4)  659.1K nps  ETA 00:27:05
[2026-03-28T03:47:00.794] [INFO] [selfplay:0] [SelfPlay] 124/750 (16%)  pos=11685  W/D/B=46/22/56  (37%/17%/45%)  d4/d7  2.7 games/s (avg 0.4)  659.8K nps  ETA 00:27:13
[2026-03-28T03:47:10.199] [INFO] [selfplay:0] [SelfPlay] 125/750 (16%)  pos=11812  W/D/B=46/22/57  (36%/17%/45%)  d4/d7  2.4 games/s (avg 0.4)  657.4K nps  ETA 00:27:08
[2026-03-28T03:47:10.394] [INFO] [selfplay:0] [SelfPlay] 126/750 (16%)  pos=11860  W/D/B=47/22/57  (37%/17%/45%)  d4/d7  2.2 games/s (avg 0.4)  663.2K nps  ETA 00:27:47
[2026-03-28T03:47:11.201] [INFO] [selfplay:0] [SelfPlay] 127/750 (16%)  pos=11938  W/D/B=47/22/58  (37%/17%/45%)  d4/d7  2.6 games/s (avg 0.4)  673.0K nps  ETA 00:27:33
[2026-03-28T03:47:14.020] [INFO] [selfplay:0] [SelfPlay] 128/750 (17%)  pos=12044  W/D/B=47/22/59  (36%/17%/46%)  d4/d7  2.4 games/s (avg 0.4)  678.5K nps  ETA 00:27:18
[2026-03-28T03:47:21.243] [INFO] [selfplay:0] [SelfPlay] 129/750 (17%)  pos=12103  W/D/B=48/22/59  (37%/17%/45%)  d4/d7  2.1 games/s (avg 0.4)  678.2K nps  ETA 00:27:12
[2026-03-28T03:47:25.344] [INFO] [selfplay:0] [SelfPlay] 130/750 (17%)  pos=12180  W/D/B=49/22/59  (37%/16%/45%)  d4/d7  1.9 games/s (avg 0.4)  682.4K nps  ETA 00:27:35
[2026-03-28T03:47:29.433] [INFO] [selfplay:0] [SelfPlay] 131/750 (17%)  pos=12308  W/D/B=50/22/59  (38%/16%/45%)  d4/d7  1.7 games/s (avg 0.4)  680.8K nps  ETA 00:27:38
[2026-03-28T03:47:30.960] [INFO] [selfplay:0] [SelfPlay] 132/750 (17%)  pos=12406  W/D/B=50/22/60  (37%/16%/45%)  d4/d7  1.5 games/s (avg 0.4)  678.4K nps  ETA 00:27:46
[2026-03-28T03:47:33.422] [INFO] [selfplay:0] [SelfPlay] 133/750 (17%)  pos=12482  W/D/B=51/22/60  (38%/16%/45%)  d4/d7  1.4 games/s (avg 0.4)  680.5K nps  ETA 00:27:35
[2026-03-28T03:47:34.331] [INFO] [selfplay:0] [SelfPlay] 134/750 (17%)  pos=12596  W/D/B=52/22/60  (38%/16%/44%)  d4/d7  1.2 games/s (avg 0.4)  680.4K nps  ETA 00:27:35
[2026-03-28T03:47:35.013] [INFO] [selfplay:0] [SelfPlay] 135/750 (18%)  pos=12654  W/D/B=53/22/60  (39%/16%/44%)  d4/d7  1.2 games/s (avg 0.4)  684.9K nps  ETA 00:27:23
[2026-03-28T03:47:36.669] [INFO] [selfplay:0] [SelfPlay] 136/750 (18%)  pos=12768  W/D/B=53/22/61  (38%/16%/44%)  d4/d7  1.2 games/s (avg 0.4)  690.6K nps  ETA 00:27:10
[2026-03-28T03:47:36.891] [INFO] [selfplay:0] [SelfPlay] 137/750 (18%)  pos=12839  W/D/B=54/22/61  (39%/16%/44%)  d4/d7  1.1 games/s (avg 0.4)  687.9K nps  ETA 00:27:05
[2026-03-28T03:47:36.955] [INFO] [selfplay:0] [SelfPlay] 138/750 (18%)  pos=12941  W/D/B=55/22/61  (39%/15%/44%)  d4/d7  1.6 games/s (avg 0.4)  688.0K nps  ETA 00:26:52
[2026-03-28T03:47:39.031] [INFO] [selfplay:0] [SelfPlay] 139/750 (18%)  pos=12972  W/D/B=56/22/61  (40%/15%/43%)  d4/d7  3.7 games/s (avg 0.4)  692.1K nps  ETA 00:26:36
[2026-03-28T03:47:43.111] [INFO] [selfplay:0] [SelfPlay] 140/750 (18%)  pos=13065  W/D/B=57/22/61  (40%/15%/43%)  d4/d7  3.2 games/s (avg 0.4)  688.2K nps  ETA 00:26:29
[2026-03-28T03:47:44.831] [INFO] [selfplay:0] [SelfPlay] 141/750 (18%)  pos=13156  W/D/B=58/22/61  (41%/15%/43%)  d4/d7  3.0 games/s (avg 0.4)  688.2K nps  ETA 00:26:34
[2026-03-28T03:47:46.270] [INFO] [selfplay:0] [SelfPlay] 142/750 (18%)  pos=13254  W/D/B=59/22/61  (41%/15%/42%)  d4/d7  2.6 games/s (avg 0.4)  690.0K nps  ETA 00:26:29
[2026-03-28T03:47:56.997] [INFO] [selfplay:0] [SelfPlay] 143/750 (19%)  pos=13344  W/D/B=59/23/61  (41%/16%/42%)  d4/d7  2.3 games/s (avg 0.4)  697.5K nps  ETA 00:26:11
[2026-03-28T03:47:58.218] [INFO] [selfplay:0] [SelfPlay] 144/750 (19%)  pos=13444  W/D/B=60/23/61  (41%/15%/42%)  d4/d7  2.2 games/s (avg 0.4)  703.6K nps  ETA 00:26:53
[2026-03-28T03:47:59.767] [INFO] [selfplay:0] [SelfPlay] 145/750 (19%)  pos=13507  W/D/B=61/23/61  (42%/15%/42%)  d4/d7  2.0 games/s (avg 0.4)  704.5K nps  ETA 00:26:43
[2026-03-28T03:48:05.048] [INFO] [selfplay:0] [SelfPlay] 146/750 (19%)  pos=13582  W/D/B=62/23/61  (42%/15%/41%)  d4/d7  1.8 games/s (avg 0.4)  706.8K nps  ETA 00:26:33
[2026-03-28T03:48:06.484] [INFO] [selfplay:0] [SelfPlay] 147/750 (19%)  pos=13664  W/D/B=63/23/61  (42%/15%/41%)  d4/d7  1.5 games/s (avg 0.4)  702.9K nps  ETA 00:26:44
[2026-03-28T03:48:18.433] [INFO] [selfplay:0] [SelfPlay] 148/750 (19%)  pos=13729  W/D/B=64/23/61  (43%/15%/41%)  d4/d7  1.4 games/s (avg 0.4)  705.3K nps  ETA 00:26:27
[2026-03-28T03:48:21.901] [INFO] [selfplay:0] [SelfPlay] 149/750 (19%)  pos=13807  W/D/B=65/23/61  (43%/15%/40%)  d4/d7  1.3 games/s (avg 0.4)  709.0K nps  ETA 00:27:10
[2026-03-28T03:48:22.856] [INFO] [selfplay:0] [SelfPlay] 150/750 (20%)  pos=13837  W/D/B=66/23/61  (44%/15%/40%)  d4/d7  1.1 games/s (avg 0.4)  705.1K nps  ETA 00:27:13
[2026-03-28T03:48:25.230] [INFO] [selfplay:0] [SelfPlay] 151/750 (20%)  pos=13869  W/D/B=67/23/61  (44%/15%/40%)  d4/d7  1.1 games/s (avg 0.4)  706.5K nps  ETA 00:27:02
[2026-03-28T03:48:27.554] [INFO] [selfplay:0] [SelfPlay] 152/750 (20%)  pos=13906  W/D/B=68/23/61  (44%/15%/40%)  d4/d7  1.0 games/s (avg 0.4)  711.1K nps  ETA 00:26:57
[2026-03-28T03:48:28.199] [INFO] [selfplay:0] [SelfPlay] 153/750 (20%)  pos=14016  W/D/B=68/24/61  (44%/15%/39%)  d4/d7  0.9 games/s (avg 0.4)  713.5K nps  ETA 00:26:56
[2026-03-28T03:48:28.311] [INFO] [selfplay:0] [SelfPlay] 154/750 (20%)  pos=14107  W/D/B=69/24/61  (44%/15%/39%)  d4/d7  1.0 games/s (avg 0.4)  712.9K nps  ETA 00:26:45
[2026-03-28T03:48:28.866] [INFO] [selfplay:0] [SelfPlay] 155/750 (20%)  pos=14204  W/D/B=70/24/61  (45%/15%/39%)  d4/d7  2.2 games/s (avg 0.4)  719.0K nps  ETA 00:26:31
[2026-03-28T03:48:31.135] [INFO] [selfplay:0] [SelfPlay] 156/750 (20%)  pos=14245  W/D/B=70/24/62  (44%/15%/39%)  d4/d7  2.2 games/s (avg 0.4)  718.3K nps  ETA 00:26:20
[2026-03-28T03:48:32.652] [INFO] [selfplay:0] [SelfPlay] 157/750 (20%)  pos=14343  W/D/B=71/24/62  (45%/15%/39%)  d4/d7  1.9 games/s (avg 0.4)  713.9K nps  ETA 00:26:15
[2026-03-28T03:48:34.184] [INFO] [selfplay:0] [SelfPlay] 158/750 (21%)  pos=14440  W/D/B=71/24/63  (44%/15%/39%)  d4/d7  1.7 games/s (avg 0.4)  715.5K nps  ETA 00:26:09
[2026-03-28T03:48:35.966] [INFO] [selfplay:0] [SelfPlay] 159/750 (21%)  pos=14612  W/D/B=71/24/64  (44%/15%/40%)  d4/d7  1.6 games/s (avg 0.4)  713.3K nps  ETA 00:26:02
[2026-03-28T03:48:36.505] [INFO] [selfplay:0] [SelfPlay] 160/750 (21%)  pos=14692  W/D/B=72/24/64  (45%/15%/40%)  d4/d7  1.4 games/s (avg 0.4)  718.1K nps  ETA 00:25:57
[2026-03-28T03:48:36.942] [INFO] [selfplay:0] [SelfPlay] 161/750 (21%)  pos=14890  W/D/B=72/25/64  (44%/15%/39%)  d4/d7  1.5 games/s (avg 0.4)  725.6K nps  ETA 00:25:47
[2026-03-28T03:48:38.639] [INFO] [selfplay:0] [SelfPlay] 162/750 (21%)  pos=15015  W/D/B=73/25/64  (45%/15%/39%)  d4/d7  1.6 games/s (avg 0.4)  732.5K nps  ETA 00:25:35
[2026-03-28T03:48:44.060] [INFO] [selfplay:0] [SelfPlay] 163/750 (21%)  pos=15098  W/D/B=73/26/64  (44%/15%/39%)  d4/d7  1.4 games/s (avg 0.4)  729.5K nps  ETA 00:25:26
[2026-03-28T03:48:48.410] [INFO] [selfplay:0] [SelfPlay] 164/750 (21%)  pos=15179  W/D/B=73/26/65  (44%/15%/39%)  d4/d7  1.3 games/s (avg 0.4)  719.0K nps  ETA 00:25:33
[2026-03-28T03:48:48.603] [INFO] [selfplay:0] [SelfPlay] 165/750 (22%)  pos=15270  W/D/B=74/26/65  (44%/15%/39%)  d4/d7  1.1 games/s (avg 0.4)  716.3K nps  ETA 00:25:42
[2026-03-28T03:48:50.562] [INFO] [selfplay:0] [SelfPlay] 166/750 (22%)  pos=15417  W/D/B=74/26/66  (44%/15%/39%)  d4/d7  1.7 games/s (avg 0.4)  716.7K nps  ETA 00:25:29
[2026-03-28T03:48:59.779] [INFO] [selfplay:0] [SelfPlay] 167/750 (22%)  pos=15459  W/D/B=74/27/66  (44%/16%/39%)  d4/d7  1.5 games/s (avg 0.4)  715.8K nps  ETA 00:25:17
[2026-03-28T03:49:00.158] [INFO] [selfplay:0] [SelfPlay] 168/750 (22%)  pos=15501  W/D/B=75/27/66  (44%/16%/39%)  d4/d7  1.4 games/s (avg 0.4)  719.0K nps  ETA 00:25:46
[2026-03-28T03:49:01.157] [INFO] [selfplay:0] [SelfPlay] 169/750 (22%)  pos=15614  W/D/B=75/27/67  (44%/15%/39%)  d4/d7  1.6 games/s (avg 0.4)  725.6K nps  ETA 00:25:34
[2026-03-28T03:49:03.035] [INFO] [selfplay:0] [SelfPlay] 170/750 (22%)  pos=15652  W/D/B=75/27/68  (44%/15%/40%)  d4/d7  1.5 games/s (avg 0.4)  727.4K nps  ETA 00:25:25
[2026-03-28T03:49:06.774] [INFO] [selfplay:0] [SelfPlay] 171/750 (22%)  pos=15692  W/D/B=75/27/69  (43%/15%/40%)  d4/d7  1.4 games/s (avg 0.4)  724.0K nps  ETA 00:25:18
[2026-03-28T03:49:09.701] [INFO] [selfplay:0] [SelfPlay] 172/750 (22%)  pos=15780  W/D/B=76/27/69  (44%/15%/40%)  d4/d7  1.2 games/s (avg 0.4)  721.0K nps  ETA 00:25:20
[2026-03-28T03:49:10.421] [INFO] [selfplay:0] [SelfPlay] 173/750 (23%)  pos=15842  W/D/B=76/27/70  (43%/15%/40%)  d4/d7  1.1 games/s (avg 0.4)  721.8K nps  ETA 00:25:20
[2026-03-28T03:49:10.789] [INFO] [selfplay:0] [SelfPlay] 174/750 (23%)  pos=15913  W/D/B=76/27/71  (43%/15%/40%)  d4/d7  1.1 games/s (avg 0.4)  727.5K nps  ETA 00:25:12
[2026-03-28T03:49:11.387] [INFO] [selfplay:0] [SelfPlay] 175/750 (23%)  pos=15976  W/D/B=76/27/72  (43%/15%/41%)  d4/d7  1.4 games/s (avg 0.4)  731.6K nps  ETA 00:25:02
[2026-03-28T03:49:13.077] [INFO] [selfplay:0] [SelfPlay] 176/750 (23%)  pos=16041  W/D/B=77/27/72  (43%/15%/40%)  d4/d7  1.4 games/s (avg 0.4)  733.8K nps  ETA 00:24:52
[2026-03-28T03:49:17.489] [INFO] [selfplay:0] [SelfPlay] 177/750 (23%)  pos=16120  W/D/B=78/27/72  (44%/15%/40%)  d4/d7  1.3 games/s (avg 0.4)  735.6K nps  ETA 00:24:43
[2026-03-28T03:49:29.059] [INFO] [selfplay:0] [SelfPlay] 178/750 (23%)  pos=16224  W/D/B=78/27/73  (43%/15%/41%)  d4/d7  1.1 games/s (avg 0.4)  730.8K nps  ETA 00:24:40
[2026-03-28T03:49:32.480] [INFO] [selfplay:0] [SelfPlay] 179/750 (23%)  pos=16249  W/D/B=78/28/73  (43%/15%/40%)  d4/d7  1.0 games/s (avg 0.4)  730.9K nps  ETA 00:25:13
[2026-03-28T03:49:32.500] [INFO] [selfplay:0] [SelfPlay] 180/750 (24%)  pos=16396  W/D/B=79/28/73  (43%/15%/40%)  d4/d7  0.9 games/s (avg 0.4)  728.4K nps  ETA 00:25:17
[2026-03-28T03:49:33.893] [INFO] [selfplay:0] [SelfPlay] 181/750 (24%)  pos=16454  W/D/B=79/28/74  (43%/15%/40%)  d4/d7  8.1 games/s (avg 0.4)  728.8K nps  ETA 00:25:05
[2026-03-28T03:49:35.495] [INFO] [selfplay:0] [SelfPlay] 182/750 (24%)  pos=16510  W/D/B=79/29/74  (43%/15%/40%)  d4/d7  7.5 games/s (avg 0.4)  732.7K nps  ETA 00:24:57
[2026-03-28T03:49:36.448] [INFO] [selfplay:0] [SelfPlay] 183/750 (24%)  pos=16531  W/D/B=80/29/74  (43%/15%/40%)  d4/d7  6.9 games/s (avg 0.4)  736.4K nps  ETA 00:24:52
[2026-03-28T03:49:38.456] [INFO] [selfplay:0] [SelfPlay] 184/750 (24%)  pos=16570  W/D/B=80/30/74  (43%/16%/40%)  d4/d7  6.0 games/s (avg 0.4)  736.9K nps  ETA 00:24:43
[2026-03-28T03:49:38.491] [INFO] [selfplay:0] [SelfPlay] 185/750 (24%)  pos=16792  W/D/B=81/30/74  (43%/16%/40%)  d4/d7  5.6 games/s (avg 0.4)  737.4K nps  ETA 00:24:41
[2026-03-28T03:49:40.378] [INFO] [selfplay:0] [SelfPlay] 186/750 (24%)  pos=16845  W/D/B=81/31/74  (43%/16%/39%)  d4/d7  9.0 games/s (avg 0.4)  737.8K nps  ETA 00:24:30
[2026-03-28T03:49:49.638] [INFO] [selfplay:0] [SelfPlay] 187/750 (24%)  pos=16934  W/D/B=81/31/75  (43%/16%/40%)  d4/d7  8.3 games/s (avg 0.4)  741.6K nps  ETA 00:24:16
[2026-03-28T03:49:51.223] [INFO] [selfplay:0] [SelfPlay] 188/750 (25%)  pos=16979  W/D/B=81/31/76  (43%/16%/40%)  d4/d7  7.7 games/s (avg 0.4)  746.5K nps  ETA 00:24:42
[2026-03-28T03:49:52.696] [INFO] [selfplay:0] [SelfPlay] 189/750 (25%)  pos=17126  W/D/B=82/31/76  (43%/16%/40%)  d4/d7  7.1 games/s (avg 0.4)  756.7K nps  ETA 00:24:35
[2026-03-28T03:49:53.273] [INFO] [selfplay:0] [SelfPlay] 190/750 (25%)  pos=17187  W/D/B=82/31/77  (43%/16%/40%)  d4/d7  6.6 games/s (avg 0.4)  763.2K nps  ETA 00:24:31
[2026-03-28T03:49:54.536] [INFO] [selfplay:0] [SelfPlay] 191/750 (25%)  pos=17260  W/D/B=82/31/78  (42%/16%/40%)  d4/d7  5.9 games/s (avg 0.4)  768.2K nps  ETA 00:24:21
[2026-03-28T03:49:55.372] [INFO] [selfplay:0] [SelfPlay] 192/750 (25%)  pos=17325  W/D/B=83/31/78  (43%/16%/40%)  d4/d7  5.1 games/s (avg 0.4)  773.7K nps  ETA 00:24:16
[2026-03-28T03:50:00.557] [INFO] [selfplay:0] [SelfPlay] 193/750 (25%)  pos=17393  W/D/B=83/31/79  (43%/16%/40%)  d4/d7  4.5 games/s (avg 0.4)  774.8K nps  ETA 00:24:02
[2026-03-28T03:50:03.286] [INFO] [selfplay:0] [SelfPlay] 194/750 (25%)  pos=17588  W/D/B=83/32/79  (42%/16%/40%)  d4/d7  4.2 games/s (avg 0.4)  775.7K nps  ETA 00:24:11
[2026-03-28T03:50:07.938] [INFO] [selfplay:0] [SelfPlay] 195/750 (26%)  pos=17650  W/D/B=83/33/79  (42%/16%/40%)  d4/d7  3.9 games/s (avg 0.4)  778.6K nps  ETA 00:24:06
[2026-03-28T03:50:10.873] [INFO] [selfplay:0] [SelfPlay] 196/750 (26%)  pos=17826  W/D/B=84/33/79  (42%/16%/40%)  d4/d7  3.6 games/s (avg 0.4)  785.7K nps  ETA 00:24:11
[2026-03-28T03:50:13.960] [INFO] [selfplay:0] [SelfPlay] 197/750 (26%)  pos=17884  W/D/B=84/33/80  (42%/16%/40%)  d4/d7  3.3 games/s (avg 0.4)  787.5K nps  ETA 00:24:09
[2026-03-28T03:50:15.702] [INFO] [selfplay:0] [SelfPlay] 198/750 (26%)  pos=18029  W/D/B=84/33/81  (42%/16%/40%)  d4/d7  3.1 games/s (avg 0.4)  792.1K nps  ETA 00:24:09
[2026-03-28T03:50:21.155] [INFO] [selfplay:0] [SelfPlay] 199/750 (26%)  pos=18170  W/D/B=85/33/81  (42%/16%/40%)  d4/d7  2.7 games/s (avg 0.4)  793.1K nps  ETA 00:24:01
[2026-03-28T03:50:32.983] [INFO] [selfplay:0] [SelfPlay] 200/750 (26%)  pos=18253  W/D/B=86/33/81  (43%/16%/40%)  d4/d7  2.5 games/s (avg 0.4)  793.1K nps  ETA 00:23:59
[2026-03-28T03:50:36.294] [INFO] [selfplay:0] [SelfPlay] 201/750 (26%)  pos=18379  W/D/B=86/33/82  (42%/16%/40%)  d4/d7  2.3 games/s (avg 0.4)  797.5K nps  ETA 00:24:30
[2026-03-28T03:50:39.641] [INFO] [selfplay:0] [SelfPlay] 202/750 (26%)  pos=18448  W/D/B=87/33/82  (43%/16%/40%)  d4/d7  2.0 games/s (avg 0.4)  797.8K nps  ETA 00:24:28
[2026-03-28T03:50:39.917] [INFO] [selfplay:0] [SelfPlay] 203/750 (27%)  pos=18544  W/D/B=87/34/82  (42%/16%/40%)  d4/d7  1.7 games/s (avg 0.4)  795.8K nps  ETA 00:24:31
[2026-03-28T03:50:41.597] [INFO] [selfplay:0] [SelfPlay] 204/750 (27%)  pos=18613  W/D/B=88/34/82  (43%/16%/40%)  d4/d7  2.0 games/s (avg 0.4)  798.7K nps  ETA 00:24:20
[2026-03-28T03:50:43.236] [INFO] [selfplay:0] [SelfPlay] 205/750 (27%)  pos=18730  W/D/B=89/34/82  (43%/16%/40%)  d4/d7  1.8 games/s (avg 0.4)  803.4K nps  ETA 00:24:16
[2026-03-28T03:50:49.110] [INFO] [selfplay:0] [SelfPlay] 206/750 (27%)  pos=18862  W/D/B=89/34/83  (43%/16%/40%)  d4/d7  1.6 games/s (avg 0.4)  806.1K nps  ETA 00:24:06
[2026-03-28T03:50:52.784] [INFO] [selfplay:0] [SelfPlay] 207/750 (27%)  pos=18959  W/D/B=89/34/84  (42%/16%/40%)  d4/d7  1.4 games/s (avg 0.4)  800.2K nps  ETA 00:24:13
[2026-03-28T03:50:53.480] [INFO] [selfplay:0] [SelfPlay] 208/750 (27%)  pos=18966  W/D/B=90/34/84  (43%/16%/40%)  d4/d7  1.2 games/s (avg 0.4)  794.1K nps  ETA 00:24:16
[2026-03-28T03:50:54.016] [INFO] [selfplay:0] [SelfPlay] 209/750 (27%)  pos=19080  W/D/B=90/34/85  (43%/16%/40%)  d4/d7  1.3 games/s (avg 0.4)  797.9K nps  ETA 00:24:09
[2026-03-28T03:50:56.111] [INFO] [selfplay:0] [SelfPlay] 210/750 (28%)  pos=19216  W/D/B=91/34/85  (43%/16%/40%)  d4/d7  1.4 games/s (avg 0.4)  804.9K nps  ETA 00:23:59
[2026-03-28T03:51:02.082] [INFO] [selfplay:0] [SelfPlay] 211/750 (28%)  pos=19340  W/D/B=91/34/86  (43%/16%/40%)  d4/d7  1.2 games/s (avg 0.4)  806.5K nps  ETA 00:23:51
[2026-03-28T03:51:06.521] [INFO] [selfplay:0] [SelfPlay] 212/750 (28%)  pos=19421  W/D/B=92/34/86  (43%/16%/40%)  d4/d7  1.1 games/s (avg 0.4)  802.8K nps  ETA 00:23:58
[2026-03-28T03:51:07.260] [INFO] [selfplay:0] [SelfPlay] 213/750 (28%)  pos=19518  W/D/B=93/34/86  (43%/15%/40%)  d4/d7  0.9 games/s (avg 0.4)  794.9K nps  ETA 00:24:04
[2026-03-28T03:51:09.259] [INFO] [selfplay:0] [SelfPlay] 214/750 (28%)  pos=19579  W/D/B=93/34/87  (43%/15%/40%)  d4/d7  1.0 games/s (avg 0.4)  797.2K nps  ETA 00:23:55
[2026-03-28T03:51:15.279] [INFO] [selfplay:0] [SelfPlay] 215/750 (28%)  pos=19644  W/D/B=93/34/88  (43%/15%/40%)  d4/d7  0.9 games/s (avg 0.4)  797.5K nps  ETA 00:23:47
[2026-03-28T03:51:16.799] [INFO] [selfplay:0] [SelfPlay] 216/750 (28%)  pos=19833  W/D/B=93/35/88  (43%/16%/40%)  d4/d7  0.8 games/s (avg 0.4)  790.3K nps  ETA 00:23:56
[2026-03-28T03:51:22.305] [INFO] [selfplay:0] [SelfPlay] 217/750 (28%)  pos=19950  W/D/B=94/35/88  (43%/16%/40%)  d4/d7  0.8 games/s (avg 0.4)  788.5K nps  ETA 00:23:48
[2026-03-28T03:51:23.104] [INFO] [selfplay:0] [SelfPlay] 218/750 (29%)  pos=20083  W/D/B=94/35/89  (43%/16%/40%)  d4/d7  0.7 games/s (avg 0.4)  781.9K nps  ETA 00:23:56
[2026-03-28T03:51:25.887] [INFO] [selfplay:0] [SelfPlay] 219/750 (29%)  pos=20218  W/D/B=95/35/89  (43%/15%/40%)  d4/d7  0.8 games/s (avg 0.4)  784.4K nps  ETA 00:23:46
[2026-03-28T03:51:27.058] [INFO] [selfplay:0] [SelfPlay] 220/750 (29%)  pos=20253  W/D/B=95/35/90  (43%/15%/40%)  d4/d7  0.7 games/s (avg 0.4)  781.7K nps  ETA 00:23:46
[2026-03-28T03:51:27.920] [INFO] [selfplay:0] [SelfPlay] 221/750 (29%)  pos=20339  W/D/B=96/35/90  (43%/15%/40%)  d4/d7  0.7 games/s (avg 0.4)  783.4K nps  ETA 00:23:40
[2026-03-28T03:51:28.842] [INFO] [selfplay:0] [SelfPlay] 222/750 (29%)  pos=20377  W/D/B=97/35/90  (43%/15%/40%)  d4/d7  0.8 games/s (avg 0.4)  782.1K nps  ETA 00:23:33
[2026-03-28T03:51:31.466] [INFO] [selfplay:0] [SelfPlay] 223/750 (29%)  pos=20463  W/D/B=97/35/91  (43%/15%/40%)  d4/d7  0.8 games/s (avg 0.4)  781.1K nps  ETA 00:23:24
[2026-03-28T03:51:33.510] [INFO] [selfplay:0] [SelfPlay] 224/750 (29%)  pos=20649  W/D/B=97/36/91  (43%/16%/40%)  d4/d7  0.8 games/s (avg 0.4)  780.7K nps  ETA 00:23:22
[2026-03-28T03:51:35.625] [INFO] [selfplay:0] [SelfPlay] 225/750 (30%)  pos=20739  W/D/B=98/36/91  (43%/16%/40%)  d4/d7  0.7 games/s (avg 0.4)  783.3K nps  ETA 00:23:18
[2026-03-28T03:51:35.762] [INFO] [selfplay:0] [SelfPlay] 226/750 (30%)  pos=20896  W/D/B=98/37/91  (43%/16%/40%)  d4/d7  0.7 games/s (avg 0.4)  785.9K nps  ETA 00:23:16
[2026-03-28T03:51:49.469] [INFO] [selfplay:0] [SelfPlay] 227/750 (30%)  pos=21034  W/D/B=98/37/92  (43%/16%/40%)  d4/d7  1.7 games/s (avg 0.4)  793.9K nps  ETA 00:22:53
[2026-03-28T03:51:52.564] [INFO] [selfplay:0] [SelfPlay] 228/750 (30%)  pos=21148  W/D/B=99/37/92  (43%/16%/40%)  d4/d7  1.6 games/s (avg 0.4)  799.0K nps  ETA 00:23:27
[2026-03-28T03:51:57.653] [INFO] [selfplay:0] [SelfPlay] 229/750 (30%)  pos=21276  W/D/B=99/38/92  (43%/16%/40%)  d4/d7  1.4 games/s (avg 0.4)  797.5K nps  ETA 00:23:23
[2026-03-28T03:51:59.039] [INFO] [selfplay:0] [SelfPlay] 230/750 (30%)  pos=21356  W/D/B=100/38/92  (43%/16%/40%)  d4/d7  1.2 games/s (avg 0.4)  791.9K nps  ETA 00:23:30
[2026-03-28T03:52:00.765] [INFO] [selfplay:0] [SelfPlay] 231/750 (30%)  pos=21392  W/D/B=100/39/92  (43%/16%/39%)  d4/d7  1.1 games/s (avg 0.4)  792.1K nps  ETA 00:23:23
[2026-03-28T03:52:02.853] [INFO] [selfplay:0] [SelfPlay] 232/750 (30%)  pos=21513  W/D/B=101/39/92  (43%/16%/39%)  d4/d7  1.0 games/s (avg 0.4)  792.3K nps  ETA 00:23:18
[2026-03-28T03:52:03.834] [INFO] [selfplay:0] [SelfPlay] 233/750 (31%)  pos=21577  W/D/B=102/39/92  (43%/16%/39%)  d4/d7  1.0 games/s (avg 0.4)  794.7K nps  ETA 00:23:15
[2026-03-28T03:52:08.391] [INFO] [selfplay:0] [SelfPlay] 234/750 (31%)  pos=21655  W/D/B=102/39/93  (43%/16%/39%)  d4/d7  1.0 games/s (avg 0.4)  793.6K nps  ETA 00:23:05
[2026-03-28T03:52:09.198] [INFO] [selfplay:0] [SelfPlay] 235/750 (31%)  pos=21863  W/D/B=102/40/93  (43%/17%/39%)  d4/d7  0.9 games/s (avg 0.4)  786.4K nps  ETA 00:23:11
[2026-03-28T03:52:13.627] [INFO] [selfplay:0] [SelfPlay] 236/750 (31%)  pos=21970  W/D/B=102/40/94  (43%/16%/39%)  d4/d7  0.9 games/s (avg 0.4)  790.6K nps  ETA 00:22:59
[2026-03-28T03:52:16.691] [INFO] [selfplay:0] [SelfPlay] 237/750 (31%)  pos=22012  W/D/B=103/40/94  (43%/16%/39%)  d4/d7  0.8 games/s (avg 0.4)  785.4K nps  ETA 00:23:02
[2026-03-28T03:52:16.720] [INFO] [selfplay:0] [SelfPlay] 238/750 (31%)  pos=22118  W/D/B=104/40/94  (43%/16%/39%)  d4/d7  0.7 games/s (avg 0.4)  785.8K nps  ETA 00:23:03
[2026-03-28T03:52:24.128] [INFO] [selfplay:0] [SelfPlay] 239/750 (31%)  pos=22181  W/D/B=104/40/95  (43%/16%/39%)  d4/d7  5.8 games/s (avg 0.4)  791.1K nps  ETA 00:22:48
[2026-03-28T03:52:24.673] [INFO] [selfplay:0] [SelfPlay] 240/750 (32%)  pos=22330  W/D/B=105/40/95  (43%/16%/39%)  d4/d7  5.4 games/s (avg 0.4)  796.1K nps  ETA 00:23:01
[2026-03-28T03:52:26.572] [INFO] [selfplay:0] [SelfPlay] 241/750 (32%)  pos=22425  W/D/B=105/40/96  (43%/16%/39%)  d4/d7  4.8 games/s (avg 0.4)  801.0K nps  ETA 00:22:53
[2026-03-28T03:52:30.671] [INFO] [selfplay:0] [SelfPlay] 242/750 (32%)  pos=22592  W/D/B=105/40/97  (43%/16%/40%)  d4/d7  4.2 games/s (avg 0.4)  803.1K nps  ETA 00:22:47
[2026-03-28T03:52:30.780] [INFO] [selfplay:0] [SelfPlay] 243/750 (32%)  pos=22629  W/D/B=106/40/97  (43%/16%/39%)  d4/d7  3.9 games/s (avg 0.4)  806.8K nps  ETA 00:22:51
[2026-03-28T03:52:31.219] [INFO] [selfplay:0] [SelfPlay] 244/750 (32%)  pos=22792  W/D/B=106/40/98  (43%/16%/40%)  d4/d7  4.7 games/s (avg 0.4)  807.3K nps  ETA 00:22:43
[2026-03-28T03:52:33.670] [INFO] [selfplay:0] [SelfPlay] 245/750 (32%)  pos=22851  W/D/B=106/41/98  (43%/16%/40%)  d4/d7  4.3 games/s (avg 0.4)  809.8K nps  ETA 00:22:32
[2026-03-28T03:52:33.870] [INFO] [selfplay:0] [SelfPlay] 246/750 (32%)  pos=22923  W/D/B=106/41/99  (43%/16%/40%)  d4/d7  4.0 games/s (avg 0.4)  812.9K nps  ETA 00:22:32
[2026-03-28T03:52:43.556] [INFO] [selfplay:0] [SelfPlay] 247/750 (32%)  pos=22987  W/D/B=107/41/99  (43%/16%/40%)  d4/d7  4.1 games/s (avg 0.4)  812.9K nps  ETA 00:22:15
[2026-03-28T03:52:45.402] [INFO] [selfplay:0] [SelfPlay] 248/750 (33%)  pos=23061  W/D/B=107/41/100  (43%/16%/40%)  d4/d7  3.8 games/s (avg 0.4)  816.8K nps  ETA 00:22:34
[2026-03-28T03:52:51.212] [INFO] [selfplay:0] [SelfPlay] 249/750 (33%)  pos=23133  W/D/B=107/41/101  (42%/16%/40%)  d4/d7  3.3 games/s (avg 0.4)  816.6K nps  ETA 00:22:27
[2026-03-28T03:52:52.436] [INFO] [selfplay:0] [SelfPlay] 250/750 (33%)  pos=23296  W/D/B=108/41/101  (43%/16%/40%)  d4/d7  3.1 games/s (avg 0.4)  820.7K nps  ETA 00:22:33
[2026-03-28T03:52:52.591] [INFO] [selfplay:0] [SelfPlay] 251/750 (33%)  pos=23344  W/D/B=108/41/102  (43%/16%/40%)  d4/d7  2.7 games/s (avg 0.4)  822.3K nps  ETA 00:22:30
[2026-03-28T03:52:53.355] [INFO] [selfplay:0] [SelfPlay] 252/750 (33%)  pos=23363  W/D/B=108/41/103  (42%/16%/40%)  d4/d7  3.3 games/s (avg 0.4)  824.1K nps  ETA 00:22:22
[2026-03-28T03:52:53.482] [INFO] [selfplay:0] [SelfPlay] 253/750 (33%)  pos=23488  W/D/B=109/41/103  (43%/16%/40%)  d4/d7  3.0 games/s (avg 0.4)  826.5K nps  ETA 00:22:14
[2026-03-28T03:53:01.780] [INFO] [selfplay:0] [SelfPlay] 254/750 (33%)  pos=23541  W/D/B=109/42/103  (42%/16%/40%)  d4/d7  3.7 games/s (avg 0.4)  829.0K nps  ETA 00:22:00
[2026-03-28T03:53:04.521] [INFO] [selfplay:0] [SelfPlay] 255/750 (34%)  pos=23635  W/D/B=109/42/104  (42%/16%/40%)  d4/d7  3.5 games/s (avg 0.4)  833.6K nps  ETA 00:22:13
[2026-03-28T03:53:09.311] [INFO] [selfplay:0] [SelfPlay] 256/750 (34%)  pos=23785  W/D/B=110/42/104  (42%/16%/40%)  d4/d7  3.0 games/s (avg 0.4)  833.0K nps  ETA 00:22:09
[2026-03-28T03:53:10.822] [INFO] [selfplay:0] [SelfPlay] 257/750 (34%)  pos=23851  W/D/B=110/42/105  (42%/16%/40%)  d4/d7  2.8 games/s (avg 0.4)  832.9K nps  ETA 00:22:13
[2026-03-28T03:53:11.144] [INFO] [selfplay:0] [SelfPlay] 258/750 (34%)  pos=23918  W/D/B=110/43/105  (42%/16%/40%)  d4/d7  2.5 games/s (avg 0.4)  834.3K nps  ETA 00:22:10
[2026-03-28T03:53:17.953] [INFO] [selfplay:0] [SelfPlay] 259/750 (34%)  pos=24022  W/D/B=110/44/105  (42%/16%/40%)  d4/d7  2.5 games/s (avg 0.4)  837.5K nps  ETA 00:21:55
[2026-03-28T03:53:19.978] [INFO] [selfplay:0] [SelfPlay] 260/750 (34%)  pos=24061  W/D/B=111/44/105  (42%/16%/40%)  d4/d7  2.4 games/s (avg 0.4)  839.3K nps  ETA 00:22:05
[2026-03-28T03:53:21.116] [INFO] [selfplay:0] [SelfPlay] 261/750 (34%)  pos=24175  W/D/B=112/44/105  (42%/16%/40%)  d4/d7  2.1 games/s (avg 0.4)  839.5K nps  ETA 00:22:02
[2026-03-28T03:53:22.736] [INFO] [selfplay:0] [SelfPlay] 262/750 (34%)  pos=24282  W/D/B=112/44/106  (42%/16%/40%)  d4/d7  1.9 games/s (avg 0.4)  842.1K nps  ETA 00:21:56
[2026-03-28T03:53:25.168] [INFO] [selfplay:0] [SelfPlay] 263/750 (35%)  pos=24337  W/D/B=113/44/106  (42%/16%/40%)  d4/d7  1.7 games/s (avg 0.4)  839.8K nps  ETA 00:21:51
[2026-03-28T03:53:28.065] [INFO] [selfplay:0] [SelfPlay] 264/750 (35%)  pos=24402  W/D/B=113/44/107  (42%/16%/40%)  d4/d7  1.5 games/s (avg 0.4)  840.0K nps  ETA 00:21:47
[2026-03-28T03:53:32.402] [INFO] [selfplay:0] [SelfPlay] 265/750 (35%)  pos=24449  W/D/B=114/44/107  (43%/16%/40%)  d4/d7  1.3 games/s (avg 0.4)  838.4K nps  ETA 00:21:43
[2026-03-28T03:53:32.708] [INFO] [selfplay:0] [SelfPlay] 266/750 (35%)  pos=24549  W/D/B=114/44/108  (42%/16%/40%)  d4/d7  1.2 games/s (avg 0.4)  835.1K nps  ETA 00:21:48
[2026-03-28T03:53:36.783] [INFO] [selfplay:0] [SelfPlay] 267/750 (35%)  pos=24610  W/D/B=115/44/108  (43%/16%/40%)  d4/d7  1.5 games/s (avg 0.4)  835.1K nps  ETA 00:21:37
[2026-03-28T03:53:41.849] [INFO] [selfplay:0] [SelfPlay] 268/750 (35%)  pos=24709  W/D/B=115/44/109  (42%/16%/40%)  d4/d7  1.3 games/s (avg 0.4)  833.1K nps  ETA 00:21:36
[2026-03-28T03:53:46.136] [INFO] [selfplay:0] [SelfPlay] 269/750 (35%)  pos=24799  W/D/B=115/44/110  (42%/16%/40%)  d4/d7  1.1 games/s (avg 0.4)  828.7K nps  ETA 00:21:38
[2026-03-28T03:53:47.513] [INFO] [selfplay:0] [SelfPlay] 270/750 (36%)  pos=24850  W/D/B=115/44/111  (42%/16%/41%)  d4/d7  1.0 games/s (avg 0.4)  824.0K nps  ETA 00:21:40
[2026-03-28T03:53:48.252] [INFO] [selfplay:0] [SelfPlay] 271/750 (36%)  pos=24931  W/D/B=115/44/112  (42%/16%/41%)  d4/d7  1.0 games/s (avg 0.4)  824.6K nps  ETA 00:21:37
[2026-03-28T03:53:49.196] [INFO] [selfplay:0] [SelfPlay] 272/750 (36%)  pos=25035  W/D/B=116/44/112  (42%/16%/41%)  d4/d7  1.0 games/s (avg 0.4)  827.0K nps  ETA 00:21:30
[2026-03-28T03:53:51.224] [INFO] [selfplay:0] [SelfPlay] 273/750 (36%)  pos=25105  W/D/B=117/44/112  (42%/16%/41%)  d4/d7  1.0 games/s (avg 0.4)  829.2K nps  ETA 00:21:23
[2026-03-28T03:53:52.909] [INFO] [selfplay:0] [SelfPlay] 274/750 (36%)  pos=25216  W/D/B=117/44/113  (42%/16%/41%)  d4/d7  0.9 games/s (avg 0.4)  826.5K nps  ETA 00:21:19
[2026-03-28T03:53:55.946] [INFO] [selfplay:0] [SelfPlay] 275/750 (36%)  pos=25354  W/D/B=117/44/114  (42%/16%/41%)  d4/d7  0.9 games/s (avg 0.4)  824.4K nps  ETA 00:21:14
[2026-03-28T03:53:56.026] [INFO] [selfplay:0] [SelfPlay] 276/750 (36%)  pos=25387  W/D/B=118/44/114  (42%/15%/41%)  d4/d7  0.8 games/s (avg 0.4)  821.4K nps  ETA 00:21:15
[2026-03-28T03:53:57.595] [INFO] [selfplay:0] [SelfPlay] 277/750 (36%)  pos=25520  W/D/B=119/44/114  (42%/15%/41%)  d4/d7  2.6 games/s (avg 0.4)  824.8K nps  ETA 00:21:06
[2026-03-28T03:53:57.751] [INFO] [selfplay:0] [SelfPlay] 278/750 (37%)  pos=25645  W/D/B=120/44/114  (43%/15%/41%)  d4/d7  2.3 games/s (avg 0.4)  824.8K nps  ETA 00:21:03
[2026-03-28T03:53:58.564] [INFO] [selfplay:0] [SelfPlay] 279/750 (37%)  pos=25742  W/D/B=120/44/115  (43%/15%/41%)  d4/d7  2.9 games/s (avg 0.4)  828.8K nps  ETA 00:20:55
[2026-03-28T03:54:04.294] [INFO] [selfplay:0] [SelfPlay] 280/750 (37%)  pos=25768  W/D/B=120/45/115  (42%/16%/41%)  d4/d7  2.7 games/s (avg 0.4)  828.4K nps  ETA 00:20:45
[2026-03-28T03:54:05.264] [INFO] [selfplay:0] [SelfPlay] 281/750 (37%)  pos=25901  W/D/B=121/45/115  (43%/16%/40%)  d4/d7  2.5 games/s (avg 0.4)  828.5K nps  ETA 00:20:52
[2026-03-28T03:54:14.641] [INFO] [selfplay:0] [SelfPlay] 282/750 (37%)  pos=25998  W/D/B=121/45/116  (42%/15%/41%)  d4/d7  2.2 games/s (avg 0.4)  834.1K nps  ETA 00:20:37
[2026-03-28T03:54:16.766] [INFO] [selfplay:0] [SelfPlay] 283/750 (37%)  pos=26055  W/D/B=121/45/117  (42%/15%/41%)  d4/d7  2.1 games/s (avg 0.4)  837.7K nps  ETA 00:20:54
[2026-03-28T03:54:18.831] [INFO] [selfplay:0] [SelfPlay] 284/750 (37%)  pos=26177  W/D/B=121/45/118  (42%/15%/41%)  d4/d7  1.8 games/s (avg 0.4)  839.3K nps  ETA 00:20:50
[2026-03-28T03:54:19.877] [INFO] [selfplay:0] [SelfPlay] 285/750 (38%)  pos=26283  W/D/B=121/45/119  (42%/15%/41%)  d4/d7  1.6 games/s (avg 0.4)  838.8K nps  ETA 00:20:47
[2026-03-28T03:54:27.702] [INFO] [selfplay:0] [SelfPlay] 286/750 (38%)  pos=26332  W/D/B=121/45/120  (42%/15%/41%)  d4/d7  1.5 games/s (avg 0.4)  840.2K nps  ETA 00:20:35
[2026-03-28T03:54:30.722] [INFO] [selfplay:0] [SelfPlay] 287/750 (38%)  pos=26453  W/D/B=121/46/120  (42%/16%/41%)  d4/d7  1.4 games/s (avg 0.4)  841.3K nps  ETA 00:20:46
[2026-03-28T03:54:31.254] [INFO] [selfplay:0] [SelfPlay] 288/750 (38%)  pos=26693  W/D/B=121/47/120  (42%/16%/41%)  d4/d7  1.3 games/s (avg 0.4)  841.4K nps  ETA 00:20:46
[2026-03-28T03:54:32.922] [INFO] [selfplay:0] [SelfPlay] 289/750 (38%)  pos=26758  W/D/B=122/47/120  (42%/16%/41%)  d4/d7  1.3 games/s (avg 0.4)  843.8K nps  ETA 00:20:38
[2026-03-28T03:54:36.063] [INFO] [selfplay:0] [SelfPlay] 290/750 (38%)  pos=26862  W/D/B=123/47/120  (42%/16%/41%)  d4/d7  1.2 games/s (avg 0.4)  844.7K nps  ETA 00:20:33
[2026-03-28T03:54:37.947] [INFO] [selfplay:0] [SelfPlay] 291/750 (38%)  pos=26938  W/D/B=123/47/121  (42%/16%/41%)  d4/d7  1.1 games/s (avg 0.4)  840.3K nps  ETA 00:20:32
[2026-03-28T03:54:39.141] [INFO] [selfplay:0] [SelfPlay] 292/750 (38%)  pos=27026  W/D/B=124/47/121  (42%/16%/41%)  d4/d7  1.0 games/s (avg 0.4)  840.4K nps  ETA 00:20:29
[2026-03-28T03:54:41.479] [INFO] [selfplay:0] [SelfPlay] 293/750 (39%)  pos=27045  W/D/B=125/47/121  (42%/16%/41%)  d4/d7  1.0 games/s (avg 0.4)  839.6K nps  ETA 00:20:22
[2026-03-28T03:54:41.829] [INFO] [selfplay:0] [SelfPlay] 294/750 (39%)  pos=27184  W/D/B=126/47/121  (42%/15%/41%)  d4/d7  0.9 games/s (avg 0.4)  836.6K nps  ETA 00:20:22
[2026-03-28T03:54:45.117] [INFO] [selfplay:0] [SelfPlay] 295/750 (39%)  pos=27277  W/D/B=126/47/122  (42%/15%/41%)  d4/d7  1.2 games/s (avg 0.4)  840.2K nps  ETA 00:20:13
[2026-03-28T03:54:47.773] [INFO] [selfplay:0] [SelfPlay] 296/750 (39%)  pos=27341  W/D/B=127/47/122  (42%/15%/41%)  d4/d7  1.1 games/s (avg 0.4)  839.1K nps  ETA 00:20:11
[2026-03-28T03:54:48.065] [INFO] [selfplay:0] [SelfPlay] 297/750 (39%)  pos=27452  W/D/B=128/47/122  (43%/15%/41%)  d4/d7  1.0 games/s (avg 0.4)  838.1K nps  ETA 00:20:11
[2026-03-28T03:54:48.926] [INFO] [selfplay:0] [SelfPlay] 298/750 (39%)  pos=27615  W/D/B=129/47/122  (43%/15%/40%)  d4/d7  1.3 games/s (avg 0.4)  843.1K nps  ETA 00:20:04
[2026-03-28T03:55:01.476] [INFO] [selfplay:0] [SelfPlay] 299/750 (39%)  pos=27761  W/D/B=129/47/123  (43%/15%/41%)  d4/d7  1.3 games/s (avg 0.4)  844.8K nps  ETA 00:19:46
[2026-03-28T03:55:01.851] [INFO] [selfplay:0] [SelfPlay] 300/750 (40%)  pos=27864  W/D/B=129/47/124  (43%/15%/41%)  d4/d7  1.2 games/s (avg 0.4)  847.4K nps  ETA 00:20:12
[2026-03-28T03:55:10.657] [INFO] [selfplay:0] [SelfPlay] 301/750 (40%)  pos=27907  W/D/B=130/47/124  (43%/15%/41%)  d4/d7  1.4 games/s (avg 0.4)  850.6K nps  ETA 00:19:57
[2026-03-28T03:55:15.470] [INFO] [selfplay:0] [SelfPlay] 302/750 (40%)  pos=27960  W/D/B=130/47/125  (43%/15%/41%)  d4/d7  1.3 games/s (avg 0.4)  852.2K nps  ETA 00:20:07
[2026-03-28T03:55:16.442] [INFO] [selfplay:0] [SelfPlay] 303/750 (40%)  pos=28065  W/D/B=130/47/126  (42%/15%/41%)  d4/d7  1.2 games/s (avg 0.4)  848.0K nps  ETA 00:20:11
[2026-03-28T03:55:17.645] [INFO] [selfplay:0] [SelfPlay] 304/750 (40%)  pos=28171  W/D/B=130/47/127  (42%/15%/41%)  d4/d7  1.1 games/s (avg 0.4)  850.5K nps  ETA 00:20:06
[2026-03-28T03:55:17.970] [INFO] [selfplay:0] [SelfPlay] 305/750 (40%)  pos=28316  W/D/B=130/48/127  (42%/15%/41%)  d4/d7  1.1 games/s (avg 0.4)  852.6K nps  ETA 00:20:02
[2026-03-28T03:55:19.668] [INFO] [selfplay:0] [SelfPlay] 306/750 (40%)  pos=28418  W/D/B=131/48/127  (42%/15%/41%)  d4/d7  1.4 games/s (avg 0.4)  855.5K nps  ETA 00:19:54
[2026-03-28T03:55:19.999] [INFO] [selfplay:0] [SelfPlay] 307/750 (40%)  pos=28541  W/D/B=132/48/127  (42%/15%/41%)  d4/d7  1.3 games/s (avg 0.4)  856.2K nps  ETA 00:19:52
[2026-03-28T03:55:21.745] [INFO] [selfplay:0] [SelfPlay] 308/750 (41%)  pos=28611  W/D/B=133/48/127  (43%/15%/41%)  d4/d7  1.5 games/s (avg 0.4)  858.6K nps  ETA 00:19:44
[2026-03-28T03:55:24.062] [INFO] [selfplay:0] [SelfPlay] 309/750 (41%)  pos=28662  W/D/B=133/49/127  (43%/15%/41%)  d4/d7  1.4 games/s (avg 0.4)  856.3K nps  ETA 00:19:40
[2026-03-28T03:55:29.182] [INFO] [selfplay:0] [SelfPlay] 310/750 (41%)  pos=28851  W/D/B=133/50/127  (42%/16%/40%)  d4/d7  1.2 games/s (avg 0.4)  853.3K nps  ETA 00:19:34
[2026-03-28T03:55:30.062] [INFO] [selfplay:0] [SelfPlay] 311/750 (41%)  pos=28908  W/D/B=133/50/128  (42%/16%/41%)  d4/d7  1.1 games/s (avg 0.4)  846.2K nps  ETA 00:19:38
[2026-03-28T03:55:37.268] [INFO] [selfplay:0] [SelfPlay] 312/750 (41%)  pos=29116  W/D/B=133/50/129  (42%/16%/41%)  d4/d7  1.1 games/s (avg 0.4)  848.9K nps  ETA 00:19:27
[2026-03-28T03:55:50.741] [INFO] [selfplay:0] [SelfPlay] 313/750 (41%)  pos=29201  W/D/B=133/50/130  (42%/15%/41%)  d4/d7  1.0 games/s (avg 0.4)  841.5K nps  ETA 00:19:24
[2026-03-28T03:55:53.887] [INFO] [selfplay:0] [SelfPlay] 314/750 (41%)  pos=29280  W/D/B=133/51/130  (42%/16%/41%)  d4/d7  0.9 games/s (avg 0.4)  842.4K nps  ETA 00:19:47
[2026-03-28T03:55:53.894] [INFO] [selfplay:0] [SelfPlay] 315/750 (42%)  pos=29380  W/D/B=133/51/131  (42%/16%/41%)  d4/d7  0.8 games/s (avg 0.4)  840.1K nps  ETA 00:19:48
[2026-03-28T03:55:55.060] [INFO] [selfplay:0] [SelfPlay] 316/750 (42%)  pos=29603  W/D/B=133/52/131  (42%/16%/41%)  d4/d7  20.9 games/s (avg 0.4)  846.1K nps  ETA 00:19:40
[2026-03-28T03:55:56.300] [INFO] [selfplay:0] [SelfPlay] 317/750 (42%)  pos=29757  W/D/B=133/53/131  (41%/16%/41%)  d4/d7  19.3 games/s (avg 0.4)  849.5K nps  ETA 00:19:36
[2026-03-28T03:55:58.365] [INFO] [selfplay:0] [SelfPlay] 318/750 (42%)  pos=29898  W/D/B=134/53/131  (42%/16%/41%)  d4/d7  17.9 games/s (avg 0.4)  854.4K nps  ETA 00:19:30
[2026-03-28T03:56:00.892] [INFO] [selfplay:0] [SelfPlay] 319/750 (42%)  pos=30011  W/D/B=134/54/131  (42%/16%/41%)  d4/d7  16.5 games/s (avg 0.4)  857.8K nps  ETA 00:19:25
[2026-03-28T03:56:02.554] [INFO] [selfplay:0] [SelfPlay] 320/750 (42%)  pos=30251  W/D/B=134/55/131  (41%/17%/40%)  d4/d7  15.3 games/s (avg 0.4)  858.3K nps  ETA 00:19:23
[2026-03-28T03:56:03.283] [INFO] [selfplay:0] [SelfPlay] 321/750 (42%)  pos=30342  W/D/B=135/55/131  (42%/17%/40%)  d4/d7  14.1 games/s (avg 0.4)  858.6K nps  ETA 00:19:21
[2026-03-28T03:56:03.864] [INFO] [selfplay:0] [SelfPlay] 322/750 (42%)  pos=30497  W/D/B=136/55/131  (42%/17%/40%)  d4/d7  13.1 games/s (avg 0.4)  858.2K nps  ETA 00:19:15
[2026-03-28T03:56:06.472] [INFO] [selfplay:0] [SelfPlay] 323/750 (43%)  pos=30604  W/D/B=137/55/131  (42%/17%/40%)  d4/d7  11.4 games/s (avg 0.4)  861.1K nps  ETA 00:19:07
[2026-03-28T03:56:06.654] [INFO] [selfplay:0] [SelfPlay] 324/750 (43%)  pos=30671  W/D/B=137/55/132  (42%/16%/40%)  d4/d7  10.5 games/s (avg 0.4)  865.7K nps  ETA 00:19:07
[2026-03-28T03:56:09.091] [INFO] [selfplay:0] [SelfPlay] 325/750 (43%)  pos=30753  W/D/B=137/55/133  (42%/16%/40%)  d4/d7  9.8 games/s (avg 0.4)  865.7K nps  ETA 00:18:59
[2026-03-28T03:56:12.598] [INFO] [selfplay:0] [SelfPlay] 326/750 (43%)  pos=30824  W/D/B=137/55/134  (42%/16%/41%)  d4/d7  9.0 games/s (avg 0.4)  872.4K nps  ETA 00:18:54
[2026-03-28T03:56:13.364] [INFO] [selfplay:0] [SelfPlay] 327/750 (43%)  pos=30898  W/D/B=137/56/134  (41%/17%/40%)  d4/d7  8.4 games/s (avg 0.4)  872.8K nps  ETA 00:18:57
[2026-03-28T03:56:16.270] [INFO] [selfplay:0] [SelfPlay] 328/750 (43%)  pos=31025  W/D/B=138/56/134  (42%/17%/40%)  d4/d7  7.3 games/s (avg 0.4)  872.0K nps  ETA 00:18:49
[2026-03-28T03:56:17.934] [INFO] [selfplay:0] [SelfPlay] 329/750 (43%)  pos=31058  W/D/B=138/57/134  (41%/17%/40%)  d4/d7  6.8 games/s (avg 0.4)  873.6K nps  ETA 00:18:47
[2026-03-28T03:56:18.245] [INFO] [selfplay:0] [SelfPlay] 330/750 (44%)  pos=31181  W/D/B=138/58/134  (41%/17%/40%)  d4/d7  6.2 games/s (avg 0.4)  873.8K nps  ETA 00:18:45
[2026-03-28T03:56:19.407] [INFO] [selfplay:0] [SelfPlay] 331/750 (44%)  pos=31244  W/D/B=138/59/134  (41%/17%/40%)  d4/d7  5.8 games/s (avg 0.4)  875.6K nps  ETA 00:18:38
[2026-03-28T03:56:23.207] [INFO] [selfplay:0] [SelfPlay] 332/750 (44%)  pos=31407  W/D/B=138/59/135  (41%/17%/40%)  d4/d7  5.1 games/s (avg 0.4)  878.5K nps  ETA 00:18:32
[2026-03-28T03:56:23.847] [INFO] [selfplay:0] [SelfPlay] 333/750 (44%)  pos=31456  W/D/B=138/59/136  (41%/17%/40%)  d4/d7  4.7 games/s (avg 0.4)  882.0K nps  ETA 00:18:33
[2026-03-28T03:56:23.968] [INFO] [selfplay:0] [SelfPlay] 334/750 (44%)  pos=31545  W/D/B=139/59/136  (41%/17%/40%)  d4/d7  4.2 games/s (avg 0.4)  881.7K nps  ETA 00:18:29
[2026-03-28T03:56:29.807] [INFO] [selfplay:0] [SelfPlay] 335/750 (44%)  pos=31691  W/D/B=140/59/136  (41%/17%/40%)  d4/d7  4.8 games/s (avg 0.4)  887.1K nps  ETA 00:18:17
[2026-03-28T03:56:32.997] [INFO] [selfplay:0] [SelfPlay] 336/750 (44%)  pos=31802  W/D/B=141/59/136  (41%/17%/40%)  d4/d7  4.5 games/s (avg 0.4)  887.4K nps  ETA 00:18:21
[2026-03-28T03:56:35.336] [INFO] [selfplay:0] [SelfPlay] 337/750 (44%)  pos=31855  W/D/B=141/59/137  (41%/17%/40%)  d4/d7  4.1 games/s (avg 0.4)  889.8K nps  ETA 00:18:20
[2026-03-28T03:56:37.054] [INFO] [selfplay:0] [SelfPlay] 338/750 (45%)  pos=31910  W/D/B=142/59/137  (42%/17%/40%)  d4/d7  3.6 games/s (avg 0.4)  887.8K nps  ETA 00:18:17
[2026-03-28T03:56:37.355] [INFO] [selfplay:0] [SelfPlay] 339/750 (45%)  pos=32002  W/D/B=142/60/137  (41%/17%/40%)  d4/d7  3.1 games/s (avg 0.4)  885.6K nps  ETA 00:18:15
[2026-03-28T03:56:37.156] [INFO] [selfplay:0] [SelfPlay] 340/750 (45%)  pos=32084  W/D/B=143/60/137  (42%/17%/40%)  d4/d7  3.2 games/s (avg 0.4)  887.8K nps  ETA 00:18:07
[2026-03-28T03:56:40.795] [INFO] [selfplay:0] [SelfPlay] 341/750 (45%)  pos=32144  W/D/B=143/60/138  (41%/17%/40%)  d4/d7  2.7 games/s (avg 0.4)  883.7K nps  ETA 00:18:03
[2026-03-28T03:56:41.770] [INFO] [selfplay:0] [SelfPlay] 342/750 (45%)  pos=32222  W/D/B=143/60/139  (41%/17%/40%)  d4/d7  2.4 games/s (avg 0.4)  881.8K nps  ETA 00:18:05
[2026-03-28T03:56:50.543] [INFO] [selfplay:0] [SelfPlay] 343/750 (45%)  pos=32405  W/D/B=143/61/139  (41%/17%/40%)  d4/d7  2.2 games/s (avg 0.4)  880.8K nps  ETA 00:17:52
[2026-03-28T03:56:50.585] [INFO] [selfplay:0] [SelfPlay] 344/750 (45%)  pos=32477  W/D/B=144/61/139  (41%/17%/40%)  d4/d7  2.0 games/s (avg 0.4)  882.6K nps  ETA 00:18:06
[2026-03-28T03:56:53.561] [INFO] [selfplay:0] [SelfPlay] 345/750 (46%)  pos=32540  W/D/B=145/61/139  (42%/17%/40%)  d4/d7  5.3 games/s (avg 0.4)  884.4K nps  ETA 00:17:57
[2026-03-28T03:56:54.084] [INFO] [selfplay:0] [SelfPlay] 346/750 (46%)  pos=32598  W/D/B=146/61/139  (42%/17%/40%)  d4/d7  4.9 games/s (avg 0.4)  884.4K nps  ETA 00:17:58
[2026-03-28T03:56:55.842] [INFO] [selfplay:0] [SelfPlay] 347/750 (46%)  pos=32718  W/D/B=147/61/139  (42%/17%/40%)  d4/d7  4.4 games/s (avg 0.4)  886.8K nps  ETA 00:17:51
[2026-03-28T03:56:56.826] [INFO] [selfplay:0] [SelfPlay] 348/750 (46%)  pos=32795  W/D/B=147/61/140  (42%/17%/40%)  d4/d7  3.8 games/s (avg 0.4)  888.1K nps  ETA 00:17:48
[2026-03-28T03:56:58.325] [INFO] [selfplay:0] [SelfPlay] 349/750 (46%)  pos=32886  W/D/B=147/61/141  (42%/17%/40%)  d4/d7  3.4 games/s (avg 0.4)  891.3K nps  ETA 00:17:42
[2026-03-28T03:56:58.478] [INFO] [selfplay:0] [SelfPlay] 350/750 (46%)  pos=32979  W/D/B=147/61/142  (42%/17%/40%)  d4/d7  3.0 games/s (avg 0.4)  894.8K nps  ETA 00:17:40
[2026-03-28T03:56:59.931] [INFO] [selfplay:0] [SelfPlay] 351/750 (46%)  pos=33020  W/D/B=148/61/142  (42%/17%/40%)  d4/d7  3.5 games/s (avg 0.4)  896.6K nps  ETA 00:17:34
[2026-03-28T03:57:08.073] [INFO] [selfplay:0] [SelfPlay] 352/750 (46%)  pos=33128  W/D/B=148/61/143  (42%/17%/40%)  d4/d7  3.1 games/s (avg 0.4)  895.0K nps  ETA 00:17:23
[2026-03-28T03:57:16.775] [INFO] [selfplay:0] [SelfPlay] 353/750 (47%)  pos=33219  W/D/B=149/61/143  (42%/17%/40%)  d4/d7  2.9 games/s (avg 0.4)  897.3K nps  ETA 00:17:25
[2026-03-28T03:57:20.036] [INFO] [selfplay:0] [SelfPlay] 354/750 (47%)  pos=33267  W/D/B=149/62/143  (42%/17%/40%)  d4/d7  2.7 games/s (avg 0.4)  898.8K nps  ETA 00:17:35
[2026-03-28T03:57:21.581] [INFO] [selfplay:0] [SelfPlay] 355/750 (47%)  pos=33325  W/D/B=149/63/143  (41%/17%/40%)  d4/d7  2.3 games/s (avg 0.4)  896.0K nps  ETA 00:17:34
[2026-03-28T03:57:22.007] [INFO] [selfplay:0] [SelfPlay] 356/750 (47%)  pos=33442  W/D/B=150/63/143  (42%/17%/40%)  d4/d7  2.1 games/s (avg 0.4)  898.3K nps  ETA 00:17:32
[2026-03-28T03:57:23.114] [INFO] [selfplay:0] [SelfPlay] 357/750 (47%)  pos=33569  W/D/B=151/63/143  (42%/17%/40%)  d4/d7  2.1 games/s (avg 0.4)  900.9K nps  ETA 00:17:26
[2026-03-28T03:57:28.190] [INFO] [selfplay:0] [SelfPlay] 358/750 (47%)  pos=33637  W/D/B=151/63/144  (42%/17%/40%)  d4/d7  1.9 games/s (avg 0.4)  899.6K nps  ETA 00:17:17
[2026-03-28T03:57:30.661] [INFO] [selfplay:0] [SelfPlay] 359/750 (47%)  pos=33739  W/D/B=151/63/145  (42%/17%/40%)  d4/d7  1.7 games/s (avg 0.4)  894.0K nps  ETA 00:17:21
[2026-03-28T03:57:31.184] [INFO] [selfplay:0] [SelfPlay] 360/750 (48%)  pos=33854  W/D/B=152/63/145  (42%/17%/40%)  d4/d7  1.5 games/s (avg 0.4)  893.6K nps  ETA 00:17:19
[2026-03-28T03:57:33.009] [INFO] [selfplay:0] [SelfPlay] 361/750 (48%)  pos=33896  W/D/B=152/63/146  (42%/17%/40%)  d4/d7  1.5 games/s (avg 0.4)  893.1K nps  ETA 00:17:14
[2026-03-28T03:57:34.538] [INFO] [selfplay:0] [SelfPlay] 362/750 (48%)  pos=34008  W/D/B=152/63/147  (41%/17%/40%)  d4/d7  1.4 games/s (avg 0.4)  896.8K nps  ETA 00:17:10
[2026-03-28T03:57:36.206] [INFO] [selfplay:0] [SelfPlay] 363/750 (48%)  pos=34049  W/D/B=153/63/147  (42%/17%/40%)  d4/d7  1.3 games/s (avg 0.4)  894.9K nps  ETA 00:17:06
[2026-03-28T03:57:36.400] [INFO] [selfplay:0] [SelfPlay] 364/750 (48%)  pos=34218  W/D/B=154/63/147  (42%/17%/40%)  d4/d7  1.2 games/s (avg 0.4)  897.1K nps  ETA 00:17:04
[2026-03-28T03:57:39.052] [INFO] [selfplay:0] [SelfPlay] 365/750 (48%)  pos=34243  W/D/B=154/63/148  (42%/17%/40%)  d4/d7  1.8 games/s (avg 0.4)  898.3K nps  ETA 00:16:57
[2026-03-28T03:57:43.478] [INFO] [selfplay:0] [SelfPlay] 366/750 (48%)  pos=34342  W/D/B=155/63/148  (42%/17%/40%)  d4/d7  1.6 games/s (avg 0.4)  897.9K nps  ETA 00:16:51
[2026-03-28T03:57:44.210] [INFO] [selfplay:0] [SelfPlay] 367/750 (48%)  pos=34454  W/D/B=156/63/148  (42%/17%/40%)  d4/d7  1.4 games/s (avg 0.4)  892.3K nps  ETA 00:16:54
[2026-03-28T03:57:44.574] [INFO] [selfplay:0] [SelfPlay] 368/750 (49%)  pos=34568  W/D/B=157/63/148  (42%/17%/40%)  d4/d7  1.4 games/s (avg 0.4)  894.9K nps  ETA 00:16:51
[2026-03-28T03:57:49.339] [INFO] [selfplay:0] [SelfPlay] 369/750 (49%)  pos=34677  W/D/B=157/63/149  (42%/17%/40%)  d4/d7  1.6 games/s (avg 0.4)  897.9K nps  ETA 00:16:41
[2026-03-28T03:57:49.418] [INFO] [selfplay:0] [SelfPlay] 370/750 (49%)  pos=34773  W/D/B=158/63/149  (42%/17%/40%)  d4/d7  1.4 games/s (avg 0.4)  895.2K nps  ETA 00:16:45
[2026-03-28T03:57:49.849] [INFO] [selfplay:0] [SelfPlay] 371/750 (49%)  pos=34876  W/D/B=159/63/149  (42%/16%/40%)  d4/d7  3.1 games/s (avg 0.4)  897.3K nps  ETA 00:16:40
[2026-03-28T03:57:52.387] [INFO] [selfplay:0] [SelfPlay] 372/750 (49%)  pos=34986  W/D/B=160/63/149  (43%/16%/40%)  d4/d7  3.0 games/s (avg 0.4)  897.1K nps  ETA 00:16:32
[2026-03-28T03:57:53.941] [INFO] [selfplay:0] [SelfPlay] 373/750 (49%)  pos=35025  W/D/B=160/64/149  (42%/17%/39%)  d4/d7  2.6 games/s (avg 0.4)  894.7K nps  ETA 00:16:31
[2026-03-28T03:57:55.769] [INFO] [selfplay:0] [SelfPlay] 374/750 (49%)  pos=35148  W/D/B=160/65/149  (42%/17%/39%)  d4/d7  2.3 games/s (avg 0.4)  893.0K nps  ETA 00:16:27
[2026-03-28T03:57:58.235] [INFO] [selfplay:0] [SelfPlay] 375/750 (50%)  pos=35241  W/D/B=160/66/149  (42%/17%/39%)  d4/d7  2.0 games/s (avg 0.4)  891.0K nps  ETA 00:16:22
[2026-03-28T03:57:59.123] [INFO] [selfplay:0] [SelfPlay] 376/750 (50%)  pos=35310  W/D/B=160/66/150  (42%/17%/39%)  d4/d7  1.8 games/s (avg 0.4)  888.1K nps  ETA 00:16:22
[2026-03-28T03:58:03.244] [INFO] [selfplay:0] [SelfPlay] 377/750 (50%)  pos=35369  W/D/B=161/66/150  (42%/17%/39%)  d4/d7  1.7 games/s (avg 0.4)  887.1K nps  ETA 00:16:13
[2026-03-28T03:58:04.207] [INFO] [selfplay:0] [SelfPlay] 378/750 (50%)  pos=35438  W/D/B=161/66/151  (42%/17%/39%)  d4/d7  1.5 games/s (avg 0.4)  882.0K nps  ETA 00:16:16
[2026-03-28T03:58:10.071] [INFO] [selfplay:0] [SelfPlay] 379/750 (50%)  pos=35512  W/D/B=162/66/151  (42%/17%/39%)  d4/d7  1.4 games/s (avg 0.4)  883.0K nps  ETA 00:16:08
[2026-03-28T03:58:11.674] [INFO] [selfplay:0] [SelfPlay] 380/750 (50%)  pos=35714  W/D/B=162/67/151  (42%/17%/39%)  d4/d7  1.2 games/s (avg 0.4)  878.5K nps  ETA 00:16:11
[2026-03-28T03:58:12.766] [INFO] [selfplay:0] [SelfPlay] 381/750 (50%)  pos=35816  W/D/B=163/67/151  (42%/17%/39%)  d4/d7  1.1 games/s (avg 0.4)  880.1K nps  ETA 00:16:08
[2026-03-28T03:58:15.485] [INFO] [selfplay:0] [SelfPlay] 382/750 (50%)  pos=35866  W/D/B=164/67/151  (42%/17%/39%)  d4/d7  1.1 games/s (avg 0.4)  881.4K nps  ETA 00:16:02
[2026-03-28T03:58:16.112] [INFO] [selfplay:0] [SelfPlay] 383/750 (51%)  pos=35924  W/D/B=164/67/152  (42%/17%/39%)  d4/d7  1.0 games/s (avg 0.4)  881.6K nps  ETA 00:16:03
[2026-03-28T03:58:22.939] [INFO] [selfplay:0] [SelfPlay] 384/750 (51%)  pos=36011  W/D/B=165/67/152  (42%/17%/39%)  d4/d7  1.1 games/s (avg 0.4)  883.1K nps  ETA 00:15:51
[2026-03-28T03:58:23.813] [INFO] [selfplay:0] [SelfPlay] 385/750 (51%)  pos=36159  W/D/B=165/67/153  (42%/17%/39%)  d4/d7  0.9 games/s (avg 0.4)  877.7K nps  ETA 00:15:59
[2026-03-28T03:58:28.016] [INFO] [selfplay:0] [SelfPlay] 386/750 (51%)  pos=36274  W/D/B=165/68/153  (42%/17%/39%)  d4/d7  1.0 games/s (avg 0.4)  877.1K nps  ETA 00:15:51
[2026-03-28T03:58:29.126] [INFO] [selfplay:0] [SelfPlay] 387/750 (51%)  pos=36408  W/D/B=165/68/154  (42%/17%/39%)  d4/d7  0.9 games/s (avg 0.4)  875.0K nps  ETA 00:15:53
[2026-03-28T03:58:31.007] [INFO] [selfplay:0] [SelfPlay] 388/750 (51%)  pos=36455  W/D/B=165/69/154  (42%/17%/39%)  d4/d7  0.9 games/s (avg 0.4)  875.4K nps  ETA 00:15:48
[2026-03-28T03:58:34.630] [INFO] [selfplay:0] [SelfPlay] 389/750 (51%)  pos=36569  W/D/B=165/69/155  (42%/17%/39%)  d4/d7  0.8 games/s (avg 0.4)  876.0K nps  ETA 00:15:43
[2026-03-28T03:58:34.650] [INFO] [selfplay:0] [SelfPlay] 390/750 (52%)  pos=36660  W/D/B=166/69/155  (42%/17%/39%)  d4/d7  0.7 games/s (avg 0.4)  871.7K nps  ETA 00:15:45
[2026-03-28T03:58:36.023] [INFO] [selfplay:0] [SelfPlay] 391/750 (52%)  pos=36805  W/D/B=167/69/155  (42%/17%/39%)  d4/d7  8.0 games/s (avg 0.4)  874.3K nps  ETA 00:15:39
[2026-03-28T03:58:38.394] [INFO] [selfplay:0] [SelfPlay] 392/750 (52%)  pos=36893  W/D/B=168/69/155  (42%/17%/39%)  d4/d7  7.4 games/s (avg 0.4)  876.4K nps  ETA 00:15:33
[2026-03-28T03:58:46.867] [INFO] [selfplay:0] [SelfPlay] 393/750 (52%)  pos=36984  W/D/B=168/69/156  (42%/17%/39%)  d4/d7  6.8 games/s (avg 0.4)  876.5K nps  ETA 00:15:26
[2026-03-28T03:58:51.526] [INFO] [selfplay:0] [SelfPlay] 394/750 (52%)  pos=37032  W/D/B=169/69/156  (42%/17%/39%)  d4/d7  6.3 games/s (avg 0.4)  878.8K nps  ETA 00:15:31
[2026-03-28T03:58:53.532] [INFO] [selfplay:0] [SelfPlay] 395/750 (52%)  pos=37145  W/D/B=169/69/157  (42%/17%/39%)  d4/d7  5.8 games/s (avg 0.4)  881.6K nps  ETA 00:15:33
[2026-03-28T03:58:53.998] [INFO] [selfplay:0] [SelfPlay] 396/750 (52%)  pos=37241  W/D/B=170/69/157  (42%/17%/39%)  d4/d7  5.4 games/s (avg 0.4)  883.3K nps  ETA 00:15:32
[2026-03-28T03:58:56.372] [INFO] [selfplay:0] [SelfPlay] 397/750 (52%)  pos=37289  W/D/B=170/70/157  (42%/17%/39%)  d4/d7  4.9 games/s (avg 0.4)  884.8K nps  ETA 00:15:25
[2026-03-28T03:59:00.799] [INFO] [selfplay:0] [SelfPlay] 398/750 (53%)  pos=37384  W/D/B=171/70/157  (42%/17%/39%)  d4/d7  4.5 games/s (avg 0.4)  887.6K nps  ETA 00:15:21
[2026-03-28T03:59:01.526] [INFO] [selfplay:0] [SelfPlay] 399/750 (53%)  pos=37504  W/D/B=171/70/158  (42%/17%/39%)  d4/d7  4.2 games/s (avg 0.4)  891.9K nps  ETA 00:15:23
[2026-03-28T03:59:06.104] [INFO] [selfplay:0] [SelfPlay] 400/750 (53%)  pos=37600  W/D/B=171/70/159  (42%/17%/39%)  d4/d7  3.8 games/s (avg 0.4)  891.4K nps  ETA 00:15:15
[2026-03-28T03:59:12.817] [INFO] [selfplay:0] [SelfPlay] 401/750 (53%)  pos=37708  W/D/B=172/70/159  (42%/17%/39%)  d4/d7  3.5 games/s (avg 0.4)  894.2K nps  ETA 00:15:12
[2026-03-28T03:59:13.822] [INFO] [selfplay:0] [SelfPlay] 402/750 (53%)  pos=37773  W/D/B=172/70/160  (42%/17%/39%)  d4/d7  3.2 games/s (avg 0.4)  896.7K nps  ETA 00:15:18
[2026-03-28T03:59:15.029] [INFO] [selfplay:0] [SelfPlay] 403/750 (53%)  pos=37977  W/D/B=172/71/160  (42%/17%/39%)  d4/d7  2.9 games/s (avg 0.4)  898.2K nps  ETA 00:15:14
[2026-03-28T03:59:16.819] [INFO] [selfplay:0] [SelfPlay] 404/750 (53%)  pos=38074  W/D/B=172/72/160  (42%/17%/39%)  d4/d7  2.6 games/s (avg 0.4)  898.2K nps  ETA 00:15:09
[2026-03-28T03:59:19.624] [INFO] [selfplay:0] [SelfPlay] 405/750 (54%)  pos=38162  W/D/B=173/72/160  (42%/17%/39%)  d4/d7  2.3 games/s (avg 0.4)  899.6K nps  ETA 00:15:05
[2026-03-28T03:59:21.417] [INFO] [selfplay:0] [SelfPlay] 406/750 (54%)  pos=38267  W/D/B=173/72/161  (42%/17%/39%)  d4/d7  2.0 games/s (avg 0.4)  896.4K nps  ETA 00:15:04
[2026-03-28T03:59:24.674] [INFO] [selfplay:0] [SelfPlay] 407/750 (54%)  pos=38352  W/D/B=174/72/161  (42%/17%/39%)  d4/d7  1.8 games/s (avg 0.4)  897.2K nps  ETA 00:14:59
[2026-03-28T03:59:26.172] [INFO] [selfplay:0] [SelfPlay] 408/750 (54%)  pos=38415  W/D/B=174/72/162  (42%/17%/39%)  d4/d7  1.6 games/s (avg 0.4)  895.7K nps  ETA 00:14:58
[2026-03-28T03:59:26.202] [INFO] [selfplay:0] [SelfPlay] 409/750 (54%)  pos=38460  W/D/B=174/72/163  (42%/17%/39%)  d4/d7  1.4 games/s (avg 0.4)  896.1K nps  ETA 00:14:57
[2026-03-28T03:59:27.993] [INFO] [selfplay:0] [SelfPlay] 410/750 (54%)  pos=38517  W/D/B=175/72/163  (42%/17%/39%)  d4/d7  6.3 games/s (avg 0.4)  897.8K nps  ETA 00:14:51
[2026-03-28T03:59:30.329] [INFO] [selfplay:0] [SelfPlay] 411/750 (54%)  pos=38634  W/D/B=175/72/164  (42%/17%/39%)  d4/d7  5.9 games/s (avg 0.4)  898.1K nps  ETA 00:14:46
[2026-03-28T03:59:33.644] [INFO] [selfplay:0] [SelfPlay] 412/750 (54%)  pos=38754  W/D/B=175/72/165  (42%/17%/40%)  d4/d7  5.4 games/s (avg 0.4)  898.4K nps  ETA 00:14:43
[2026-03-28T03:59:41.535] [INFO] [selfplay:0] [SelfPlay] 413/750 (55%)  pos=38847  W/D/B=176/72/165  (42%/17%/39%)  d4/d7  5.0 games/s (avg 0.4)  903.7K nps  ETA 00:14:36
[2026-03-28T03:59:41.646] [INFO] [selfplay:0] [SelfPlay] 414/750 (55%)  pos=38916  W/D/B=177/72/165  (42%/17%/39%)  d4/d7  4.6 games/s (avg 0.4)  904.5K nps  ETA 00:14:45
[2026-03-28T03:59:43.193] [INFO] [selfplay:0] [SelfPlay] 415/750 (55%)  pos=39015  W/D/B=177/72/166  (42%/17%/40%)  d4/d7  5.3 games/s (avg 0.4)  907.4K nps  ETA 00:14:39
[2026-03-28T03:59:45.881] [INFO] [selfplay:0] [SelfPlay] 416/750 (55%)  pos=39071  W/D/B=178/72/166  (42%/17%/39%)  d4/d7  4.6 games/s (avg 0.4)  908.1K nps  ETA 00:14:35
[2026-03-28T03:59:47.882] [INFO] [selfplay:0] [SelfPlay] 417/750 (55%)  pos=39110  W/D/B=179/72/166  (42%/17%/39%)  d4/d7  4.3 games/s (avg 0.4)  910.1K nps  ETA 00:14:33
[2026-03-28T03:59:48.111] [INFO] [selfplay:0] [SelfPlay] 418/750 (55%)  pos=39165  W/D/B=180/72/166  (43%/17%/39%)  d4/d7  3.7 games/s (avg 0.4)  911.5K nps  ETA 00:14:31
[2026-03-28T03:59:53.656] [INFO] [selfplay:0] [SelfPlay] 419/750 (55%)  pos=39210  W/D/B=180/73/166  (42%/17%/39%)  d4/d7  3.8 games/s (avg 0.4)  912.4K nps  ETA 00:14:21
[2026-03-28T03:59:54.582] [INFO] [selfplay:0] [SelfPlay] 420/750 (56%)  pos=39339  W/D/B=181/73/166  (43%/17%/39%)  d4/d7  3.5 games/s (avg 0.4)  912.6K nps  ETA 00:14:26
[2026-03-28T03:59:54.760] [INFO] [selfplay:0] [SelfPlay] 421/750 (56%)  pos=39426  W/D/B=181/73/167  (42%/17%/39%)  d4/d7  3.1 games/s (avg 0.4)  913.2K nps  ETA 00:14:23
[2026-03-28T03:59:57.373] [INFO] [selfplay:0] [SelfPlay] 422/750 (56%)  pos=39504  W/D/B=182/73/167  (43%/17%/39%)  d4/d7  3.5 games/s (avg 0.4)  913.5K nps  ETA 00:14:15
[2026-03-28T04:00:06.890] [INFO] [selfplay:0] [SelfPlay] 423/750 (56%)  pos=39594  W/D/B=183/73/167  (43%/17%/39%)  d4/d7  3.0 games/s (avg 0.4)  912.9K nps  ETA 00:14:06
[2026-03-28T04:00:10.695] [INFO] [selfplay:0] [SelfPlay] 424/750 (56%)  pos=39672  W/D/B=184/73/167  (43%/17%/39%)  d4/d7  2.8 games/s (avg 0.4)  916.1K nps  ETA 00:14:14
[2026-03-28T04:00:13.000] [INFO] [selfplay:0] [SelfPlay] 425/750 (56%)  pos=39778  W/D/B=185/73/167  (43%/17%/39%)  d4/d7  2.6 games/s (avg 0.4)  919.0K nps  ETA 00:14:14
[2026-03-28T04:00:13.373] [INFO] [selfplay:0] [SelfPlay] 426/750 (56%)  pos=39840  W/D/B=186/73/167  (43%/17%/39%)  d4/d7  2.3 games/s (avg 0.4)  919.1K nps  ETA 00:14:12
[2026-03-28T04:00:15.082] [INFO] [selfplay:0] [SelfPlay] 427/750 (56%)  pos=39870  W/D/B=187/73/167  (43%/17%/39%)  d4/d7  2.3 games/s (avg 0.4)  918.8K nps  ETA 00:14:08
[2026-03-28T04:00:15.230] [INFO] [selfplay:0] [SelfPlay] 428/750 (57%)  pos=39926  W/D/B=188/73/167  (43%/17%/39%)  d4/d7  2.1 games/s (avg 0.4)  918.9K nps  ETA 00:14:05
[2026-03-28T04:00:19.246] [INFO] [selfplay:0] [SelfPlay] 429/750 (57%)  pos=40035  W/D/B=188/73/168  (43%/17%/39%)  d4/d7  2.8 games/s (avg 0.4)  921.7K nps  ETA 00:13:57
[2026-03-28T04:00:19.274] [INFO] [selfplay:0] [SelfPlay] 430/750 (57%)  pos=40147  W/D/B=189/73/168  (43%/16%/39%)  d4/d7  2.6 games/s (avg 0.4)  923.7K nps  ETA 00:14:00
[2026-03-28T04:00:23.147] [INFO] [selfplay:0] [SelfPlay] 431/750 (57%)  pos=40151  W/D/B=190/73/168  (44%/16%/38%)  d4/d7  7.6 games/s (avg 0.4)  924.1K nps  ETA 00:13:52
[2026-03-28T04:00:26.188] [INFO] [selfplay:0] [SelfPlay] 432/750 (57%)  pos=40207  W/D/B=191/73/168  (44%/16%/38%)  d4/d7  7.0 games/s (avg 0.4)  924.2K nps  ETA 00:13:50
[2026-03-28T04:00:27.030] [INFO] [selfplay:0] [SelfPlay] 433/750 (57%)  pos=40291  W/D/B=191/73/169  (44%/16%/39%)  d4/d7  6.5 games/s (avg 0.4)  926.7K nps  ETA 00:13:51
[2026-03-28T04:00:27.927] [INFO] [selfplay:0] [SelfPlay] 434/750 (57%)  pos=40385  W/D/B=191/73/170  (44%/16%/39%)  d4/d7  5.7 games/s (avg 0.4)  928.0K nps  ETA 00:13:46
[2026-03-28T04:00:30.187] [INFO] [selfplay:0] [SelfPlay] 435/750 (58%)  pos=40482  W/D/B=191/73/171  (43%/16%/39%)  d4/d7  5.0 games/s (avg 0.4)  929.1K nps  ETA 00:13:40
[2026-03-28T04:00:41.927] [INFO] [selfplay:0] [SelfPlay] 436/750 (58%)  pos=40515  W/D/B=192/73/171  (44%/16%/39%)  d4/d7  4.6 games/s (avg 0.4)  929.0K nps  ETA 00:13:30
[2026-03-28T04:00:42.367] [INFO] [selfplay:0] [SelfPlay] 437/750 (58%)  pos=40626  W/D/B=192/73/172  (43%/16%/39%)  d4/d7  4.3 games/s (avg 0.4)  931.9K nps  ETA 00:13:43
[2026-03-28T04:00:44.327] [INFO] [selfplay:0] [SelfPlay] 438/750 (58%)  pos=40710  W/D/B=192/73/173  (43%/16%/39%)  d4/d7  4.0 games/s (avg 0.4)  933.8K nps  ETA 00:13:38
[2026-03-28T04:00:45.060] [INFO] [selfplay:0] [SelfPlay] 439/750 (58%)  pos=40923  W/D/B=192/74/173  (43%/16%/39%)  d4/d7  3.5 games/s (avg 0.4)  934.8K nps  ETA 00:13:37
[2026-03-28T04:00:48.552] [INFO] [selfplay:0] [SelfPlay] 440/750 (58%)  pos=40961  W/D/B=193/74/173  (43%/16%/39%)  d4/d7  3.1 games/s (avg 0.4)  934.1K nps  ETA 00:13:29
[2026-03-28T04:00:55.204] [INFO] [selfplay:0] [SelfPlay] 441/750 (58%)  pos=41010  W/D/B=194/74/173  (43%/16%/39%)  d4/d7  2.9 games/s (avg 0.4)  935.9K nps  ETA 00:13:24
[2026-03-28T04:00:56.270] [INFO] [selfplay:0] [SelfPlay] 442/750 (58%)  pos=41114  W/D/B=195/74/173  (44%/16%/39%)  d4/d7  2.7 games/s (avg 0.4)  937.7K nps  ETA 00:13:30
[2026-03-28T04:00:59.981] [INFO] [selfplay:0] [SelfPlay] 443/750 (59%)  pos=41316  W/D/B=195/74/174  (44%/16%/39%)  d4/d7  2.4 games/s (avg 0.4)  941.6K nps  ETA 00:13:25
[2026-03-28T04:01:01.129] [INFO] [selfplay:0] [SelfPlay] 444/750 (59%)  pos=41418  W/D/B=195/74/175  (43%/16%/39%)  d4/d7  2.1 games/s (avg 0.4)  939.8K nps  ETA 00:13:25
[2026-03-28T04:01:01.870] [INFO] [selfplay:0] [SelfPlay] 445/750 (59%)  pos=41650  W/D/B=195/75/175  (43%/16%/39%)  d4/d7  1.9 games/s (avg 0.4)  938.7K nps  ETA 00:13:21
[2026-03-28T04:01:04.272] [INFO] [selfplay:0] [SelfPlay] 446/750 (59%)  pos=41800  W/D/B=195/75/176  (43%/16%/39%)  d4/d7  1.8 games/s (avg 0.4)  940.2K nps  ETA 00:13:15
[2026-03-28T04:01:08.759] [INFO] [selfplay:0] [SelfPlay] 447/750 (59%)  pos=41899  W/D/B=196/75/176  (43%/16%/39%)  d4/d7  1.6 games/s (avg 0.4)  939.7K nps  ETA 00:13:11
[2026-03-28T04:01:19.391] [INFO] [selfplay:0] [SelfPlay] 448/750 (59%)  pos=41981  W/D/B=197/75/176  (43%/16%/39%)  d4/d7  1.4 games/s (avg 0.4)  938.1K nps  ETA 00:13:03
[2026-03-28T04:01:23.661] [INFO] [selfplay:0] [SelfPlay] 449/750 (59%)  pos=42066  W/D/B=198/75/176  (44%/16%/39%)  d4/d7  1.3 games/s (avg 0.4)  940.6K nps  ETA 00:13:13
[2026-03-28T04:01:24.195] [INFO] [selfplay:0] [SelfPlay] 450/750 (60%)  pos=42152  W/D/B=198/75/177  (44%/16%/39%)  d4/d7  1.1 games/s (avg 0.4)  937.8K nps  ETA 00:13:14
[2026-03-28T04:01:24.631] [INFO] [selfplay:0] [SelfPlay] 451/750 (60%)  pos=42256  W/D/B=198/75/178  (43%/16%/39%)  d4/d7  1.3 games/s (avg 0.4)  937.4K nps  ETA 00:13:11
[2026-03-28T04:01:26.058] [INFO] [selfplay:0] [SelfPlay] 452/750 (60%)  pos=42399  W/D/B=199/75/178  (44%/16%/39%)  d4/d7  1.4 games/s (avg 0.4)  939.4K nps  ETA 00:13:06
[2026-03-28T04:01:28.425] [INFO] [selfplay:0] [SelfPlay] 453/750 (60%)  pos=42414  W/D/B=199/75/179  (43%/16%/39%)  d4/d7  1.3 games/s (avg 0.4)  937.7K nps  ETA 00:13:01
[2026-03-28T04:01:29.194] [INFO] [selfplay:0] [SelfPlay] 454/750 (60%)  pos=42494  W/D/B=199/75/180  (43%/16%/39%)  d4/d7  1.2 games/s (avg 0.4)  936.9K nps  ETA 00:13:00
[2026-03-28T04:01:31.515] [INFO] [selfplay:0] [SelfPlay] 455/750 (60%)  pos=42547  W/D/B=200/75/180  (43%/16%/39%)  d4/d7  1.2 games/s (avg 0.4)  937.6K nps  ETA 00:12:55
[2026-03-28T04:01:31.669] [INFO] [selfplay:0] [SelfPlay] 456/750 (60%)  pos=42552  W/D/B=200/75/181  (43%/16%/39%)  d4/d7  1.1 games/s (avg 0.4)  935.1K nps  ETA 00:12:54
[2026-03-28T04:01:34.180] [INFO] [selfplay:0] [SelfPlay] 457/750 (60%)  pos=42580  W/D/B=201/75/181  (43%/16%/39%)  d4/d7  1.9 games/s (avg 0.4)  936.5K nps  ETA 00:12:47
[2026-03-28T04:01:45.477] [INFO] [selfplay:0] [SelfPlay] 458/750 (61%)  pos=42723  W/D/B=202/75/181  (44%/16%/39%)  d4/d7  1.7 games/s (avg 0.4)  935.6K nps  ETA 00:12:36
[2026-03-28T04:01:47.373] [INFO] [selfplay:0] [SelfPlay] 459/750 (61%)  pos=42844  W/D/B=202/75/182  (44%/16%/39%)  d4/d7  1.5 games/s (avg 0.4)  938.8K nps  ETA 00:12:48
[2026-03-28T04:01:47.639] [INFO] [selfplay:0] [SelfPlay] 460/750 (61%)  pos=42958  W/D/B=202/75/183  (43%/16%/39%)  d4/d7  1.4 games/s (avg 0.4)  942.5K nps  ETA 00:12:47
[2026-03-28T04:01:49.255] [INFO] [selfplay:0] [SelfPlay] 461/750 (61%)  pos=43070  W/D/B=203/75/183  (44%/16%/39%)  d4/d7  1.7 games/s (avg 0.4)  945.2K nps  ETA 00:12:41
[2026-03-28T04:01:52.510] [INFO] [selfplay:0] [SelfPlay] 462/750 (61%)  pos=43113  W/D/B=203/75/184  (43%/16%/39%)  d4/d7  1.6 games/s (avg 0.4)  944.9K nps  ETA 00:12:36
[2026-03-28T04:01:53.001] [INFO] [selfplay:0] [SelfPlay] 463/750 (61%)  pos=43228  W/D/B=203/76/184  (43%/16%/39%)  d4/d7  1.4 games/s (avg 0.4)  941.3K nps  ETA 00:12:37
[2026-03-28T04:01:54.437] [INFO] [selfplay:0] [SelfPlay] 464/750 (61%)  pos=43356  W/D/B=204/76/184  (43%/16%/39%)  d4/d7  1.5 games/s (avg 0.4)  945.2K nps  ETA 00:12:31
[2026-03-28T04:01:58.967] [INFO] [selfplay:0] [SelfPlay] 465/750 (62%)  pos=43399  W/D/B=204/76/185  (43%/16%/39%)  d4/d7  1.4 games/s (avg 0.4)  945.0K nps  ETA 00:12:26
[2026-03-28T04:01:59.368] [INFO] [selfplay:0] [SelfPlay] 466/750 (62%)  pos=43453  W/D/B=205/76/185  (43%/16%/39%)  d4/d7  1.2 games/s (avg 0.4)  939.8K nps  ETA 00:12:27
[2026-03-28T04:02:04.511] [INFO] [selfplay:0] [SelfPlay] 467/750 (62%)  pos=43595  W/D/B=206/76/185  (44%/16%/39%)  d4/d7  1.4 games/s (avg 0.4)  942.8K nps  ETA 00:12:19
[2026-03-28T04:02:04.706] [INFO] [selfplay:0] [SelfPlay] 468/750 (62%)  pos=43761  W/D/B=206/77/185  (44%/16%/39%)  d4/d7  1.2 games/s (avg 0.4)  937.0K nps  ETA 00:12:23
[2026-03-28T04:02:05.092] [INFO] [selfplay:0] [SelfPlay] 469/750 (62%)  pos=43844  W/D/B=206/77/186  (43%/16%/39%)  d4/d7  1.8 games/s (avg 0.4)  939.0K nps  ETA 00:12:19
[2026-03-28T04:02:06.359] [INFO] [selfplay:0] [SelfPlay] 470/750 (62%)  pos=43925  W/D/B=206/77/187  (43%/16%/39%)  d4/d7  1.9 games/s (avg 0.4)  940.5K nps  ETA 00:12:13
[2026-03-28T04:02:08.225] [INFO] [selfplay:0] [SelfPlay] 471/750 (62%)  pos=43990  W/D/B=207/77/187  (43%/16%/39%)  d4/d7  1.7 games/s (avg 0.4)  941.6K nps  ETA 00:12:10
[2026-03-28T04:02:12.612] [INFO] [selfplay:0] [SelfPlay] 472/750 (62%)  pos=44052  W/D/B=207/77/188  (43%/16%/39%)  d4/d7  1.6 games/s (avg 0.4)  939.6K nps  ETA 00:12:05
[2026-03-28T04:02:22.618] [INFO] [selfplay:0] [SelfPlay] 473/750 (63%)  pos=44161  W/D/B=207/78/188  (43%/16%/39%)  d4/d7  1.4 games/s (avg 0.4)  937.1K nps  ETA 00:11:57
[2026-03-28T04:02:23.050] [INFO] [selfplay:0] [SelfPlay] 474/750 (63%)  pos=44274  W/D/B=207/78/189  (43%/16%/39%)  d4/d7  1.3 games/s (avg 0.4)  938.4K nps  ETA 00:12:09
[2026-03-28T04:02:23.374] [INFO] [selfplay:0] [SelfPlay] 475/750 (63%)  pos=44363  W/D/B=207/79/189  (43%/16%/39%)  d4/d7  1.4 games/s (avg 0.4)  939.4K nps  ETA 00:12:04
[2026-03-28T04:02:24.825] [INFO] [selfplay:0] [SelfPlay] 476/750 (63%)  pos=44400  W/D/B=207/80/189  (43%/16%/39%)  d4/d7  1.7 games/s (avg 0.4)  940.0K nps  ETA 00:12:00
[2026-03-28T04:02:26.521] [INFO] [selfplay:0] [SelfPlay] 477/750 (63%)  pos=44570  W/D/B=207/81/189  (43%/16%/39%)  d4/d7  1.5 games/s (avg 0.4)  940.6K nps  ETA 00:11:56
[2026-03-28T04:02:27.425] [INFO] [selfplay:0] [SelfPlay] 478/750 (63%)  pos=44683  W/D/B=208/81/189  (43%/16%/39%)  d4/d7  1.4 games/s (avg 0.4)  940.8K nps  ETA 00:11:53
[2026-03-28T04:02:27.772] [INFO] [selfplay:0] [SelfPlay] 479/750 (63%)  pos=44777  W/D/B=208/82/189  (43%/17%/39%)  d4/d7  1.3 games/s (avg 0.4)  941.2K nps  ETA 00:11:51
[2026-03-28T04:02:33.895] [INFO] [selfplay:0] [SelfPlay] 480/750 (64%)  pos=44870  W/D/B=208/83/189  (43%/17%/39%)  d4/d7  1.6 games/s (avg 0.4)  943.4K nps  ETA 00:11:41
[2026-03-28T04:02:34.557] [INFO] [selfplay:0] [SelfPlay] 481/750 (64%)  pos=44913  W/D/B=208/83/190  (43%/17%/39%)  d4/d7  1.4 games/s (avg 0.4)  937.5K nps  ETA 00:11:45
[2026-03-28T04:02:38.364] [INFO] [selfplay:0] [SelfPlay] 482/750 (64%)  pos=45002  W/D/B=208/83/191  (43%/17%/39%)  d4/d7  1.4 games/s (avg 0.4)  939.9K nps  ETA 00:11:39
[2026-03-28T04:02:45.704] [INFO] [selfplay:0] [SelfPlay] 483/750 (64%)  pos=45104  W/D/B=209/83/191  (43%/17%/39%)  d4/d7  1.2 games/s (avg 0.4)  937.4K nps  ETA 00:11:34
[2026-03-28T04:02:53.176] [INFO] [selfplay:0] [SelfPlay] 484/750 (64%)  pos=45193  W/D/B=209/83/192  (43%/17%/39%)  d4/d7  1.1 games/s (avg 0.4)  931.6K nps  ETA 00:11:33
[2026-03-28T04:02:54.213] [INFO] [selfplay:0] [SelfPlay] 485/750 (64%)  pos=45252  W/D/B=210/83/192  (43%/17%/39%)  d4/d7  0.9 games/s (avg 0.4)  925.0K nps  ETA 00:11:40
[2026-03-28T04:02:55.051] [INFO] [selfplay:0] [SelfPlay] 486/750 (64%)  pos=45330  W/D/B=210/83/193  (43%/17%/39%)  d4/d7  0.9 games/s (avg 0.4)  929.1K nps  ETA 00:11:37
[2026-03-28T04:02:57.713] [INFO] [selfplay:0] [SelfPlay] 487/750 (64%)  pos=45384  W/D/B=210/84/193  (43%/17%/39%)  d4/d7  1.0 games/s (avg 0.4)  929.7K nps  ETA 00:11:30
[2026-03-28T04:02:58.531] [INFO] [selfplay:0] [SelfPlay] 488/750 (65%)  pos=45499  W/D/B=210/85/193  (43%/17%/39%)  d4/d7  0.9 games/s (avg 0.4)  927.0K nps  ETA 00:11:30
[2026-03-28T04:02:58.712] [INFO] [selfplay:0] [SelfPlay] 489/750 (65%)  pos=45564  W/D/B=211/85/193  (43%/17%/39%)  d4/d7  0.9 games/s (avg 0.4)  927.6K nps  ETA 00:11:27
[2026-03-28T04:03:04.464] [INFO] [selfplay:0] [SelfPlay] 490/750 (65%)  pos=45667  W/D/B=212/85/193  (43%/17%/39%)  d4/d7  1.6 games/s (avg 0.4)  929.2K nps  ETA 00:11:17
[2026-03-28T04:03:05.006] [INFO] [selfplay:0] [SelfPlay] 491/750 (65%)  pos=45711  W/D/B=213/85/193  (43%/17%/39%)  d4/d7  1.4 games/s (avg 0.4)  924.4K nps  ETA 00:11:22
[2026-03-28T04:03:07.403] [INFO] [selfplay:0] [SelfPlay] 492/750 (65%)  pos=45766  W/D/B=214/85/193  (43%/17%/39%)  d4/d7  1.5 games/s (avg 0.4)  925.6K nps  ETA 00:11:16
[2026-03-28T04:03:14.157] [INFO] [selfplay:0] [SelfPlay] 493/750 (65%)  pos=45818  W/D/B=214/85/194  (43%/17%/39%)  d4/d7  1.3 games/s (avg 0.4)  924.3K nps  ETA 00:11:10
[2026-03-28T04:03:19.189] [INFO] [selfplay:0] [SelfPlay] 494/750 (65%)  pos=45902  W/D/B=214/85/195  (43%/17%/39%)  d4/d7  1.1 games/s (avg 0.4)  919.8K nps  ETA 00:11:10
[2026-03-28T04:03:19.743] [INFO] [selfplay:0] [SelfPlay] 495/750 (66%)  pos=45946  W/D/B=214/86/195  (43%/17%/39%)  d4/d7  1.0 games/s (avg 0.4)  915.5K nps  ETA 00:11:14
[2026-03-28T04:03:20.355] [INFO] [selfplay:0] [SelfPlay] 496/750 (66%)  pos=46052  W/D/B=214/87/195  (43%/17%/39%)  d4/d7  1.1 games/s (avg 0.4)  918.2K nps  ETA 00:11:09
[2026-03-28T04:03:23.860] [INFO] [selfplay:0] [SelfPlay] 497/750 (66%)  pos=46292  W/D/B=214/88/195  (43%/17%/39%)  d4/d7  1.2 games/s (avg 0.4)  921.1K nps  ETA 00:11:03
[2026-03-28T04:03:32.475] [INFO] [selfplay:0] [SelfPlay] 498/750 (66%)  pos=46347  W/D/B=214/89/195  (42%/17%/39%)  d4/d7  1.1 games/s (avg 0.4)  917.5K nps  ETA 00:10:55
[2026-03-28T04:03:37.348] [INFO] [selfplay:0] [SelfPlay] 499/750 (66%)  pos=46444  W/D/B=215/89/195  (43%/17%/39%)  d4/d7  0.9 games/s (avg 0.4)  910.5K nps  ETA 00:11:00
[2026-03-28T04:03:38.425] [INFO] [selfplay:0] [SelfPlay] 500/750 (66%)  pos=46580  W/D/B=216/89/195  (43%/17%/39%)  d4/d7  0.8 games/s (avg 0.4)  909.3K nps  ETA 00:11:02
[2026-03-28T04:03:43.441] [INFO] [selfplay:0] [SelfPlay] 501/750 (66%)  pos=46708  W/D/B=217/89/195  (43%/17%/38%)  d4/d7  0.8 games/s (avg 0.4)  910.1K nps  ETA 00:10:55
[2026-03-28T04:03:50.223] [INFO] [selfplay:0] [SelfPlay] 502/750 (66%)  pos=46761  W/D/B=218/89/195  (43%/17%/38%)  d4/d7  0.7 games/s (avg 0.4)  906.9K nps  ETA 00:10:51
[2026-03-28T04:03:50.858] [INFO] [selfplay:0] [SelfPlay] 503/750 (67%)  pos=46843  W/D/B=218/89/196  (43%/17%/38%)  d4/d7  0.6 games/s (avg 0.4)  903.0K nps  ETA 00:10:58
[2026-03-28T04:03:51.013] [INFO] [selfplay:0] [SelfPlay] 504/750 (67%)  pos=46869  W/D/B=218/89/197  (43%/17%/39%)  d4/d7  0.8 games/s (avg 0.4)  904.1K nps  ETA 00:10:54
[2026-03-28T04:03:52.165] [INFO] [selfplay:0] [SelfPlay] 505/750 (67%)  pos=47109  W/D/B=218/90/197  (43%/17%/39%)  d4/d7  1.6 games/s (avg 0.4)  907.3K nps  ETA 00:10:49
[2026-03-28T04:03:55.814] [INFO] [selfplay:0] [SelfPlay] 506/750 (67%)  pos=47153  W/D/B=218/90/198  (43%/17%/39%)  d4/d7  1.5 games/s (avg 0.4)  908.3K nps  ETA 00:10:44
[2026-03-28T04:03:57.940] [INFO] [selfplay:0] [SelfPlay] 507/750 (67%)  pos=47188  W/D/B=219/90/198  (43%/17%/39%)  d4/d7  1.3 games/s (avg 0.4)  906.4K nps  ETA 00:10:42
[2026-03-28T04:04:13.982] [INFO] [selfplay:0] [SelfPlay] 508/750 (67%)  pos=47245  W/D/B=220/90/198  (43%/17%/38%)  d4/d7  1.2 games/s (avg 0.4)  907.6K nps  ETA 00:10:26
[2026-03-28T04:04:18.407] [INFO] [selfplay:0] [SelfPlay] 509/750 (67%)  pos=47397  W/D/B=221/90/198  (43%/17%/38%)  d4/d7  1.1 games/s (avg 0.4)  910.0K nps  ETA 00:10:40
[2026-03-28T04:04:18.620] [INFO] [selfplay:0] [SelfPlay] 510/750 (68%)  pos=47504  W/D/B=222/90/198  (43%/17%/38%)  d4/d7  1.0 games/s (avg 0.4)  907.0K nps  ETA 00:10:43
[2026-03-28T04:04:19.208] [INFO] [selfplay:0] [SelfPlay] 511/750 (68%)  pos=47537  W/D/B=222/90/199  (43%/17%/38%)  d4/d7  1.5 games/s (avg 0.4)  908.4K nps  ETA 00:10:39
[2026-03-28T04:04:19.434] [INFO] [selfplay:0] [SelfPlay] 512/750 (68%)  pos=47710  W/D/B=223/90/199  (43%/17%/38%)  d4/d7  1.6 games/s (avg 0.4)  910.3K nps  ETA 00:10:36
[2026-03-28T04:04:24.107] [INFO] [selfplay:0] [SelfPlay] 513/750 (68%)  pos=47784  W/D/B=223/90/200  (43%/17%/38%)  d4/d7  2.0 games/s (avg 0.4)  914.4K nps  ETA 00:10:28
[2026-03-28T04:04:24.196] [INFO] [selfplay:0] [SelfPlay] 514/750 (68%)  pos=47944  W/D/B=223/90/201  (43%/17%/39%)  d4/d7  1.7 games/s (avg 0.4)  909.9K nps  ETA 00:10:29
[2026-03-28T04:04:24.763] [INFO] [selfplay:0] [SelfPlay] 515/750 (68%)  pos=48036  W/D/B=224/90/201  (43%/17%/39%)  d4/d7  3.2 games/s (avg 0.4)  910.2K nps  ETA 00:10:26
[2026-03-28T04:04:33.038] [INFO] [selfplay:0] [SelfPlay] 516/750 (68%)  pos=48168  W/D/B=225/90/201  (43%/17%/38%)  d4/d7  3.0 games/s (avg 0.4)  912.4K nps  ETA 00:10:15
[2026-03-28T04:04:33.795] [INFO] [selfplay:0] [SelfPlay] 517/750 (68%)  pos=48318  W/D/B=226/90/201  (43%/17%/38%)  d4/d7  2.7 games/s (avg 0.4)  914.1K nps  ETA 00:10:22
[2026-03-28T04:04:37.768] [INFO] [selfplay:0] [SelfPlay] 518/750 (69%)  pos=48447  W/D/B=226/90/202  (43%/17%/38%)  d4/d7  2.5 games/s (avg 0.4)  915.9K nps  ETA 00:10:15
[2026-03-28T04:04:38.524] [INFO] [selfplay:0] [SelfPlay] 519/750 (69%)  pos=48504  W/D/B=226/90/203  (43%/17%/39%)  d4/d7  2.3 games/s (avg 0.4)  918.4K nps  ETA 00:10:16
[2026-03-28T04:04:40.445] [INFO] [selfplay:0] [SelfPlay] 520/750 (69%)  pos=48633  W/D/B=226/90/204  (43%/17%/39%)  d4/d7  2.2 games/s (avg 0.4)  920.1K nps  ETA 00:10:12
[2026-03-28T04:04:42.507] [INFO] [selfplay:0] [SelfPlay] 521/750 (69%)  pos=48711  W/D/B=226/90/205  (43%/17%/39%)  d4/d7  1.9 games/s (avg 0.4)  921.5K nps  ETA 00:10:09
[2026-03-28T04:04:44.088] [INFO] [selfplay:0] [SelfPlay] 522/750 (69%)  pos=48786  W/D/B=226/90/206  (43%/17%/39%)  d4/d7  1.7 games/s (avg 0.4)  920.6K nps  ETA 00:10:07
[2026-03-28T04:04:48.570] [INFO] [selfplay:0] [SelfPlay] 523/750 (69%)  pos=48879  W/D/B=226/90/207  (43%/17%/39%)  d4/d7  1.6 games/s (avg 0.4)  919.3K nps  ETA 00:10:00
[2026-03-28T04:04:50.596] [INFO] [selfplay:0] [SelfPlay] 524/750 (69%)  pos=48953  W/D/B=226/90/208  (43%/17%/39%)  d4/d7  1.4 games/s (avg 0.4)  915.0K nps  ETA 00:10:01
[2026-03-28T04:04:53.559] [INFO] [selfplay:0] [SelfPlay] 525/750 (70%)  pos=49046  W/D/B=227/90/208  (43%/17%/39%)  d4/d7  1.2 games/s (avg 0.4)  916.3K nps  ETA 00:09:57
[2026-03-28T04:05:04.120] [INFO] [selfplay:0] [SelfPlay] 526/750 (70%)  pos=49111  W/D/B=227/90/209  (43%/17%/39%)  d4/d7  1.1 games/s (avg 0.4)  915.2K nps  ETA 00:09:47
[2026-03-28T04:05:07.004] [INFO] [selfplay:0] [SelfPlay] 527/750 (70%)  pos=49171  W/D/B=227/90/210  (43%/17%/39%)  d4/d7  1.0 games/s (avg 0.4)  916.4K nps  ETA 00:09:55
[2026-03-28T04:05:07.422] [INFO] [selfplay:0] [SelfPlay] 528/750 (70%)  pos=49249  W/D/B=228/90/210  (43%/17%/39%)  d4/d7  0.9 games/s (avg 0.4)  915.7K nps  ETA 00:09:54
[2026-03-28T04:05:12.992] [INFO] [selfplay:0] [SelfPlay] 529/750 (70%)  pos=49340  W/D/B=229/90/210  (43%/17%/39%)  d4/d7  1.1 games/s (avg 0.4)  917.1K nps  ETA 00:09:47
[2026-03-28T04:05:14.873] [INFO] [selfplay:0] [SelfPlay] 530/750 (70%)  pos=49464  W/D/B=229/90/211  (43%/16%/39%)  d4/d7  1.0 games/s (avg 0.4)  914.3K nps  ETA 00:09:48
[2026-03-28T04:05:17.044] [INFO] [selfplay:0] [SelfPlay] 531/750 (70%)  pos=49580  W/D/B=229/91/211  (43%/17%/39%)  d4/d7  0.9 games/s (avg 0.4)  914.4K nps  ETA 00:09:45
[2026-03-28T04:05:19.700] [INFO] [selfplay:0] [SelfPlay] 532/750 (70%)  pos=49679  W/D/B=230/91/211  (43%/17%/39%)  d4/d7  0.9 games/s (avg 0.4)  912.5K nps  ETA 00:09:41
[2026-03-28T04:05:22.143] [INFO] [selfplay:0] [SelfPlay] 533/750 (71%)  pos=49719  W/D/B=230/92/211  (43%/17%/39%)  d4/d7  0.8 games/s (avg 0.4)  910.0K nps  ETA 00:09:40
[2026-03-28T04:05:22.476] [INFO] [selfplay:0] [SelfPlay] 534/750 (71%)  pos=49852  W/D/B=231/92/211  (43%/17%/39%)  d4/d7  0.7 games/s (avg 0.4)  909.4K nps  ETA 00:09:38
[2026-03-28T04:05:22.739] [INFO] [selfplay:0] [SelfPlay] 535/750 (71%)  pos=49953  W/D/B=232/92/211  (43%/17%/39%)  d4/d7  1.1 games/s (avg 0.4)  911.2K nps  ETA 00:09:35
[2026-03-28T04:05:23.971] [INFO] [selfplay:0] [SelfPlay] 536/750 (71%)  pos=50155  W/D/B=233/92/211  (43%/17%/39%)  d4/d7  1.5 games/s (avg 0.4)  911.4K nps  ETA 00:09:30
[2026-03-28T04:05:24.550] [INFO] [selfplay:0] [SelfPlay] 537/750 (71%)  pos=50220  W/D/B=234/92/211  (43%/17%/39%)  d4/d7  1.4 games/s (avg 0.4)  912.1K nps  ETA 00:09:27
[2026-03-28T04:05:32.731] [INFO] [selfplay:0] [SelfPlay] 538/750 (71%)  pos=50363  W/D/B=235/92/211  (43%/17%/39%)  d4/d7  1.4 games/s (avg 0.4)  911.8K nps  ETA 00:09:17
[2026-03-28T04:05:38.317] [INFO] [selfplay:0] [SelfPlay] 539/750 (71%)  pos=50523  W/D/B=235/92/212  (43%/17%/39%)  d4/d7  1.3 games/s (avg 0.4)  914.3K nps  ETA 00:09:18
[2026-03-28T04:05:39.337] [INFO] [selfplay:0] [SelfPlay] 540/750 (72%)  pos=50671  W/D/B=235/92/213  (43%/17%/39%)  d4/d7  1.2 games/s (avg 0.4)  910.7K nps  ETA 00:09:22
[2026-03-28T04:05:41.247] [INFO] [selfplay:0] [SelfPlay] 541/750 (72%)  pos=50796  W/D/B=235/93/213  (43%/17%/39%)  d4/d7  1.1 games/s (avg 0.4)  910.1K nps  ETA 00:09:17
[2026-03-28T04:05:41.571] [INFO] [selfplay:0] [SelfPlay] 542/750 (72%)  pos=50861  W/D/B=236/93/213  (43%/17%/39%)  d4/d7  1.0 games/s (avg 0.4)  910.9K nps  ETA 00:09:16
[2026-03-28T04:05:42.291] [INFO] [selfplay:0] [SelfPlay] 543/750 (72%)  pos=50899  W/D/B=236/94/213  (43%/17%/39%)  d4/d7  1.3 games/s (avg 0.4)  911.5K nps  ETA 00:09:12
[2026-03-28T04:05:46.988] [INFO] [selfplay:0] [SelfPlay] 544/750 (72%)  pos=50989  W/D/B=237/94/213  (43%/17%/39%)  d4/d7  1.3 games/s (avg 0.4)  914.1K nps  ETA 00:09:05
[2026-03-28T04:05:49.866] [INFO] [selfplay:0] [SelfPlay] 545/750 (72%)  pos=51161  W/D/B=238/94/213  (43%/17%/39%)  d4/d7  1.2 games/s (avg 0.4)  911.9K nps  ETA 00:09:04
[2026-03-28T04:05:51.813] [INFO] [selfplay:0] [SelfPlay] 546/750 (72%)  pos=51263  W/D/B=238/94/214  (43%/17%/39%)  d4/d7  1.1 games/s (avg 0.4)  909.6K nps  ETA 00:09:03
[2026-03-28T04:05:53.458] [INFO] [selfplay:0] [SelfPlay] 547/750 (72%)  pos=51394  W/D/B=239/94/214  (43%/17%/39%)  d4/d7  1.0 games/s (avg 0.4)  909.4K nps  ETA 00:09:00
[2026-03-28T04:05:57.951] [INFO] [selfplay:0] [SelfPlay] 548/750 (73%)  pos=51537  W/D/B=239/95/214  (43%/17%/39%)  d4/d7  0.9 games/s (avg 0.4)  909.6K nps  ETA 00:08:55
[2026-03-28T04:06:02.687] [INFO] [selfplay:0] [SelfPlay] 549/750 (73%)  pos=51686  W/D/B=239/95/215  (43%/17%/39%)  d4/d7  0.8 games/s (avg 0.4)  905.8K nps  ETA 00:08:52
[2026-03-28T04:06:05.150] [INFO] [selfplay:0] [SelfPlay] 550/750 (73%)  pos=51738  W/D/B=239/96/215  (43%/17%/39%)  d4/d7  0.7 games/s (avg 0.4)  902.4K nps  ETA 00:08:53
[2026-03-28T04:06:07.602] [INFO] [selfplay:0] [SelfPlay] 551/750 (73%)  pos=51905  W/D/B=239/96/216  (43%/17%/39%)  d4/d7  0.7 games/s (avg 0.4)  903.0K nps  ETA 00:08:49
[2026-03-28T04:06:07.815] [INFO] [selfplay:0] [SelfPlay] 552/750 (73%)  pos=51968  W/D/B=240/96/216  (43%/17%/39%)  d4/d7  0.6 games/s (avg 0.4)  902.9K nps  ETA 00:08:49
[2026-03-28T04:06:08.966] [INFO] [selfplay:0] [SelfPlay] 553/750 (73%)  pos=52055  W/D/B=240/96/217  (43%/17%/39%)  d4/d7  1.2 games/s (avg 0.4)  904.3K nps  ETA 00:08:45
[2026-03-28T04:06:14.417] [INFO] [selfplay:0] [SelfPlay] 554/750 (73%)  pos=52201  W/D/B=240/96/218  (43%/17%/39%)  d4/d7  1.2 games/s (avg 0.4)  909.3K nps  ETA 00:08:37
[2026-03-28T04:06:25.429] [INFO] [selfplay:0] [SelfPlay] 555/750 (74%)  pos=52354  W/D/B=241/96/218  (43%/17%/39%)  d4/d7  1.0 games/s (avg 0.4)  906.9K nps  ETA 00:08:30
[2026-03-28T04:06:33.087] [INFO] [selfplay:0] [SelfPlay] 556/750 (74%)  pos=52428  W/D/B=242/96/218  (43%/17%/39%)  d4/d7  1.0 games/s (avg 0.4)  907.7K nps  ETA 00:08:34
[2026-03-28T04:06:38.711] [INFO] [selfplay:0] [SelfPlay] 557/750 (74%)  pos=52562  W/D/B=243/96/218  (43%/17%/39%)  d4/d7  0.8 games/s (avg 0.4)  902.2K nps  ETA 00:08:34
[2026-03-28T04:06:43.842] [INFO] [selfplay:0] [SelfPlay] 558/750 (74%)  pos=52800  W/D/B=243/97/218  (43%/17%/39%)  d4/d7  0.7 games/s (avg 0.4)  900.2K nps  ETA 00:08:34
[2026-03-28T04:06:45.716] [INFO] [selfplay:0] [SelfPlay] 559/750 (74%)  pos=52883  W/D/B=244/97/218  (43%/17%/38%)  d4/d7  0.7 games/s (avg 0.4)  898.6K nps  ETA 00:08:35
[2026-03-28T04:06:49.478] [INFO] [selfplay:0] [SelfPlay] 560/750 (74%)  pos=52957  W/D/B=245/97/218  (43%/17%/38%)  d4/d7  0.6 games/s (avg 0.4)  898.6K nps  ETA 00:08:30
[2026-03-28T04:06:51.888] [INFO] [selfplay:0] [SelfPlay] 561/750 (74%)  pos=53094  W/D/B=246/97/218  (43%/17%/38%)  d4/d7  0.6 games/s (avg 0.4)  897.4K nps  ETA 00:08:29
[2026-03-28T04:06:51.924] [INFO] [selfplay:0] [SelfPlay] 562/750 (74%)  pos=53187  W/D/B=247/97/218  (43%/17%/38%)  d4/d7  0.6 games/s (avg 0.4)  897.9K nps  ETA 00:08:29
[2026-03-28T04:06:53.252] [INFO] [selfplay:0] [SelfPlay] 563/750 (75%)  pos=53210  W/D/B=247/97/219  (43%/17%/38%)  d4/d7  4.6 games/s (avg 0.4)  899.2K nps  ETA 00:08:23
[2026-03-28T04:07:02.232] [INFO] [selfplay:0] [SelfPlay] 564/750 (75%)  pos=53348  W/D/B=247/97/220  (43%/17%/39%)  d4/d7  4.0 games/s (avg 0.4)  900.2K nps  ETA 00:08:13
[2026-03-28T04:07:06.676] [INFO] [selfplay:0] [SelfPlay] 565/750 (75%)  pos=53471  W/D/B=247/97/221  (43%/17%/39%)  d4/d7  3.7 games/s (avg 0.4)  903.6K nps  ETA 00:08:17
[2026-03-28T04:07:06.685] [INFO] [selfplay:0] [SelfPlay] 566/750 (75%)  pos=53547  W/D/B=248/97/221  (43%/17%/39%)  d4/d7  3.5 games/s (avg 0.4)  905.0K nps  ETA 00:08:19
[2026-03-28T04:07:07.433] [INFO] [selfplay:0] [SelfPlay] 567/750 (75%)  pos=53646  W/D/B=249/97/221  (43%/17%/38%)  d4/d7  18.1 games/s (avg 0.4)  908.5K nps  ETA 00:08:14
[2026-03-28T04:07:09.209] [INFO] [selfplay:0] [SelfPlay] 568/750 (75%)  pos=53749  W/D/B=250/97/221  (44%/17%/38%)  d4/d7  16.7 games/s (avg 0.4)  909.3K nps  ETA 00:08:10
[2026-03-28T04:07:09.845] [INFO] [selfplay:0] [SelfPlay] 569/750 (75%)  pos=53808  W/D/B=250/98/221  (43%/17%/38%)  d4/d7  15.5 games/s (avg 0.4)  910.5K nps  ETA 00:08:09
[2026-03-28T04:07:09.982] [INFO] [selfplay:0] [SelfPlay] 570/750 (76%)  pos=53892  W/D/B=250/98/222  (43%/17%/38%)  d4/d7  13.4 games/s (avg 0.4)  912.9K nps  ETA 00:08:06
[2026-03-28T04:07:10.478] [INFO] [selfplay:0] [SelfPlay] 571/750 (76%)  pos=53969  W/D/B=251/98/222  (43%/17%/38%)  d4/d7  12.5 games/s (avg 0.4)  913.0K nps  ETA 00:08:01
[2026-03-28T04:07:11.844] [INFO] [selfplay:0] [SelfPlay] 572/750 (76%)  pos=54088  W/D/B=252/98/222  (44%/17%/38%)  d4/d7  10.9 games/s (avg 0.4)  915.6K nps  ETA 00:07:58
[2026-03-28T04:07:17.433] [INFO] [selfplay:0] [SelfPlay] 573/750 (76%)  pos=54254  W/D/B=252/99/222  (43%/17%/38%)  d4/d7  10.1 games/s (avg 0.4)  915.8K nps  ETA 00:07:50
[2026-03-28T04:07:18.065] [INFO] [selfplay:0] [SelfPlay] 574/750 (76%)  pos=54324  W/D/B=252/99/223  (43%/17%/38%)  d4/d7  9.3 games/s (avg 0.4)  916.1K nps  ETA 00:07:54
[2026-03-28T04:07:23.345] [INFO] [selfplay:0] [SelfPlay] 575/750 (76%)  pos=54356  W/D/B=252/99/224  (43%/17%/38%)  d4/d7  8.2 games/s (avg 0.4)  916.8K nps  ETA 00:07:45
[2026-03-28T04:07:27.771] [INFO] [selfplay:0] [SelfPlay] 576/750 (76%)  pos=54407  W/D/B=252/99/225  (43%/17%/39%)  d4/d7  7.6 games/s (avg 0.4)  918.3K nps  ETA 00:07:45
[2026-03-28T04:07:28.810] [INFO] [selfplay:0] [SelfPlay] 577/750 (76%)  pos=54443  W/D/B=252/100/225  (43%/17%/38%)  d4/d7  7.0 games/s (avg 0.4)  919.1K nps  ETA 00:07:46
[2026-03-28T04:07:28.923] [INFO] [selfplay:0] [SelfPlay] 578/750 (77%)  pos=54517  W/D/B=252/100/226  (43%/17%/39%)  d4/d7  6.1 games/s (avg 0.4)  920.2K nps  ETA 00:07:43
[2026-03-28T04:07:31.558] [INFO] [selfplay:0] [SelfPlay] 579/750 (77%)  pos=54568  W/D/B=252/100/227  (43%/17%/39%)  d4/d7  6.5 games/s (avg 0.4)  922.1K nps  ETA 00:07:37
[2026-03-28T04:07:32.346] [INFO] [selfplay:0] [SelfPlay] 580/750 (77%)  pos=54682  W/D/B=252/100/228  (43%/17%/39%)  d4/d7  6.0 games/s (avg 0.4)  923.9K nps  ETA 00:07:36
[2026-03-28T04:07:33.135] [INFO] [selfplay:0] [SelfPlay] 581/750 (77%)  pos=54755  W/D/B=253/100/228  (43%/17%/39%)  d4/d7  5.3 games/s (avg 0.4)  924.3K nps  ETA 00:07:34
[2026-03-28T04:07:33.158] [INFO] [selfplay:0] [SelfPlay] 582/750 (77%)  pos=54894  W/D/B=253/100/229  (43%/17%/39%)  d4/d7  4.7 games/s (avg 0.4)  923.8K nps  ETA 00:07:31
[2026-03-28T04:07:34.239] [INFO] [selfplay:0] [SelfPlay] 583/750 (77%)  pos=54977  W/D/B=253/100/230  (43%/17%/39%)  d4/d7  10.7 games/s (avg 0.4)  925.4K nps  ETA 00:07:25
[2026-03-28T04:07:37.862] [INFO] [selfplay:0] [SelfPlay] 584/750 (77%)  pos=55013  W/D/B=253/101/230  (43%/17%/39%)  d4/d7  9.9 games/s (avg 0.4)  925.0K nps  ETA 00:07:21
[2026-03-28T04:07:40.610] [INFO] [selfplay:0] [SelfPlay] 585/750 (78%)  pos=55206  W/D/B=253/102/230  (43%/17%/39%)  d4/d7  9.2 games/s (avg 0.4)  925.2K nps  ETA 00:07:19
[2026-03-28T04:07:45.433] [INFO] [selfplay:0] [SelfPlay] 586/750 (78%)  pos=55244  W/D/B=254/102/230  (43%/17%/39%)  d4/d7  8.5 games/s (avg 0.4)  926.5K nps  ETA 00:07:14
[2026-03-28T04:07:49.918] [INFO] [selfplay:0] [SelfPlay] 587/750 (78%)  pos=55335  W/D/B=255/102/230  (43%/17%/39%)  d4/d7  7.9 games/s (avg 0.4)  928.1K nps  ETA 00:07:13
[2026-03-28T04:07:51.153] [INFO] [selfplay:0] [SelfPlay] 588/750 (78%)  pos=55418  W/D/B=255/102/231  (43%/17%/39%)  d4/d7  7.3 games/s (avg 0.4)  928.2K nps  ETA 00:07:14
[2026-03-28T04:07:54.262] [INFO] [selfplay:0] [SelfPlay] 589/750 (78%)  pos=55485  W/D/B=256/102/231  (43%/17%/39%)  d4/d7  6.3 games/s (avg 0.4)  929.3K nps  ETA 00:07:08
[2026-03-28T04:07:55.673] [INFO] [selfplay:0] [SelfPlay] 590/750 (78%)  pos=55522  W/D/B=257/102/231  (43%/17%/39%)  d4/d7  5.8 games/s (avg 0.4)  929.4K nps  ETA 00:07:08
[2026-03-28T04:07:56.278] [INFO] [selfplay:0] [SelfPlay] 591/750 (78%)  pos=55641  W/D/B=257/102/232  (43%/17%/39%)  d4/d7  5.1 games/s (avg 0.4)  930.0K nps  ETA 00:07:05
[2026-03-28T04:07:58.002] [INFO] [selfplay:0] [SelfPlay] 592/750 (78%)  pos=55695  W/D/B=257/102/233  (43%/17%/39%)  d4/d7  4.5 games/s (avg 0.4)  929.7K nps  ETA 00:07:02
[2026-03-28T04:08:03.044] [INFO] [selfplay:0] [SelfPlay] 593/750 (79%)  pos=55786  W/D/B=258/102/233  (43%/17%/39%)  d4/d7  4.0 games/s (avg 0.4)  930.1K nps  ETA 00:06:55
[2026-03-28T04:08:06.251] [INFO] [selfplay:0] [SelfPlay] 594/750 (79%)  pos=55884  W/D/B=259/102/233  (43%/17%/39%)  d4/d7  3.7 games/s (avg 0.4)  931.3K nps  ETA 00:06:54
[2026-03-28T04:08:09.059] [INFO] [selfplay:0] [SelfPlay] 595/750 (79%)  pos=56043  W/D/B=259/102/234  (43%/17%/39%)  d4/d7  3.4 games/s (avg 0.4)  933.1K nps  ETA 00:06:53
[2026-03-28T04:08:14.788] [INFO] [selfplay:0] [SelfPlay] 596/750 (79%)  pos=56065  W/D/B=259/102/235  (43%/17%/39%)  d4/d7  2.9 games/s (avg 0.4)  931.2K nps  ETA 00:06:47
[2026-03-28T04:08:14.851] [INFO] [selfplay:0] [SelfPlay] 597/750 (79%)  pos=56146  W/D/B=259/102/236  (43%/17%/39%)  d4/d7  2.7 games/s (avg 0.4)  931.1K nps  ETA 00:06:51
[2026-03-28T04:08:15.224] [INFO] [selfplay:0] [SelfPlay] 598/750 (79%)  pos=56147  W/D/B=260/102/236  (43%/17%/39%)  d4/d7  4.7 games/s (avg 0.4)  931.1K nps  ETA 00:06:46
[2026-03-28T04:08:16.159] [INFO] [selfplay:0] [SelfPlay] 599/750 (79%)  pos=56245  W/D/B=261/102/236  (43%/17%/39%)  d4/d7  4.4 games/s (avg 0.4)  933.0K nps  ETA 00:06:44
[2026-03-28T04:08:17.927] [INFO] [selfplay:0] [SelfPlay] 600/750 (80%)  pos=56318  W/D/B=261/102/237  (43%/17%/39%)  d4/d7  3.9 games/s (avg 0.4)  933.9K nps  ETA 00:06:40
[2026-03-28T04:08:20.183] [INFO] [selfplay:0] [SelfPlay] 601/750 (80%)  pos=56353  W/D/B=262/102/237  (43%/16%/39%)  d4/d7  3.4 games/s (avg 0.4)  934.5K nps  ETA 00:06:35
[2026-03-28T04:08:24.311] [INFO] [selfplay:0] [SelfPlay] 602/750 (80%)  pos=56463  W/D/B=263/102/237  (43%/16%/39%)  d4/d7  2.9 games/s (avg 0.4)  934.7K nps  ETA 00:06:31
[2026-03-28T04:08:27.853] [INFO] [selfplay:0] [SelfPlay] 603/750 (80%)  pos=56529  W/D/B=263/102/238  (43%/16%/39%)  d4/d7  2.7 games/s (avg 0.4)  935.2K nps  ETA 00:06:30
[2026-03-28T04:08:29.196] [INFO] [selfplay:0] [SelfPlay] 604/750 (80%)  pos=56630  W/D/B=264/102/238  (43%/16%/39%)  d4/d7  2.4 games/s (avg 0.4)  934.8K nps  ETA 00:06:29
[2026-03-28T04:08:30.151] [INFO] [selfplay:0] [SelfPlay] 605/750 (80%)  pos=56749  W/D/B=264/102/239  (43%/16%/39%)  d4/d7  2.1 games/s (avg 0.4)  935.4K nps  ETA 00:06:28
[2026-03-28T04:08:30.213] [INFO] [selfplay:0] [SelfPlay] 606/750 (80%)  pos=56832  W/D/B=265/102/239  (43%/16%/39%)  d4/d7  2.0 games/s (avg 0.4)  936.1K nps  ETA 00:06:23
[2026-03-28T04:08:34.175] [INFO] [selfplay:0] [SelfPlay] 607/750 (80%)  pos=56897  W/D/B=266/102/239  (43%/16%/39%)  d4/d7  4.1 games/s (avg 0.4)  937.8K nps  ETA 00:06:17
[2026-03-28T04:08:36.752] [INFO] [selfplay:0] [SelfPlay] 608/750 (81%)  pos=56991  W/D/B=266/103/239  (43%/16%/39%)  d4/d7  3.8 games/s (avg 0.4)  940.2K nps  ETA 00:06:17
[2026-03-28T04:08:46.483] [INFO] [selfplay:0] [SelfPlay] 609/750 (81%)  pos=57042  W/D/B=266/103/240  (43%/16%/39%)  d4/d7  3.3 games/s (avg 0.4)  939.6K nps  ETA 00:06:06
[2026-03-28T04:08:51.969] [INFO] [selfplay:0] [SelfPlay] 610/750 (81%)  pos=57141  W/D/B=267/103/240  (43%/16%/39%)  d4/d7  3.0 games/s (avg 0.4)  940.9K nps  ETA 00:06:10
[2026-03-28T04:08:54.867] [INFO] [selfplay:0] [SelfPlay] 611/750 (81%)  pos=57233  W/D/B=268/103/240  (43%/16%/39%)  d4/d7  2.8 games/s (avg 0.4)  942.2K nps  ETA 00:06:10
[2026-03-28T04:08:58.367] [INFO] [selfplay:0] [SelfPlay] 612/750 (81%)  pos=57313  W/D/B=269/103/240  (43%/16%/39%)  d4/d7  2.4 games/s (avg 0.4)  941.7K nps  ETA 00:06:06
[2026-03-28T04:08:59.348] [INFO] [selfplay:0] [SelfPlay] 613/750 (81%)  pos=57420  W/D/B=270/103/240  (44%/16%/39%)  d4/d7  2.1 games/s (avg 0.4)  940.3K nps  ETA 00:06:07
[2026-03-28T04:08:59.620] [INFO] [selfplay:0] [SelfPlay] 614/750 (81%)  pos=57543  W/D/B=270/103/241  (43%/16%/39%)  d4/d7  1.9 games/s (avg 0.4)  939.7K nps  ETA 00:06:05
[2026-03-28T04:09:01.470] [INFO] [selfplay:0] [SelfPlay] 615/750 (82%)  pos=57609  W/D/B=270/103/242  (43%/16%/39%)  d4/d7  2.2 games/s (avg 0.4)  941.1K nps  ETA 00:06:00
[2026-03-28T04:09:04.713] [INFO] [selfplay:0] [SelfPlay] 616/750 (82%)  pos=57648  W/D/B=271/103/242  (43%/16%/39%)  d4/d7  2.0 games/s (avg 0.4)  939.6K nps  ETA 00:05:56
[2026-03-28T04:09:09.023] [INFO] [selfplay:0] [SelfPlay] 617/750 (82%)  pos=57754  W/D/B=271/103/243  (43%/16%/39%)  d4/d7  1.7 games/s (avg 0.4)  938.1K nps  ETA 00:05:52
[2026-03-28T04:09:10.093] [INFO] [selfplay:0] [SelfPlay] 618/750 (82%)  pos=57842  W/D/B=271/104/243  (43%/16%/39%)  d4/d7  1.5 games/s (avg 0.4)  935.3K nps  ETA 00:05:53
[2026-03-28T04:09:10.406] [INFO] [selfplay:0] [SelfPlay] 619/750 (82%)  pos=57922  W/D/B=271/104/244  (43%/16%/39%)  d4/d7  1.4 games/s (avg 0.4)  935.3K nps  ETA 00:05:50
[2026-03-28T04:09:12.638] [INFO] [selfplay:0] [SelfPlay] 620/750 (82%)  pos=58060  W/D/B=271/104/245  (43%/16%/39%)  d4/d7  1.7 games/s (avg 0.4)  937.0K nps  ETA 00:05:46
[2026-03-28T04:09:15.740] [INFO] [selfplay:0] [SelfPlay] 621/750 (82%)  pos=58144  W/D/B=271/104/246  (43%/16%/39%)  d4/d7  1.5 games/s (avg 0.4)  937.5K nps  ETA 00:05:42
[2026-03-28T04:09:18.387] [INFO] [selfplay:0] [SelfPlay] 622/750 (82%)  pos=58171  W/D/B=271/105/246  (43%/16%/39%)  d4/d7  1.3 games/s (avg 0.4)  935.4K nps  ETA 00:05:39
[2026-03-28T04:09:19.277] [INFO] [selfplay:0] [SelfPlay] 623/750 (83%)  pos=58242  W/D/B=271/106/246  (43%/17%/39%)  d4/d7  1.2 games/s (avg 0.4)  935.1K nps  ETA 00:05:39
[2026-03-28T04:09:20.661] [INFO] [selfplay:0] [SelfPlay] 624/750 (83%)  pos=58320  W/D/B=271/106/247  (43%/16%/39%)  d4/d7  1.2 games/s (avg 0.4)  934.5K nps  ETA 00:05:36
[2026-03-28T04:09:22.619] [INFO] [selfplay:0] [SelfPlay] 625/750 (83%)  pos=58412  W/D/B=272/106/247  (43%/16%/39%)  d4/d7  1.1 games/s (avg 0.4)  935.7K nps  ETA 00:05:32
[2026-03-28T04:09:26.235] [INFO] [selfplay:0] [SelfPlay] 626/750 (83%)  pos=58500  W/D/B=273/106/247  (43%/16%/39%)  d4/d7  1.0 games/s (avg 0.4)  934.2K nps  ETA 00:05:27
[2026-03-28T04:09:30.608] [INFO] [selfplay:0] [SelfPlay] 627/750 (83%)  pos=58538  W/D/B=273/107/247  (43%/17%/39%)  d4/d7  0.9 games/s (avg 0.4)  931.9K nps  ETA 00:05:24
[2026-03-28T04:09:33.970] [INFO] [selfplay:0] [SelfPlay] 628/750 (83%)  pos=58610  W/D/B=273/107/248  (43%/17%/39%)  d4/d7  0.8 games/s (avg 0.4)  928.4K nps  ETA 00:05:23
[2026-03-28T04:09:40.394] [INFO] [selfplay:0] [SelfPlay] 629/750 (83%)  pos=58711  W/D/B=274/107/248  (43%/17%/39%)  d4/d7  0.7 games/s (avg 0.4)  928.6K nps  ETA 00:05:16
[2026-03-28T04:09:47.458] [INFO] [selfplay:0] [SelfPlay] 630/750 (84%)  pos=58764  W/D/B=275/107/248  (43%/16%/39%)  d4/d7  0.6 games/s (avg 0.4)  925.0K nps  ETA 00:05:14
[2026-03-28T04:09:50.954] [INFO] [selfplay:0] [SelfPlay] 631/750 (84%)  pos=58810  W/D/B=275/108/248  (43%/17%/39%)  d4/d7  0.6 games/s (avg 0.4)  920.1K nps  ETA 00:05:17
[2026-03-28T04:09:51.876] [INFO] [selfplay:0] [SelfPlay] 632/750 (84%)  pos=58948  W/D/B=276/108/248  (43%/17%/39%)  d4/d7  0.5 games/s (avg 0.4)  920.8K nps  ETA 00:05:16
[2026-03-28T04:09:52.100] [INFO] [selfplay:0] [SelfPlay] 633/750 (84%)  pos=59113  W/D/B=277/108/248  (43%/17%/39%)  d4/d7  0.6 games/s (avg 0.4)  920.3K nps  ETA 00:05:14
[2026-03-28T04:10:00.519] [INFO] [selfplay:0] [SelfPlay] 634/750 (84%)  pos=59226  W/D/B=277/108/249  (43%/17%/39%)  d4/d7  1.2 games/s (avg 0.4)  922.0K nps  ETA 00:05:02
[2026-03-28T04:10:06.003] [INFO] [selfplay:0] [SelfPlay] 635/750 (84%)  pos=59321  W/D/B=277/108/250  (43%/17%/39%)  d4/d7  1.0 games/s (avg 0.4)  917.4K nps  ETA 00:05:04
[2026-03-28T04:10:09.802] [INFO] [selfplay:0] [SelfPlay] 636/750 (84%)  pos=59379  W/D/B=277/108/251  (43%/16%/39%)  d4/d7  0.9 games/s (avg 0.4)  915.8K nps  ETA 00:05:03
[2026-03-28T04:10:10.276] [INFO] [selfplay:0] [SelfPlay] 637/750 (84%)  pos=59470  W/D/B=277/108/252  (43%/16%/39%)  d4/d7  0.8 games/s (avg 0.4)  915.0K nps  ETA 00:05:04
[2026-03-28T04:10:12.302] [INFO] [selfplay:0] [SelfPlay] 638/750 (85%)  pos=59533  W/D/B=277/108/253  (43%/16%/39%)  d4/d7  1.0 games/s (avg 0.4)  917.2K nps  ETA 00:04:59
[2026-03-28T04:10:14.668] [INFO] [selfplay:0] [SelfPlay] 639/750 (85%)  pos=59582  W/D/B=277/108/254  (43%/16%/39%)  d4/d7  0.9 games/s (avg 0.4)  917.4K nps  ETA 00:04:57
[2026-03-28T04:10:16.095] [INFO] [selfplay:0] [SelfPlay] 640/750 (85%)  pos=59658  W/D/B=277/108/255  (43%/16%/39%)  d4/d7  0.8 games/s (avg 0.4)  917.9K nps  ETA 00:04:55
[2026-03-28T04:10:17.947] [INFO] [selfplay:0] [SelfPlay] 641/750 (85%)  pos=59709  W/D/B=278/108/255  (43%/16%/39%)  d4/d7  0.8 games/s (avg 0.4)  918.6K nps  ETA 00:04:51
[2026-03-28T04:10:25.326] [INFO] [selfplay:0] [SelfPlay] 642/750 (85%)  pos=59837  W/D/B=278/108/256  (43%/16%/39%)  d4/d7  0.8 games/s (avg 0.4)  920.1K nps  ETA 00:04:42
[2026-03-28T04:10:25.493] [INFO] [selfplay:0] [SelfPlay] 643/750 (85%)  pos=59919  W/D/B=279/108/256  (43%/16%/39%)  d4/d7  0.7 games/s (avg 0.4)  916.1K nps  ETA 00:04:48
[2026-03-28T04:10:33.431] [INFO] [selfplay:0] [SelfPlay] 644/750 (85%)  pos=59942  W/D/B=279/108/257  (43%/16%/39%)  d4/d7  1.5 games/s (avg 0.4)  917.1K nps  ETA 00:04:37
[2026-03-28T04:10:40.096] [INFO] [selfplay:0] [SelfPlay] 645/750 (86%)  pos=60041  W/D/B=279/108/258  (43%/16%/40%)  d4/d7  1.4 games/s (avg 0.4)  918.5K nps  ETA 00:04:37
[2026-03-28T04:10:40.711] [INFO] [selfplay:0] [SelfPlay] 646/750 (86%)  pos=60223  W/D/B=279/108/259  (43%/16%/40%)  d4/d7  1.2 games/s (avg 0.4)  915.3K nps  ETA 00:04:40
[2026-03-28T04:10:44.268] [INFO] [selfplay:0] [SelfPlay] 647/750 (86%)  pos=60285  W/D/B=280/108/259  (43%/16%/40%)  d4/d7  1.3 games/s (avg 0.4)  916.1K nps  ETA 00:04:34
[2026-03-28T04:10:45.915] [INFO] [selfplay:0] [SelfPlay] 648/750 (86%)  pos=60336  W/D/B=280/109/259  (43%/16%/39%)  d4/d7  1.1 games/s (avg 0.4)  914.5K nps  ETA 00:04:35
[2026-03-28T04:10:47.580] [INFO] [selfplay:0] [SelfPlay] 649/750 (86%)  pos=60412  W/D/B=281/109/259  (43%/16%/39%)  d4/d7  1.0 games/s (avg 0.4)  914.8K nps  ETA 00:04:31
[2026-03-28T04:10:48.897] [INFO] [selfplay:0] [SelfPlay] 650/750 (86%)  pos=60448  W/D/B=281/110/259  (43%/16%/39%)  d4/d7  1.0 games/s (avg 0.4)  914.4K nps  ETA 00:04:29
[2026-03-28T04:10:55.219] [INFO] [selfplay:0] [SelfPlay] 651/750 (86%)  pos=60500  W/D/B=282/110/259  (43%/16%/39%)  d4/d7  0.9 games/s (avg 0.4)  914.7K nps  ETA 00:04:20
[2026-03-28T04:10:55.949] [INFO] [selfplay:0] [SelfPlay] 652/750 (86%)  pos=60558  W/D/B=282/110/260  (43%/16%/39%)  d4/d7  0.8 games/s (avg 0.4)  912.2K nps  ETA 00:04:25
[2026-03-28T04:10:56.264] [INFO] [selfplay:0] [SelfPlay] 653/750 (87%)  pos=60649  W/D/B=283/110/260  (43%/16%/39%)  d4/d7  0.9 games/s (avg 0.4)  913.5K nps  ETA 00:04:21
[2026-03-28T04:11:02.594] [INFO] [selfplay:0] [SelfPlay] 654/750 (87%)  pos=60704  W/D/B=283/110/261  (43%/16%/39%)  d4/d7  1.2 games/s (avg 0.4)  915.4K nps  ETA 00:04:13
[2026-03-28T04:11:06.760] [INFO] [selfplay:0] [SelfPlay] 655/750 (87%)  pos=60797  W/D/B=284/110/261  (43%/16%/39%)  d4/d7  1.1 games/s (avg 0.4)  911.8K nps  ETA 00:04:13
[2026-03-28T04:11:07.178] [INFO] [selfplay:0] [SelfPlay] 656/750 (87%)  pos=60851  W/D/B=285/110/261  (43%/16%/39%)  d4/d7  1.0 games/s (avg 0.4)  909.6K nps  ETA 00:04:13
[2026-03-28T04:11:17.470] [INFO] [selfplay:0] [SelfPlay] 657/750 (87%)  pos=60855  W/D/B=285/110/262  (43%/16%/39%)  d4/d7  1.2 games/s (avg 0.4)  909.3K nps  ETA 00:04:01
[2026-03-28T04:11:19.961] [INFO] [selfplay:0] [SelfPlay] 658/750 (87%)  pos=60914  W/D/B=286/110/262  (43%/16%/39%)  d4/d7  1.1 games/s (avg 0.4)  910.0K nps  ETA 00:04:07
[2026-03-28T04:11:20.509] [INFO] [selfplay:0] [SelfPlay] 659/750 (87%)  pos=60973  W/D/B=287/110/262  (43%/16%/39%)  d4/d7  1.0 games/s (avg 0.4)  909.5K nps  ETA 00:04:06
[2026-03-28T04:11:23.053] [INFO] [selfplay:0] [SelfPlay] 660/750 (88%)  pos=61021  W/D/B=287/110/263  (43%/16%/39%)  d4/d7  1.1 games/s (avg 0.4)  910.8K nps  ETA 00:04:02
[2026-03-28T04:11:23.442] [INFO] [selfplay:0] [SelfPlay] 661/750 (88%)  pos=61094  W/D/B=287/110/264  (43%/16%/39%)  d4/d7  1.0 games/s (avg 0.4)  910.5K nps  ETA 00:04:00
[2026-03-28T04:11:24.637] [INFO] [selfplay:0] [SelfPlay] 662/750 (88%)  pos=61164  W/D/B=287/111/264  (43%/16%/39%)  d4/d7  1.2 games/s (avg 0.4)  912.5K nps  ETA 00:03:57
[2026-03-28T04:11:31.910] [INFO] [selfplay:0] [SelfPlay] 663/750 (88%)  pos=61279  W/D/B=287/111/265  (43%/16%/39%)  d4/d7  1.2 games/s (avg 0.4)  912.9K nps  ETA 00:03:48
[2026-03-28T04:11:32.704] [INFO] [selfplay:0] [SelfPlay] 664/750 (88%)  pos=61413  W/D/B=287/111/266  (43%/16%/40%)  d4/d7  1.0 games/s (avg 0.4)  909.2K nps  ETA 00:03:52
[2026-03-28T04:11:42.459] [INFO] [selfplay:0] [SelfPlay] 665/750 (88%)  pos=61460  W/D/B=287/112/266  (43%/16%/40%)  d4/d7  1.1 games/s (avg 0.4)  909.7K nps  ETA 00:03:40
[2026-03-28T04:11:43.643] [INFO] [selfplay:0] [SelfPlay] 666/750 (88%)  pos=61600  W/D/B=287/112/267  (43%/16%/40%)  d4/d7  1.0 games/s (avg 0.4)  911.0K nps  ETA 00:03:47
[2026-03-28T04:11:46.673] [INFO] [selfplay:0] [SelfPlay] 667/750 (88%)  pos=61619  W/D/B=287/112/268  (43%/16%/40%)  d4/d7  1.0 games/s (avg 0.4)  911.2K nps  ETA 00:03:42
[2026-03-28T04:11:53.114] [INFO] [selfplay:0] [SelfPlay] 668/750 (89%)  pos=61658  W/D/B=287/112/269  (42%/16%/40%)  d4/d7  0.9 games/s (avg 0.4)  909.0K nps  ETA 00:03:36
[2026-03-28T04:11:54.591] [INFO] [selfplay:0] [SelfPlay] 669/750 (89%)  pos=61756  W/D/B=287/113/269  (42%/16%/40%)  d4/d7  0.8 games/s (avg 0.4)  905.3K nps  ETA 00:03:38
[2026-03-28T04:11:58.433] [INFO] [selfplay:0] [SelfPlay] 670/750 (89%)  pos=61823  W/D/B=287/113/270  (42%/16%/40%)  d4/d7  0.7 games/s (avg 0.4)  906.2K nps  ETA 00:03:33
[2026-03-28T04:12:01.408] [INFO] [selfplay:0] [SelfPlay] 671/750 (89%)  pos=61926  W/D/B=287/113/271  (42%/16%/40%)  d4/d7  0.7 games/s (avg 0.4)  907.7K nps  ETA 00:03:32
[2026-03-28T04:12:01.669] [INFO] [selfplay:0] [SelfPlay] 672/750 (89%)  pos=62020  W/D/B=287/114/271  (42%/16%/40%)  d4/d7  0.6 games/s (avg 0.4)  907.2K nps  ETA 00:03:32
[2026-03-28T04:12:02.935] [INFO] [selfplay:0] [SelfPlay] 673/750 (89%)  pos=62089  W/D/B=288/114/271  (42%/16%/40%)  d4/d7  1.1 games/s (avg 0.4)  908.7K nps  ETA 00:03:28
[2026-03-28T04:12:03.809] [INFO] [selfplay:0] [SelfPlay] 674/750 (89%)  pos=62156  W/D/B=288/114/272  (42%/16%/40%)  d4/d7  1.1 games/s (avg 0.4)  909.4K nps  ETA 00:03:25
[2026-03-28T04:12:09.618] [INFO] [selfplay:0] [SelfPlay] 675/750 (90%)  pos=62262  W/D/B=288/114/273  (42%/16%/40%)  d4/d7  1.1 games/s (avg 0.4)  911.7K nps  ETA 00:03:17
[2026-03-28T04:12:14.065] [INFO] [selfplay:0] [SelfPlay] 676/750 (90%)  pos=62288  W/D/B=288/114/274  (42%/16%/40%)  d4/d7  0.9 games/s (avg 0.4)  908.0K nps  ETA 00:03:17
[2026-03-28T04:12:18.504] [INFO] [selfplay:0] [SelfPlay] 677/750 (90%)  pos=62358  W/D/B=288/114/275  (42%/16%/40%)  d4/d7  0.8 games/s (avg 0.4)  906.4K nps  ETA 00:03:13
[2026-03-28T04:12:23.157] [INFO] [selfplay:0] [SelfPlay] 678/750 (90%)  pos=62476  W/D/B=289/114/275  (42%/16%/40%)  d4/d7  0.7 games/s (avg 0.4)  905.2K nps  ETA 00:03:12
[2026-03-28T04:12:26.456] [INFO] [selfplay:0] [SelfPlay] 679/750 (90%)  pos=62539  W/D/B=290/114/275  (42%/16%/40%)  d4/d7  0.7 games/s (avg 0.4)  903.3K nps  ETA 00:03:10
[2026-03-28T04:12:29.709] [INFO] [selfplay:0] [SelfPlay] 680/750 (90%)  pos=62644  W/D/B=290/114/276  (42%/16%/40%)  d4/d7  0.6 games/s (avg 0.4)  902.2K nps  ETA 00:03:08
[2026-03-28T04:12:31.989] [INFO] [selfplay:0] [SelfPlay] 681/750 (90%)  pos=62732  W/D/B=290/115/276  (42%/16%/40%)  d4/d7  0.6 games/s (avg 0.4)  901.0K nps  ETA 00:03:06
[2026-03-28T04:12:32.778] [INFO] [selfplay:0] [SelfPlay] 682/750 (90%)  pos=62837  W/D/B=290/115/277  (42%/16%/40%)  d4/d7  0.5 games/s (avg 0.4)  899.5K nps  ETA 00:03:04
[2026-03-28T04:12:35.190] [INFO] [selfplay:0] [SelfPlay] 683/750 (91%)  pos=62997  W/D/B=290/115/278  (42%/16%/40%)  d4/d7  0.7 games/s (avg 0.4)  901.1K nps  ETA 00:02:59
[2026-03-28T04:12:38.441] [INFO] [selfplay:0] [SelfPlay] 684/750 (91%)  pos=63038  W/D/B=291/115/278  (42%/16%/40%)  d4/d7  0.6 games/s (avg 0.4)  900.2K nps  ETA 00:02:56
[2026-03-28T04:12:38.588] [INFO] [selfplay:0] [SelfPlay] 685/750 (91%)  pos=63148  W/D/B=292/115/278  (42%/16%/40%)  d4/d7  0.6 games/s (avg 0.4)  898.2K nps  ETA 00:02:57
[2026-03-28T04:12:40.854] [INFO] [selfplay:0] [SelfPlay] 686/750 (91%)  pos=63270  W/D/B=292/116/278  (42%/16%/40%)  d4/d7  1.5 games/s (avg 0.4)  899.3K nps  ETA 00:02:52
[2026-03-28T04:12:40.901] [INFO] [selfplay:0] [SelfPlay] 687/750 (91%)  pos=63332  W/D/B=292/117/278  (42%/17%/40%)  d4/d7  1.3 games/s (avg 0.4)  898.5K nps  ETA 00:02:51
[2026-03-28T04:12:41.919] [INFO] [selfplay:0] [SelfPlay] 688/750 (91%)  pos=63371  W/D/B=293/117/278  (42%/17%/40%)  d4/d7  4.3 games/s (avg 0.4)  898.6K nps  ETA 00:02:47
[2026-03-28T04:12:42.834] [INFO] [selfplay:0] [SelfPlay] 689/750 (91%)  pos=63476  W/D/B=293/117/279  (42%/16%/40%)  d4/d7  3.8 games/s (avg 0.4)  899.6K nps  ETA 00:02:44
[2026-03-28T04:12:44.689] [INFO] [selfplay:0] [SelfPlay] 690/750 (92%)  pos=63648  W/D/B=293/117/280  (42%/16%/40%)  d4/d7  3.4 games/s (avg 0.4)  902.0K nps  ETA 00:02:40
[2026-03-28T04:12:45.402] [INFO] [selfplay:0] [SelfPlay] 691/750 (92%)  pos=63670  W/D/B=293/117/281  (42%/16%/40%)  d4/d7  3.0 games/s (avg 0.4)  900.8K nps  ETA 00:02:39
[2026-03-28T04:12:47.830] [INFO] [selfplay:0] [SelfPlay] 692/750 (92%)  pos=63721  W/D/B=293/117/282  (42%/16%/40%)  d4/d7  2.7 games/s (avg 0.4)  901.2K nps  ETA 00:02:35
[2026-03-28T04:12:49.568] [INFO] [selfplay:0] [SelfPlay] 693/750 (92%)  pos=63833  W/D/B=294/117/282  (42%/16%/40%)  d4/d7  2.4 games/s (avg 0.4)  901.3K nps  ETA 00:02:32
[2026-03-28T04:12:49.838] [INFO] [selfplay:0] [SelfPlay] 694/750 (92%)  pos=63920  W/D/B=294/117/283  (42%/16%/40%)  d4/d7  2.1 games/s (avg 0.4)  902.1K nps  ETA 00:02:31
[2026-03-28T04:12:56.203] [INFO] [selfplay:0] [SelfPlay] 695/750 (92%)  pos=64036  W/D/B=294/117/284  (42%/16%/40%)  d4/d7  2.4 games/s (avg 0.4)  903.7K nps  ETA 00:02:21
[2026-03-28T04:12:59.274] [INFO] [selfplay:0] [SelfPlay] 696/750 (92%)  pos=64072  W/D/B=294/118/284  (42%/16%/40%)  d4/d7  2.2 games/s (avg 0.4)  904.2K nps  ETA 00:02:23
[2026-03-28T04:13:01.599] [INFO] [selfplay:0] [SelfPlay] 697/750 (92%)  pos=64157  W/D/B=295/118/284  (42%/16%/40%)  d4/d7  1.9 games/s (avg 0.4)  903.0K nps  ETA 00:02:21
[2026-03-28T04:13:06.513] [INFO] [selfplay:0] [SelfPlay] 698/750 (93%)  pos=64236  W/D/B=296/118/284  (42%/16%/40%)  d4/d7  1.7 games/s (avg 0.4)  902.0K nps  ETA 00:02:15
[2026-03-28T04:13:14.096] [INFO] [selfplay:0] [SelfPlay] 699/750 (93%)  pos=64315  W/D/B=297/118/284  (42%/16%/40%)  d4/d7  1.5 games/s (avg 0.4)  899.4K nps  ETA 00:02:11
[2026-03-28T04:13:15.897] [INFO] [selfplay:0] [SelfPlay] 700/750 (93%)  pos=64358  W/D/B=297/118/285  (42%/16%/40%)  d4/d7  1.4 games/s (avg 0.4)  900.5K nps  ETA 00:02:13
[2026-03-28T04:13:17.683] [INFO] [selfplay:0] [SelfPlay] 701/750 (93%)  pos=64465  W/D/B=298/118/285  (42%/16%/40%)  d4/d7  1.2 games/s (avg 0.4)  900.7K nps  ETA 00:02:11
[2026-03-28T04:13:20.123] [INFO] [selfplay:0] [SelfPlay] 702/750 (93%)  pos=64565  W/D/B=299/118/285  (42%/16%/40%)  d4/d7  1.1 games/s (avg 0.4)  900.5K nps  ETA 00:02:08
[2026-03-28T04:13:21.844] [INFO] [selfplay:0] [SelfPlay] 703/750 (93%)  pos=64673  W/D/B=300/118/285  (42%/16%/40%)  d4/d7  1.0 games/s (avg 0.4)  900.1K nps  ETA 00:02:05
[2026-03-28T04:13:24.055] [INFO] [selfplay:0] [SelfPlay] 704/750 (93%)  pos=64732  W/D/B=301/118/285  (42%/16%/40%)  d4/d7  1.0 games/s (avg 0.4)  900.4K nps  ETA 00:02:02
[2026-03-28T04:13:24.164] [INFO] [selfplay:0] [SelfPlay] 705/750 (94%)  pos=64782  W/D/B=301/118/286  (42%/16%/40%)  d4/d7  0.9 games/s (avg 0.4)  899.8K nps  ETA 00:02:01
[2026-03-28T04:13:27.237] [INFO] [selfplay:0] [SelfPlay] 706/750 (94%)  pos=64881  W/D/B=301/118/287  (42%/16%/40%)  d4/d7  2.1 games/s (avg 0.4)  901.6K nps  ETA 00:01:55
[2026-03-28T04:13:29.426] [INFO] [selfplay:0] [SelfPlay] 707/750 (94%)  pos=64919  W/D/B=302/118/287  (42%/16%/40%)  d4/d7  1.9 games/s (avg 0.4)  900.9K nps  ETA 00:01:54
[2026-03-28T04:13:30.067] [INFO] [selfplay:0] [SelfPlay] 708/750 (94%)  pos=65006  W/D/B=303/118/287  (42%/16%/40%)  d4/d7  1.6 games/s (avg 0.4)  899.5K nps  ETA 00:01:53
[2026-03-28T04:13:31.624] [INFO] [selfplay:0] [SelfPlay] 709/750 (94%)  pos=65100  W/D/B=304/118/287  (42%/16%/40%)  d4/d7  1.6 games/s (avg 0.4)  900.4K nps  ETA 00:01:49
[2026-03-28T04:13:31.906] [INFO] [selfplay:0] [SelfPlay] 710/750 (94%)  pos=65265  W/D/B=304/119/287  (42%/16%/40%)  d4/d7  1.5 games/s (avg 0.4)  899.5K nps  ETA 00:01:48
[2026-03-28T04:13:33.868] [INFO] [selfplay:0] [SelfPlay] 711/750 (94%)  pos=65303  W/D/B=304/119/288  (42%/16%/40%)  d4/d7  1.8 games/s (avg 0.4)  899.8K nps  ETA 00:01:43
[2026-03-28T04:13:37.303] [INFO] [selfplay:0] [SelfPlay] 712/750 (94%)  pos=65368  W/D/B=305/119/288  (42%/16%/40%)  d4/d7  1.6 games/s (avg 0.4)  900.3K nps  ETA 00:01:38
[2026-03-28T04:13:42.750] [INFO] [selfplay:0] [SelfPlay] 713/750 (95%)  pos=65459  W/D/B=305/120/288  (42%/16%/40%)  d4/d7  1.4 games/s (avg 0.4)  898.0K nps  ETA 00:01:35
[2026-03-28T04:13:47.246] [INFO] [selfplay:0] [SelfPlay] 714/750 (95%)  pos=65489  W/D/B=305/120/289  (42%/16%/40%)  d4/d7  1.2 games/s (avg 0.4)  894.9K nps  ETA 00:01:32
[2026-03-28T04:13:55.151] [INFO] [selfplay:0] [SelfPlay] 715/750 (95%)  pos=65639  W/D/B=306/120/289  (42%/16%/40%)  d4/d7  1.1 games/s (avg 0.4)  893.4K nps  ETA 00:01:27
[2026-03-28T04:13:56.355] [INFO] [selfplay:0] [SelfPlay] 716/750 (95%)  pos=65735  W/D/B=306/120/290  (42%/16%/40%)  d4/d7  0.9 games/s (avg 0.4)  889.5K nps  ETA 00:01:30
[2026-03-28T04:13:59.180] [INFO] [selfplay:0] [SelfPlay] 717/750 (95%)  pos=65842  W/D/B=307/120/290  (42%/16%/40%)  d4/d7  0.9 games/s (avg 0.4)  889.7K nps  ETA 00:01:26
[2026-03-28T04:13:59.717] [INFO] [selfplay:0] [SelfPlay] 718/750 (95%)  pos=65954  W/D/B=308/120/290  (42%/16%/40%)  d4/d7  0.8 games/s (avg 0.4)  889.1K nps  ETA 00:01:26
[2026-03-28T04:14:00.228] [INFO] [selfplay:0] [SelfPlay] 719/750 (95%)  pos=66008  W/D/B=309/120/290  (42%/16%/40%)  d4/d7  1.0 games/s (avg 0.4)  890.5K nps  ETA 00:01:23
[2026-03-28T04:14:02.577] [INFO] [selfplay:0] [SelfPlay] 720/750 (96%)  pos=66062  W/D/B=310/120/290  (43%/16%/40%)  d4/d7  1.1 games/s (avg 0.4)  891.8K nps  ETA 00:01:19
[2026-03-28T04:14:02.745] [INFO] [selfplay:0] [SelfPlay] 721/750 (96%)  pos=66164  W/D/B=310/120/291  (42%/16%/40%)  d4/d7  1.0 games/s (avg 0.4)  891.3K nps  ETA 00:01:18
[2026-03-28T04:14:07.546] [INFO] [selfplay:0] [SelfPlay] 722/750 (96%)  pos=66259  W/D/B=310/120/292  (42%/16%/40%)  d4/d7  1.8 games/s (avg 0.4)  893.4K nps  ETA 00:01:10
[2026-03-28T04:14:15.209] [INFO] [selfplay:0] [SelfPlay] 723/750 (96%)  pos=66410  W/D/B=310/121/292  (42%/16%/40%)  d4/d7  1.5 games/s (avg 0.4)  891.6K nps  ETA 00:01:05
[2026-03-28T04:14:16.308] [INFO] [selfplay:0] [SelfPlay] 724/750 (96%)  pos=66511  W/D/B=310/121/293  (42%/16%/40%)  d4/d7  1.4 games/s (avg 0.4)  892.9K nps  ETA 00:01:09
[2026-03-28T04:14:21.602] [INFO] [selfplay:0] [SelfPlay] 725/750 (96%)  pos=66604  W/D/B=311/121/293  (42%/16%/40%)  d4/d7  1.3 games/s (avg 0.4)  893.3K nps  ETA 00:01:02
[2026-03-28T04:14:21.891] [INFO] [selfplay:0] [SelfPlay] 726/750 (96%)  pos=66711  W/D/B=311/121/294  (42%/16%/40%)  d4/d7  1.2 games/s (avg 0.4)  890.0K nps  ETA 00:01:05
[2026-03-28T04:14:27.584] [INFO] [selfplay:0] [SelfPlay] 727/750 (96%)  pos=66792  W/D/B=311/121/295  (42%/16%/40%)  d4/d7  1.5 games/s (avg 0.4)  891.3K nps  ETA 00:00:56
[2026-03-28T04:14:29.580] [INFO] [selfplay:0] [SelfPlay] 728/750 (97%)  pos=66824  W/D/B=311/121/296  (42%/16%/40%)  d4/d7  1.3 games/s (avg 0.4)  888.7K nps  ETA 00:00:57
[2026-03-28T04:14:30.161] [INFO] [selfplay:0] [SelfPlay] 729/750 (97%)  pos=66869  W/D/B=312/121/296  (42%/16%/40%)  d4/d7  1.2 games/s (avg 0.4)  888.5K nps  ETA 00:00:57
[2026-03-28T04:14:32.528] [INFO] [selfplay:0] [SelfPlay] 730/750 (97%)  pos=66951  W/D/B=313/121/296  (42%/16%/40%)  d4/d7  1.3 games/s (avg 0.4)  889.3K nps  ETA 00:00:51
[2026-03-28T04:14:37.177] [INFO] [selfplay:0] [SelfPlay] 731/750 (97%)  pos=66991  W/D/B=313/121/297  (42%/16%/40%)  d4/d7  1.1 games/s (avg 0.4)  888.8K nps  ETA 00:00:46
[2026-03-28T04:14:43.465] [INFO] [selfplay:0] [SelfPlay] 732/750 (97%)  pos=67220  W/D/B=313/121/298  (42%/16%/40%)  d4/d7  1.0 games/s (avg 0.4)  886.0K nps  ETA 00:00:42
[2026-03-28T04:14:46.261] [INFO] [selfplay:0] [SelfPlay] 733/750 (97%)  pos=67291  W/D/B=314/121/298  (42%/16%/40%)  d4/d7  0.9 games/s (avg 0.4)  883.4K nps  ETA 00:00:43
[2026-03-28T04:14:48.966] [INFO] [selfplay:0] [SelfPlay] 734/750 (97%)  pos=67381  W/D/B=315/121/298  (42%/16%/40%)  d4/d7  0.8 games/s (avg 0.4)  882.9K nps  ETA 00:00:41
[2026-03-28T04:14:51.853] [INFO] [selfplay:0] [SelfPlay] 735/750 (98%)  pos=67462  W/D/B=315/121/299  (42%/16%/40%)  d4/d7  0.7 games/s (avg 0.4)  881.4K nps  ETA 00:00:37
[2026-03-28T04:14:52.163] [INFO] [selfplay:0] [SelfPlay] 736/750 (98%)  pos=67575  W/D/B=316/121/299  (42%/16%/40%)  d4/d7  0.7 games/s (avg 0.4)  881.6K nps  ETA 00:00:38
[2026-03-28T04:14:57.266] [INFO] [selfplay:0] [SelfPlay] 737/750 (98%)  pos=67608  W/D/B=316/121/300  (42%/16%/40%)  d4/d7  1.1 games/s (avg 0.4)  882.8K nps  ETA 00:00:30
[2026-03-28T04:14:59.269] [INFO] [selfplay:0] [SelfPlay] 738/750 (98%)  pos=67724  W/D/B=317/121/300  (42%/16%/40%)  d4/d7  0.9 games/s (avg 0.4)  879.7K nps  ETA 00:00:30
[2026-03-28T04:15:02.564] [INFO] [selfplay:0] [SelfPlay] 739/750 (98%)  pos=67851  W/D/B=318/121/300  (43%/16%/40%)  d4/d7  0.9 games/s (avg 0.4)  879.8K nps  ETA 00:00:29
[2026-03-28T04:15:03.125] [INFO] [selfplay:0] [SelfPlay] 740/750 (98%)  pos=67938  W/D/B=318/122/300  (42%/16%/40%)  d4/d7  0.8 games/s (avg 0.4)  878.8K nps  ETA 00:00:32
[2026-03-28T04:15:04.448] [INFO] [selfplay:0] [SelfPlay] 741/750 (98%)  pos=68023  W/D/B=319/122/300  (43%/16%/40%)  d4/d7  0.9 games/s (avg 0.4)  879.9K nps  ETA 00:00:30
[2026-03-28T04:15:04.585] [INFO] [selfplay:0] [SelfPlay] 742/750 (98%)  pos=68137  W/D/B=320/122/300  (43%/16%/40%)  d4/d7  0.9 games/s (avg 0.4)  882.3K nps  ETA 00:00:32
[2026-03-28T04:15:05.878] [INFO] [selfplay:0] [SelfPlay] 743/750 (99%)  pos=68261  W/D/B=320/122/301  (43%/16%/40%)  d4/d7  1.9 games/s (avg 0.4)  884.6K nps  ETA 00:00:31
[2026-03-28T04:15:06.072] [INFO] [selfplay:0] [SelfPlay] 744/750 (99%)  pos=68348  W/D/B=321/122/301  (43%/16%/40%)  d4/d7  1.7 games/s (avg 0.4)  885.3K nps  ETA 00:00:32
[2026-03-28T04:15:06.192] [INFO] [selfplay:0] [SelfPlay] 745/750 (99%)  pos=68446  W/D/B=322/122/301  (43%/16%/40%)  d4/d7  2.2 games/s (avg 0.4)  886.2K nps  ETA 00:00:31
[2026-03-28T04:15:18.878] [INFO] [selfplay:0] [SelfPlay] 746/750 (99%)  pos=68499  W/D/B=322/122/302  (43%/16%/40%)  d4/d7  3.1 games/s (avg 0.4)  886.8K nps  ETA 00:00:20
[2026-03-28T04:15:19.992] [INFO] [selfplay:0] [SelfPlay] 747/750 (99%)  pos=68724  W/D/B=322/122/303  (43%/16%/40%)  d4/d7  2.9 games/s (avg 0.4)  888.7K nps  ETA 00:00:31
[2026-03-28T04:15:26.198] [INFO] [selfplay:0] [SelfPlay] 748/750 (99%)  pos=68769  W/D/B=322/122/304  (43%/16%/40%)  d4/d7  2.6 games/s (avg 0.4)  889.4K nps  ETA 00:00:25
[2026-03-28T04:15:29.892] [INFO] [selfplay:0] [SelfPlay] 749/750 (99%)  pos=68862  W/D/B=323/122/304  (43%/16%/40%)  d4/d7  2.4 games/s (avg 0.4)  890.8K nps  ETA 00:00:29
[2026-03-28T04:15:30.165] [INFO] [selfplay:0] [SelfPlay] 750/750 (100%)  pos=68956  W/D/B=324/122/304  (43%/16%/40%)  d4/d7  2.1 games/s (avg 0.4)  890.3K nps  ETA 00:00:00
[2026-03-28T04:15:30.182] [INFO] [selfplay:0] [SelfPlay] Done. 68956 positions written to C:\Users\chris\pyproj\my_env\Projects\ChessEngine\x64\Release\assets\selfplay_gen7.bin
[2026-03-28T04:15:30.248] [EVENT] [selfplay:7] PHASE_END success=true elapsed_sec=2040.0
[2026-03-28T04:15:30.872] [INFO] [selfplay:0]   Using Stockfish-labeled data: C:\Users\chris\pyproj\my_env\Projects\ChessEngine\x64\Release\assets\training_data_sf.bin
[2026-03-28T04:15:30.872] [INFO] [selfplay:0]   Self-play current gen (weight 0.0902, base gets 0.75)
[2026-03-28T04:15:30.872] [INFO] [selfplay:0]   Replay buffer: gen 6 (weight 0.0631)
[2026-03-28T04:15:30.873] [INFO] [selfplay:0]   Replay buffer: gen 5 (weight 0.0442)
[2026-03-28T04:15:30.873] [INFO] [selfplay:0]   Replay buffer: gen 4 (weight 0.0309)
[2026-03-28T04:15:30.873] [INFO] [selfplay:0]   Replay buffer: gen 3 (weight 0.0216)
[2026-03-28T04:15:30.873] [EVENT] [training:7] PHASE_START epochs=12 batch=2048 lr=0.0002
[2026-03-28T04:15:30.873] [CMD] [training:0] [CMD] py -3.10 -u "C:\Users\chris\pyproj\my_env\Projects\ChessEngine\x64\Release\train_nnue.py" --data "C:\Users\chris\pyproj\my_env\Projects\ChessEngine\x64\Release\assets\training_data_sf.bin" --extra-data "C:\Users\chris\pyproj\my_env\Projects\ChessEngine\x64\Release\assets\selfplay_gen7.bin" 0.0902 --extra-data "C:\Users\chris\pyproj\my_env\Projects\ChessEngine\x64\Release\assets\selfplay_gen6.bin" 0.0631 --extra-data "C:\Users\chris\pyproj\my_env\Projects\ChessEngine\x64\Release\assets\selfplay_gen5.bin" 0.0442 --extra-data "C:\Users\chris\pyproj\my_env\Projects\ChessEngine\x64\Release\assets\selfplay_gen4.bin" 0.0309 --extra-data "C:\Users\chris\pyproj\my_env\Projects\ChessEngine\x64\Release\assets\selfplay_gen3.bin" 0.0216 --max-positions 200000 --epochs 12 --batch-size 2048 --lr 0.0002 --lr-min 0.00001 --weight-decay 0.0005 --dropout 0.2 --grad-clip 1.0 --grad-accum 4 --warmup-steps 100 --draw-weight 0.3 --mate-boost 10.0 --early-stop 8 --wdl-alpha 0.3 --wdl-draw-elo 50.0 --enhanced --plot --cosine-lr --no-cosine-restarts --swa --swa-start 5 --label-smoothing 0.01 --extra-data "C:\Users\chris\pyproj\my_env\Projects\ChessEngine\x64\Release\assets\training_data_draws.bin" 0.3 --load-weights "C:\Users\chris\pyproj\my_env\Projects\ChessEngine\x64\Release\assets\nnue_weights_gen6.bin" --output "C:\Users\chris\pyproj\my_env\Projects\ChessEngine\x64\Release\assets\nnue_weights.bin"
[2026-03-28T04:15:34.903] [INFO] [training:0] === Enhanced mode v3: warmup=100, grad_accum=4, SWA=ON, label_smooth=0.01, filter_eval=1000.0, eval_soft_cap=800.0, draw_weight=0.3x, wdl_alpha=0.3, wdl_draw_elo=50.0, cosine_decay ===
[2026-03-28T04:15:34.903] [INFO] [training:0] Using device: CPU (optimized)
[2026-03-28T04:15:34.944] [INFO] [training:0]   CPU threads: 16
[2026-03-28T04:15:34.989] [INFO] [training:0]   --max-positions: distributing 200,000 budget across 7 sources by ratio
[2026-03-28T04:15:34.989] [INFO] [training:0]     training_data_sf.bin: 25,194,593 -> 89,999 (ratio 45.0%)
[2026-03-28T04:15:34.989] [INFO] [training:0]     selfplay_gen7.bin: 68,956 -> 18,040 (ratio 9.0%)
[2026-03-28T04:15:34.989] [INFO] [training:0]     selfplay_gen6.bin: 72,623 -> 12,620 (ratio 6.3%)
[2026-03-28T04:15:34.989] [INFO] [training:0]     selfplay_gen5.bin: 50,027 -> 8,840 (ratio 4.4%)
[2026-03-28T04:15:34.989] [INFO] [training:0]     selfplay_gen4.bin: 48,576 -> 6,180 (ratio 3.1%)
[2026-03-28T04:15:34.989] [INFO] [training:0]     selfplay_gen3.bin: 42,231 -> 4,320 (ratio 2.2%)
[2026-03-28T04:15:34.989] [INFO] [training:0]     training_data_draws.bin: 35,143,613 -> 60,000 (ratio 30.0%)
[2026-03-28T04:15:34.989] [INFO] [training:0] Datasets:             7 sources (ratio-based sampling)
[2026-03-28T04:15:34.989] [INFO] [training:0]   - training_data_sf.bin                     ratio=45.0%  pos=89,999
[2026-03-28T04:15:34.989] [INFO] [training:0]   - selfplay_gen7.bin                        ratio=9.0%  pos=18,040
[2026-03-28T04:15:34.989] [INFO] [training:0]   - selfplay_gen6.bin                        ratio=6.3%  pos=12,620
[2026-03-28T04:15:34.989] [INFO] [training:0]   - selfplay_gen5.bin                        ratio=4.4%  pos=8,840
[2026-03-28T04:15:34.989] [INFO] [training:0]   - selfplay_gen4.bin                        ratio=3.1%  pos=6,180
[2026-03-28T04:15:34.989] [INFO] [training:0]   - selfplay_gen3.bin                        ratio=2.2%  pos=4,320
[2026-03-28T04:15:34.989] [INFO] [training:0]   - training_data_draws.bin                  ratio=30.0%  pos=60,000
[2026-03-28T04:15:34.989] [INFO] [training:0]   Total positions: 199,999
[2026-03-28T04:15:34.989] [INFO] [training:0]   Mode: PRELOAD (full dataset fits in RAM)
[2026-03-28T04:15:35.221] [INFO] [training:0] Weights loaded from C:\Users\chris\pyproj\my_env\Projects\ChessEngine\x64\Release\assets\nnue_weights_gen6.bin
[2026-03-28T04:15:35.224] [INFO] [training:0] Loaded existing weights from C:\Users\chris\pyproj\my_env\Projects\ChessEngine\x64\Release\assets\nnue_weights_gen6.bin
[2026-03-28T04:15:36.387] [INFO] [training:0]   Fresh optimizer (--load-weights skips old optimizer state)
[2026-03-28T04:15:36.387] [INFO] [training:0] ============================================================
[2026-03-28T04:15:36.387] [INFO] [training:0] Training Configuration:
[2026-03-28T04:15:36.387] [INFO] [training:0]   Positions:         199,999
[2026-03-28T04:15:36.387] [INFO] [training:0]   Batch size:        2048 (effective: 8192 with grad accum x4)
[2026-03-28T04:15:36.387] [INFO] [training:0]   Epochs:            12
[2026-03-28T04:15:36.387] [INFO] [training:0]   Learning rate:     0.0002
[2026-03-28T04:15:36.387] [INFO] [training:0]   LR schedule:       Cosine Decay (T_max=8, warmup_epochs~4)
[2026-03-28T04:15:36.387] [INFO] [training:0]   LR min:            1e-05
[2026-03-28T04:15:36.387] [INFO] [training:0]   LR warmup:         100 optimizer steps
[2026-03-28T04:15:36.387] [INFO] [training:0]   Lambda (eval/res): 0.5
[2026-03-28T04:15:36.387] [INFO] [training:0]   Eval scale:        400.0
[2026-03-28T04:15:36.387] [INFO] [training:0]   Phase balanced:    True
[2026-03-28T04:15:36.387] [INFO] [training:0]   Early stop:        8 epochs
[2026-03-28T04:15:36.387] [INFO] [training:0]   Weight decay:      0.0005
[2026-03-28T04:15:36.387] [INFO] [training:0]   Dropout:           0.2
[2026-03-28T04:15:36.387] [INFO] [training:0]   Grad accumulation: 4x
[2026-03-28T04:15:36.387] [INFO] [training:0]   Label smoothing:   0.01
[2026-03-28T04:15:36.387] [INFO] [training:0]   SWA:               ON (start epoch 5)
[2026-03-28T04:15:36.387] [INFO] [training:0]   Filter eval max:   1000.0
[2026-03-28T04:15:36.387] [INFO] [training:0]   Eval soft-cap:     800.0
[2026-03-28T04:15:36.387] [INFO] [training:0]   Draw weight:       0.3x
[2026-03-28T04:15:36.387] [INFO] [training:0]   Mate boost:        10.0x
[2026-03-28T04:15:36.387] [INFO] [training:0]   Async prefetch:    N/A (preload mode)
[2026-03-28T04:15:36.387] [INFO] [training:0]   WDL CE loss:       ON (alpha=0.3, lambda=0.5 (from --lam), draw_elo=50.0)
[2026-03-28T04:15:36.387] [INFO] [training:0]   Activation:        SCReLU (squared clipped ReLU)
[2026-03-28T04:15:36.387] [INFO] [training:0]   Architecture:      40960->512->128->64->WDL(3)x3heads
[2026-03-28T04:15:36.387] [INFO] [training:0]   Grad clip norm:    1.0
[2026-03-28T04:15:36.387] [INFO] [training:0]   Streaming:         False
[2026-03-28T04:15:36.387] [INFO] [training:0]   Datasets:          7 sources (ratio-based sampling)
[2026-03-28T04:15:36.387] [INFO] [training:0]     - training_data_sf.bin            ratio=45.0%  pos=89,999
[2026-03-28T04:15:36.387] [INFO] [training:0]     - selfplay_gen7.bin               ratio=9.0%  pos=18,040
[2026-03-28T04:15:36.387] [INFO] [training:0]     - selfplay_gen6.bin               ratio=6.3%  pos=12,620
[2026-03-28T04:15:36.387] [INFO] [training:0]     - selfplay_gen5.bin               ratio=4.4%  pos=8,840
[2026-03-28T04:15:36.387] [INFO] [training:0]     - selfplay_gen4.bin               ratio=3.1%  pos=6,180
[2026-03-28T04:15:36.387] [INFO] [training:0]     - selfplay_gen3.bin               ratio=2.2%  pos=4,320
[2026-03-28T04:15:36.387] [INFO] [training:0]     - training_data_draws.bin         ratio=30.0%  pos=60,000
[2026-03-28T04:15:36.387] [INFO] [training:0] ============================================================
[2026-03-28T04:15:36.387] [INFO] [training:0]   Multi-dataset preload: ratios will be applied during epoch sampling.
[2026-03-28T04:15:36.387] [INFO] [training:0]   Loading 7 datasets sequentially...
[2026-03-28T04:15:36.387] [INFO] [training:0] Loading positions from C:\Users\chris\pyproj\my_env\Projects\ChessEngine\x64\Release\assets\training_data_sf.bin...
[2026-03-28T04:15:36.387] [INFO] [training:0]   Total positions: 25,194,593 — using offset-cache fast path (avoids reading 1201 MB into RAM)
[2026-03-28T04:15:36.387] [INFO] [training:0] Scanning C:\Users\chris\pyproj\my_env\Projects\ChessEngine\x64\Release\assets\training_data_sf.bin for position offsets...
[2026-03-28T04:15:37.195] [INFO] [training:0]   Loaded cached index: 25,194,593 offsets (C:\Users\chris\pyproj\my_env\Projects\ChessEngine\x64\Release\assets\training_data_sf.bin.offidx)
[2026-03-28T04:15:38.605] [INFO] [training:0]   Sampled 89,999 from 25,194,593 positions (reservoir)
[2026-03-28T04:15:43.980] [INFO] [training:0]     Parsed 50,000/89,999 positions (16834 pos/s,
[2026-03-28T04:15:43.980] [INFO] [training:0]   Parsed 89,999 positions in 5.4s (16,777 pos/s)
[2026-03-28T04:15:43.980] [INFO] [training:0]   Vectorized HalfKAv2 conversion (89,999 positions)...
[2026-03-28T04:15:44.266] [INFO] [training:0]   HalfKAv2 conversion: 0.3s (315,239 pos/s)
[2026-03-28T04:15:44.277] [INFO] [training:0]   Converting to tensors...
[2026-03-28T04:15:44.278] [INFO] [training:0] Phase distribution: Opening=25,481, Middlegame=28,815, Endgame=31,744
[2026-03-28T04:15:44.278] [INFO] [training:0]   [training_data_sf.bin] loaded: 86,040 positions
[2026-03-28T04:15:44.349] [INFO] [training:0] Loading positions from C:\Users\chris\pyproj\my_env\Projects\ChessEngine\x64\Release\assets\selfplay_gen7.bin...
[2026-03-28T04:15:44.349] [INFO] [training:0]   Total positions: 68,956 — using offset-cache fast path (avoids reading 3 MB into RAM)
[2026-03-28T04:15:44.349] [INFO] [training:0] Scanning C:\Users\chris\pyproj\my_env\Projects\ChessEngine\x64\Release\assets\selfplay_gen7.bin for position offsets...
[2026-03-28T04:15:44.349] [INFO] [training:0]   Building offset index (first time, may take several minutes)...
[2026-03-28T04:15:44.349] [INFO] [training:0]   Total positions: 68,956 (header: versioned)
[2026-03-28T04:15:44.381] [INFO] [training:0]   Scan complete: 68,956 positions indexed.[K
[2026-03-28T04:15:44.386] [INFO] [training:0]   Saved offset cache: 0.5 MB (C:\Users\chris\pyproj\my_env\Projects\ChessEngine\x64\Release\assets\selfplay_gen7.bin.offidx)
[2026-03-28T04:15:44.388] [INFO] [training:0]   Sampled 18,040 from 68,956 positions (reservoir)
[2026-03-28T04:15:44.428] [INFO] [training:0]   Parsed 18,040 positions in 0.0s (449,658 pos/s)
[2026-03-28T04:15:44.428] [INFO] [training:0]   Vectorized HalfKAv2 conversion (18,040 positions)...
[2026-03-28T04:15:44.530] [INFO] [training:0]   HalfKAv2 conversion: 0.1s (179,011 pos/s)
[2026-03-28T04:15:44.532] [INFO] [training:0]   Converting to tensors...
[2026-03-28T04:15:44.532] [INFO] [training:0] Phase distribution: Opening=2,149, Middlegame=8,069, Endgame=7,272
[2026-03-28T04:15:44.532] [INFO] [training:0]   [selfplay_gen7.bin] loaded: 17,490 positions
[2026-03-28T04:15:44.594] [INFO] [training:0] Loading positions from C:\Users\chris\pyproj\my_env\Projects\ChessEngine\x64\Release\assets\selfplay_gen6.bin...
[2026-03-28T04:15:44.594] [INFO] [training:0]   Total positions: 72,623 — using offset-cache fast path (avoids reading 3 MB into RAM)
[2026-03-28T04:15:44.594] [INFO] [training:0] Scanning C:\Users\chris\pyproj\my_env\Projects\ChessEngine\x64\Release\assets\selfplay_gen6.bin for position offsets...
[2026-03-28T04:15:44.603] [INFO] [training:0]   Loaded cached index: 72,623 offsets (C:\Users\chris\pyproj\my_env\Projects\ChessEngine\x64\Release\assets\selfplay_gen6.bin.offidx)
[2026-03-28T04:15:44.605] [INFO] [training:0]   Sampled 12,620 from 72,623 positions (reservoir)
[2026-03-28T04:15:44.649] [INFO] [training:0]   Parsed 12,620 positions in 0.0s (285,204 pos/s)
[2026-03-28T04:15:44.649] [INFO] [training:0]   Vectorized HalfKAv2 conversion (12,620 positions)...
[2026-03-28T04:15:44.741] [INFO] [training:0]   HalfKAv2 conversion: 0.1s (136,451 pos/s)
[2026-03-28T04:15:44.743] [INFO] [training:0]   Converting to tensors...
[2026-03-28T04:15:44.743] [INFO] [training:0] Phase distribution: Opening=1,393, Middlegame=5,110, Endgame=5,781
[2026-03-28T04:15:44.743] [INFO] [training:0]   [selfplay_gen6.bin] loaded: 12,284 positions
[2026-03-28T04:15:44.801] [INFO] [training:0] Loading positions from C:\Users\chris\pyproj\my_env\Projects\ChessEngine\x64\Release\assets\selfplay_gen5.bin...
[2026-03-28T04:15:44.801] [INFO] [training:0]   Total positions: 50,027 — using offset-cache fast path (avoids reading 2 MB into RAM)
[2026-03-28T04:15:44.801] [INFO] [training:0] Scanning C:\Users\chris\pyproj\my_env\Projects\ChessEngine\x64\Release\assets\selfplay_gen5.bin for position offsets...
[2026-03-28T04:15:44.813] [INFO] [training:0]   Loaded cached index: 50,027 offsets (C:\Users\chris\pyproj\my_env\Projects\ChessEngine\x64\Release\assets\selfplay_gen5.bin.offidx)
[2026-03-28T04:15:44.814] [INFO] [training:0]   Sampled 8,840 from 50,027 positions (reservoir)
[2026-03-28T04:15:44.840] [INFO] [training:0]   Parsed 8,840 positions in 0.0s (334,220 pos/s)
[2026-03-28T04:15:44.840] [INFO] [training:0]   Vectorized HalfKAv2 conversion (8,840 positions)...
[2026-03-28T04:15:44.928] [INFO] [training:0]   HalfKAv2 conversion: 0.1s (100,664 pos/s)
[2026-03-28T04:15:44.929] [INFO] [training:0]   Converting to tensors...
[2026-03-28T04:15:44.929] [INFO] [training:0] Phase distribution: Opening=937, Middlegame=3,497, Endgame=4,150
[2026-03-28T04:15:44.929] [INFO] [training:0]   [selfplay_gen5.bin] loaded: 8,584 positions
[2026-03-28T04:15:44.998] [INFO] [training:0] Loading positions from C:\Users\chris\pyproj\my_env\Projects\ChessEngine\x64\Release\assets\selfplay_gen4.bin...
[2026-03-28T04:15:44.998] [INFO] [training:0]   Total positions: 48,576 — using offset-cache fast path (avoids reading 2 MB into RAM)
[2026-03-28T04:15:44.998] [INFO] [training:0] Scanning C:\Users\chris\pyproj\my_env\Projects\ChessEngine\x64\Release\assets\selfplay_gen4.bin for position offsets...
[2026-03-28T04:15:45.008] [INFO] [training:0]   Loaded cached index: 48,576 offsets (C:\Users\chris\pyproj\my_env\Projects\ChessEngine\x64\Release\assets\selfplay_gen4.bin.offidx)
[2026-03-28T04:15:45.009] [INFO] [training:0]   Sampled 6,180 from 48,576 positions (reservoir)
[2026-03-28T04:15:45.036] [INFO] [training:0]   Parsed 6,180 positions in 0.0s (233,441 pos/s)
[2026-03-28T04:15:45.036] [INFO] [training:0]   Vectorized HalfKAv2 conversion (6,180 positions)...
[2026-03-28T04:15:45.124] [INFO] [training:0]   HalfKAv2 conversion: 0.1s (69,723 pos/s)
[2026-03-28T04:15:45.125] [INFO] [training:0]   Converting to tensors...
[2026-03-28T04:15:45.125] [INFO] [training:0] Phase distribution: Opening=636, Middlegame=2,407, Endgame=2,962
[2026-03-28T04:15:45.126] [INFO] [training:0]   [selfplay_gen4.bin] loaded: 6,005 positions
[2026-03-28T04:15:45.195] [INFO] [training:0] Loading positions from C:\Users\chris\pyproj\my_env\Projects\ChessEngine\x64\Release\assets\selfplay_gen3.bin...
[2026-03-28T04:15:45.195] [INFO] [training:0]   Total positions: 42,231 — using offset-cache fast path (avoids reading 2 MB into RAM)
[2026-03-28T04:15:45.195] [INFO] [training:0] Scanning C:\Users\chris\pyproj\my_env\Projects\ChessEngine\x64\Release\assets\selfplay_gen3.bin for position offsets...
[2026-03-28T04:15:45.206] [INFO] [training:0]   Loaded cached index: 42,231 offsets (C:\Users\chris\pyproj\my_env\Projects\ChessEngine\x64\Release\assets\selfplay_gen3.bin.offidx)
[2026-03-28T04:15:45.207] [INFO] [training:0]   Sampled 4,320 from 42,231 positions (reservoir)
[2026-03-28T04:15:45.224] [INFO] [training:0]   Parsed 4,320 positions in 0.0s (263,870 pos/s)
[2026-03-28T04:15:45.224] [INFO] [training:0]   Vectorized HalfKAv2 conversion (4,320 positions)...
[2026-03-28T04:15:45.304] [INFO] [training:0]   HalfKAv2 conversion: 0.1s (53,876 pos/s)
[2026-03-28T04:15:45.304] [INFO] [training:0]   Converting to tensors...
[2026-03-28T04:15:45.304] [INFO] [training:0] Phase distribution: Opening=715, Middlegame=1,789, Endgame=1,687
[2026-03-28T04:15:45.304] [INFO] [training:0]   [selfplay_gen3.bin] loaded: 4,191 positions
[2026-03-28T04:15:45.372] [INFO] [training:0] Loading positions from C:\Users\chris\pyproj\my_env\Projects\ChessEngine\x64\Release\assets\training_data_draws.bin...
[2026-03-28T04:15:45.373] [INFO] [training:0]   Total positions: 35,143,613 — using offset-cache fast path (avoids reading 1675 MB into RAM)
[2026-03-28T04:15:45.373] [INFO] [training:0] Scanning C:\Users\chris\pyproj\my_env\Projects\ChessEngine\x64\Release\assets\training_data_draws.bin for position offsets...
[2026-03-28T04:15:46.519] [INFO] [training:0]   Loaded cached index: 35,143,613 offsets (C:\Users\chris\pyproj\my_env\Projects\ChessEngine\x64\Release\assets\training_data_draws.bin.offidx)
[2026-03-28T04:15:48.679] [INFO] [training:0]   Sampled 60,000 from 35,143,613 positions (reservoir)
[2026-03-28T04:15:55.499] [INFO] [training:0]     Parsed 50,000/60,000 positions (9285 pos/s,
[2026-03-28T04:15:55.499] [INFO] [training:0]   Parsed 60,000 positions in 6.8s (8,821 pos/s)
[2026-03-28T04:15:55.499] [INFO] [training:0]   Vectorized HalfKAv2 conversion (60,000 positions)...
[2026-03-28T04:15:55.731] [INFO] [training:0]   HalfKAv2 conversion: 0.2s (257,842 pos/s)
[2026-03-28T04:15:55.731] [INFO] [training:0]   Converting to tensors...
[2026-03-28T04:15:55.731] [INFO] [training:0] Phase distribution: Opening=19,678, Middlegame=16,384, Endgame=23,938
[2026-03-28T04:15:55.731] [INFO] [training:0]   [training_data_draws.bin] loaded: 60,000 positions
[2026-03-28T04:15:55.825] [INFO] [training:0]   Train positions: 175,135
[2026-03-28T04:15:55.825] [INFO] [training:0]   Val positions:   19,459
[2026-03-28T04:15:55.934] [INFO] [training:0]   Phase-balanced samples: 209,406 (from 175,135 train)
[2026-03-28T04:17:52.980] [INFO] [training:0]   Ep 1 | Batch 86/86 (100%) | Loss: 0.185789
[2026-03-28T04:18:06.872] [INFO] [training:0] ----------------------------------------------------------------------
[2026-03-28T04:18:06.872] [INFO] [training:0]   Epoch    1/12 | Train: 0.185789 (rebalanced) | Val: 0.340418 * | LR: 0.000042 | Acc: 0.5768
[2026-03-28T04:18:06.872] [METRIC] [training:7] EPOCH epoch=1 train_loss=0.18578900 val_loss=0.34041800 lr=4.200000e-05 acc=0.5768
[2026-03-28T04:18:06.872] [INFO] [training:0]   Time: 1m57s | Elapsed: 1m57s | 1,503 pos/s
[2026-03-28T04:18:06.872] [INFO] [training:0]   Phase loss -> Opening: 0.354723  Middlegame: 0.342616  Endgame: 0.329047
[2026-03-28T04:18:08.095] [INFO] [training:0] Weights saved to C:\Users\chris\pyproj\my_env\Projects\ChessEngine\x64\Release\assets\nnue_weights.bin
[2026-03-28T04:18:09.783] [INFO] [training:0] Checkpoint saved to C:\Users\chris\pyproj\my_env\Projects\ChessEngine\x64\Release\assets\nnue_weights_checkpoint.pt
[2026-03-28T04:20:07.477] [INFO] [training:0]   Ep 2 | Batch 86/86 (100%) | Loss: 0.184088
[2026-03-28T04:20:21.198] [INFO] [training:0] ----------------------------------------------------------------------
[2026-03-28T04:20:21.198] [INFO] [training:0]   Epoch    2/12 | Train: 0.184088 (rebalanced) | Val: 0.340898 | LR: 0.000086 | Acc: 0.5819
[2026-03-28T04:20:21.198] [METRIC] [training:7] EPOCH epoch=2 train_loss=0.18408800 val_loss=0.34089800 lr=8.600000e-05 acc=0.5819
[2026-03-28T04:20:21.198] [INFO] [training:0]   Time: 1m57s | Elapsed: 4m11s | 1,494 pos/s
[2026-03-28T04:20:21.198] [INFO] [training:0]   Phase loss -> Opening: 0.355547  Middlegame: 0.342728  Endgame: 0.329611
[2026-03-28T04:22:13.710] [INFO] [training:0]   Ep 3 | Batch 86/86 (100%) | Loss: 0.181361
[2026-03-28T04:22:26.420] [INFO] [training:0] ----------------------------------------------------------------------
[2026-03-28T04:22:26.420] [INFO] [training:0]   Epoch    3/12 | Train: 0.181361 (rebalanced) | Val: 0.341136 | LR: 0.000130 | Acc: 0.5813
[2026-03-28T04:22:26.420] [METRIC] [training:7] EPOCH epoch=3 train_loss=0.18136100 val_loss=0.34113600 lr=1.300000e-04 acc=0.5813
[2026-03-28T04:22:26.420] [INFO] [training:0]   Time: 1m52s | Elapsed: 6m18s | 1,563 pos/s
[2026-03-28T04:22:26.420] [INFO] [training:0]   Phase loss -> Opening: 0.355209  Middlegame: 0.342626  Endgame: 0.330522
[2026-03-28T04:22:26.420] [INFO] [training:0]   No improvement for 1/8 epochs
[2026-03-28T04:24:18.876] [INFO] [training:0]   Ep 4 | Batch 86/86 (100%) | Loss: 0.178724
[2026-03-28T04:24:31.870] [INFO] [training:0] ----------------------------------------------------------------------
[2026-03-28T04:24:31.870] [INFO] [training:0]   Epoch    4/12 | Train: 0.178724 (rebalanced) | Val: 0.340109 * | LR: 0.000174 | Acc: 0.5776
[2026-03-28T04:24:31.870] [METRIC] [training:7] EPOCH epoch=4 train_loss=0.17872400 val_loss=0.34010900 lr=1.740000e-04 acc=0.5776
[2026-03-28T04:24:31.870] [INFO] [training:0]   Time: 1m52s | Elapsed: 8m23s | 1,564 pos/s
[2026-03-28T04:24:31.870] [INFO] [training:0]   Phase loss -> Opening: 0.353848  Middlegame: 0.341982  Endgame: 0.329390
[2026-03-28T04:24:31.870] [INFO] [training:0]   No improvement for 2/8 epochs
[2026-03-28T04:24:33.082] [INFO] [training:0] Weights saved to C:\Users\chris\pyproj\my_env\Projects\ChessEngine\x64\Release\assets\nnue_weights.bin
[2026-03-28T04:24:34.971] [INFO] [training:0] Checkpoint saved to C:\Users\chris\pyproj\my_env\Projects\ChessEngine\x64\Release\assets\nnue_weights_checkpoint.pt
[2026-03-28T04:26:28.530] [INFO] [training:0]   Ep 5 | Batch 86/86 (100%) | Loss: 0.175062
[2026-03-28T04:26:41.409] [INFO] [training:0] ----------------------------------------------------------------------
[2026-03-28T04:26:41.410] [INFO] [training:0]   Epoch    5/12 | Train: 0.175062 (rebalanced) | Val: 0.339367 * | LR: 0.000193 | Acc: 0.5810
[2026-03-28T04:26:41.410] [METRIC] [training:7] EPOCH epoch=5 train_loss=0.17506200 val_loss=0.33936700 lr=1.930000e-04 acc=0.5810
[2026-03-28T04:26:41.410] [INFO] [training:0]   Time: 1m53s | Elapsed: 10m32s | 1,549 pos/s [SWA]
[2026-03-28T04:26:41.410] [INFO] [training:0]   Phase loss -> Opening: 0.353668  Middlegame: 0.341070  Endgame: 0.328421
[2026-03-28T04:26:42.622] [INFO] [training:0] Weights saved to C:\Users\chris\pyproj\my_env\Projects\ChessEngine\x64\Release\assets\nnue_weights.bin
[2026-03-28T04:26:44.487] [INFO] [training:0] Checkpoint saved to C:\Users\chris\pyproj\my_env\Projects\ChessEngine\x64\Release\assets\nnue_weights_checkpoint.pt
[2026-03-28T04:28:40.640] [INFO] [training:0]   Ep 6 | Batch 86/86 (100%) | Loss: 0.172533
[2026-03-28T04:28:53.668] [INFO] [training:0] ----------------------------------------------------------------------
[2026-03-28T04:28:53.668] [INFO] [training:0]   Epoch    6/12 | Train: 0.172533 (rebalanced) | Val: 0.339279 * | LR: 0.000172 | Acc: 0.5789
[2026-03-28T04:28:53.668] [METRIC] [training:7] EPOCH epoch=6 train_loss=0.17253300 val_loss=0.33927900 lr=1.720000e-04 acc=0.5789
[2026-03-28T04:28:53.668] [INFO] [training:0]   Time: 1m56s | Elapsed: 12m44s | 1,515 pos/s [SWA]
[2026-03-28T04:28:53.668] [INFO] [training:0]   Phase loss -> Opening: 0.353667  Middlegame: 0.340993  Endgame: 0.328266
[2026-03-28T04:30:56.544] [INFO] [training:0]   Ep 7 | Batch 86/86 (100%) | Loss: 0.170257
[2026-03-28T04:31:09.285] [INFO] [training:0] ----------------------------------------------------------------------
[2026-03-28T04:31:09.285] [INFO] [training:0]   Epoch    7/12 | Train: 0.170257 (rebalanced) | Val: 0.338789 * | LR: 0.000141 | Acc: 0.5824
[2026-03-28T04:31:09.285] [METRIC] [training:7] EPOCH epoch=7 train_loss=0.17025700 val_loss=0.33878900 lr=1.410000e-04 acc=0.5824
[2026-03-28T04:31:09.285] [INFO] [training:0]   Time: 2m02s | Elapsed: 15m00s | 1,432 pos/s [SWA]
[2026-03-28T04:31:09.285] [INFO] [training:0]   Phase loss -> Opening: 0.353406  Middlegame: 0.340660  Endgame: 0.327488
[2026-03-28T04:31:09.285] [INFO] [training:0]   No improvement for 1/8 epochs
[2026-03-28T04:31:10.576] [INFO] [training:0] Weights saved to C:\Users\chris\pyproj\my_env\Projects\ChessEngine\x64\Release\assets\nnue_weights.bin
[2026-03-28T04:31:12.589] [INFO] [training:0] Checkpoint saved to C:\Users\chris\pyproj\my_env\Projects\ChessEngine\x64\Release\assets\nnue_weights_checkpoint.pt
[2026-03-28T04:33:13.654] [INFO] [training:0]   Ep 8 | Batch 86/86 (100%) | Loss: 0.167771
[2026-03-28T04:33:26.683] [INFO] [training:0] ----------------------------------------------------------------------
[2026-03-28T04:33:26.683] [INFO] [training:0]   Epoch    8/12 | Train: 0.167771 (rebalanced) | Val: 0.339368 | LR: 0.000105 | Acc: 0.5839
[2026-03-28T04:33:26.683] [METRIC] [training:7] EPOCH epoch=8 train_loss=0.16777100 val_loss=0.33936800 lr=1.050000e-04 acc=0.5839
[2026-03-28T04:33:26.683] [INFO] [training:0]   Time: 2m01s | Elapsed: 17m17s | 1,453 pos/s [SWA]
[2026-03-28T04:33:26.683] [INFO] [training:0]   Phase loss -> Opening: 0.353570  Middlegame: 0.341315  Endgame: 0.328279
[2026-03-28T04:35:21.463] [INFO] [training:0]   Ep 9 | Batch 86/86 (100%) | Loss: 0.166208
[2026-03-28T04:35:34.635] [INFO] [training:0] ----------------------------------------------------------------------
[2026-03-28T04:35:34.635] [INFO] [training:0]   Epoch    9/12 | Train: 0.166208 (rebalanced) | Val: 0.338869 | LR: 0.000069 | Acc: 0.5890
[2026-03-28T04:35:34.635] [METRIC] [training:7] EPOCH epoch=9 train_loss=0.16620800 val_loss=0.33886900 lr=6.900000e-05 acc=0.5890
[2026-03-28T04:35:34.635] [INFO] [training:0]   Time: 1m54s | Elapsed: 19m25s | 1,533 pos/s [SWA]
[2026-03-28T04:35:34.636] [INFO] [training:0]   Phase loss -> Opening: 0.353211  Middlegame: 0.340669  Endgame: 0.327813
[2026-03-28T04:35:34.636] [INFO] [training:0]   No improvement for 1/8 epochs
[2026-03-28T04:37:27.780] [INFO] [training:0]   Ep 10 | Batch 86/86 (100%) | Loss: 0.165163
[2026-03-28T04:37:40.663] [INFO] [training:0] ----------------------------------------------------------------------
[2026-03-28T04:37:40.663] [INFO] [training:0]   Epoch   10/12 | Train: 0.165163 (rebalanced) | Val: 0.338760 * | LR: 0.000038 | Acc: 0.5907
[2026-03-28T04:37:40.663] [METRIC] [training:7] EPOCH epoch=10 train_loss=0.16516300 val_loss=0.33876000 lr=3.800000e-05 acc=0.5907
[2026-03-28T04:37:40.663] [INFO] [training:0]   Time: 1m53s | Elapsed: 21m32s | 1,555 pos/s [SWA]
[2026-03-28T04:37:40.663] [INFO] [training:0]   Phase loss -> Opening: 0.352748  Middlegame: 0.340412  Endgame: 0.328065
[2026-03-28T04:37:40.664] [INFO] [training:0]   No improvement for 2/8 epochs
[2026-03-28T04:37:41.885] [INFO] [training:0] Progress graph saved to .\training progress\training_progress.png
[2026-03-28T04:37:42.962] [INFO] [training:0] Weights saved to C:\Users\chris\pyproj\my_env\Projects\ChessEngine\x64\Release\assets\nnue_weights_checkpoint.bin
[2026-03-28T04:37:44.706] [INFO] [training:0] Checkpoint saved to C:\Users\chris\pyproj\my_env\Projects\ChessEngine\x64\Release\assets\nnue_weights_checkpoint.pt
[2026-03-28T04:39:37.177] [INFO] [training:0]   Ep 11 | Batch 86/86 (100%) | Loss: 0.164531
[2026-03-28T04:39:49.700] [INFO] [training:0] ----------------------------------------------------------------------
[2026-03-28T04:39:49.700] [INFO] [training:0]   Epoch   11/12 | Train: 0.164531 (rebalanced) | Val: 0.338975 | LR: 0.000017 | Acc: 0.5900
[2026-03-28T04:39:49.700] [METRIC] [training:7] EPOCH epoch=11 train_loss=0.16453100 val_loss=0.33897500 lr=1.700000e-05 acc=0.5900
[2026-03-28T04:39:49.700] [INFO] [training:0]   Time: 1m52s | Elapsed: 23m41s | 1,564 pos/s [SWA]
[2026-03-28T04:39:49.700] [INFO] [training:0]   Phase loss -> Opening: 0.353162  Middlegame: 0.340583  Endgame: 0.328186
[2026-03-28T04:39:49.700] [INFO] [training:0]   No improvement for 3/8 epochs
[2026-03-28T04:41:42.620] [INFO] [training:0]   Ep 12 | Batch 86/86 (100%) | Loss: 0.163958
[2026-03-28T04:41:55.558] [INFO] [training:0] ----------------------------------------------------------------------
[2026-03-28T04:41:55.558] [INFO] [training:0]   Epoch   12/12 | Train: 0.163958 (rebalanced) | Val: 0.338640 * | LR: 0.000010 | Acc: 0.5925
[2026-03-28T04:41:55.558] [METRIC] [training:7] EPOCH epoch=12 train_loss=0.16395800 val_loss=0.33864000 lr=1.000000e-05 acc=0.5925
[2026-03-28T04:41:55.558] [INFO] [training:0]   Time: 1m53s | Elapsed: 25m46s | 1,558 pos/s [SWA]
[2026-03-28T04:41:55.558] [INFO] [training:0]   Phase loss -> Opening: 0.352789  Middlegame: 0.340176  Endgame: 0.327938
[2026-03-28T04:41:55.558] [INFO] [training:0]   No improvement for 4/8 epochs
[2026-03-28T04:41:57.558] [INFO] [training:0] Weights saved to C:\Users\chris\pyproj\my_env\Projects\ChessEngine\x64\Release\assets\nnue_weights.bin
[2026-03-28T04:41:59.250] [INFO] [training:0] Checkpoint saved to C:\Users\chris\pyproj\my_env\Projects\ChessEngine\x64\Release\assets\nnue_weights_checkpoint.pt
[2026-03-28T04:41:59.251] [INFO] [training:0] Applying SWA averaged weights (8 snapshots)...
[2026-03-28T04:41:59.281] [INFO] [training:0]   SWA: Applied averaged weights (8 snapshots)
[2026-03-28T04:42:00.805] [INFO] [training:0] Weights saved to C:\Users\chris\pyproj\my_env\Projects\ChessEngine\x64\Release\assets\nnue_weights_swa.bin
[2026-03-28T04:42:00.805] [INFO] [training:0]   SWA weights saved to C:\Users\chris\pyproj\my_env\Projects\ChessEngine\x64\Release\assets\nnue_weights_swa.bin
[2026-03-28T04:42:00.805] [INFO] [training:0]   Best validation weights remain at C:\Users\chris\pyproj\my_env\Projects\ChessEngine\x64\Release\assets\nnue_weights.bin
[2026-03-28T04:42:00.805] [INFO] [training:0] ============================================================
[2026-03-28T04:42:00.805] [INFO] [training:0] Training complete!
[2026-03-28T04:42:00.805] [INFO] [training:0]   Total time:  26m04s
[2026-03-28T04:42:00.805] [INFO] [training:0]   Best loss:   0.338640
[2026-03-28T04:42:00.805] [INFO] [training:0]   Weights:     C:\Users\chris\pyproj\my_env\Projects\ChessEngine\x64\Release\assets\nnue_weights.bin
[2026-03-28T04:42:00.805] [INFO] [training:0]   SWA applied: Yes (8 snapshots averaged)
[2026-03-28T04:42:00.805] [INFO] [training:0] ============================================================
[2026-03-28T04:42:02.050] [INFO] [training:0] Progress graph saved to .\training progress\training_progress.png
[2026-03-28T04:42:02.820] [EVENT] [training:7] PHASE_END success=true elapsed_sec=1591.0
[2026-03-28T04:42:02.886] [INFO] [training:0]   SWA weights archived to nnue_weights_swa_gen7.bin
[2026-03-28T04:42:02.886] [EVENT] [swa_match:7] PHASE_START games=100
[2026-03-28T04:42:02.886] [INFO] [swa_match:0] [SWA] Running best-of-two: Best-Val vs SWA (100 games)
[2026-03-28T04:42:02.886] [CMD] [swa_match:0] [CMD] py -3 "C:\Users\chris\pyproj\my_env\Projects\ChessEngine\x64\Release\assets\swa_match.py" "C:\Users\chris\pyproj\my_env\Projects\ChessEngine\x64\Release\ChessEngine.exe" "C:\Users\chris\pyproj\my_env\Projects\ChessEngine\x64\Release\assets\nnue_weights_swa_gen7.bin" "C:\Users\chris\pyproj\my_env\Projects\ChessEngine\x64\Release\assets\nnue_weights_gen7.bin" 100 7
[2026-03-28T04:42:16.764] [INFO] [swa_match:0] [SWA] 10/100: +3 =3 -4
[2026-03-28T04:42:28.600] [INFO] [swa_match:0] [SWA] 20/100: +7 =8 -5
[2026-03-28T04:42:40.269] [INFO] [swa_match:0] [SWA] 30/100: +7 =16 -7
[2026-03-28T04:42:52.155] [INFO] [swa_match:0] [SWA] 40/100: +7 =21 -12
[2026-03-28T04:43:04.945] [INFO] [swa_match:0] [SWA] 50/100: +8 =28 -14
[2026-03-28T04:43:17.873] [INFO] [swa_match:0] [SWA] 60/100: +11 =31 -18
[2026-03-28T04:43:29.691] [INFO] [swa_match:0] [SWA] 70/100: +15 =36 -19
[2026-03-28T04:43:41.557] [INFO] [swa_match:0] [SWA] 80/100: +15 =44 -21
[2026-03-28T04:43:53.311] [INFO] [swa_match:0] [SWA] 90/100: +15 =49 -26
[2026-03-28T04:44:05.804] [INFO] [swa_match:0] [SWA] 100/100: +16 =56 -28
[2026-03-28T04:44:05.804] [INFO] [swa_match:0] [SWA] Final: +16 =56 -28 SWA_ELO: -41
[2026-03-28T04:44:05.823] [EVENT] [swa_match:7] PHASE_END success=true elapsed_sec=122.0
[2026-03-28T04:44:05.823] [METRIC] [swa:7] ELO_RESULT elo=-41 wins=0 draws=0 losses=0
[2026-03-28T04:44:05.823] [INFO] [swa_match:0] [SWA] Best-val wins by 41 ELO â€” keeping best-val weights for gen 7
[2026-03-28T04:44:05.834] [EVENT] [pipeline:7] GEN_SUMMARY gen=7 train_loss=0.16395800 val_loss=0.33864000 elo=+0 elapsed_sec=0.0
[2026-03-28T04:44:07.009] [INFO] [swa_match:1] --- Generation 8 ---
[2026-03-28T04:44:07.011] [EVENT] [selfplay:8] PHASE_START games=750 depth=7 workers=12
[2026-03-28T04:44:07.011] [CMD] [selfplay:1] [CMD] "C:\Users\chris\pyproj\my_env\Projects\ChessEngine\x64\Release\ChessEngine.exe" --generate --games 750 --depth 7 --mixed-depth-ratio 0.200000 --mixed-depth-low 4 --workers 12 --output "C:\Users\chris\pyproj\my_env\Projects\ChessEngine\x64\Release\assets\selfplay_gen8.bin" --weights "C:\Users\chris\pyproj\my_env\Projects\ChessEngine\x64\Release\assets\nnue_weights_gen7.bin" --openings "C:\Users\chris\pyproj\my_env\Projects\ChessEngine\x64\Release\assets\openings.txt" --game-time-limit 480 --resigncp 500 --contempt 20 --maxplies 250 --drawcp 0
[2026-03-28T04:44:07.576] [INFO] [selfplay:1] [SelfPlay] Loaded 2000 opening positions from C:\Users\chris\pyproj\my_env\Projects\ChessEngine\x64\Release\assets\openings.txt
[2026-03-28T04:44:07.578] [INFO] [selfplay:1] [SelfPlay] Starting 750 games  depth=7  movetime=0ms  workers=12  output=C:\Users\chris\pyproj\my_env\Projects\ChessEngine\x64\Release\assets\selfplay_gen8.bin  openings=2000  contempt=20  openingTemp=1.5  softmaxPlies=8  softmaxTemp=0.5  recordMinPly=10  mixedDepth=4/7 (20%/80%)
[2026-03-28T04:44:12.554] [INFO] [selfplay:1] [SelfPlay] 1/750 (0%)  pos=45  W/D/B=0/0/1  (0%/0%/100%)  d4/d7  0.2 games/s (avg 0.2)  51.6K nps  ETA 00:55:20        
[2026-03-28T04:44:15.048] [INFO] [selfplay:1] [SelfPlay] 2/750 (0%)  pos=122  W/D/B=0/0/2  (0%/0%/100%)  d4/d7  0.5 games/s (avg 0.4)  96.4K nps  ETA 00:30:58       
[2026-03-28T04:44:17.075] [INFO] [selfplay:1] [SelfPlay] 3/750 (0%)  pos=276  W/D/B=0/1/2  (0%/33%/66%)  d4/d7  0.5 games/s (avg 0.4)  115.5K nps  ETA 00:30:58      
[2026-03-28T04:44:18.671] [INFO] [selfplay:1] [SelfPlay] 4/750 (0%)  pos=312  W/D/B=0/2/2  (0%/50%/50%)  d4/d7  0.5 games/s (avg 0.4)  101.3K nps  ETA 00:29:29      
[2026-03-28T04:44:20.565] [INFO] [selfplay:1] [SelfPlay] 5/750 (0%)  pos=437  W/D/B=1/2/2  (20%/40%/40%)  d4/d7  0.5 games/s (avg 0.5)  119.9K nps  ETA 00:27:32     
[2026-03-28T04:44:23.800] [INFO] [selfplay:1] [SelfPlay] 6/750 (0%)  pos=513  W/D/B=2/2/2  (33%/33%/33%)  d4/d7  0.5 games/s (avg 0.5)  117.0K nps  ETA 00:26:46     
[2026-03-28T04:44:35.068] [INFO] [selfplay:1] [SelfPlay] 7/750 (0%)  pos=555  W/D/B=2/3/2  (28%/42%/28%)  d4/d7  0.5 games/s (avg 0.4)  142.4K nps  ETA 00:28:31     
[2026-03-28T04:44:37.700] [INFO] [selfplay:1] [SelfPlay] 8/750 (1%)  pos=590  W/D/B=2/3/3  (25%/37%/37%)  d4/d7  0.4 games/s (avg 0.3)  109.9K nps  ETA 00:42:26     
[2026-03-28T04:44:39.494] [INFO] [selfplay:1] [SelfPlay] 9/750 (1%)  pos=616  W/D/B=2/3/4  (22%/33%/44%)  d4/d7  0.4 games/s (avg 0.3)  148.7K nps  ETA 00:41:19     
[2026-03-28T04:44:41.041] [INFO] [selfplay:1] [SelfPlay] 10/750 (1%)  pos=780  W/D/B=2/4/4  (20%/40%/40%)  d4/d7  0.4 games/s (avg 0.3)  192.4K nps  ETA 00:39:19    
[2026-03-28T04:44:42.036] [INFO] [selfplay:1] [SelfPlay] 11/750 (1%)  pos=920  W/D/B=2/4/5  (18%/36%/45%)  d4/d7  0.5 games/s (avg 0.3)  228.4K nps  ETA 00:37:27    
[2026-03-28T04:44:43.050] [INFO] [selfplay:1] [SelfPlay] 12/750 (1%)  pos=1005  W/D/B=3/4/5  (25%/33%/41%)  d4/d7  0.5 games/s (avg 0.3)  274.8K nps  ETA 00:35:18   
[2026-03-28T04:44:43.758] [INFO] [selfplay:1] [SelfPlay] 13/750 (1%)  pos=1182  W/D/B=4/4/5  (30%/30%/38%)  d4/d7  0.6 games/s (avg 0.4)  275.4K nps  ETA 00:33:30   
[2026-03-28T04:44:44.255] [INFO] [selfplay:1] [SelfPlay] 14/750 (1%)  pos=1289  W/D/B=5/4/5  (35%/28%/35%)  d4/d7  0.7 games/s (avg 0.4)  276.4K nps  ETA 00:31:42   
[2026-03-28T04:44:46.382] [INFO] [selfplay:1] [SelfPlay] 15/750 (2%)  pos=1412  W/D/B=5/5/5  (33%/33%/33%)  d4/d7  0.9 games/s (avg 0.4)  309.9K nps  ETA 00:29:55   
[2026-03-28T04:44:46.779] [INFO] [selfplay:1] [SelfPlay] 16/750 (2%)  pos=1477  W/D/B=6/5/5  (37%/31%/31%)  d4/d7  0.9 games/s (avg 0.4)  340.6K nps  ETA 00:29:39   
[2026-03-28T04:44:47.219] [INFO] [selfplay:1] [SelfPlay] 17/750 (2%)  pos=1551  W/D/B=6/5/6  (35%/29%/35%)  d4/d7  1.1 games/s (avg 0.4)  342.2K nps  ETA 00:28:10   
[2026-03-28T04:44:47.296] [INFO] [selfplay:1] [SelfPlay] 18/750 (2%)  pos=1747  W/D/B=6/6/6  (33%/33%/33%)  d4/d7  1.3 games/s (avg 0.5)  391.3K nps  ETA 00:26:52   
[2026-03-28T04:44:50.815] [INFO] [selfplay:1] [SelfPlay] 19/750 (2%)  pos=1843  W/D/B=6/6/7  (31%/31%/36%)  d4/d7  3.0 games/s (avg 0.5)  442.4K nps  ETA 00:25:24   
[2026-03-28T04:44:51.085] [INFO] [selfplay:1] [SelfPlay] 20/750 (2%)  pos=1958  W/D/B=6/7/7  (30%/35%/35%)  d4/d7  2.8 games/s (avg 0.5)  443.5K nps  ETA 00:26:18   
[2026-03-28T04:44:53.012] [INFO] [selfplay:1] [SelfPlay] 21/750 (2%)  pos=2029  W/D/B=6/7/8  (28%/33%/38%)  d4/d7  3.0 games/s (avg 0.5)  494.8K nps  ETA 00:25:08   
[2026-03-28T04:44:55.388] [INFO] [selfplay:1] [SelfPlay] 22/750 (2%)  pos=2147  W/D/B=7/7/8  (31%/31%/36%)  d4/d7  2.6 games/s (avg 0.5)  528.5K nps  ETA 00:25:01   
[2026-03-28T04:45:05.195] [INFO] [selfplay:1] [SelfPlay] 23/750 (3%)  pos=2275  W/D/B=7/7/9  (30%/30%/39%)  d4/d7  2.3 games/s (avg 0.5)  505.8K nps  ETA 00:25:01   
[2026-03-28T04:45:07.315] [INFO] [selfplay:1] [SelfPlay] 24/750 (3%)  pos=2409  W/D/B=7/7/10  (29%/29%/41%)  d4/d7  2.1 games/s (avg 0.4)  531.2K nps  ETA 00:29:00  
[2026-03-28T04:45:07.945] [INFO] [selfplay:1] [SelfPlay] 25/750 (3%)  pos=2477  W/D/B=7/7/11  (28%/28%/44%)  d4/d7  1.8 games/s (avg 0.4)  555.0K nps  ETA 00:28:51  
[2026-03-28T04:45:14.459] [INFO] [selfplay:1] [SelfPlay] 26/750 (3%)  pos=2520  W/D/B=7/8/11  (26%/30%/42%)  d4/d7  1.8 games/s (avg 0.4)  550.6K nps  ETA 00:27:55  
[2026-03-28T04:45:14.538] [INFO] [selfplay:1] [SelfPlay] 27/750 (3%)  pos=2662  W/D/B=8/8/11  (29%/29%/40%)  d4/d7  1.7 games/s (avg 0.4)  579.1K nps  ETA 00:29:50  
[2026-03-28T04:45:15.524] [INFO] [selfplay:1] [SelfPlay] 28/750 (3%)  pos=2738  W/D/B=8/8/12  (28%/28%/42%)  d4/d7  3.3 games/s (avg 0.4)  611.4K nps  ETA 00:28:45  
[2026-03-28T04:45:17.385] [INFO] [selfplay:1] [SelfPlay] 29/750 (3%)  pos=2778  W/D/B=9/8/12  (31%/27%/41%)  d4/d7  3.0 games/s (avg 0.4)  625.2K nps  ETA 00:28:07  
[2026-03-28T04:45:18.076] [INFO] [selfplay:1] [SelfPlay] 30/750 (4%)  pos=2939  W/D/B=9/9/12  (30%/30%/40%)  d4/d7  2.6 games/s (avg 0.4)  646.3K nps  ETA 00:27:54  
[2026-03-28T04:45:19.862] [INFO] [selfplay:1] [SelfPlay] 31/750 (4%)  pos=2995  W/D/B=10/9/12  (32%/29%/38%)  d4/d7  2.4 games/s (avg 0.4)  641.3K nps  ETA 00:27:13 
[2026-03-28T04:45:26.034] [INFO] [selfplay:1] [SelfPlay] 32/750 (4%)  pos=3067  W/D/B=10/10/12  (31%/31%/37%)  d4/d7  2.2 games/s (avg 0.4)  624.0K nps  ETA 00:26:55
[2026-03-28T04:45:26.329] [INFO] [selfplay:1] [SelfPlay] 33/750 (4%)  pos=3111  W/D/B=10/10/13  (30%/30%/39%)  d4/d7  2.0 games/s (avg 0.4)  635.3K nps  ETA 00:28:24
[2026-03-28T04:45:28.305] [INFO] [selfplay:1] [SelfPlay] 34/750 (4%)  pos=3184  W/D/B=10/10/14  (29%/29%/41%)  d4/d7  2.2 games/s (avg 0.4)  667.2K nps  ETA 00:27:36
[2026-03-28T04:45:29.995] [INFO] [selfplay:1] [SelfPlay] 35/750 (4%)  pos=3238  W/D/B=11/10/14  (31%/28%/40%)  d4/d7  2.0 games/s (avg 0.4)  673.2K nps  ETA 00:27:27
[2026-03-28T04:45:31.867] [INFO] [selfplay:1] [SelfPlay] 36/750 (4%)  pos=3298  W/D/B=11/10/15  (30%/27%/41%)  d4/d7  1.7 games/s (avg 0.4)  656.9K nps  ETA 00:27:12
[2026-03-28T04:45:35.201] [INFO] [selfplay:1] [SelfPlay] 37/750 (4%)  pos=3392  W/D/B=12/10/15  (32%/27%/40%)  d4/d7  1.6 games/s (avg 0.4)  675.2K nps  ETA 00:27:01
[2026-03-28T04:45:35.416] [INFO] [selfplay:1] [SelfPlay] 38/750 (5%)  pos=3436  W/D/B=12/10/16  (31%/26%/42%)  d4/d7  1.4 games/s (avg 0.4)  642.3K nps  ETA 00:27:21
[2026-03-28T04:45:35.524] [INFO] [selfplay:1] [SelfPlay] 39/750 (5%)  pos=3486  W/D/B=13/10/16  (33%/25%/41%)  d4/d7  1.9 games/s (avg 0.4)  661.7K nps  ETA 00:26:41
[2026-03-28T04:45:38.538] [INFO] [selfplay:1] [SelfPlay] 40/750 (5%)  pos=3550  W/D/B=14/10/16  (35%/25%/40%)  d4/d7  3.0 games/s (avg 0.5)  694.6K nps  ETA 00:25:58
[2026-03-28T04:45:39.477] [INFO] [selfplay:1] [SelfPlay] 41/750 (5%)  pos=3593  W/D/B=14/10/17  (34%/24%/41%)  d4/d7  2.6 games/s (avg 0.5)  677.9K nps  ETA 00:26:11
[2026-03-28T04:45:45.571] [INFO] [selfplay:1] [SelfPlay] 42/750 (5%)  pos=3660  W/D/B=14/10/18  (33%/23%/42%)  d4/d7  2.3 games/s (avg 0.5)  709.7K nps  ETA 00:25:43
[2026-03-28T04:45:55.404] [INFO] [selfplay:1] [SelfPlay] 43/750 (5%)  pos=3717  W/D/B=14/11/18  (32%/25%/41%)  d4/d7  2.2 games/s (avg 0.4)  724.4K nps  ETA 00:26:41
[2026-03-28T04:45:56.682] [INFO] [selfplay:1] [SelfPlay] 44/750 (5%)  pos=3850  W/D/B=14/11/19  (31%/25%/43%)  d4/d7  2.0 games/s (avg 0.4)  747.2K nps  ETA 00:28:48
[2026-03-28T04:45:59.250] [INFO] [selfplay:1] [SelfPlay] 45/750 (6%)  pos=3893  W/D/B=15/11/19  (33%/24%/42%)  d4/d7  1.8 games/s (avg 0.4)  752.2K nps  ETA 00:28:27
[2026-03-28T04:45:59.384] [INFO] [selfplay:1] [SelfPlay] 46/750 (6%)  pos=3942  W/D/B=15/11/20  (32%/23%/43%)  d4/d7  1.6 games/s (avg 0.4)  746.9K nps  ETA 00:28:29
[2026-03-28T04:46:01.880] [INFO] [selfplay:1] [SelfPlay] 47/750 (6%)  pos=3990  W/D/B=15/12/20  (31%/25%/42%)  d4/d7  2.5 games/s (avg 0.4)  760.9K nps  ETA 00:27:49
[2026-03-28T04:46:04.397] [INFO] [selfplay:1] [SelfPlay] 48/750 (6%)  pos=4066  W/D/B=16/12/20  (33%/25%/41%)  d4/d7  2.2 games/s (avg 0.4)  759.7K nps  ETA 00:27:49
[2026-03-28T04:46:07.209] [INFO] [selfplay:1] [SelfPlay] 49/750 (6%)  pos=4237  W/D/B=16/12/21  (32%/24%/42%)  d4/d7  1.9 games/s (avg 0.4)  786.0K nps  ETA 00:27:48
[2026-03-28T04:46:08.467] [INFO] [selfplay:1] [SelfPlay] 50/750 (6%)  pos=4400  W/D/B=17/12/21  (34%/24%/42%)  d4/d7  1.7 games/s (avg 0.4)  763.8K nps  ETA 00:27:53
[2026-03-28T04:46:10.902] [INFO] [selfplay:1] [SelfPlay] 51/750 (6%)  pos=4480  W/D/B=18/12/21  (35%/23%/41%)  d4/d7  1.5 games/s (avg 0.4)  754.7K nps  ETA 00:27:33
[2026-03-28T04:46:11.832] [INFO] [selfplay:1] [SelfPlay] 52/750 (6%)  pos=4646  W/D/B=19/12/21  (36%/23%/40%)  d4/d7  1.4 games/s (avg 0.4)  766.7K nps  ETA 00:27:34
[2026-03-28T04:46:13.705] [INFO] [selfplay:1] [SelfPlay] 53/750 (7%)  pos=4702  W/D/B=20/12/21  (37%/22%/39%)  d4/d7  1.3 games/s (avg 0.4)  777.2K nps  ETA 00:27:12
[2026-03-28T04:46:15.051] [INFO] [selfplay:1] [SelfPlay] 54/750 (7%)  pos=4777  W/D/B=21/12/21  (38%/22%/38%)  d4/d7  1.2 games/s (avg 0.4)  782.4K nps  ETA 00:27:04
[2026-03-28T04:46:15.616] [INFO] [selfplay:1] [SelfPlay] 55/750 (7%)  pos=4875  W/D/B=22/12/21  (40%/21%/38%)  d4/d7  1.1 games/s (avg 0.4)  772.4K nps  ETA 00:26:49
[2026-03-28T04:46:16.662] [INFO] [selfplay:1] [SelfPlay] 56/750 (7%)  pos=4943  W/D/B=23/12/21  (41%/21%/37%)  d4/d7  1.2 games/s (avg 0.4)  788.4K nps  ETA 00:26:25
[2026-03-28T04:46:17.833] [INFO] [selfplay:1] [SelfPlay] 57/750 (7%)  pos=5012  W/D/B=24/12/21  (42%/21%/36%)  d4/d7  1.2 games/s (avg 0.4)  796.8K nps  ETA 00:26:08
[2026-03-28T04:46:19.906] [INFO] [selfplay:1] [SelfPlay] 58/750 (7%)  pos=5093  W/D/B=24/13/21  (41%/22%/36%)  d4/d7  1.1 games/s (avg 0.4)  797.7K nps  ETA 00:25:52
[2026-03-28T04:46:29.269] [INFO] [selfplay:1] [SelfPlay] 59/750 (7%)  pos=5144  W/D/B=25/13/21  (42%/22%/35%)  d4/d7  1.0 games/s (avg 0.4)  793.0K nps  ETA 00:25:40
[2026-03-28T04:46:37.824] [INFO] [selfplay:1] [SelfPlay] 60/750 (8%)  pos=5253  W/D/B=25/13/22  (41%/21%/36%)  d4/d7  0.9 games/s (avg 0.4)  748.3K nps  ETA 00:27:00
[2026-03-28T04:46:39.786] [INFO] [selfplay:1] [SelfPlay] 61/750 (8%)  pos=5305  W/D/B=25/13/23  (40%/21%/37%)  d4/d7  0.8 games/s (avg 0.4)  704.7K nps  ETA 00:28:15
[2026-03-28T04:46:40.623] [INFO] [selfplay:1] [SelfPlay] 62/750 (8%)  pos=5381  W/D/B=26/13/23  (41%/20%/37%)  d4/d7  0.7 games/s (avg 0.4)  709.7K nps  ETA 00:28:08
[2026-03-28T04:46:45.975] [INFO] [selfplay:1] [SelfPlay] 63/750 (8%)  pos=5448  W/D/B=27/13/23  (42%/20%/36%)  d4/d7  0.8 games/s (avg 0.4)  717.2K nps  ETA 00:27:43
[2026-03-28T04:46:50.418] [INFO] [selfplay:1] [SelfPlay] 64/750 (8%)  pos=5583  W/D/B=28/13/23  (43%/20%/35%)  d4/d7  0.7 games/s (avg 0.4)  701.5K nps  ETA 00:28:13
[2026-03-28T04:46:53.149] [INFO] [selfplay:1] [SelfPlay] 65/750 (8%)  pos=5668  W/D/B=29/13/23  (44%/20%/35%)  d4/d7  0.6 games/s (avg 0.4)  692.7K nps  ETA 00:28:33
[2026-03-28T04:46:56.019] [INFO] [selfplay:1] [SelfPlay] 66/750 (8%)  pos=5779  W/D/B=30/13/23  (45%/19%/34%)  d4/d7  0.6 games/s (avg 0.4)  693.0K nps  ETA 00:28:32
[2026-03-28T04:46:57.448] [INFO] [selfplay:1] [SelfPlay] 67/750 (8%)  pos=5879  W/D/B=30/13/24  (44%/19%/35%)  d4/d7  0.6 games/s (avg 0.4)  692.1K nps  ETA 00:28:36
[2026-03-28T04:47:05.355] [INFO] [selfplay:1] [SelfPlay] 68/750 (9%)  pos=5951  W/D/B=30/13/25  (44%/19%/36%)  d4/d7  0.6 games/s (avg 0.4)  705.5K nps  ETA 00:28:15
[2026-03-28T04:47:06.823] [INFO] [selfplay:1] [SelfPlay] 69/750 (9%)  pos=6059  W/D/B=31/13/25  (44%/18%/36%)  d4/d7  0.5 games/s (avg 0.4)  683.9K nps  ETA 00:29:12
[2026-03-28T04:47:07.203] [INFO] [selfplay:1] [SelfPlay] 70/750 (9%)  pos=6114  W/D/B=31/13/26  (44%/18%/37%)  d4/d7  0.5 games/s (avg 0.4)  687.2K nps  ETA 00:29:01
[2026-03-28T04:47:08.649] [INFO] [selfplay:1] [SelfPlay] 71/750 (9%)  pos=6210  W/D/B=31/14/26  (43%/19%/36%)  d4/d7  0.9 games/s (avg 0.4)  699.0K nps  ETA 00:28:35
[2026-03-28T04:47:12.258] [INFO] [selfplay:1] [SelfPlay] 72/750 (9%)  pos=6256  W/D/B=32/14/26  (44%/19%/36%)  d4/d7  0.8 games/s (avg 0.4)  693.0K nps  ETA 00:28:22
[2026-03-28T04:47:14.942] [INFO] [selfplay:1] [SelfPlay] 73/750 (9%)  pos=6410  W/D/B=32/14/27  (43%/19%/36%)  d4/d7  0.7 games/s (avg 0.4)  677.8K nps  ETA 00:28:29
[2026-03-28T04:47:17.355] [INFO] [selfplay:1] [SelfPlay] 74/750 (9%)  pos=6474  W/D/B=33/14/27  (44%/18%/36%)  d4/d7  0.7 games/s (avg 0.4)  684.2K nps  ETA 00:28:29
[2026-03-28T04:47:18.682] [INFO] [selfplay:1] [SelfPlay] 75/750 (10%)  pos=6546  W/D/B=33/15/27  (44%/20%/36%)  d4/d7  0.6 games/s (avg 0.4)  674.1K nps  ETA 00:28:26
[2026-03-28T04:47:24.366] [INFO] [selfplay:1] [SelfPlay] 76/750 (10%)  pos=6606  W/D/B=33/15/28  (43%/19%/36%)  d4/d7  0.7 games/s (avg 0.4)  679.8K nps  ETA 00:28:09
[2026-03-28T04:47:27.188] [INFO] [selfplay:1] [SelfPlay] 77/750 (10%)  pos=6739  W/D/B=33/15/29  (42%/19%/37%)  d4/d7  0.6 games/s (avg 0.4)  657.2K nps  ETA 00:28:36
[2026-03-28T04:47:28.038] [INFO] [selfplay:1] [SelfPlay] 78/750 (10%)  pos=6822  W/D/B=33/15/30  (42%/19%/38%)  d4/d7  0.6 games/s (avg 0.4)  655.5K nps  ETA 00:28:38
[2026-03-28T04:47:29.326] [INFO] [selfplay:1] [SelfPlay] 79/750 (10%)  pos=6961  W/D/B=33/15/31  (41%/18%/39%)  d4/d7  0.6 games/s (avg 0.4)  667.4K nps  ETA 00:28:21
[2026-03-28T04:47:30.802] [INFO] [selfplay:1] [SelfPlay] 80/750 (10%)  pos=7041  W/D/B=34/15/31  (42%/18%/38%)  d4/d7  0.7 games/s (avg 0.4)  675.4K nps  ETA 00:28:07
[2026-03-28T04:47:30.886] [INFO] [selfplay:1] [SelfPlay] 81/750 (10%)  pos=7085  W/D/B=34/16/31  (41%/19%/38%)  d4/d7  0.7 games/s (avg 0.4)  670.1K nps  ETA 00:27:58
[2026-03-28T04:47:31.905] [INFO] [selfplay:1] [SelfPlay] 82/750 (10%)  pos=7248  W/D/B=35/16/31  (42%/19%/37%)  d4/d7  2.4 games/s (avg 0.4)  682.8K nps  ETA 00:27:35
[2026-03-28T04:47:33.744] [INFO] [selfplay:1] [SelfPlay] 83/750 (11%)  pos=7284  W/D/B=35/17/31  (42%/20%/37%)  d4/d7  2.1 games/s (avg 0.4)  685.4K nps  ETA 00:27:20
[2026-03-28T04:47:35.747] [INFO] [selfplay:1] [SelfPlay] 84/750 (11%)  pos=7356  W/D/B=35/17/32  (41%/20%/38%)  d4/d7  1.9 games/s (avg 0.4)  690.3K nps  ETA 00:27:12
[2026-03-28T04:47:36.501] [INFO] [selfplay:1] [SelfPlay] 85/750 (11%)  pos=7440  W/D/B=35/18/32  (41%/21%/37%)  d4/d7  1.7 games/s (avg 0.4)  692.9K nps  ETA 00:27:08
[2026-03-28T04:47:39.419] [INFO] [selfplay:1] [SelfPlay] 86/750 (11%)  pos=7586  W/D/B=35/18/33  (40%/20%/38%)  d4/d7  1.6 games/s (avg 0.4)  713.9K nps  ETA 00:26:50
[2026-03-28T04:47:41.660] [INFO] [selfplay:1] [SelfPlay] 87/750 (11%)  pos=7646  W/D/B=36/18/33  (41%/20%/37%)  d4/d7  1.4 games/s (avg 0.4)  703.0K nps  ETA 00:26:51
[2026-03-28T04:47:45.789] [INFO] [selfplay:1] [SelfPlay] 88/750 (11%)  pos=7683  W/D/B=36/18/34  (40%/20%/38%)  d4/d7  1.3 games/s (avg 0.4)  701.1K nps  ETA 00:26:46
[2026-03-28T04:47:49.103] [INFO] [selfplay:1] [SelfPlay] 89/750 (11%)  pos=7727  W/D/B=37/18/34  (41%/20%/38%)  d4/d7  1.1 games/s (avg 0.4)  690.0K nps  ETA 00:26:57
[2026-03-28T04:47:52.612] [INFO] [selfplay:1] [SelfPlay] 90/750 (12%)  pos=7820  W/D/B=37/18/35  (41%/20%/38%)  d4/d7  1.0 games/s (avg 0.4)  678.5K nps  ETA 00:27:00
[2026-03-28T04:47:54.751] [INFO] [selfplay:1] [SelfPlay] 91/750 (12%)  pos=7859  W/D/B=38/18/35  (41%/19%/38%)  d4/d7  0.9 games/s (avg 0.4)  671.3K nps  ETA 00:27:07
[2026-03-28T04:48:04.012] [INFO] [selfplay:1] [SelfPlay] 92/750 (12%)  pos=7919  W/D/B=39/18/35  (42%/19%/38%)  d4/d7  0.8 games/s (avg 0.4)  674.1K nps  ETA 00:26:55
[2026-03-28T04:48:04.672] [INFO] [selfplay:1] [SelfPlay] 93/750 (12%)  pos=7990  W/D/B=39/18/36  (41%/19%/38%)  d4/d7  0.7 games/s (avg 0.4)  651.3K nps  ETA 00:27:49
[2026-03-28T04:48:05.266] [INFO] [selfplay:1] [SelfPlay] 94/750 (12%)  pos=8068  W/D/B=39/18/37  (41%/19%/39%)  d4/d7  0.8 games/s (avg 0.4)  662.9K nps  ETA 00:27:34
[2026-03-28T04:48:06.718] [INFO] [selfplay:1] [SelfPlay] 95/750 (12%)  pos=8167  W/D/B=39/18/38  (41%/18%/40%)  d4/d7  1.0 games/s (avg 0.4)  671.7K nps  ETA 00:27:16
[2026-03-28T04:48:11.341] [INFO] [selfplay:1] [SelfPlay] 96/750 (12%)  pos=8210  W/D/B=39/18/39  (40%/18%/40%)  d4/d7  0.9 games/s (avg 0.4)  667.6K nps  ETA 00:27:05
[2026-03-28T04:48:15.221] [INFO] [selfplay:1] [SelfPlay] 97/750 (12%)  pos=8358  W/D/B=39/18/40  (40%/18%/41%)  d4/d7  0.8 games/s (avg 0.4)  663.4K nps  ETA 00:27:17
[2026-03-28T04:48:15.950] [INFO] [selfplay:1] [SelfPlay] 98/750 (13%)  pos=8436  W/D/B=39/18/41  (39%/18%/41%)  d4/d7  0.7 games/s (avg 0.4)  661.2K nps  ETA 00:27:26
[2026-03-28T04:48:23.722] [INFO] [selfplay:1] [SelfPlay] 99/750 (13%)  pos=8536  W/D/B=40/18/41  (40%/18%/41%)  d4/d7  0.8 games/s (avg 0.4)  668.4K nps  ETA 00:27:05
[2026-03-28T04:48:24.305] [INFO] [selfplay:1] [SelfPlay] 100/750 (13%)  pos=8611  W/D/B=40/18/42  (40%/18%/42%)  d4/d7  0.7 games/s (avg 0.4)  654.2K nps  ETA 00:27:44
[2026-03-28T04:48:25.159] [INFO] [selfplay:1] [SelfPlay] 101/750 (13%)  pos=8750  W/D/B=40/18/43  (39%/17%/42%)  d4/d7  0.9 games/s (avg 0.4)  665.2K nps  ETA 00:27:28
[2026-03-28T04:48:25.201] [INFO] [selfplay:1] [SelfPlay] 102/750 (13%)  pos=8896  W/D/B=40/18/44  (39%/17%/43%)  d4/d7  0.9 games/s (avg 0.4)  674.3K nps  ETA 00:27:16
[2026-03-28T04:48:26.943] [INFO] [selfplay:1] [SelfPlay] 103/750 (13%)  pos=9019  W/D/B=40/18/45  (38%/17%/43%)  d4/d7  4.4 games/s (avg 0.4)  682.4K nps  ETA 00:26:56
[2026-03-28T04:48:26.986] [INFO] [selfplay:1] [SelfPlay] 104/750 (13%)  pos=9055  W/D/B=40/19/45  (38%/18%/43%)  d4/d7  3.8 games/s (avg 0.4)  677.4K nps  ETA 00:26:51
[2026-03-28T04:48:27.428] [INFO] [selfplay:1] [SelfPlay] 105/750 (14%)  pos=9084  W/D/B=41/19/45  (39%/18%/42%)  d4/d7  6.7 games/s (avg 0.4)  677.7K nps  ETA 00:26:33
[2026-03-28T04:48:30.722] [INFO] [selfplay:1] [SelfPlay] 106/750 (14%)  pos=9129  W/D/B=42/19/45  (39%/17%/42%)  d4/d7  6.1 games/s (avg 0.4)  684.2K nps  ETA 00:26:14
[2026-03-28T04:48:30.990] [INFO] [selfplay:1] [SelfPlay] 107/750 (14%)  pos=9216  W/D/B=42/20/45  (39%/18%/42%)  d4/d7  5.6 games/s (avg 0.4)  684.6K nps  ETA 00:26:21
[2026-03-28T04:48:32.459] [INFO] [selfplay:1] [SelfPlay] 108/750 (14%)  pos=9238  W/D/B=43/20/45  (39%/18%/41%)  d4/d7  5.3 games/s (avg 0.4)  687.2K nps  ETA 00:26:04
[2026-03-28T04:48:37.336] [INFO] [selfplay:1] [SelfPlay] 109/750 (14%)  pos=9366  W/D/B=43/20/46  (39%/18%/42%)  d4/d7  4.6 games/s (avg 0.4)  683.9K nps  ETA 00:25:52
[2026-03-28T04:48:41.437] [INFO] [selfplay:1] [SelfPlay] 110/750 (14%)  pos=9516  W/D/B=43/20/47  (39%/18%/42%)  d4/d7  4.3 games/s (avg 0.4)  693.8K nps  ETA 00:26:05
[2026-03-28T04:48:47.530] [INFO] [selfplay:1] [SelfPlay] 111/750 (14%)  pos=9580  W/D/B=44/20/47  (39%/18%/42%)  d4/d7  4.0 games/s (avg 0.4)  694.0K nps  ETA 00:26:10
[2026-03-28T04:48:48.285] [INFO] [selfplay:1] [SelfPlay] 112/750 (14%)  pos=9681  W/D/B=44/20/48  (39%/17%/42%)  d4/d7  3.7 games/s (avg 0.4)  699.0K nps  ETA 00:26:33
[2026-03-28T04:48:48.461] [INFO] [selfplay:1] [SelfPlay] 113/750 (15%)  pos=9849  W/D/B=45/20/48  (39%/17%/42%)  d4/d7  3.3 games/s (avg 0.4)  705.2K nps  ETA 00:26:22
[2026-03-28T04:48:49.792] [INFO] [selfplay:1] [SelfPlay] 114/750 (15%)  pos=9967  W/D/B=46/20/48  (40%/17%/42%)  d4/d7  3.7 games/s (avg 0.4)  714.7K nps  ETA 00:26:05
[2026-03-28T04:48:54.289] [INFO] [selfplay:1] [SelfPlay] 115/750 (15%)  pos=10063  W/D/B=46/20/49  (40%/17%/42%)  d4/d7  3.2 games/s (avg 0.4)  720.0K nps  ETA 00:25:54
[2026-03-28T04:49:00.174] [INFO] [selfplay:1] [SelfPlay] 116/750 (15%)  pos=10091  W/D/B=46/20/50  (39%/17%/43%)  d4/d7  3.0 games/s (avg 0.4)  724.2K nps  ETA 00:26:01
[2026-03-28T04:49:01.983] [INFO] [selfplay:1] [SelfPlay] 117/750 (15%)  pos=10200  W/D/B=47/20/50  (40%/17%/42%)  d4/d7  2.8 games/s (avg 0.4)  731.1K nps  ETA 00:26:21
[2026-03-28T04:49:02.624] [INFO] [selfplay:1] [SelfPlay] 118/750 (15%)  pos=10271  W/D/B=48/20/50  (40%/16%/42%)  d4/d7  2.4 games/s (avg 0.4)  732.9K nps  ETA 00:26:15
[2026-03-28T04:49:05.826] [INFO] [selfplay:1] [SelfPlay] 119/750 (15%)  pos=10320  W/D/B=49/20/50  (41%/16%/42%)  d4/d7  2.3 games/s (avg 0.4)  737.6K nps  ETA 00:26:01
[2026-03-28T04:49:06.067] [INFO] [selfplay:1] [SelfPlay] 120/750 (16%)  pos=10363  W/D/B=50/20/50  (41%/16%/41%)  d4/d7  2.0 games/s (avg 0.4)  728.3K nps  ETA 00:26:05
[2026-03-28T04:49:09.473] [INFO] [selfplay:1] [SelfPlay] 121/750 (16%)  pos=10391  W/D/B=51/20/50  (42%/16%/41%)  d4/d7  2.3 games/s (avg 0.4)  731.3K nps  ETA 00:25:48
[2026-03-28T04:49:10.315] [INFO] [selfplay:1] [SelfPlay] 122/750 (16%)  pos=10631  W/D/B=51/21/50  (41%/17%/40%)  d4/d7  2.0 games/s (avg 0.4)  722.3K nps  ETA 00:25:53
[2026-03-28T04:49:15.086] [INFO] [selfplay:1] [SelfPlay] 123/750 (16%)  pos=10711  W/D/B=52/21/50  (42%/17%/40%)  d4/d7  1.9 games/s (avg 0.4)  733.0K nps  ETA 00:25:38
[2026-03-28T04:49:20.823] [INFO] [selfplay:1] [SelfPlay] 124/750 (16%)  pos=10801  W/D/B=52/21/51  (41%/16%/41%)  d4/d7  1.6 games/s (avg 0.4)  730.9K nps  ETA 00:25:46
[2026-03-28T04:49:25.775] [INFO] [selfplay:1] [SelfPlay] 125/750 (16%)  pos=10837  W/D/B=52/22/51  (41%/17%/40%)  d4/d7  1.4 games/s (avg 0.4)  716.9K nps  ETA 00:26:01
[2026-03-28T04:49:27.889] [INFO] [selfplay:1] [SelfPlay] 126/750 (16%)  pos=10889  W/D/B=52/22/52  (41%/17%/41%)  d4/d7  1.2 games/s (avg 0.4)  710.3K nps  ETA 00:26:13
[2026-03-28T04:49:28.435] [INFO] [selfplay:1] [SelfPlay] 127/750 (16%)  pos=10963  W/D/B=53/22/52  (41%/17%/40%)  d4/d7  1.1 games/s (avg 0.4)  713.3K nps  ETA 00:26:11
[2026-03-28T04:49:32.401] [INFO] [selfplay:1] [SelfPlay] 128/750 (17%)  pos=11076  W/D/B=53/22/53  (41%/17%/41%)  d4/d7  1.2 games/s (avg 0.4)  722.5K nps  ETA 00:25:55
[2026-03-28T04:49:34.267] [INFO] [selfplay:1] [SelfPlay] 129/750 (17%)  pos=11199  W/D/B=54/22/53  (41%/17%/41%)  d4/d7  1.1 games/s (avg 0.4)  719.9K nps  ETA 00:26:01
[2026-03-28T04:49:35.083] [INFO] [selfplay:1] [SelfPlay] 130/750 (17%)  pos=11332  W/D/B=55/22/53  (42%/16%/40%)  d4/d7  1.0 games/s (avg 0.4)  723.8K nps  ETA 00:25:57
[2026-03-28T04:49:36.723] [INFO] [selfplay:1] [SelfPlay] 131/750 (17%)  pos=11403  W/D/B=55/22/54  (41%/16%/41%)  d4/d7  1.0 games/s (avg 0.4)  726.3K nps  ETA 00:25:45
[2026-03-28T04:49:37.203] [INFO] [selfplay:1] [SelfPlay] 132/750 (17%)  pos=11460  W/D/B=56/22/54  (42%/16%/40%)  d4/d7  1.0 games/s (avg 0.4)  730.0K nps  ETA 00:25:41
[2026-03-28T04:49:38.805] [INFO] [selfplay:1] [SelfPlay] 133/750 (17%)  pos=11496  W/D/B=56/23/54  (42%/17%/40%)  d4/d7  1.1 games/s (avg 0.4)  731.5K nps  ETA 00:25:27
[2026-03-28T04:49:41.657] [INFO] [selfplay:1] [SelfPlay] 134/750 (17%)  pos=11558  W/D/B=57/23/54  (42%/17%/40%)  d4/d7  1.1 games/s (avg 0.4)  732.5K nps  ETA 00:25:19
[2026-03-28T04:49:42.625] [INFO] [selfplay:1] [SelfPlay] 135/750 (18%)  pos=11676  W/D/B=57/24/54  (42%/17%/40%)  d4/d7  1.0 games/s (avg 0.4)  725.5K nps  ETA 00:25:20
[2026-03-28T04:49:42.851] [INFO] [selfplay:1] [SelfPlay] 136/750 (18%)  pos=11804  W/D/B=58/24/54  (42%/17%/39%)  d4/d7  1.0 games/s (avg 0.4)  730.7K nps  ETA 00:25:12
[2026-03-28T04:49:45.656] [INFO] [selfplay:1] [SelfPlay] 137/750 (18%)  pos=11900  W/D/B=58/24/55  (42%/17%/40%)  d4/d7  1.5 games/s (avg 0.4)  730.9K nps  ETA 00:24:57
[2026-03-28T04:49:46.202] [INFO] [selfplay:1] [SelfPlay] 138/750 (18%)  pos=11965  W/D/B=58/24/56  (42%/17%/40%)  d4/d7  1.3 games/s (avg 0.4)  724.2K nps  ETA 00:24:59
[2026-03-28T04:49:47.699] [INFO] [selfplay:1] [SelfPlay] 139/750 (18%)  pos=11986  W/D/B=59/24/56  (42%/17%/40%)  d4/d7  1.4 games/s (avg 0.4)  724.8K nps  ETA 00:24:46
[2026-03-28T04:49:51.394] [INFO] [selfplay:1] [SelfPlay] 140/750 (18%)  pos=12082  W/D/B=60/24/56  (42%/17%/40%)  d4/d7  1.3 games/s (avg 0.4)  728.4K nps  ETA 00:24:38
[2026-03-28T04:49:56.707] [INFO] [selfplay:1] [SelfPlay] 141/750 (18%)  pos=12175  W/D/B=61/24/56  (43%/17%/39%)  d4/d7  1.1 games/s (avg 0.4)  719.4K nps  ETA 00:24:38
[2026-03-28T04:49:57.663] [INFO] [selfplay:1] [SelfPlay] 142/750 (18%)  pos=12285  W/D/B=62/24/56  (43%/16%/39%)  d4/d7  1.0 games/s (avg 0.4)  713.8K nps  ETA 00:24:53
[2026-03-28T04:49:58.727] [INFO] [selfplay:1] [SelfPlay] 143/750 (19%)  pos=12378  W/D/B=63/24/56  (44%/16%/39%)  d4/d7  1.0 games/s (avg 0.4)  717.3K nps  ETA 00:24:45
[2026-03-28T04:50:00.534] [INFO] [selfplay:1] [SelfPlay] 144/750 (19%)  pos=12470  W/D/B=63/24/57  (43%/16%/39%)  d4/d7  1.0 games/s (avg 0.4)  718.9K nps  ETA 00:24:36
[2026-03-28T04:50:01.824] [INFO] [selfplay:1] [SelfPlay] 145/750 (19%)  pos=12621  W/D/B=63/24/58  (43%/16%/40%)  d4/d7  0.9 games/s (avg 0.4)  720.3K nps  ETA 00:24:30
[2026-03-28T04:50:10.290] [INFO] [selfplay:1] [SelfPlay] 146/750 (19%)  pos=12698  W/D/B=64/24/58  (43%/16%/39%)  d4/d7  0.9 games/s (avg 0.4)  720.8K nps  ETA 00:24:17
[2026-03-28T04:50:12.570] [INFO] [selfplay:1] [SelfPlay] 147/750 (19%)  pos=12816  W/D/B=65/24/58  (44%/16%/39%)  d4/d7  0.8 games/s (avg 0.4)  707.4K nps  ETA 00:24:45
[2026-03-28T04:50:13.565] [INFO] [selfplay:1] [SelfPlay] 148/750 (19%)  pos=12881  W/D/B=66/24/58  (44%/16%/39%)  d4/d7  0.7 games/s (avg 0.4)  706.8K nps  ETA 00:24:43
[2026-03-28T04:50:17.660] [INFO] [selfplay:1] [SelfPlay] 149/750 (19%)  pos=12956  W/D/B=66/24/59  (44%/16%/39%)  d4/d7  0.8 games/s (avg 0.4)  707.4K nps  ETA 00:24:31
[2026-03-28T04:50:27.894] [INFO] [selfplay:1] [SelfPlay] 150/750 (20%)  pos=13047  W/D/B=67/24/59  (44%/16%/39%)  d4/d7  0.7 games/s (avg 0.4)  705.2K nps  ETA 00:24:30
[2026-03-28T04:50:28.061] [INFO] [selfplay:1] [SelfPlay] 151/750 (20%)  pos=13110  W/D/B=68/24/59  (45%/15%/39%)  d4/d7  0.6 games/s (avg 0.4)  688.2K nps  ETA 00:25:08
[2026-03-28T04:50:29.278] [INFO] [selfplay:1] [SelfPlay] 152/750 (20%)  pos=13147  W/D/B=69/24/59  (45%/15%/38%)  d4/d7  1.4 games/s (avg 0.4)  692.1K nps  ETA 00:24:55
[2026-03-28T04:50:30.734] [INFO] [selfplay:1] [SelfPlay] 153/750 (20%)  pos=13207  W/D/B=70/24/59  (45%/15%/38%)  d4/d7  1.3 games/s (avg 0.4)  696.3K nps  ETA 00:24:47
[2026-03-28T04:50:32.578] [INFO] [selfplay:1] [SelfPlay] 154/750 (20%)  pos=13321  W/D/B=70/24/60  (45%/15%/38%)  d4/d7  1.2 games/s (avg 0.4)  700.8K nps  ETA 00:24:41
[2026-03-28T04:50:33.337] [INFO] [selfplay:1] [SelfPlay] 155/750 (20%)  pos=13408  W/D/B=70/24/61  (45%/15%/39%)  d4/d7  1.1 games/s (avg 0.4)  697.5K nps  ETA 00:24:36
[2026-03-28T04:50:33.501] [INFO] [selfplay:1] [SelfPlay] 156/750 (20%)  pos=13486  W/D/B=70/25/61  (44%/16%/39%)  d4/d7  1.2 games/s (avg 0.4)  696.5K nps  ETA 00:24:28
[2026-03-28T04:50:33.601] [INFO] [selfplay:1] [SelfPlay] 157/750 (20%)  pos=13630  W/D/B=71/25/61  (45%/15%/38%)  d4/d7  1.9 games/s (avg 0.4)  697.1K nps  ETA 00:24:16
[2026-03-28T04:50:35.298] [INFO] [selfplay:1] [SelfPlay] 158/750 (21%)  pos=13726  W/D/B=71/25/62  (44%/15%/39%)  d4/d7  3.1 games/s (avg 0.4)  697.4K nps  ETA 00:24:05
[2026-03-28T04:50:37.231] [INFO] [selfplay:1] [SelfPlay] 159/750 (21%)  pos=13796  W/D/B=71/25/63  (44%/15%/39%)  d4/d7  2.7 games/s (avg 0.4)  697.2K nps  ETA 00:23:59
[2026-03-28T04:50:38.695] [INFO] [selfplay:1] [SelfPlay] 160/750 (21%)  pos=13909  W/D/B=71/25/64  (44%/15%/40%)  d4/d7  2.4 games/s (avg 0.4)  698.5K nps  ETA 00:23:54
[2026-03-28T04:50:39.634] [INFO] [selfplay:1] [SelfPlay] 161/750 (21%)  pos=13972  W/D/B=71/26/64  (44%/16%/39%)  d4/d7  2.1 games/s (avg 0.4)  695.9K nps  ETA 00:23:49
[2026-03-28T04:50:42.152] [INFO] [selfplay:1] [SelfPlay] 162/750 (21%)  pos=14075  W/D/B=72/26/64  (44%/16%/39%)  d4/d7  2.0 games/s (avg 0.4)  700.3K nps  ETA 00:23:41
[2026-03-28T04:50:42.700] [INFO] [selfplay:1] [SelfPlay] 163/750 (21%)  pos=14181  W/D/B=73/26/64  (44%/15%/39%)  d4/d7  1.7 games/s (avg 0.4)  700.0K nps  ETA 00:23:39
[2026-03-28T04:50:45.353] [INFO] [selfplay:1] [SelfPlay] 164/750 (21%)  pos=14421  W/D/B=73/27/64  (44%/16%/39%)  d4/d7  1.8 games/s (avg 0.4)  706.4K nps  ETA 00:23:29
[2026-03-28T04:50:47.134] [INFO] [selfplay:1] [SelfPlay] 165/750 (22%)  pos=14639  W/D/B=74/27/64  (44%/16%/38%)  d4/d7  1.5 games/s (avg 0.4)  712.7K nps  ETA 00:23:28
[2026-03-28T04:50:47.728] [INFO] [selfplay:1] [SelfPlay] 166/750 (22%)  pos=14757  W/D/B=75/27/64  (45%/16%/38%)  d4/d7  1.4 games/s (avg 0.4)  709.6K nps  ETA 00:23:24
[2026-03-28T04:50:52.487] [INFO] [selfplay:1] [SelfPlay] 167/750 (22%)  pos=14842  W/D/B=75/27/65  (44%/16%/38%)  d4/d7  1.4 games/s (avg 0.4)  709.1K nps  ETA 00:23:12
[2026-03-28T04:50:53.979] [INFO] [selfplay:1] [SelfPlay] 168/750 (22%)  pos=14901  W/D/B=76/27/65  (45%/16%/38%)  d4/d7  1.3 games/s (avg 0.4)  704.1K nps  ETA 00:23:20
[2026-03-28T04:50:54.526] [INFO] [selfplay:1] [SelfPlay] 169/750 (22%)  pos=14987  W/D/B=76/27/66  (44%/15%/39%)  d4/d7  1.2 games/s (avg 0.4)  704.4K nps  ETA 00:23:17
[2026-03-28T04:50:55.315] [INFO] [selfplay:1] [SelfPlay] 170/750 (22%)  pos=15126  W/D/B=76/27/67  (44%/15%/39%)  d4/d7  1.3 games/s (avg 0.4)  709.1K nps  ETA 00:23:07
[2026-03-28T04:51:06.577] [INFO] [selfplay:1] [SelfPlay] 171/750 (22%)  pos=15169  W/D/B=76/27/68  (44%/15%/39%)  d4/d7  1.3 games/s (avg 0.4)  707.9K nps  ETA 00:22:49
[2026-03-28T04:51:09.785] [INFO] [selfplay:1] [SelfPlay] 172/750 (22%)  pos=15289  W/D/B=76/27/69  (44%/15%/40%)  d4/d7  1.2 games/s (avg 0.4)  709.6K nps  ETA 00:23:24
[2026-03-28T04:51:10.935] [INFO] [selfplay:1] [SelfPlay] 173/750 (23%)  pos=15353  W/D/B=77/27/69  (44%/15%/39%)  d4/d7  1.0 games/s (avg 0.4)  708.3K nps  ETA 00:23:27
[2026-03-28T04:51:10.987] [INFO] [selfplay:1] [SelfPlay] 174/750 (23%)  pos=15487  W/D/B=77/27/70  (44%/15%/40%)  d4/d7  1.0 games/s (avg 0.4)  711.7K nps  ETA 00:23:21
[2026-03-28T04:51:17.153] [INFO] [selfplay:1] [SelfPlay] 175/750 (23%)  pos=15521  W/D/B=77/27/71  (44%/15%/40%)  d4/d7  3.7 games/s (avg 0.4)  713.9K nps  ETA 00:23:05
[2026-03-28T04:51:20.913] [INFO] [selfplay:1] [SelfPlay] 176/750 (23%)  pos=15571  W/D/B=77/27/72  (43%/15%/40%)  d4/d7  3.5 games/s (avg 0.4)  716.6K nps  ETA 00:23:17
[2026-03-28T04:51:22.342] [INFO] [selfplay:1] [SelfPlay] 177/750 (23%)  pos=15756  W/D/B=77/27/73  (43%/15%/41%)  d4/d7  3.2 games/s (avg 0.4)  722.9K nps  ETA 00:23:21
[2026-03-28T04:51:22.431] [INFO] [selfplay:1] [SelfPlay] 178/750 (23%)  pos=15812  W/D/B=78/27/73  (43%/15%/41%)  d4/d7  2.8 games/s (avg 0.4)  724.6K nps  ETA 00:23:17
[2026-03-28T04:51:24.623] [INFO] [selfplay:1] [SelfPlay] 179/750 (23%)  pos=15945  W/D/B=79/27/73  (44%/15%/40%)  d4/d7  4.1 games/s (avg 0.4)  729.8K nps  ETA 00:23:04
[2026-03-28T04:51:26.726] [INFO] [selfplay:1] [SelfPlay] 180/750 (24%)  pos=15990  W/D/B=79/27/74  (43%/15%/41%)  d4/d7  3.5 games/s (avg 0.4)  729.7K nps  ETA 00:23:01
[2026-03-28T04:51:27.700] [INFO] [selfplay:1] [SelfPlay] 181/750 (24%)  pos=16160  W/D/B=79/28/74  (43%/15%/40%)  d4/d7  3.1 games/s (avg 0.4)  732.4K nps  ETA 00:22:59
[2026-03-28T04:51:28.985] [INFO] [selfplay:1] [SelfPlay] 182/750 (24%)  pos=16281  W/D/B=80/28/74  (43%/15%/40%)  d4/d7  2.8 games/s (avg 0.4)  731.2K nps  ETA 00:22:52
[2026-03-28T04:51:31.599] [INFO] [selfplay:1] [SelfPlay] 183/750 (24%)  pos=16364  W/D/B=80/28/75  (43%/15%/40%)  d4/d7  2.5 games/s (avg 0.4)  728.9K nps  ETA 00:22:44
[2026-03-28T04:51:33.407] [INFO] [selfplay:1] [SelfPlay] 184/750 (24%)  pos=16444  W/D/B=80/29/75  (43%/15%/40%)  d4/d7  2.2 games/s (avg 0.4)  726.6K nps  ETA 00:22:44
[2026-03-28T04:51:33.541] [INFO] [selfplay:1] [SelfPlay] 185/750 (24%)  pos=16504  W/D/B=81/29/75  (43%/15%/40%)  d4/d7  1.9 games/s (avg 0.4)  726.8K nps  ETA 00:22:41
[2026-03-28T04:51:34.325] [INFO] [selfplay:1] [SelfPlay] 186/750 (24%)  pos=16583  W/D/B=81/29/76  (43%/15%/40%)  d4/d7  2.8 games/s (avg 0.4)  727.2K nps  ETA 00:22:31
[2026-03-28T04:51:35.303] [INFO] [selfplay:1] [SelfPlay] 187/750 (24%)  pos=16703  W/D/B=82/29/76  (43%/15%/40%)  d4/d7  2.5 games/s (avg 0.4)  734.2K nps  ETA 00:22:24
[2026-03-28T04:51:41.114] [INFO] [selfplay:1] [SelfPlay] 188/750 (25%)  pos=16854  W/D/B=83/29/76  (44%/15%/40%)  d4/d7  2.3 games/s (avg 0.4)  740.2K nps  ETA 00:22:12
[2026-03-28T04:51:46.971] [INFO] [selfplay:1] [SelfPlay] 189/750 (25%)  pos=16965  W/D/B=83/29/77  (43%/15%/40%)  d4/d7  2.1 games/s (avg 0.4)  743.9K nps  ETA 00:22:20
[2026-03-28T04:51:47.742] [INFO] [selfplay:1] [SelfPlay] 190/750 (25%)  pos=17094  W/D/B=84/29/77  (44%/15%/40%)  d4/d7  2.0 games/s (avg 0.4)  743.8K nps  ETA 00:22:33
[2026-03-28T04:51:50.689] [INFO] [selfplay:1] [SelfPlay] 191/750 (25%)  pos=17215  W/D/B=84/29/78  (43%/15%/40%)  d4/d7  1.9 games/s (avg 0.4)  746.0K nps  ETA 00:22:23
[2026-03-28T04:51:52.398] [INFO] [selfplay:1] [SelfPlay] 192/750 (25%)  pos=17299  W/D/B=84/29/79  (43%/15%/41%)  d4/d7  1.6 games/s (avg 0.4)  745.5K nps  ETA 00:22:24
[2026-03-28T04:51:56.087] [INFO] [selfplay:1] [SelfPlay] 193/750 (25%)  pos=17303  W/D/B=85/29/79  (44%/15%/40%)  d4/d7  1.5 games/s (avg 0.4)  742.7K nps  ETA 00:22:17
[2026-03-28T04:51:56.152] [INFO] [selfplay:1] [SelfPlay] 194/750 (25%)  pos=17340  W/D/B=86/29/79  (44%/14%/40%)  d4/d7  1.3 games/s (avg 0.4)  738.2K nps  ETA 00:22:22
[2026-03-28T04:52:02.084] [INFO] [selfplay:1] [SelfPlay] 195/750 (26%)  pos=17421  W/D/B=86/29/80  (44%/14%/41%)  d4/d7  3.4 games/s (avg 0.4)  742.0K nps  ETA 00:22:07
[2026-03-28T04:52:03.058] [INFO] [selfplay:1] [SelfPlay] 196/750 (26%)  pos=17458  W/D/B=86/29/81  (43%/14%/41%)  d4/d7  3.1 games/s (avg 0.4)  747.2K nps  ETA 00:22:20
[2026-03-28T04:52:03.373] [INFO] [selfplay:1] [SelfPlay] 197/750 (26%)  pos=17521  W/D/B=87/29/81  (44%/14%/41%)  d4/d7  2.8 games/s (avg 0.4)  749.2K nps  ETA 00:22:14
[2026-03-28T04:52:09.125] [INFO] [selfplay:1] [SelfPlay] 198/750 (26%)  pos=17632  W/D/B=88/29/81  (44%/14%/40%)  d4/d7  2.9 games/s (avg 0.4)  752.7K nps  ETA 00:22:00
[2026-03-28T04:52:13.042] [INFO] [selfplay:1] [SelfPlay] 199/750 (26%)  pos=17744  W/D/B=89/29/81  (44%/14%/40%)  d4/d7  2.7 games/s (avg 0.4)  757.4K nps  ETA 00:22:09
[2026-03-28T04:52:15.341] [INFO] [selfplay:1] [SelfPlay] 200/750 (26%)  pos=17793  W/D/B=90/29/81  (45%/14%/40%)  d4/d7  2.5 games/s (avg 0.4)  759.4K nps  ETA 00:22:13
[2026-03-28T04:52:17.828] [INFO] [selfplay:1] [SelfPlay] 201/750 (26%)  pos=18006  W/D/B=91/29/81  (45%/14%/40%)  d4/d7  2.2 games/s (avg 0.4)  755.7K nps  ETA 00:22:09
[2026-03-28T04:52:19.335] [INFO] [selfplay:1] [SelfPlay] 202/750 (26%)  pos=18105  W/D/B=92/29/81  (45%/14%/40%)  d4/d7  1.9 games/s (avg 0.4)  754.5K nps  ETA 00:22:08
[2026-03-28T04:52:22.353] [INFO] [selfplay:1] [SelfPlay] 203/750 (27%)  pos=18165  W/D/B=92/29/82  (45%/14%/40%)  d4/d7  1.7 games/s (avg 0.4)  757.3K nps  ETA 00:22:02
[2026-03-28T04:52:25.617] [INFO] [selfplay:1] [SelfPlay] 204/750 (27%)  pos=18378  W/D/B=92/30/82  (45%/14%/40%)  d4/d7  1.5 games/s (avg 0.4)  759.8K nps  ETA 00:22:00
[2026-03-28T04:52:28.321] [INFO] [selfplay:1] [SelfPlay] 205/750 (27%)  pos=18514  W/D/B=92/30/83  (44%/14%/40%)  d4/d7  1.3 games/s (avg 0.4)  760.9K nps  ETA 00:22:02
[2026-03-28T04:52:34.658] [INFO] [selfplay:1] [SelfPlay] 206/750 (27%)  pos=18706  W/D/B=92/31/83  (44%/15%/40%)  d4/d7  1.2 games/s (avg 0.4)  761.4K nps  ETA 00:21:55
[2026-03-28T04:52:35.829] [INFO] [selfplay:1] [SelfPlay] 207/750 (27%)  pos=18759  W/D/B=93/31/83  (44%/14%/40%)  d4/d7  1.0 games/s (avg 0.4)  753.0K nps  ETA 00:22:09
[2026-03-28T04:52:37.930] [INFO] [selfplay:1] [SelfPlay] 208/750 (27%)  pos=18854  W/D/B=94/31/83  (45%/14%/39%)  d4/d7  1.0 games/s (avg 0.4)  754.9K nps  ETA 00:22:02
[2026-03-28T04:52:41.753] [INFO] [selfplay:1] [SelfPlay] 209/750 (27%)  pos=18908  W/D/B=95/31/83  (45%/14%/39%)  d4/d7  0.9 games/s (avg 0.4)  753.3K nps  ETA 00:21:57
[2026-03-28T04:52:42.494] [INFO] [selfplay:1] [SelfPlay] 210/750 (28%)  pos=18994  W/D/B=95/31/84  (45%/14%/40%)  d4/d7  0.8 games/s (avg 0.4)  751.4K nps  ETA 00:22:02
[2026-03-28T04:52:46.362] [INFO] [selfplay:1] [SelfPlay] 211/750 (28%)  pos=19077  W/D/B=96/31/84  (45%/14%/39%)  d4/d7  0.9 games/s (avg 0.4)  753.3K nps  ETA 00:21:51
[2026-03-28T04:52:50.889] [INFO] [selfplay:1] [SelfPlay] 212/750 (28%)  pos=19307  W/D/B=96/32/84  (45%/15%/39%)  d4/d7  0.8 games/s (avg 0.4)  751.6K nps  ETA 00:21:51
[2026-03-28T04:52:52.807] [INFO] [selfplay:1] [SelfPlay] 213/750 (28%)  pos=19438  W/D/B=96/33/84  (45%/15%/39%)  d4/d7  0.7 games/s (avg 0.4)  744.0K nps  ETA 00:21:57
[2026-03-28T04:52:54.169] [INFO] [selfplay:1] [SelfPlay] 214/750 (28%)  pos=19546  W/D/B=97/33/84  (45%/15%/39%)  d4/d7  0.7 games/s (avg 0.4)  744.7K nps  ETA 00:21:54
[2026-03-28T04:52:54.536] [INFO] [selfplay:1] [SelfPlay] 215/750 (28%)  pos=19654  W/D/B=98/33/84  (45%/15%/39%)  d4/d7  0.7 games/s (avg 0.4)  748.9K nps  ETA 00:21:50
[2026-03-28T04:52:54.740] [INFO] [selfplay:1] [SelfPlay] 216/750 (28%)  pos=19788  W/D/B=98/33/85  (45%/15%/39%)  d4/d7  1.0 games/s (avg 0.4)  751.4K nps  ETA 00:21:41
[2026-03-28T04:52:58.554] [INFO] [selfplay:1] [SelfPlay] 217/750 (28%)  pos=19848  W/D/B=99/33/85  (45%/15%/39%)  d4/d7  1.6 games/s (avg 0.4)  754.8K nps  ETA 00:21:31
[2026-03-28T04:53:00.082] [INFO] [selfplay:1] [SelfPlay] 218/750 (29%)  pos=19871  W/D/B=100/33/85  (45%/15%/38%)  d4/d7  1.4 games/s (avg 0.4)  750.3K nps  ETA 00:21:33
[2026-03-28T04:53:03.779] [INFO] [selfplay:1] [SelfPlay] 219/750 (29%)  pos=20111  W/D/B=100/34/85  (45%/15%/38%)  d4/d7  1.3 games/s (avg 0.4)  748.4K nps  ETA 00:21:27
[2026-03-28T04:53:04.035] [INFO] [selfplay:1] [SelfPlay] 220/750 (29%)  pos=20310  W/D/B=100/35/85  (45%/15%/38%)  d4/d7  1.1 games/s (avg 0.4)  745.5K nps  ETA 00:21:31
[2026-03-28T04:53:05.911] [INFO] [selfplay:1] [SelfPlay] 221/750 (29%)  pos=20444  W/D/B=100/35/86  (45%/15%/38%)  d4/d7  1.5 games/s (avg 0.4)  745.6K nps  ETA 00:21:22
[2026-03-28T04:53:07.219] [INFO] [selfplay:1] [SelfPlay] 222/750 (29%)  pos=20553  W/D/B=100/35/87  (45%/15%/39%)  d4/d7  1.4 games/s (avg 0.4)  748.2K nps  ETA 00:21:19
[2026-03-28T04:53:10.238] [INFO] [selfplay:1] [SelfPlay] 223/750 (29%)  pos=20650  W/D/B=100/35/88  (44%/15%/39%)  d4/d7  1.3 games/s (avg 0.4)  746.4K nps  ETA 00:21:12
[2026-03-28T04:53:13.370] [INFO] [selfplay:1] [SelfPlay] 224/750 (29%)  pos=20690  W/D/B=101/35/88  (45%/15%/39%)  d4/d7  1.2 games/s (avg 0.4)  743.4K nps  ETA 00:21:11
[2026-03-28T04:53:16.364] [INFO] [selfplay:1] [SelfPlay] 225/750 (30%)  pos=20857  W/D/B=101/36/88  (44%/16%/39%)  d4/d7  1.0 games/s (avg 0.4)  741.8K nps  ETA 00:21:10
[2026-03-28T04:53:16.713] [INFO] [selfplay:1] [SelfPlay] 226/750 (30%)  pos=20988  W/D/B=101/37/88  (44%/16%/38%)  d4/d7  0.9 games/s (avg 0.4)  742.6K nps  ETA 00:21:11
[2026-03-28T04:53:17.519] [INFO] [selfplay:1] [SelfPlay] 227/750 (30%)  pos=21012  W/D/B=102/37/88  (44%/16%/38%)  d4/d7  1.2 games/s (avg 0.4)  744.1K nps  ETA 00:21:05
[2026-03-28T04:53:24.913] [INFO] [selfplay:1] [SelfPlay] 228/750 (30%)  pos=21103  W/D/B=102/37/89  (44%/16%/39%)  d4/d7  1.2 games/s (avg 0.4)  747.5K nps  ETA 00:20:51
[2026-03-28T04:53:25.138] [INFO] [selfplay:1] [SelfPlay] 229/750 (30%)  pos=21246  W/D/B=102/37/90  (44%/16%/39%)  d4/d7  1.1 games/s (avg 0.4)  738.7K nps  ETA 00:21:08
[2026-03-28T04:53:25.250] [INFO] [selfplay:1] [SelfPlay] 230/750 (30%)  pos=21324  W/D/B=102/37/91  (44%/16%/39%)  d4/d7  1.6 games/s (avg 0.4)  741.8K nps  ETA 00:21:00
[2026-03-28T04:53:28.753] [INFO] [selfplay:1] [SelfPlay] 231/750 (30%)  pos=21437  W/D/B=103/37/91  (44%/16%/39%)  d4/d7  2.7 games/s (avg 0.4)  744.3K nps  ETA 00:20:48
[2026-03-28T04:53:32.307] [INFO] [selfplay:1] [SelfPlay] 232/750 (30%)  pos=21514  W/D/B=104/37/91  (44%/15%/39%)  d4/d7  2.3 games/s (avg 0.4)  738.9K nps  ETA 00:20:49
[2026-03-28T04:53:38.492] [INFO] [selfplay:1] [SelfPlay] 233/750 (31%)  pos=21586  W/D/B=105/37/91  (45%/15%/39%)  d4/d7  2.0 games/s (avg 0.4)  738.7K nps  ETA 00:20:47
[2026-03-28T04:53:41.201] [INFO] [selfplay:1] [SelfPlay] 234/750 (31%)  pos=21693  W/D/B=105/37/92  (44%/15%/39%)  d4/d7  1.9 games/s (avg 0.4)  743.1K nps  ETA 00:20:55
[2026-03-28T04:53:46.137] [INFO] [selfplay:1] [SelfPlay] 235/750 (31%)  pos=21753  W/D/B=105/38/92  (44%/16%/39%)  d4/d7  1.6 games/s (avg 0.4)  739.0K nps  ETA 00:20:52
[2026-03-28T04:53:46.903] [INFO] [selfplay:1] [SelfPlay] 236/750 (31%)  pos=21813  W/D/B=105/39/92  (44%/16%/38%)  d4/d7  1.4 games/s (avg 0.4)  734.0K nps  ETA 00:20:59
[2026-03-28T04:53:48.087] [INFO] [selfplay:1] [SelfPlay] 237/750 (31%)  pos=21900  W/D/B=106/39/92  (44%/16%/38%)  d4/d7  1.4 games/s (avg 0.4)  736.4K nps  ETA 00:20:52
[2026-03-28T04:53:51.728] [INFO] [selfplay:1] [SelfPlay] 238/750 (31%)  pos=21968  W/D/B=107/39/92  (44%/16%/38%)  d4/d7  1.3 games/s (avg 0.4)  738.9K nps  ETA 00:20:44
[2026-03-28T04:53:52.501] [INFO] [selfplay:1] [SelfPlay] 239/750 (31%)  pos=22041  W/D/B=107/40/92  (44%/16%/38%)  d4/d7  1.2 games/s (avg 0.4)  737.8K nps  ETA 00:20:48
[2026-03-28T04:53:53.572] [INFO] [selfplay:1] [SelfPlay] 240/750 (32%)  pos=22144  W/D/B=108/40/92  (45%/16%/38%)  d4/d7  1.2 games/s (avg 0.4)  739.5K nps  ETA 00:20:41
[2026-03-28T04:53:54.212] [INFO] [selfplay:1] [SelfPlay] 241/750 (32%)  pos=22288  W/D/B=109/40/92  (45%/16%/38%)  d4/d7  1.1 games/s (avg 0.4)  740.8K nps  ETA 00:20:36
[2026-03-28T04:53:54.821] [INFO] [selfplay:1] [SelfPlay] 242/750 (32%)  pos=22323  W/D/B=110/40/92  (45%/16%/38%)  d4/d7  1.2 games/s (avg 0.4)  742.0K nps  ETA 00:20:30
[2026-03-28T04:53:55.056] [INFO] [selfplay:1] [SelfPlay] 243/750 (32%)  pos=22420  W/D/B=110/40/93  (45%/16%/38%)  d4/d7  1.3 games/s (avg 0.4)  745.1K nps  ETA 00:20:25
[2026-03-28T04:53:55.241] [INFO] [selfplay:1] [SelfPlay] 244/750 (32%)  pos=22559  W/D/B=110/40/94  (45%/16%/38%)  d4/d7  1.7 games/s (avg 0.4)  749.3K nps  ETA 00:20:18
[2026-03-28T04:53:58.486] [INFO] [selfplay:1] [SelfPlay] 245/750 (32%)  pos=22574  W/D/B=111/40/94  (45%/16%/38%)  d4/d7  2.3 games/s (avg 0.4)  749.8K nps  ETA 00:20:08
[2026-03-28T04:53:59.501] [INFO] [selfplay:1] [SelfPlay] 246/750 (32%)  pos=22655  W/D/B=112/40/94  (45%/16%/38%)  d4/d7  2.0 games/s (avg 0.4)  745.0K nps  ETA 00:20:09
[2026-03-28T04:54:00.035] [INFO] [selfplay:1] [SelfPlay] 247/750 (32%)  pos=22707  W/D/B=113/40/94  (45%/16%/38%)  d4/d7  1.8 games/s (avg 0.4)  748.3K nps  ETA 00:20:04
[2026-03-28T04:54:07.543] [INFO] [selfplay:1] [SelfPlay] 248/750 (33%)  pos=22947  W/D/B=113/41/94  (45%/16%/37%)  d4/d7  1.8 games/s (avg 0.4)  748.3K nps  ETA 00:19:52
[2026-03-28T04:54:13.900] [INFO] [selfplay:1] [SelfPlay] 249/750 (33%)  pos=23090  W/D/B=113/41/95  (45%/16%/38%)  d4/d7  1.7 games/s (avg 0.4)  752.3K nps  ETA 00:20:00
[2026-03-28T04:54:14.197] [INFO] [selfplay:1] [SelfPlay] 250/750 (33%)  pos=23156  W/D/B=114/41/95  (45%/16%/38%)  d4/d7  1.6 games/s (avg 0.4)  754.7K nps  ETA 00:20:12
[2026-03-28T04:54:21.509] [INFO] [selfplay:1] [SelfPlay] 251/750 (33%)  pos=23236  W/D/B=114/41/96  (45%/16%/38%)  d4/d7  1.8 games/s (avg 0.4)  756.4K nps  ETA 00:19:58
[2026-03-28T04:54:21.834] [INFO] [selfplay:1] [SelfPlay] 252/750 (33%)  pos=23392  W/D/B=114/41/97  (45%/16%/38%)  d4/d7  1.7 games/s (avg 0.4)  759.5K nps  ETA 00:20:12
[2026-03-28T04:54:24.242] [INFO] [selfplay:1] [SelfPlay] 253/750 (33%)  pos=23446  W/D/B=114/42/97  (45%/16%/38%)  d4/d7  1.9 games/s (avg 0.4)  762.1K nps  ETA 00:20:04
[2026-03-28T04:54:25.344] [INFO] [selfplay:1] [SelfPlay] 254/750 (33%)  pos=23465  W/D/B=114/42/98  (44%/16%/38%)  d4/d7  1.7 games/s (avg 0.4)  759.4K nps  ETA 00:20:03
[2026-03-28T04:54:30.964] [INFO] [selfplay:1] [SelfPlay] 255/750 (34%)  pos=23527  W/D/B=114/43/98  (44%/16%/38%)  d4/d7  1.6 games/s (avg 0.4)  760.8K nps  ETA 00:19:53
[2026-03-28T04:54:31.351] [INFO] [selfplay:1] [SelfPlay] 256/750 (34%)  pos=23612  W/D/B=114/43/99  (44%/16%/38%)  d4/d7  1.4 games/s (avg 0.4)  755.4K nps  ETA 00:20:02
[2026-03-28T04:54:35.179] [INFO] [selfplay:1] [SelfPlay] 257/750 (34%)  pos=23729  W/D/B=114/43/100  (44%/16%/38%)  d4/d7  1.5 games/s (avg 0.4)  758.7K nps  ETA 00:19:52
[2026-03-28T04:54:35.389] [INFO] [selfplay:1] [SelfPlay] 258/750 (34%)  pos=23875  W/D/B=115/43/100  (44%/16%/38%)  d4/d7  1.4 games/s (avg 0.4)  753.2K nps  ETA 00:19:56
[2026-03-28T04:54:39.455] [INFO] [selfplay:1] [SelfPlay] 259/750 (34%)  pos=23958  W/D/B=115/43/101  (44%/16%/38%)  d4/d7  1.9 games/s (avg 0.4)  756.6K nps  ETA 00:19:46
[2026-03-28T04:54:39.845] [INFO] [selfplay:1] [SelfPlay] 260/750 (34%)  pos=24028  W/D/B=116/43/101  (44%/16%/38%)  d4/d7  1.6 games/s (avg 0.4)  753.7K nps  ETA 00:19:49
[2026-03-28T04:54:41.136] [INFO] [selfplay:1] [SelfPlay] 261/750 (34%)  pos=24213  W/D/B=116/43/102  (44%/16%/39%)  d4/d7  1.8 games/s (avg 0.4)  757.8K nps  ETA 00:19:43
[2026-03-28T04:54:42.769] [INFO] [selfplay:1] [SelfPlay] 262/750 (34%)  pos=24283  W/D/B=116/43/103  (44%/16%/39%)  d4/d7  1.6 games/s (avg 0.4)  760.9K nps  ETA 00:19:38
[2026-03-28T04:54:48.157] [INFO] [selfplay:1] [SelfPlay] 263/750 (35%)  pos=24322  W/D/B=116/44/103  (44%/16%/39%)  d4/d7  1.5 games/s (avg 0.4)  760.1K nps  ETA 00:19:31
[2026-03-28T04:54:50.948] [INFO] [selfplay:1] [SelfPlay] 264/750 (35%)  pos=24448  W/D/B=116/45/103  (43%/17%/39%)  d4/d7  1.3 games/s (avg 0.4)  752.8K nps  ETA 00:19:36
[2026-03-28T04:54:51.070] [INFO] [selfplay:1] [SelfPlay] 265/750 (35%)  pos=24525  W/D/B=117/45/103  (44%/16%/38%)  d4/d7  1.1 games/s (avg 0.4)  751.5K nps  ETA 00:19:37
[2026-03-28T04:54:52.993] [INFO] [selfplay:1] [SelfPlay] 266/750 (35%)  pos=24595  W/D/B=118/45/103  (44%/16%/38%)  d4/d7  2.2 games/s (avg 0.4)  755.0K nps  ETA 00:19:28
[2026-03-28T04:54:53.112] [INFO] [selfplay:1] [SelfPlay] 267/750 (35%)  pos=24668  W/D/B=118/45/104  (44%/16%/38%)  d4/d7  2.0 games/s (avg 0.4)  755.4K nps  ETA 00:19:27
[2026-03-28T04:54:54.518] [INFO] [selfplay:1] [SelfPlay] 268/750 (35%)  pos=24771  W/D/B=118/46/104  (44%/17%/38%)  d4/d7  2.9 games/s (avg 0.4)  757.4K nps  ETA 00:19:20
[2026-03-28T04:54:56.015] [INFO] [selfplay:1] [SelfPlay] 269/750 (35%)  pos=24943  W/D/B=119/46/104  (44%/17%/38%)  d4/d7  2.6 games/s (avg 0.4)  760.9K nps  ETA 00:19:14
[2026-03-28T04:54:59.207] [INFO] [selfplay:1] [SelfPlay] 270/750 (36%)  pos=25095  W/D/B=119/46/105  (44%/17%/38%)  d4/d7  2.3 games/s (avg 0.4)  759.3K nps  ETA 00:19:09
[2026-03-28T04:55:02.218] [INFO] [selfplay:1] [SelfPlay] 271/750 (36%)  pos=25152  W/D/B=120/46/105  (44%/16%/38%)  d4/d7  2.0 games/s (avg 0.4)  754.9K nps  ETA 00:19:08
[2026-03-28T04:55:06.219] [INFO] [selfplay:1] [SelfPlay] 272/750 (36%)  pos=25193  W/D/B=120/47/105  (44%/17%/38%)  d4/d7  1.8 games/s (avg 0.4)  752.4K nps  ETA 00:19:06
[2026-03-28T04:55:11.611] [INFO] [selfplay:1] [SelfPlay] 273/750 (36%)  pos=25293  W/D/B=120/47/106  (43%/17%/38%)  d4/d7  1.5 games/s (avg 0.4)  747.1K nps  ETA 00:19:04
[2026-03-28T04:55:12.610] [INFO] [selfplay:1] [SelfPlay] 274/750 (36%)  pos=25348  W/D/B=121/47/106  (44%/17%/38%)  d4/d7  1.3 games/s (avg 0.4)  741.7K nps  ETA 00:19:12
[2026-03-28T04:55:13.919] [INFO] [selfplay:1] [SelfPlay] 275/750 (36%)  pos=25445  W/D/B=121/47/107  (44%/17%/38%)  d4/d7  1.3 games/s (avg 0.4)  745.2K nps  ETA 00:19:07
[2026-03-28T04:55:15.242] [INFO] [selfplay:1] [SelfPlay] 276/750 (36%)  pos=25532  W/D/B=121/47/108  (43%/17%/39%)  d4/d7  1.2 games/s (avg 0.4)  745.7K nps  ETA 00:19:03
[2026-03-28T04:55:21.096] [INFO] [selfplay:1] [SelfPlay] 277/750 (36%)  pos=25633  W/D/B=121/47/109  (43%/16%/39%)  d4/d7  1.1 games/s (avg 0.4)  747.6K nps  ETA 00:18:54
[2026-03-28T04:55:22.431] [INFO] [selfplay:1] [SelfPlay] 278/750 (37%)  pos=25729  W/D/B=122/47/109  (43%/16%/39%)  d4/d7  1.0 games/s (avg 0.4)  742.2K nps  ETA 00:19:02
[2026-03-28T04:55:22.582] [INFO] [selfplay:1] [SelfPlay] 279/750 (37%)  pos=25852  W/D/B=122/48/109  (43%/17%/39%)  d4/d7  1.0 games/s (avg 0.4)  743.2K nps  ETA 00:18:59
[2026-03-28T04:55:26.318] [INFO] [selfplay:1] [SelfPlay] 280/750 (37%)  pos=25900  W/D/B=122/49/109  (43%/17%/38%)  d4/d7  1.8 games/s (avg 0.4)  744.5K nps  ETA 00:18:49
[2026-03-28T04:55:27.572] [INFO] [selfplay:1] [SelfPlay] 281/750 (37%)  pos=26128  W/D/B=122/50/109  (43%/17%/38%)  d4/d7  1.6 games/s (avg 0.4)  744.0K nps  ETA 00:18:51
[2026-03-28T04:55:28.013] [INFO] [selfplay:1] [SelfPlay] 282/750 (37%)  pos=26193  W/D/B=123/50/109  (43%/17%/38%)  d4/d7  1.5 games/s (avg 0.4)  742.8K nps  ETA 00:18:47
[2026-03-28T04:55:30.314] [INFO] [selfplay:1] [SelfPlay] 283/750 (37%)  pos=26351  W/D/B=123/51/109  (43%/18%/38%)  d4/d7  1.6 games/s (avg 0.4)  747.2K nps  ETA 00:18:40
[2026-03-28T04:55:31.563] [INFO] [selfplay:1] [SelfPlay] 284/750 (37%)  pos=26430  W/D/B=124/51/109  (43%/17%/38%)  d4/d7  1.4 games/s (avg 0.4)  747.2K nps  ETA 00:18:39
[2026-03-28T04:55:31.619] [INFO] [selfplay:1] [SelfPlay] 285/750 (38%)  pos=26474  W/D/B=124/51/110  (43%/17%/38%)  d4/d7  1.3 games/s (avg 0.4)  747.4K nps  ETA 00:18:34
[2026-03-28T04:55:43.059] [INFO] [selfplay:1] [SelfPlay] 286/750 (38%)  pos=26562  W/D/B=124/51/111  (43%/17%/38%)  d4/d7  3.8 games/s (avg 0.4)  752.0K nps  ETA 00:18:18
[2026-03-28T04:55:43.404] [INFO] [selfplay:1] [SelfPlay] 287/750 (38%)  pos=26732  W/D/B=124/51/112  (43%/17%/39%)  d4/d7  3.5 games/s (avg 0.4)  754.7K nps  ETA 00:18:41
[2026-03-28T04:55:45.014] [INFO] [selfplay:1] [SelfPlay] 288/750 (38%)  pos=26772  W/D/B=124/51/113  (43%/17%/39%)  d4/d7  3.4 games/s (avg 0.4)  756.9K nps  ETA 00:18:34
[2026-03-28T04:55:46.445] [INFO] [selfplay:1] [SelfPlay] 289/750 (38%)  pos=26859  W/D/B=124/52/113  (42%/17%/39%)  d4/d7  3.0 games/s (avg 0.4)  757.3K nps  ETA 00:18:31
[2026-03-28T04:55:47.702] [INFO] [selfplay:1] [SelfPlay] 290/750 (38%)  pos=26896  W/D/B=125/52/113  (43%/17%/38%)  d4/d7  2.6 games/s (avg 0.4)  756.9K nps  ETA 00:18:26
[2026-03-28T04:55:48.436] [INFO] [selfplay:1] [SelfPlay] 291/750 (38%)  pos=26941  W/D/B=125/53/113  (42%/18%/38%)  d4/d7  2.4 games/s (avg 0.4)  757.0K nps  ETA 00:18:24
[2026-03-28T04:55:49.005] [INFO] [selfplay:1] [SelfPlay] 292/750 (38%)  pos=26985  W/D/B=125/54/113  (42%/18%/38%)  d4/d7  2.2 games/s (avg 0.4)  757.8K nps  ETA 00:18:18
[2026-03-28T04:55:50.653] [INFO] [selfplay:1] [SelfPlay] 293/750 (39%)  pos=27046  W/D/B=125/54/114  (42%/18%/38%)  d4/d7  2.1 games/s (avg 0.4)  757.4K nps  ETA 00:18:12
[2026-03-28T04:55:52.195] [INFO] [selfplay:1] [SelfPlay] 294/750 (39%)  pos=27114  W/D/B=126/54/114  (42%/18%/38%)  d4/d7  1.9 games/s (avg 0.4)  757.6K nps  ETA 00:18:09
[2026-03-28T04:56:03.200] [INFO] [selfplay:1] [SelfPlay] 295/750 (39%)  pos=27186  W/D/B=126/55/114  (42%/18%/38%)  d4/d7  1.7 games/s (avg 0.4)  755.9K nps  ETA 00:17:55
[2026-03-28T04:56:08.771] [INFO] [selfplay:1] [SelfPlay] 296/750 (39%)  pos=27326  W/D/B=127/55/114  (42%/18%/38%)  d4/d7  1.6 games/s (avg 0.4)  759.0K nps  ETA 00:18:11
[2026-03-28T04:56:09.031] [INFO] [selfplay:1] [SelfPlay] 297/750 (39%)  pos=27443  W/D/B=127/55/115  (42%/18%/38%)  d4/d7  1.4 games/s (avg 0.4)  755.2K nps  ETA 00:18:20
[2026-03-28T04:56:13.765] [INFO] [selfplay:1] [SelfPlay] 298/750 (39%)  pos=27526  W/D/B=127/55/116  (42%/18%/38%)  d4/d7  1.8 games/s (avg 0.4)  761.1K nps  ETA 00:18:09
[2026-03-28T04:56:16.897] [INFO] [selfplay:1] [SelfPlay] 299/750 (39%)  pos=27650  W/D/B=127/55/117  (42%/18%/39%)  d4/d7  1.5 games/s (avg 0.4)  758.4K nps  ETA 00:18:12
[2026-03-28T04:56:18.058] [INFO] [selfplay:1] [SelfPlay] 300/750 (40%)  pos=27701  W/D/B=127/56/117  (42%/18%/39%)  d4/d7  1.3 games/s (avg 0.4)  757.1K nps  ETA 00:18:12
[2026-03-28T04:56:21.793] [INFO] [selfplay:1] [SelfPlay] 301/750 (40%)  pos=27830  W/D/B=127/56/118  (42%/18%/39%)  d4/d7  1.3 games/s (avg 0.4)  759.5K nps  ETA 00:18:05
[2026-03-28T04:56:26.686] [INFO] [selfplay:1] [SelfPlay] 302/750 (40%)  pos=27922  W/D/B=127/56/119  (42%/18%/39%)  d4/d7  1.1 games/s (avg 0.4)  757.9K nps  ETA 00:18:04
[2026-03-28T04:56:27.861] [INFO] [selfplay:1] [SelfPlay] 303/750 (40%)  pos=27952  W/D/B=128/56/119  (42%/18%/39%)  d4/d7  1.0 games/s (avg 0.4)  753.1K nps  ETA 00:18:09
[2026-03-28T04:56:28.791] [INFO] [selfplay:1] [SelfPlay] 304/750 (40%)  pos=28011  W/D/B=128/56/120  (42%/18%/39%)  d4/d7  1.0 games/s (avg 0.4)  754.8K nps  ETA 00:18:05
[2026-03-28T04:56:34.087] [INFO] [selfplay:1] [SelfPlay] 305/750 (40%)  pos=28164  W/D/B=128/57/120  (41%/18%/39%)  d4/d7  1.0 games/s (avg 0.4)  756.8K nps  ETA 00:17:56
[2026-03-28T04:56:35.488] [INFO] [selfplay:1] [SelfPlay] 306/750 (40%)  pos=28314  W/D/B=129/57/120  (42%/18%/39%)  d4/d7  0.9 games/s (avg 0.4)  754.0K nps  ETA 00:18:02
[2026-03-28T04:56:39.316] [INFO] [selfplay:1] [SelfPlay] 307/750 (40%)  pos=28423  W/D/B=129/58/120  (42%/18%/39%)  d4/d7  0.8 games/s (avg 0.4)  755.0K nps  ETA 00:17:55
[2026-03-28T04:56:42.194] [INFO] [selfplay:1] [SelfPlay] 308/750 (41%)  pos=28527  W/D/B=129/59/120  (41%/19%/38%)  d4/d7  0.8 games/s (avg 0.4)  750.5K nps  ETA 00:17:55
[2026-03-28T04:56:45.476] [INFO] [selfplay:1] [SelfPlay] 309/750 (41%)  pos=28615  W/D/B=130/59/120  (42%/19%/38%)  d4/d7  0.7 games/s (avg 0.4)  747.2K nps  ETA 00:17:53
[2026-03-28T04:56:47.592] [INFO] [selfplay:1] [SelfPlay] 310/750 (41%)  pos=28821  W/D/B=131/59/120  (42%/19%/38%)  d4/d7  0.6 games/s (avg 0.4)  748.2K nps  ETA 00:17:52
[2026-03-28T04:56:48.742] [INFO] [selfplay:1] [SelfPlay] 311/750 (41%)  pos=28884  W/D/B=131/59/121  (42%/18%/38%)  d4/d7  0.6 games/s (avg 0.4)  748.1K nps  ETA 00:17:51
[2026-03-28T04:56:52.512] [INFO] [selfplay:1] [SelfPlay] 312/750 (41%)  pos=28985  W/D/B=131/59/122  (41%/18%/39%)  d4/d7  0.6 games/s (avg 0.4)  747.0K nps  ETA 00:17:45
[2026-03-28T04:56:54.219] [INFO] [selfplay:1] [SelfPlay] 313/750 (41%)  pos=29066  W/D/B=131/59/123  (41%/18%/39%)  d4/d7  0.6 games/s (avg 0.4)  745.8K nps  ETA 00:17:45
[2026-03-28T04:57:02.395] [INFO] [selfplay:1] [SelfPlay] 314/750 (41%)  pos=29209  W/D/B=131/59/124  (41%/18%/39%)  d4/d7  0.6 games/s (avg 0.4)  749.2K nps  ETA 00:17:36
[2026-03-28T04:57:05.332] [INFO] [selfplay:1] [SelfPlay] 315/750 (42%)  pos=29262  W/D/B=131/59/125  (41%/18%/39%)  d4/d7  0.5 games/s (avg 0.4)  742.1K nps  ETA 00:17:46
[2026-03-28T04:57:07.025] [INFO] [selfplay:1] [SelfPlay] 316/750 (42%)  pos=29355  W/D/B=131/60/125  (41%/18%/39%)  d4/d7  0.5 games/s (avg 0.4)  741.8K nps  ETA 00:17:46
[2026-03-28T04:57:07.454] [INFO] [selfplay:1] [SelfPlay] 317/750 (42%)  pos=29449  W/D/B=131/61/125  (41%/19%/39%)  d4/d7  0.5 games/s (avg 0.4)  740.2K nps  ETA 00:17:44
[2026-03-28T04:57:10.780] [INFO] [selfplay:1] [SelfPlay] 318/750 (42%)  pos=29492  W/D/B=132/61/125  (41%/19%/39%)  d4/d7  0.8 games/s (avg 0.4)  742.2K nps  ETA 00:17:35
[2026-03-28T04:57:12.114] [INFO] [selfplay:1] [SelfPlay] 319/750 (42%)  pos=29610  W/D/B=133/61/125  (41%/19%/39%)  d4/d7  0.7 games/s (avg 0.4)  742.2K nps  ETA 00:17:37
[2026-03-28T04:57:15.124] [INFO] [selfplay:1] [SelfPlay] 320/750 (42%)  pos=29728  W/D/B=134/61/125  (41%/19%/39%)  d4/d7  0.7 games/s (avg 0.4)  741.0K nps  ETA 00:17:31
[2026-03-28T04:57:17.305] [INFO] [selfplay:1] [SelfPlay] 321/750 (42%)  pos=29829  W/D/B=134/61/126  (41%/19%/39%)  d4/d7  0.7 games/s (avg 0.4)  737.8K nps  ETA 00:17:30
[2026-03-28T04:57:18.049] [INFO] [selfplay:1] [SelfPlay] 322/750 (42%)  pos=29925  W/D/B=134/61/127  (41%/18%/39%)  d4/d7  0.6 games/s (avg 0.4)  740.2K nps  ETA 00:17:28
[2026-03-28T04:57:18.277] [INFO] [selfplay:1] [SelfPlay] 323/750 (43%)  pos=30036  W/D/B=135/61/127  (41%/18%/39%)  d4/d7  0.7 games/s (avg 0.4)  742.1K nps  ETA 00:17:24
[2026-03-28T04:57:20.452] [INFO] [selfplay:1] [SelfPlay] 324/750 (43%)  pos=30098  W/D/B=135/61/128  (41%/18%/39%)  d4/d7  1.3 games/s (avg 0.4)  743.8K nps  ETA 00:17:17
[2026-03-28T04:57:21.995] [INFO] [selfplay:1] [SelfPlay] 325/750 (43%)  pos=30198  W/D/B=135/62/128  (41%/19%/39%)  d4/d7  1.2 games/s (avg 0.4)  741.5K nps  ETA 00:17:14
[2026-03-28T04:57:26.702] [INFO] [selfplay:1] [SelfPlay] 326/750 (43%)  pos=30325  W/D/B=136/62/128  (41%/19%/39%)  d4/d7  1.1 games/s (avg 0.4)  742.2K nps  ETA 00:17:08
[2026-03-28T04:57:27.020] [INFO] [selfplay:1] [SelfPlay] 327/750 (43%)  pos=30441  W/D/B=137/62/128  (41%/18%/39%)  d4/d7  1.0 games/s (avg 0.4)  739.8K nps  ETA 00:17:13
[2026-03-28T04:57:28.215] [INFO] [selfplay:1] [SelfPlay] 328/750 (43%)  pos=30602  W/D/B=137/62/129  (41%/18%/39%)  d4/d7  1.3 games/s (avg 0.4)  739.9K nps  ETA 00:17:07
[2026-03-28T04:57:29.785] [INFO] [selfplay:1] [SelfPlay] 329/750 (43%)  pos=30715  W/D/B=137/62/130  (41%/18%/39%)  d4/d7  1.2 games/s (avg 0.4)  739.2K nps  ETA 00:17:02
[2026-03-28T04:57:30.535] [INFO] [selfplay:1] [SelfPlay] 330/750 (44%)  pos=30870  W/D/B=138/62/130  (41%/18%/39%)  d4/d7  1.1 games/s (avg 0.4)  743.2K nps  ETA 00:17:00
[2026-03-28T04:57:31.088] [INFO] [selfplay:1] [SelfPlay] 331/750 (44%)  pos=30902  W/D/B=138/62/131  (41%/18%/39%)  d4/d7  1.2 games/s (avg 0.4)  742.5K nps  ETA 00:16:55
[2026-03-28T04:57:36.467] [INFO] [selfplay:1] [SelfPlay] 332/750 (44%)  pos=30962  W/D/B=139/62/131  (41%/18%/39%)  d4/d7  1.3 games/s (avg 0.4)  742.2K nps  ETA 00:16:46
[2026-03-28T04:57:36.579] [INFO] [selfplay:1] [SelfPlay] 333/750 (44%)  pos=31045  W/D/B=140/62/131  (42%/18%/39%)  d4/d7  1.1 games/s (avg 0.4)  738.2K nps  ETA 00:16:52
[2026-03-28T04:57:40.868] [INFO] [selfplay:1] [SelfPlay] 334/750 (44%)  pos=31085  W/D/B=140/62/132  (41%/18%/39%)  d4/d7  2.3 games/s (avg 0.4)  739.5K nps  ETA 00:16:42
[2026-03-28T04:57:40.976] [INFO] [selfplay:1] [SelfPlay] 335/750 (44%)  pos=31198  W/D/B=140/63/132  (41%/18%/39%)  d4/d7  2.0 games/s (avg 0.4)  735.0K nps  ETA 00:16:47
[2026-03-28T04:57:44.718] [INFO] [selfplay:1] [SelfPlay] 336/750 (44%)  pos=31346  W/D/B=140/63/133  (41%/18%/39%)  d4/d7  3.1 games/s (avg 0.4)  740.4K nps  ETA 00:16:38
[2026-03-28T04:57:48.453] [INFO] [selfplay:1] [SelfPlay] 337/750 (44%)  pos=31574  W/D/B=140/64/133  (41%/18%/39%)  d4/d7  2.8 games/s (avg 0.4)  744.5K nps  ETA 00:16:38
[2026-03-28T04:57:48.994] [INFO] [selfplay:1] [SelfPlay] 338/750 (45%)  pos=31637  W/D/B=140/64/134  (41%/18%/39%)  d4/d7  2.6 games/s (avg 0.4)  746.3K nps  ETA 00:16:39
[2026-03-28T04:57:51.212] [INFO] [selfplay:1] [SelfPlay] 339/750 (45%)  pos=31682  W/D/B=140/65/134  (41%/19%/39%)  d4/d7  2.5 games/s (avg 0.4)  747.3K nps  ETA 00:16:33
[2026-03-28T04:57:55.824] [INFO] [selfplay:1] [SelfPlay] 340/750 (45%)  pos=31795  W/D/B=141/65/134  (41%/19%/39%)  d4/d7  2.2 games/s (avg 0.4)  745.3K nps  ETA 00:16:28
[2026-03-28T04:57:59.909] [INFO] [selfplay:1] [SelfPlay] 341/750 (45%)  pos=31901  W/D/B=141/65/135  (41%/19%/39%)  d4/d7  2.0 games/s (avg 0.4)  745.3K nps  ETA 00:16:29
[2026-03-28T04:57:59.988] [INFO] [selfplay:1] [SelfPlay] 342/750 (45%)  pos=32004  W/D/B=142/65/135  (41%/19%/39%)  d4/d7  1.8 games/s (avg 0.4)  744.2K nps  ETA 00:16:32
[2026-03-28T04:58:06.145] [INFO] [selfplay:1] [SelfPlay] 343/750 (45%)  pos=32060  W/D/B=143/65/135  (41%/18%/39%)  d4/d7  3.4 games/s (avg 0.4)  744.5K nps  ETA 00:16:21
[2026-03-28T04:58:06.472] [INFO] [selfplay:1] [SelfPlay] 344/750 (45%)  pos=32143  W/D/B=143/66/135  (41%/19%/39%)  d4/d7  3.1 games/s (avg 0.4)  745.5K nps  ETA 00:16:29
[2026-03-28T04:58:08.693] [INFO] [selfplay:1] [SelfPlay] 345/750 (46%)  pos=32213  W/D/B=144/66/135  (41%/19%/39%)  d4/d7  3.1 games/s (avg 0.4)  747.1K nps  ETA 00:16:21
[2026-03-28T04:58:10.237] [INFO] [selfplay:1] [SelfPlay] 346/750 (46%)  pos=32326  W/D/B=144/66/136  (41%/19%/39%)  d4/d7  2.7 games/s (avg 0.4)  749.4K nps  ETA 00:16:21
[2026-03-28T04:58:11.727] [INFO] [selfplay:1] [SelfPlay] 347/750 (46%)  pos=32474  W/D/B=144/67/136  (41%/19%/39%)  d4/d7  2.4 games/s (avg 0.4)  748.0K nps  ETA 00:16:16
[2026-03-28T04:58:14.707] [INFO] [selfplay:1] [SelfPlay] 348/750 (46%)  pos=32600  W/D/B=144/67/137  (41%/19%/39%)  d4/d7  2.2 games/s (avg 0.4)  749.5K nps  ETA 00:16:12
[2026-03-28T04:58:16.537] [INFO] [selfplay:1] [SelfPlay] 349/750 (46%)  pos=32683  W/D/B=145/67/137  (41%/19%/39%)  d4/d7  1.9 games/s (avg 0.4)  746.5K nps  ETA 00:16:12
[2026-03-28T04:58:20.421] [INFO] [selfplay:1] [SelfPlay] 350/750 (46%)  pos=32773  W/D/B=145/67/138  (41%/19%/39%)  d4/d7  1.7 games/s (avg 0.4)  748.9K nps  ETA 00:16:06
[2026-03-28T04:58:22.444] [INFO] [selfplay:1] [SelfPlay] 351/750 (46%)  pos=32901  W/D/B=146/67/138  (41%/19%/39%)  d4/d7  1.5 games/s (avg 0.4)  748.3K nps  ETA 00:16:07
[2026-03-28T04:58:23.252] [INFO] [selfplay:1] [SelfPlay] 352/750 (46%)  pos=33006  W/D/B=146/67/139  (41%/19%/39%)  d4/d7  1.3 games/s (avg 0.4)  749.8K nps  ETA 00:16:05
[2026-03-28T04:58:24.785] [INFO] [selfplay:1] [SelfPlay] 353/750 (47%)  pos=33127  W/D/B=147/67/139  (41%/18%/39%)  d4/d7  1.3 games/s (avg 0.4)  752.4K nps  ETA 00:16:00
[2026-03-28T04:58:28.462] [INFO] [selfplay:1] [SelfPlay] 354/750 (47%)  pos=33193  W/D/B=147/67/140  (41%/18%/39%)  d4/d7  1.2 games/s (avg 0.4)  752.6K nps  ETA 00:15:55
[2026-03-28T04:58:31.832] [INFO] [selfplay:1] [SelfPlay] 355/750 (47%)  pos=33311  W/D/B=148/67/140  (41%/18%/39%)  d4/d7  1.1 games/s (avg 0.4)  752.2K nps  ETA 00:15:53
[2026-03-28T04:58:33.523] [INFO] [selfplay:1] [SelfPlay] 356/750 (47%)  pos=33365  W/D/B=149/67/140  (41%/18%/39%)  d4/d7  1.0 games/s (avg 0.4)  748.8K nps  ETA 00:15:55
[2026-03-28T04:58:47.826] [INFO] [selfplay:1] [SelfPlay] 357/750 (47%)  pos=33413  W/D/B=149/67/141  (41%/18%/39%)  d4/d7  0.9 games/s (avg 0.4)  749.7K nps  ETA 00:15:38
[2026-03-28T04:58:49.596] [INFO] [selfplay:1] [SelfPlay] 358/750 (47%)  pos=33454  W/D/B=150/67/141  (41%/18%/39%)  d4/d7  0.8 games/s (avg 0.4)  750.8K nps  ETA 00:16:01
[2026-03-28T04:58:50.295] [INFO] [selfplay:1] [SelfPlay] 359/750 (47%)  pos=33553  W/D/B=151/67/141  (42%/18%/39%)  d4/d7  0.8 games/s (avg 0.4)  751.7K nps  ETA 00:16:00
[2026-03-28T04:58:53.305] [INFO] [selfplay:1] [SelfPlay] 360/750 (48%)  pos=33620  W/D/B=151/67/142  (41%/18%/39%)  d4/d7  0.9 games/s (avg 0.4)  754.1K nps  ETA 00:15:53
[2026-03-28T04:58:54.665] [INFO] [selfplay:1] [SelfPlay] 361/750 (48%)  pos=33694  W/D/B=152/67/142  (42%/18%/39%)  d4/d7  0.8 games/s (avg 0.4)  751.1K nps  ETA 00:15:52
[2026-03-28T04:58:57.326] [INFO] [selfplay:1] [SelfPlay] 362/750 (48%)  pos=33713  W/D/B=152/68/142  (41%/18%/39%)  d4/d7  0.8 games/s (avg 0.4)  749.7K nps  ETA 00:15:48
[2026-03-28T04:58:57.512] [INFO] [selfplay:1] [SelfPlay] 363/750 (48%)  pos=33733  W/D/B=152/69/142  (41%/19%/39%)  d4/d7  0.7 games/s (avg 0.4)  747.4K nps  ETA 00:15:48
[2026-03-28T04:58:57.827] [INFO] [selfplay:1] [SelfPlay] 364/750 (48%)  pos=33764  W/D/B=152/70/142  (41%/19%/39%)  d4/d7  1.4 games/s (avg 0.4)  747.8K nps  ETA 00:15:42
[2026-03-28T04:58:58.642] [INFO] [selfplay:1] [SelfPlay] 365/750 (48%)  pos=33830  W/D/B=152/70/143  (41%/19%/39%)  d4/d7  1.7 games/s (avg 0.4)  750.1K nps  ETA 00:15:38
[2026-03-28T04:58:58.846] [INFO] [selfplay:1] [SelfPlay] 366/750 (48%)  pos=33950  W/D/B=152/70/144  (41%/19%/39%)  d4/d7  1.6 games/s (avg 0.4)  752.4K nps  ETA 00:15:34
[2026-03-28T04:59:00.397] [INFO] [selfplay:1] [SelfPlay] 367/750 (48%)  pos=34025  W/D/B=153/70/144  (41%/19%/39%)  d4/d7  2.1 games/s (avg 0.4)  755.5K nps  ETA 00:15:29
[2026-03-28T04:59:02.501] [INFO] [selfplay:1] [SelfPlay] 368/750 (49%)  pos=34081  W/D/B=153/71/144  (41%/19%/39%)  d4/d7  1.9 games/s (avg 0.4)  755.7K nps  ETA 00:15:24
[2026-03-28T04:59:04.534] [INFO] [selfplay:1] [SelfPlay] 369/750 (49%)  pos=34199  W/D/B=154/71/144  (41%/19%/39%)  d4/d7  1.7 games/s (avg 0.4)  753.8K nps  ETA 00:15:22
[2026-03-28T04:59:06.610] [INFO] [selfplay:1] [SelfPlay] 370/750 (49%)  pos=34318  W/D/B=155/71/144  (41%/19%/38%)  d4/d7  1.5 games/s (avg 0.4)  753.9K nps  ETA 00:15:18
[2026-03-28T04:59:08.142] [INFO] [selfplay:1] [SelfPlay] 371/750 (49%)  pos=34460  W/D/B=155/72/144  (41%/19%/38%)  d4/d7  1.3 games/s (avg 0.4)  752.0K nps  ETA 00:15:17
[2026-03-28T04:59:10.197] [INFO] [selfplay:1] [SelfPlay] 372/750 (49%)  pos=34519  W/D/B=155/73/144  (41%/19%/38%)  d4/d7  1.2 games/s (avg 0.4)  750.6K nps  ETA 00:15:13
[2026-03-28T04:59:10.723] [INFO] [selfplay:1] [SelfPlay] 373/750 (49%)  pos=34602  W/D/B=155/73/145  (41%/19%/38%)  d4/d7  1.1 games/s (avg 0.4)  751.6K nps  ETA 00:15:11
[2026-03-28T04:59:11.773] [INFO] [selfplay:1] [SelfPlay] 374/750 (49%)  pos=34693  W/D/B=156/73/145  (41%/19%/38%)  d4/d7  1.2 games/s (avg 0.4)  754.5K nps  ETA 00:15:06
[2026-03-28T04:59:13.175] [INFO] [selfplay:1] [SelfPlay] 375/750 (50%)  pos=34751  W/D/B=156/73/146  (41%/19%/38%)  d4/d7  1.2 games/s (avg 0.4)  753.6K nps  ETA 00:15:03
[2026-03-28T04:59:14.085] [INFO] [selfplay:1] [SelfPlay] 376/750 (50%)  pos=34844  W/D/B=156/73/147  (41%/19%/39%)  d4/d7  1.1 games/s (avg 0.4)  757.0K nps  ETA 00:14:59
[2026-03-28T04:59:14.779] [INFO] [selfplay:1] [SelfPlay] 377/750 (50%)  pos=34955  W/D/B=156/73/148  (41%/19%/39%)  d4/d7  1.1 games/s (avg 0.4)  756.3K nps  ETA 00:14:55
[2026-03-28T04:59:17.732] [INFO] [selfplay:1] [SelfPlay] 378/750 (50%)  pos=34986  W/D/B=157/73/148  (41%/19%/39%)  d4/d7  1.2 games/s (avg 0.4)  755.8K nps  ETA 00:14:49
[2026-03-28T04:59:20.505] [INFO] [selfplay:1] [SelfPlay] 379/750 (50%)  pos=35057  W/D/B=157/73/149  (41%/19%/39%)  d4/d7  1.0 games/s (avg 0.4)  753.0K nps  ETA 00:14:48
[2026-03-28T04:59:22.981] [INFO] [selfplay:1] [SelfPlay] 380/750 (50%)  pos=35112  W/D/B=158/73/149  (41%/19%/39%)  d4/d7  0.9 games/s (avg 0.4)  751.6K nps  ETA 00:14:45
[2026-03-28T04:59:26.631] [INFO] [selfplay:1] [SelfPlay] 381/750 (50%)  pos=35163  W/D/B=159/73/149  (41%/19%/39%)  d4/d7  0.9 games/s (avg 0.4)  750.8K nps  ETA 00:14:42
[2026-03-28T04:59:27.850] [INFO] [selfplay:1] [SelfPlay] 382/750 (50%)  pos=35244  W/D/B=159/74/149  (41%/19%/39%)  d4/d7  0.8 games/s (avg 0.4)  748.9K nps  ETA 00:14:44
[2026-03-28T04:59:30.156] [INFO] [selfplay:1] [SelfPlay] 383/750 (51%)  pos=35329  W/D/B=160/74/149  (41%/19%/38%)  d4/d7  0.8 games/s (avg 0.4)  752.1K nps  ETA 00:14:39
[2026-03-28T04:59:30.295] [INFO] [selfplay:1] [SelfPlay] 384/750 (51%)  pos=35384  W/D/B=160/75/149  (41%/19%/38%)  d4/d7  0.7 games/s (avg 0.4)  751.3K nps  ETA 00:14:39
[2026-03-28T04:59:33.497] [INFO] [selfplay:1] [SelfPlay] 385/750 (51%)  pos=35520  W/D/B=160/76/149  (41%/19%/38%)  d4/d7  1.7 games/s (avg 0.4)  753.4K nps  ETA 00:14:31
[2026-03-28T04:59:34.715] [INFO] [selfplay:1] [SelfPlay] 386/750 (51%)  pos=35624  W/D/B=160/76/150  (41%/19%/38%)  d4/d7  1.5 games/s (avg 0.4)  752.4K nps  ETA 00:14:31
[2026-03-28T04:59:42.432] [INFO] [selfplay:1] [SelfPlay] 387/750 (51%)  pos=35805  W/D/B=161/76/150  (41%/19%/38%)  d4/d7  1.4 games/s (avg 0.4)  751.5K nps  ETA 00:14:22
[2026-03-28T04:59:44.191] [INFO] [selfplay:1] [SelfPlay] 388/750 (51%)  pos=35890  W/D/B=162/76/150  (41%/19%/38%)  d4/d7  1.3 games/s (avg 0.4)  752.9K nps  ETA 00:14:30
[2026-03-28T04:59:46.199] [INFO] [selfplay:1] [SelfPlay] 389/750 (51%)  pos=35948  W/D/B=163/76/150  (41%/19%/38%)  d4/d7  1.2 games/s (avg 0.4)  754.4K nps  ETA 00:14:27
[2026-03-28T04:59:46.485] [INFO] [selfplay:1] [SelfPlay] 390/750 (52%)  pos=36095  W/D/B=163/76/151  (41%/19%/38%)  d4/d7  1.1 games/s (avg 0.4)  754.4K nps  ETA 00:14:26
[2026-03-28T04:59:47.499] [INFO] [selfplay:1] [SelfPlay] 391/750 (52%)  pos=36177  W/D/B=163/76/152  (41%/19%/38%)  d4/d7  1.4 games/s (avg 0.4)  756.4K nps  ETA 00:14:21
[2026-03-28T04:59:51.439] [INFO] [selfplay:1] [SelfPlay] 392/750 (52%)  pos=36227  W/D/B=164/76/152  (41%/19%/38%)  d4/d7  1.4 games/s (avg 0.4)  755.7K nps  ETA 00:14:14
[2026-03-28T04:59:56.477] [INFO] [selfplay:1] [SelfPlay] 393/750 (52%)  pos=36327  W/D/B=164/77/152  (41%/19%/38%)  d4/d7  1.2 games/s (avg 0.4)  752.1K nps  ETA 00:14:12
[2026-03-28T04:59:59.428] [INFO] [selfplay:1] [SelfPlay] 394/750 (52%)  pos=36423  W/D/B=164/77/153  (41%/19%/38%)  d4/d7  1.1 games/s (avg 0.4)  749.5K nps  ETA 00:14:14
[2026-03-28T05:00:00.353] [INFO] [selfplay:1] [SelfPlay] 395/750 (52%)  pos=36470  W/D/B=165/77/153  (41%/19%/38%)  d4/d7  0.9 games/s (avg 0.4)  748.7K nps  ETA 00:14:14
[2026-03-28T05:00:03.095] [INFO] [selfplay:1] [SelfPlay] 396/750 (52%)  pos=36552  W/D/B=165/78/153  (41%/19%/38%)  d4/d7  1.0 games/s (avg 0.4)  750.2K nps  ETA 00:14:08
[2026-03-28T05:00:03.719] [INFO] [selfplay:1] [SelfPlay] 397/750 (52%)  pos=36618  W/D/B=165/79/153  (41%/19%/38%)  d4/d7  0.9 games/s (avg 0.4)  750.5K nps  ETA 00:14:08
[2026-03-28T05:00:05.003] [INFO] [selfplay:1] [SelfPlay] 398/750 (53%)  pos=36663  W/D/B=165/79/154  (41%/19%/38%)  d4/d7  1.0 games/s (avg 0.4)  751.9K nps  ETA 00:14:04
[2026-03-28T05:00:05.731] [INFO] [selfplay:1] [SelfPlay] 399/750 (53%)  pos=36757  W/D/B=165/80/154  (41%/20%/38%)  d4/d7  1.0 games/s (avg 0.4)  752.9K nps  ETA 00:14:01
[2026-03-28T05:00:07.857] [INFO] [selfplay:1] [SelfPlay] 400/750 (53%)  pos=36926  W/D/B=166/80/154  (41%/20%/38%)  d4/d7  1.0 games/s (avg 0.4)  754.8K nps  ETA 00:13:56
[2026-03-28T05:00:08.711] [INFO] [selfplay:1] [SelfPlay] 401/750 (53%)  pos=36976  W/D/B=166/80/155  (41%/19%/38%)  d4/d7  0.9 games/s (avg 0.4)  754.1K nps  ETA 00:13:54
[2026-03-28T05:00:15.075] [INFO] [selfplay:1] [SelfPlay] 402/750 (53%)  pos=37149  W/D/B=166/81/155  (41%/20%/38%)  d4/d7  1.0 games/s (avg 0.4)  753.6K nps  ETA 00:13:46
[2026-03-28T05:00:20.634] [INFO] [selfplay:1] [SelfPlay] 403/750 (53%)  pos=37252  W/D/B=166/81/156  (41%/20%/38%)  d4/d7  0.8 games/s (avg 0.4)  749.6K nps  ETA 00:13:47
[2026-03-28T05:00:20.674] [INFO] [selfplay:1] [SelfPlay] 404/750 (53%)  pos=37391  W/D/B=167/81/156  (41%/20%/38%)  d4/d7  0.7 games/s (avg 0.4)  747.2K nps  ETA 00:13:53
[2026-03-28T05:00:23.162] [INFO] [selfplay:1] [SelfPlay] 405/750 (54%)  pos=37427  W/D/B=167/82/156  (41%/20%/38%)  d4/d7  4.3 games/s (avg 0.4)  748.7K nps  ETA 00:13:46
[2026-03-28T05:00:23.226] [INFO] [selfplay:1] [SelfPlay] 406/750 (54%)  pos=37469  W/D/B=167/83/156  (41%/20%/38%)  d4/d7  4.0 games/s (avg 0.4)  748.6K nps  ETA 00:13:46
[2026-03-28T05:00:24.644] [INFO] [selfplay:1] [SelfPlay] 407/750 (54%)  pos=37520  W/D/B=168/83/156  (41%/20%/38%)  d4/d7  5.7 games/s (avg 0.4)  750.1K nps  ETA 00:13:40
[2026-03-28T05:00:26.105] [INFO] [selfplay:1] [SelfPlay] 408/750 (54%)  pos=37566  W/D/B=168/83/157  (41%/20%/38%)  d4/d7  5.0 games/s (avg 0.4)  750.8K nps  ETA 00:13:38
[2026-03-28T05:00:27.583] [INFO] [selfplay:1] [SelfPlay] 409/750 (54%)  pos=37649  W/D/B=168/83/158  (41%/20%/38%)  d4/d7  4.3 games/s (avg 0.4)  752.0K nps  ETA 00:13:33
[2026-03-28T05:00:28.243] [INFO] [selfplay:1] [SelfPlay] 410/750 (54%)  pos=37692  W/D/B=168/83/159  (40%/20%/38%)  d4/d7  3.8 games/s (avg 0.4)  750.8K nps  ETA 00:13:32
[2026-03-28T05:00:31.367] [INFO] [selfplay:1] [SelfPlay] 411/750 (54%)  pos=37764  W/D/B=168/83/160  (40%/20%/38%)  d4/d7  3.5 games/s (avg 0.4)  750.4K nps  ETA 00:13:25
[2026-03-28T05:00:32.433] [INFO] [selfplay:1] [SelfPlay] 412/750 (54%)  pos=37953  W/D/B=168/83/161  (40%/20%/39%)  d4/d7  3.2 games/s (avg 0.4)  752.0K nps  ETA 00:13:26
[2026-03-28T05:00:35.696] [INFO] [selfplay:1] [SelfPlay] 413/750 (55%)  pos=38044  W/D/B=169/83/161  (40%/20%/38%)  d4/d7  2.9 games/s (avg 0.4)  752.8K nps  ETA 00:13:19
[2026-03-28T05:00:38.819] [INFO] [selfplay:1] [SelfPlay] 414/750 (55%)  pos=38179  W/D/B=170/83/161  (41%/20%/38%)  d4/d7  2.5 games/s (avg 0.4)  752.0K nps  ETA 00:13:18
[2026-03-28T05:00:42.030] [INFO] [selfplay:1] [SelfPlay] 415/750 (55%)  pos=38318  W/D/B=171/83/161  (41%/20%/38%)  d4/d7  2.1 games/s (avg 0.4)  751.0K nps  ETA 00:13:17
[2026-03-28T05:00:42.986] [INFO] [selfplay:1] [SelfPlay] 416/750 (55%)  pos=38359  W/D/B=171/84/161  (41%/20%/38%)  d4/d7  1.9 games/s (avg 0.4)  749.3K nps  ETA 00:13:17
[2026-03-28T05:00:43.263] [INFO] [selfplay:1] [SelfPlay] 417/750 (55%)  pos=38403  W/D/B=171/85/161  (41%/20%/38%)  d4/d7  1.7 games/s (avg 0.4)  749.3K nps  ETA 00:13:14
[2026-03-28T05:00:45.709] [INFO] [selfplay:1] [SelfPlay] 418/750 (55%)  pos=38533  W/D/B=172/85/161  (41%/20%/38%)  d4/d7  2.0 games/s (avg 0.4)  751.6K nps  ETA 00:13:07
[2026-03-28T05:00:47.405] [INFO] [selfplay:1] [SelfPlay] 419/750 (55%)  pos=38641  W/D/B=173/85/161  (41%/20%/38%)  d4/d7  1.8 games/s (avg 0.4)  751.7K nps  ETA 00:13:07
[2026-03-28T05:00:50.610] [INFO] [selfplay:1] [SelfPlay] 420/750 (56%)  pos=38705  W/D/B=173/86/161  (41%/20%/38%)  d4/d7  1.6 games/s (avg 0.4)  750.4K nps  ETA 00:13:01
[2026-03-28T05:00:53.689] [INFO] [selfplay:1] [SelfPlay] 421/750 (56%)  pos=38802  W/D/B=174/86/161  (41%/20%/38%)  d4/d7  1.4 games/s (avg 0.4)  749.2K nps  ETA 00:13:00
[2026-03-28T05:01:02.289] [INFO] [selfplay:1] [SelfPlay] 422/750 (56%)  pos=38913  W/D/B=174/86/162  (41%/20%/38%)  d4/d7  1.2 games/s (avg 0.4)  746.8K nps  ETA 00:12:54
[2026-03-28T05:01:03.955] [INFO] [selfplay:1] [SelfPlay] 423/750 (56%)  pos=39015  W/D/B=174/86/163  (41%/20%/38%)  d4/d7  1.2 games/s (avg 0.4)  748.2K nps  ETA 00:13:02
[2026-03-28T05:01:05.836] [INFO] [selfplay:1] [SelfPlay] 424/750 (56%)  pos=39133  W/D/B=175/86/163  (41%/20%/38%)  d4/d7  1.1 games/s (avg 0.4)  749.6K nps  ETA 00:12:59
[2026-03-28T05:01:05.860] [INFO] [selfplay:1] [SelfPlay] 425/750 (56%)  pos=39369  W/D/B=175/86/164  (41%/20%/38%)  d4/d7  1.0 games/s (avg 0.4)  750.5K nps  ETA 00:12:58
[2026-03-28T05:01:08.417] [INFO] [selfplay:1] [SelfPlay] 426/750 (56%)  pos=39450  W/D/B=175/87/164  (41%/20%/38%)  d4/d7  7.0 games/s (avg 0.4)  752.5K nps  ETA 00:12:52
[2026-03-28T05:01:11.013] [INFO] [selfplay:1] [SelfPlay] 427/750 (56%)  pos=39516  W/D/B=176/87/164  (41%/20%/38%)  d4/d7  6.4 games/s (avg 0.4)  754.6K nps  ETA 00:12:49
[2026-03-28T05:01:16.088] [INFO] [selfplay:1] [SelfPlay] 428/750 (57%)  pos=39634  W/D/B=176/88/164  (41%/20%/38%)  d4/d7  6.0 games/s (avg 0.4)  754.8K nps  ETA 00:12:44
[2026-03-28T05:01:20.841] [INFO] [selfplay:1] [SelfPlay] 429/750 (57%)  pos=39786  W/D/B=177/88/164  (41%/20%/38%)  d4/d7  5.5 games/s (avg 0.4)  757.0K nps  ETA 00:12:44
[2026-03-28T05:01:23.399] [INFO] [selfplay:1] [SelfPlay] 430/750 (57%)  pos=39833  W/D/B=177/88/165  (41%/20%/38%)  d4/d7  5.1 games/s (avg 0.4)  758.7K nps  ETA 00:12:46
[2026-03-28T05:01:23.590] [INFO] [selfplay:1] [SelfPlay] 431/750 (57%)  pos=39977  W/D/B=178/88/165  (41%/20%/38%)  d4/d7  4.7 games/s (avg 0.4)  760.8K nps  ETA 00:12:45
[2026-03-28T05:01:23.787] [INFO] [selfplay:1] [SelfPlay] 432/750 (57%)  pos=40051  W/D/B=178/88/166  (41%/20%/38%)  d4/d7  4.8 games/s (avg 0.4)  763.1K nps  ETA 00:12:42
[2026-03-28T05:01:27.764] [INFO] [selfplay:1] [SelfPlay] 433/750 (57%)  pos=40145  W/D/B=179/88/166  (41%/20%/38%)  d4/d7  4.8 games/s (avg 0.4)  764.8K nps  ETA 00:12:34
[2026-03-28T05:01:35.933] [INFO] [selfplay:1] [SelfPlay] 434/750 (57%)  pos=40241  W/D/B=180/88/166  (41%/20%/38%)  d4/d7  4.5 games/s (avg 0.4)  764.9K nps  ETA 00:12:29
[2026-03-28T05:01:37.522] [INFO] [selfplay:1] [SelfPlay] 435/750 (58%)  pos=40333  W/D/B=181/88/166  (41%/20%/38%)  d4/d7  4.1 games/s (avg 0.4)  766.6K nps  ETA 00:12:38
[2026-03-28T05:01:38.033] [INFO] [selfplay:1] [SelfPlay] 436/750 (58%)  pos=40382  W/D/B=182/88/166  (41%/20%/38%)  d4/d7  3.6 games/s (avg 0.4)  768.4K nps  ETA 00:12:35
[2026-03-28T05:01:40.395] [INFO] [selfplay:1] [SelfPlay] 437/750 (58%)  pos=40407  W/D/B=183/88/166  (41%/20%/37%)  d4/d7  3.4 games/s (avg 0.4)  768.0K nps  ETA 00:12:30
[2026-03-28T05:01:44.591] [INFO] [selfplay:1] [SelfPlay] 438/750 (58%)  pos=40527  W/D/B=183/88/167  (41%/20%/38%)  d4/d7  2.9 games/s (avg 0.4)  769.7K nps  ETA 00:12:24
[2026-03-28T05:01:52.755] [INFO] [selfplay:1] [SelfPlay] 439/750 (58%)  pos=40581  W/D/B=184/88/167  (41%/20%/38%)  d4/d7  2.7 games/s (avg 0.4)  769.6K nps  ETA 00:12:19
[2026-03-28T05:01:53.277] [INFO] [selfplay:1] [SelfPlay] 440/750 (58%)  pos=40686  W/D/B=185/88/167  (42%/20%/37%)  d4/d7  2.5 games/s (avg 0.4)  772.0K nps  ETA 00:12:30
[2026-03-28T05:01:55.435] [INFO] [selfplay:1] [SelfPlay] 441/750 (58%)  pos=40844  W/D/B=185/88/168  (41%/19%/38%)  d4/d7  2.4 games/s (avg 0.4)  774.6K nps  ETA 00:12:24
[2026-03-28T05:01:56.583] [INFO] [selfplay:1] [SelfPlay] 442/750 (58%)  pos=41015  W/D/B=185/88/169  (41%/19%/38%)  d4/d7  2.1 games/s (avg 0.4)  774.6K nps  ETA 00:12:22
[2026-03-28T05:01:57.013] [INFO] [selfplay:1] [SelfPlay] 443/750 (59%)  pos=41073  W/D/B=186/88/169  (41%/19%/38%)  d4/d7  1.9 games/s (avg 0.4)  774.8K nps  ETA 00:12:20
[2026-03-28T05:01:58.112] [INFO] [selfplay:1] [SelfPlay] 444/750 (59%)  pos=41221  W/D/B=187/88/169  (42%/19%/38%)  d4/d7  2.0 games/s (avg 0.4)  777.8K nps  ETA 00:12:16
[2026-03-28T05:01:59.227] [INFO] [selfplay:1] [SelfPlay] 445/750 (59%)  pos=41307  W/D/B=187/88/170  (42%/19%/38%)  d4/d7  1.8 games/s (avg 0.4)  779.2K nps  ETA 00:12:12
[2026-03-28T05:02:01.713] [INFO] [selfplay:1] [SelfPlay] 446/750 (59%)  pos=41379  W/D/B=188/88/170  (42%/19%/38%)  d4/d7  1.7 games/s (avg 0.4)  780.1K nps  ETA 00:12:07
[2026-03-28T05:02:03.654] [INFO] [selfplay:1] [SelfPlay] 447/750 (59%)  pos=41487  W/D/B=189/88/170  (42%/19%/38%)  d4/d7  1.5 games/s (avg 0.4)  778.0K nps  ETA 00:12:06
[2026-03-28T05:02:06.292] [INFO] [selfplay:1] [SelfPlay] 448/750 (59%)  pos=41577  W/D/B=190/88/170  (42%/19%/37%)  d4/d7  1.3 games/s (avg 0.4)  778.7K nps  ETA 00:12:03
[2026-03-28T05:02:07.215] [INFO] [selfplay:1] [SelfPlay] 449/750 (59%)  pos=41670  W/D/B=190/88/171  (42%/19%/38%)  d4/d7  1.2 games/s (avg 0.4)  779.1K nps  ETA 00:12:02
[2026-03-28T05:02:10.285] [INFO] [selfplay:1] [SelfPlay] 450/750 (60%)  pos=41794  W/D/B=190/88/172  (42%/19%/38%)  d4/d7  1.2 games/s (avg 0.4)  782.2K nps  ETA 00:11:56
[2026-03-28T05:02:15.278] [INFO] [selfplay:1] [SelfPlay] 451/750 (60%)  pos=41889  W/D/B=191/88/172  (42%/19%/38%)  d4/d7  1.1 games/s (avg 0.4)  779.5K nps  ETA 00:11:52
[2026-03-28T05:02:16.484] [INFO] [selfplay:1] [SelfPlay] 452/750 (60%)  pos=41965  W/D/B=192/88/172  (42%/19%/38%)  d4/d7  0.9 games/s (avg 0.4)  775.2K nps  ETA 00:11:56
[2026-03-28T05:02:17.449] [INFO] [selfplay:1] [SelfPlay] 453/750 (60%)  pos=42042  W/D/B=193/88/172  (42%/19%/37%)  d4/d7  0.9 games/s (avg 0.4)  776.4K nps  ETA 00:11:52
[2026-03-28T05:02:20.987] [INFO] [selfplay:1] [SelfPlay] 454/750 (60%)  pos=42084  W/D/B=193/89/172  (42%/19%/37%)  d4/d7  0.9 games/s (avg 0.4)  776.3K nps  ETA 00:11:46
[2026-03-28T05:02:25.882] [INFO] [selfplay:1] [SelfPlay] 455/750 (60%)  pos=42135  W/D/B=193/89/173  (42%/19%/38%)  d4/d7  0.8 games/s (avg 0.4)  774.7K nps  ETA 00:11:43
[2026-03-28T05:02:30.289] [INFO] [selfplay:1] [SelfPlay] 456/750 (60%)  pos=42238  W/D/B=194/89/173  (42%/19%/37%)  d4/d7  0.7 games/s (avg 0.4)  772.1K nps  ETA 00:11:44
[2026-03-28T05:02:32.844] [INFO] [selfplay:1] [SelfPlay] 457/750 (60%)  pos=42261  W/D/B=194/89/174  (42%/19%/38%)  d4/d7  0.7 games/s (avg 0.4)  769.0K nps  ETA 00:11:43
[2026-03-28T05:02:33.778] [INFO] [selfplay:1] [SelfPlay] 458/750 (61%)  pos=42398  W/D/B=194/90/174  (42%/19%/37%)  d4/d7  0.6 games/s (avg 0.4)  769.4K nps  ETA 00:11:43
[2026-03-28T05:02:35.849] [INFO] [selfplay:1] [SelfPlay] 459/750 (61%)  pos=42435  W/D/B=195/90/174  (42%/19%/37%)  d4/d7  0.7 games/s (avg 0.4)  770.3K nps  ETA 00:11:39
[2026-03-28T05:02:40.269] [INFO] [selfplay:1] [SelfPlay] 460/750 (61%)  pos=42558  W/D/B=195/91/174  (42%/19%/37%)  d4/d7  0.7 games/s (avg 0.4)  770.6K nps  ETA 00:11:34
[2026-03-28T05:02:41.997] [INFO] [selfplay:1] [SelfPlay] 461/750 (61%)  pos=42663  W/D/B=196/91/174  (42%/19%/37%)  d4/d7  0.6 games/s (avg 0.4)  766.9K nps  ETA 00:11:35
[2026-03-28T05:02:44.257] [INFO] [selfplay:1] [SelfPlay] 462/750 (61%)  pos=42708  W/D/B=196/91/175  (42%/19%/37%)  d4/d7  0.6 games/s (avg 0.4)  767.4K nps  ETA 00:11:32
[2026-03-28T05:02:45.179] [INFO] [selfplay:1] [SelfPlay] 463/750 (61%)  pos=42813  W/D/B=196/91/176  (42%/19%/38%)  d4/d7  0.6 games/s (avg 0.4)  768.1K nps  ETA 00:11:31
[2026-03-28T05:02:45.561] [INFO] [selfplay:1] [SelfPlay] 464/750 (61%)  pos=42922  W/D/B=197/91/176  (42%/19%/37%)  d4/d7  0.6 games/s (avg 0.4)  770.3K nps  ETA 00:11:28
[2026-03-28T05:02:47.948] [INFO] [selfplay:1] [SelfPlay] 465/750 (62%)  pos=43063  W/D/B=197/92/176  (42%/19%/37%)  d4/d7  0.9 games/s (avg 0.4)  772.6K nps  ETA 00:11:22
[2026-03-28T05:02:49.001] [INFO] [selfplay:1] [SelfPlay] 466/750 (62%)  pos=43124  W/D/B=197/93/176  (42%/19%/37%)  d4/d7  0.9 games/s (avg 0.4)  770.7K nps  ETA 00:11:21
[2026-03-28T05:02:53.463] [INFO] [selfplay:1] [SelfPlay] 467/750 (62%)  pos=43187  W/D/B=198/93/176  (42%/19%/37%)  d4/d7  0.9 games/s (avg 0.4)  771.7K nps  ETA 00:11:15
[2026-03-28T05:02:55.245] [INFO] [selfplay:1] [SelfPlay] 468/750 (62%)  pos=43323  W/D/B=198/94/176  (42%/20%/37%)  d4/d7  0.8 games/s (avg 0.4)  768.0K nps  ETA 00:11:16
[2026-03-28T05:02:56.387] [INFO] [selfplay:1] [SelfPlay] 469/750 (62%)  pos=43384  W/D/B=198/94/177  (42%/20%/37%)  d4/d7  0.7 games/s (avg 0.4)  768.4K nps  ETA 00:11:14
[2026-03-28T05:03:00.506] [INFO] [selfplay:1] [SelfPlay] 470/750 (62%)  pos=43416  W/D/B=198/94/178  (42%/20%/37%)  d4/d7  0.8 games/s (avg 0.4)  768.8K nps  ETA 00:11:08
[2026-03-28T05:03:00.971] [INFO] [selfplay:1] [SelfPlay] 471/750 (62%)  pos=43474  W/D/B=199/94/178  (42%/19%/37%)  d4/d7  0.7 games/s (avg 0.4)  765.5K nps  ETA 00:11:10
[2026-03-28T05:03:08.012] [INFO] [selfplay:1] [SelfPlay] 472/750 (62%)  pos=43515  W/D/B=199/94/179  (42%/19%/37%)  d4/d7  0.9 games/s (avg 0.4)  766.7K nps  ETA 00:11:00
[2026-03-28T05:03:12.446] [INFO] [selfplay:1] [SelfPlay] 473/750 (63%)  pos=43618  W/D/B=199/94/180  (42%/19%/38%)  d4/d7  0.8 games/s (avg 0.4)  762.2K nps  ETA 00:11:03
[2026-03-28T05:03:12.999] [INFO] [selfplay:1] [SelfPlay] 474/750 (63%)  pos=43724  W/D/B=199/94/181  (41%/19%/38%)  d4/d7  0.7 games/s (avg 0.4)  761.2K nps  ETA 00:11:05
[2026-03-28T05:03:15.366] [INFO] [selfplay:1] [SelfPlay] 475/750 (63%)  pos=43789  W/D/B=199/94/182  (41%/19%/38%)  d4/d7  0.9 games/s (avg 0.4)  762.9K nps  ETA 00:11:01
[2026-03-28T05:03:19.711] [INFO] [selfplay:1] [SelfPlay] 476/750 (63%)  pos=43867  W/D/B=199/94/183  (41%/19%/38%)  d4/d7  0.8 games/s (avg 0.4)  762.6K nps  ETA 00:10:55
[2026-03-28T05:03:22.145] [INFO] [selfplay:1] [SelfPlay] 477/750 (63%)  pos=43936  W/D/B=199/94/184  (41%/19%/38%)  d4/d7  0.7 games/s (avg 0.4)  760.8K nps  ETA 00:10:57
[2026-03-28T05:03:25.341] [INFO] [selfplay:1] [SelfPlay] 478/750 (63%)  pos=44092  W/D/B=199/94/185  (41%/19%/38%)  d4/d7  0.7 games/s (avg 0.4)  760.9K nps  ETA 00:10:53
[2026-03-28T05:03:26.562] [INFO] [selfplay:1] [SelfPlay] 479/750 (63%)  pos=44167  W/D/B=200/94/185  (41%/19%/38%)  d4/d7  0.6 games/s (avg 0.4)  759.5K nps  ETA 00:10:54
[2026-03-28T05:03:28.332] [INFO] [selfplay:1] [SelfPlay] 480/750 (64%)  pos=44265  W/D/B=201/94/185  (41%/19%/38%)  d4/d7  0.6 games/s (avg 0.4)  760.9K nps  ETA 00:10:49
[2026-03-28T05:03:33.124] [INFO] [selfplay:1] [SelfPlay] 481/750 (64%)  pos=44393  W/D/B=202/94/185  (41%/19%/38%)  d4/d7  0.6 games/s (avg 0.4)  763.3K nps  ETA 00:10:44
[2026-03-28T05:03:33.466] [INFO] [selfplay:1] [SelfPlay] 482/750 (64%)  pos=44464  W/D/B=202/94/186  (41%/19%/38%)  d4/d7  0.6 games/s (avg 0.4)  760.7K nps  ETA 00:10:48
[2026-03-28T05:03:43.383] [INFO] [selfplay:1] [SelfPlay] 483/750 (64%)  pos=44525  W/D/B=202/95/186  (41%/19%/38%)  d4/d7  0.9 games/s (avg 0.4)  761.4K nps  ETA 00:10:34
[2026-03-28T05:03:45.245] [INFO] [selfplay:1] [SelfPlay] 484/750 (64%)  pos=44626  W/D/B=202/95/187  (41%/19%/38%)  d4/d7  0.8 games/s (avg 0.4)  755.6K nps  ETA 00:10:44
[2026-03-28T05:03:47.477] [INFO] [selfplay:1] [SelfPlay] 485/750 (64%)  pos=44750  W/D/B=203/95/187  (41%/19%/38%)  d4/d7  0.8 games/s (avg 0.4)  757.0K nps  ETA 00:10:41
[2026-03-28T05:03:47.516] [INFO] [selfplay:1] [SelfPlay] 486/750 (64%)  pos=44813  W/D/B=203/95/188  (41%/19%/38%)  d4/d7  0.7 games/s (avg 0.4)  756.6K nps  ETA 00:10:40
[2026-03-28T05:03:47.629] [INFO] [selfplay:1] [SelfPlay] 487/750 (64%)  pos=44893  W/D/B=203/96/188  (41%/19%/38%)  d4/d7  4.4 games/s (avg 0.4)  756.7K nps  ETA 00:10:36
[2026-03-28T05:03:53.367] [INFO] [selfplay:1] [SelfPlay] 488/750 (65%)  pos=45097  W/D/B=204/96/188  (41%/19%/38%)  d4/d7  5.1 games/s (avg 0.4)  759.6K nps  ETA 00:10:28
[2026-03-28T05:03:54.327] [INFO] [selfplay:1] [SelfPlay] 489/750 (65%)  pos=45156  W/D/B=204/96/189  (41%/19%/38%)  d4/d7  4.7 games/s (avg 0.4)  761.1K nps  ETA 00:10:31
[2026-03-28T05:03:55.497] [INFO] [selfplay:1] [SelfPlay] 490/750 (65%)  pos=45232  W/D/B=204/96/190  (41%/19%/38%)  d4/d7  4.2 games/s (avg 0.4)  761.9K nps  ETA 00:10:28
[2026-03-28T05:03:59.861] [INFO] [selfplay:1] [SelfPlay] 491/750 (65%)  pos=45311  W/D/B=204/96/191  (41%/19%/38%)  d4/d7  3.7 games/s (avg 0.4)  762.6K nps  ETA 00:10:21
[2026-03-28T05:04:02.212] [INFO] [selfplay:1] [SelfPlay] 492/750 (65%)  pos=45420  W/D/B=205/96/191  (41%/19%/38%)  d4/d7  3.4 games/s (avg 0.4)  763.9K nps  ETA 00:10:23
[2026-03-28T05:04:03.051] [INFO] [selfplay:1] [SelfPlay] 493/750 (65%)  pos=45544  W/D/B=205/96/192  (41%/19%/38%)  d4/d7  2.9 games/s (avg 0.4)  764.8K nps  ETA 00:10:21
[2026-03-28T05:04:07.820] [INFO] [selfplay:1] [SelfPlay] 494/750 (65%)  pos=45621  W/D/B=205/97/192  (41%/19%/38%)  d4/d7  2.7 games/s (avg 0.4)  765.7K nps  ETA 00:10:14
[2026-03-28T05:04:11.793] [INFO] [selfplay:1] [SelfPlay] 495/750 (66%)  pos=45728  W/D/B=206/97/192  (41%/19%/38%)  d4/d7  2.5 games/s (avg 0.4)  766.7K nps  ETA 00:10:14
[2026-03-28T05:04:16.231] [INFO] [selfplay:1] [SelfPlay] 496/750 (66%)  pos=45830  W/D/B=206/97/193  (41%/19%/38%)  d4/d7  2.1 games/s (avg 0.4)  765.8K nps  ETA 00:10:12
[2026-03-28T05:04:16.707] [INFO] [selfplay:1] [SelfPlay] 497/750 (66%)  pos=45847  W/D/B=207/97/193  (41%/19%/38%)  d4/d7  1.9 games/s (avg 0.4)  763.0K nps  ETA 00:10:14
[2026-03-28T05:04:17.703] [INFO] [selfplay:1] [SelfPlay] 498/750 (66%)  pos=45891  W/D/B=208/97/193  (41%/19%/38%)  d4/d7  1.9 games/s (avg 0.4)  763.7K nps  ETA 00:10:10
[2026-03-28T05:04:20.390] [INFO] [selfplay:1] [SelfPlay] 499/750 (66%)  pos=45971  W/D/B=208/97/194  (41%/19%/38%)  d4/d7  1.8 games/s (avg 0.4)  764.6K nps  ETA 00:10:06
[2026-03-28T05:04:27.039] [INFO] [selfplay:1] [SelfPlay] 500/750 (66%)  pos=46049  W/D/B=209/97/194  (41%/19%/38%)  d4/d7  1.6 games/s (avg 0.4)  762.6K nps  ETA 00:09:59
[2026-03-28T05:04:27.838] [INFO] [selfplay:1] [SelfPlay] 501/750 (66%)  pos=46111  W/D/B=209/97/195  (41%/19%/38%)  d4/d7  1.4 games/s (avg 0.4)  764.2K nps  ETA 00:10:05
[2026-03-28T05:04:30.440] [INFO] [selfplay:1] [SelfPlay] 502/750 (66%)  pos=46151  W/D/B=209/97/196  (41%/19%/39%)  d4/d7  1.4 games/s (avg 0.4)  765.3K nps  ETA 00:10:00
[2026-03-28T05:04:34.116] [INFO] [selfplay:1] [SelfPlay] 503/750 (67%)  pos=46291  W/D/B=209/97/197  (41%/19%/39%)  d4/d7  1.3 games/s (avg 0.4)  765.5K nps  ETA 00:09:56
[2026-03-28T05:04:38.798] [INFO] [selfplay:1] [SelfPlay] 504/750 (67%)  pos=46389  W/D/B=209/98/197  (41%/19%/39%)  d4/d7  1.1 games/s (avg 0.4)  764.1K nps  ETA 00:09:53
[2026-03-28T05:04:39.482] [INFO] [selfplay:1] [SelfPlay] 505/750 (67%)  pos=46483  W/D/B=209/98/198  (41%/19%/39%)  d4/d7  1.0 games/s (avg 0.4)  762.7K nps  ETA 00:09:57
[2026-03-28T05:04:41.770] [INFO] [selfplay:1] [SelfPlay] 506/750 (67%)  pos=46696  W/D/B=210/98/198  (41%/19%/39%)  d4/d7  1.0 games/s (avg 0.4)  766.7K nps  ETA 00:09:51
[2026-03-28T05:04:41.978] [INFO] [selfplay:1] [SelfPlay] 507/750 (67%)  pos=46772  W/D/B=210/98/199  (41%/19%/39%)  d4/d7  1.0 games/s (avg 0.4)  767.0K nps  ETA 00:09:51
[2026-03-28T05:04:47.827] [INFO] [selfplay:1] [SelfPlay] 508/750 (67%)  pos=46900  W/D/B=211/98/199  (41%/19%/39%)  d4/d7  1.5 games/s (avg 0.4)  768.9K nps  ETA 00:09:42
[2026-03-28T05:04:49.063] [INFO] [selfplay:1] [SelfPlay] 509/750 (67%)  pos=46951  W/D/B=211/99/199  (41%/19%/39%)  d4/d7  1.3 games/s (avg 0.4)  765.2K nps  ETA 00:09:46
[2026-03-28T05:04:53.947] [INFO] [selfplay:1] [SelfPlay] 510/750 (68%)  pos=47030  W/D/B=211/99/200  (41%/19%/39%)  d4/d7  1.3 games/s (avg 0.4)  766.2K nps  ETA 00:09:39
[2026-03-28T05:04:55.787] [INFO] [selfplay:1] [SelfPlay] 511/750 (68%)  pos=47147  W/D/B=211/100/200  (41%/19%/39%)  d4/d7  1.1 games/s (avg 0.4)  762.6K nps  ETA 00:09:40
[2026-03-28T05:04:58.773] [INFO] [selfplay:1] [SelfPlay] 512/750 (68%)  pos=47264  W/D/B=212/100/200  (41%/19%/39%)  d4/d7  1.0 games/s (avg 0.4)  763.1K nps  ETA 00:09:37
[2026-03-28T05:04:58.982] [INFO] [selfplay:1] [SelfPlay] 513/750 (68%)  pos=47385  W/D/B=213/100/200  (41%/19%/38%)  d4/d7  0.9 games/s (avg 0.4)  761.0K nps  ETA 00:09:38
[2026-03-28T05:04:59.630] [INFO] [selfplay:1] [SelfPlay] 514/750 (68%)  pos=47447  W/D/B=214/100/200  (41%/19%/38%)  d4/d7  1.5 games/s (avg 0.4)  763.0K nps  ETA 00:09:33
[2026-03-28T05:05:00.378] [INFO] [selfplay:1] [SelfPlay] 515/750 (68%)  pos=47497  W/D/B=215/100/200  (41%/19%/38%)  d4/d7  1.5 games/s (avg 0.4)  764.1K nps  ETA 00:09:31
[2026-03-28T05:05:06.238] [INFO] [selfplay:1] [SelfPlay] 516/750 (68%)  pos=47549  W/D/B=216/100/200  (41%/19%/38%)  d4/d7  1.5 games/s (avg 0.4)  764.9K nps  ETA 00:09:22
[2026-03-28T05:05:13.806] [INFO] [selfplay:1] [SelfPlay] 517/750 (68%)  pos=47706  W/D/B=217/100/200  (41%/19%/38%)  d4/d7  1.3 games/s (avg 0.4)  762.9K nps  ETA 00:09:19
[2026-03-28T05:05:18.593] [INFO] [selfplay:1] [SelfPlay] 518/750 (69%)  pos=47781  W/D/B=218/100/200  (42%/19%/38%)  d4/d7  1.1 games/s (avg 0.4)  758.9K nps  ETA 00:09:22
[2026-03-28T05:05:20.097] [INFO] [selfplay:1] [SelfPlay] 519/750 (69%)  pos=47903  W/D/B=218/100/201  (42%/19%/38%)  d4/d7  1.0 games/s (avg 0.4)  757.3K nps  ETA 00:09:24
[2026-03-28T05:05:22.175] [INFO] [selfplay:1] [SelfPlay] 520/750 (69%)  pos=47982  W/D/B=219/100/201  (42%/19%/38%)  d4/d7  0.9 games/s (avg 0.4)  758.7K nps  ETA 00:09:20
[2026-03-28T05:05:27.464] [INFO] [selfplay:1] [SelfPlay] 521/750 (69%)  pos=48015  W/D/B=219/101/201  (42%/19%/38%)  d4/d7  0.9 games/s (avg 0.4)  757.2K nps  ETA 00:09:15
[2026-03-28T05:05:28.838] [INFO] [selfplay:1] [SelfPlay] 522/750 (69%)  pos=48085  W/D/B=220/101/201  (42%/19%/38%)  d4/d7  0.8 games/s (avg 0.4)  755.2K nps  ETA 00:09:17
[2026-03-28T05:05:30.356] [INFO] [selfplay:1] [SelfPlay] 523/750 (69%)  pos=48136  W/D/B=220/101/202  (42%/19%/38%)  d4/d7  0.8 games/s (avg 0.4)  755.7K nps  ETA 00:09:15
[2026-03-28T05:05:30.919] [INFO] [selfplay:1] [SelfPlay] 524/750 (69%)  pos=48205  W/D/B=220/101/203  (41%/19%/38%)  d4/d7  0.7 games/s (avg 0.4)  757.0K nps  ETA 00:09:12
[2026-03-28T05:05:33.584] [INFO] [selfplay:1] [SelfPlay] 525/750 (70%)  pos=48255  W/D/B=221/101/203  (42%/19%/38%)  d4/d7  0.9 games/s (avg 0.4)  757.8K nps  ETA 00:09:08
[2026-03-28T05:05:34.648] [INFO] [selfplay:1] [SelfPlay] 526/750 (70%)  pos=48304  W/D/B=221/102/203  (42%/19%/38%)  d4/d7  0.8 games/s (avg 0.4)  756.9K nps  ETA 00:09:05
[2026-03-28T05:05:35.391] [INFO] [selfplay:1] [SelfPlay] 527/750 (70%)  pos=48419  W/D/B=222/102/203  (42%/19%/38%)  d4/d7  0.8 games/s (avg 0.4)  756.4K nps  ETA 00:09:04
[2026-03-28T05:05:41.705] [INFO] [selfplay:1] [SelfPlay] 528/750 (70%)  pos=48524  W/D/B=222/102/204  (42%/19%/38%)  d4/d7  0.9 games/s (avg 0.4)  758.4K nps  ETA 00:08:54
[2026-03-28T05:05:43.432] [INFO] [selfplay:1] [SelfPlay] 529/750 (70%)  pos=48584  W/D/B=222/102/205  (41%/19%/38%)  d4/d7  0.8 games/s (avg 0.4)  755.8K nps  ETA 00:08:59
[2026-03-28T05:05:46.404] [INFO] [selfplay:1] [SelfPlay] 530/750 (70%)  pos=48678  W/D/B=222/102/206  (41%/19%/38%)  d4/d7  0.8 games/s (avg 0.4)  756.9K nps  ETA 00:08:54
[2026-03-28T05:05:47.014] [INFO] [selfplay:1] [SelfPlay] 531/750 (70%)  pos=48759  W/D/B=223/102/206  (41%/19%/38%)  d4/d7  0.7 games/s (avg 0.4)  756.8K nps  ETA 00:08:54
[2026-03-28T05:05:47.850] [INFO] [selfplay:1] [SelfPlay] 532/750 (70%)  pos=48818  W/D/B=224/102/206  (42%/19%/38%)  d4/d7  0.8 games/s (avg 0.4)  756.6K nps  ETA 00:08:51
[2026-03-28T05:05:48.508] [INFO] [selfplay:1] [SelfPlay] 533/750 (71%)  pos=48831  W/D/B=225/102/206  (42%/19%/38%)  d4/d7  0.9 games/s (avg 0.4)  756.0K nps  ETA 00:08:49
[2026-03-28T05:05:51.497] [INFO] [selfplay:1] [SelfPlay] 534/750 (71%)  pos=48873  W/D/B=226/102/206  (42%/19%/38%)  d4/d7  1.0 games/s (avg 0.4)  755.6K nps  ETA 00:08:43
[2026-03-28T05:05:53.978] [INFO] [selfplay:1] [SelfPlay] 535/750 (71%)  pos=49062  W/D/B=226/103/206  (42%/19%/38%)  d4/d7  0.9 games/s (avg 0.4)  755.1K nps  ETA 00:08:41
[2026-03-28T05:06:01.158] [INFO] [selfplay:1] [SelfPlay] 536/750 (71%)  pos=49255  W/D/B=227/103/206  (42%/19%/38%)  d4/d7  0.8 games/s (avg 0.4)  753.7K nps  ETA 00:08:34
[2026-03-28T05:06:02.478] [INFO] [selfplay:1] [SelfPlay] 537/750 (71%)  pos=49352  W/D/B=227/103/207  (42%/19%/38%)  d4/d7  0.7 games/s (avg 0.4)  751.4K nps  ETA 00:08:40
[2026-03-28T05:06:12.061] [INFO] [selfplay:1] [SelfPlay] 538/750 (71%)  pos=49460  W/D/B=228/103/207  (42%/19%/38%)  d4/d7  0.7 games/s (avg 0.4)  752.0K nps  ETA 00:08:28
[2026-03-28T05:06:12.566] [INFO] [selfplay:1] [SelfPlay] 539/750 (71%)  pos=49496  W/D/B=228/104/207  (42%/19%/38%)  d4/d7  0.6 games/s (avg 0.4)  746.0K nps  ETA 00:08:38
[2026-03-28T05:06:12.601] [INFO] [selfplay:1] [SelfPlay] 540/750 (72%)  pos=49565  W/D/B=229/104/207  (42%/19%/38%)  d4/d7  0.8 games/s (avg 0.4)  747.9K nps  ETA 00:08:34
[2026-03-28T05:06:12.671] [INFO] [selfplay:1] [SelfPlay] 541/750 (72%)  pos=49632  W/D/B=229/104/208  (42%/19%/38%)  d4/d7  5.1 games/s (avg 0.4)  749.6K nps  ETA 00:08:31
[2026-03-28T05:06:14.487] [INFO] [selfplay:1] [SelfPlay] 542/750 (72%)  pos=49736  W/D/B=229/104/209  (42%/19%/38%)  d4/d7  6.4 games/s (avg 0.4)  751.1K nps  ETA 00:08:27
[2026-03-28T05:06:15.172] [INFO] [selfplay:1] [SelfPlay] 543/750 (72%)  pos=49820  W/D/B=229/105/209  (42%/19%/38%)  d4/d7  5.9 games/s (avg 0.4)  752.9K nps  ETA 00:08:24
[2026-03-28T05:06:17.022] [INFO] [selfplay:1] [SelfPlay] 544/750 (72%)  pos=49926  W/D/B=230/105/209  (42%/19%/38%)  d4/d7  5.3 games/s (avg 0.4)  754.6K nps  ETA 00:08:20
[2026-03-28T05:06:17.550] [INFO] [selfplay:1] [SelfPlay] 545/750 (72%)  pos=50039  W/D/B=230/105/210  (42%/19%/38%)  d4/d7  4.6 games/s (avg 0.4)  753.5K nps  ETA 00:08:20
[2026-03-28T05:06:20.467] [INFO] [selfplay:1] [SelfPlay] 546/750 (72%)  pos=50080  W/D/B=231/105/210  (42%/19%/38%)  d4/d7  4.2 games/s (avg 0.4)  753.3K nps  ETA 00:08:13
[2026-03-28T05:06:21.154] [INFO] [selfplay:1] [SelfPlay] 547/750 (72%)  pos=50178  W/D/B=231/106/210  (42%/19%/38%)  d4/d7  3.8 games/s (avg 0.4)  753.2K nps  ETA 00:08:13
[2026-03-28T05:06:30.415] [INFO] [selfplay:1] [SelfPlay] 548/750 (73%)  pos=50252  W/D/B=231/106/211  (42%/19%/38%)  d4/d7  3.5 games/s (avg 0.4)  755.1K nps  ETA 00:08:02
[2026-03-28T05:06:33.833] [INFO] [selfplay:1] [SelfPlay] 549/750 (73%)  pos=50411  W/D/B=231/107/211  (42%/19%/38%)  d4/d7  3.2 games/s (avg 0.4)  756.9K nps  ETA 00:08:07
[2026-03-28T05:06:34.725] [INFO] [selfplay:1] [SelfPlay] 550/750 (73%)  pos=50594  W/D/B=232/107/211  (42%/19%/38%)  d4/d7  3.0 games/s (avg 0.4)  758.4K nps  ETA 00:08:08
[2026-03-28T05:06:43.939] [INFO] [selfplay:1] [SelfPlay] 551/750 (73%)  pos=50646  W/D/B=233/107/211  (42%/19%/38%)  d4/d7  2.7 games/s (avg 0.4)  760.3K nps  ETA 00:07:57
[2026-03-28T05:06:44.545] [INFO] [selfplay:1] [SelfPlay] 552/750 (73%)  pos=50730  W/D/B=233/107/212  (42%/19%/38%)  d4/d7  2.5 games/s (avg 0.4)  761.5K nps  ETA 00:08:06
[2026-03-28T05:06:44.875] [INFO] [selfplay:1] [SelfPlay] 553/750 (73%)  pos=50791  W/D/B=233/107/213  (42%/19%/38%)  d4/d7  2.4 games/s (avg 0.4)  762.6K nps  ETA 00:08:02
[2026-03-28T05:06:47.884] [INFO] [selfplay:1] [SelfPlay] 554/750 (73%)  pos=50870  W/D/B=234/107/213  (42%/19%/38%)  d4/d7  2.5 games/s (avg 0.4)  763.9K nps  ETA 00:07:57
[2026-03-28T05:06:48.604] [INFO] [selfplay:1] [SelfPlay] 555/750 (74%)  pos=50978  W/D/B=234/107/214  (42%/19%/38%)  d4/d7  2.2 games/s (avg 0.4)  764.3K nps  ETA 00:07:56
[2026-03-28T05:06:54.649] [INFO] [selfplay:1] [SelfPlay] 556/750 (74%)  pos=51045  W/D/B=235/107/214  (42%/19%/38%)  d4/d7  2.0 games/s (avg 0.4)  765.8K nps  ETA 00:07:48
[2026-03-28T05:06:56.161] [INFO] [selfplay:1] [SelfPlay] 557/750 (74%)  pos=51256  W/D/B=235/108/214  (42%/19%/38%)  d4/d7  1.9 games/s (avg 0.4)  767.1K nps  ETA 00:07:52
[2026-03-28T05:06:57.700] [INFO] [selfplay:1] [SelfPlay] 558/750 (74%)  pos=51369  W/D/B=235/108/215  (42%/19%/38%)  d4/d7  1.7 games/s (avg 0.4)  767.9K nps  ETA 00:07:48
[2026-03-28T05:06:57.900] [INFO] [selfplay:1] [SelfPlay] 559/750 (74%)  pos=51420  W/D/B=235/108/216  (42%/19%/38%)  d4/d7  1.5 games/s (avg 0.4)  768.0K nps  ETA 00:07:48
[2026-03-28T05:07:06.491] [INFO] [selfplay:1] [SelfPlay] 560/750 (74%)  pos=51452  W/D/B=236/108/216  (42%/19%/38%)  d4/d7  2.1 games/s (avg 0.4)  769.0K nps  ETA 00:07:36
[2026-03-28T05:07:06.960] [INFO] [selfplay:1] [SelfPlay] 561/750 (74%)  pos=51485  W/D/B=237/108/216  (42%/19%/38%)  d4/d7  1.9 games/s (avg 0.4)  769.6K nps  ETA 00:07:43
[2026-03-28T05:07:08.517] [INFO] [selfplay:1] [SelfPlay] 562/750 (74%)  pos=51557  W/D/B=237/109/216  (42%/19%/38%)  d4/d7  1.9 games/s (avg 0.4)  770.4K nps  ETA 00:07:40
[2026-03-28T05:07:08.701] [INFO] [selfplay:1] [SelfPlay] 563/750 (75%)  pos=51758  W/D/B=237/110/216  (42%/19%/38%)  d4/d7  1.7 games/s (avg 0.4)  771.5K nps  ETA 00:07:37
[2026-03-28T05:07:18.354] [INFO] [selfplay:1] [SelfPlay] 564/750 (75%)  pos=51879  W/D/B=238/110/216  (42%/19%/38%)  d4/d7  2.3 games/s (avg 0.4)  773.9K nps  ETA 00:07:26
[2026-03-28T05:07:22.910] [INFO] [selfplay:1] [SelfPlay] 565/750 (75%)  pos=51935  W/D/B=238/110/217  (42%/19%/38%)  d4/d7  2.1 games/s (avg 0.4)  775.1K nps  ETA 00:07:30
[2026-03-28T05:07:27.999] [INFO] [selfplay:1] [SelfPlay] 566/750 (75%)  pos=51996  W/D/B=238/110/218  (42%/19%/38%)  d4/d7  1.8 games/s (avg 0.4)  773.5K nps  ETA 00:07:28
[2026-03-28T05:07:28.468] [INFO] [selfplay:1] [SelfPlay] 567/750 (75%)  pos=52050  W/D/B=238/111/218  (41%/19%/38%)  d4/d7  1.6 games/s (avg 0.4)  770.7K nps  ETA 00:07:31
[2026-03-28T05:07:30.976] [INFO] [selfplay:1] [SelfPlay] 568/750 (75%)  pos=52228  W/D/B=239/111/218  (42%/19%/38%)  d4/d7  1.7 games/s (avg 0.4)  770.7K nps  ETA 00:07:25
[2026-03-28T05:07:31.090] [INFO] [selfplay:1] [SelfPlay] 569/750 (75%)  pos=52309  W/D/B=239/111/219  (42%/19%/38%)  d4/d7  1.5 games/s (avg 0.4)  770.6K nps  ETA 00:07:26
[2026-03-28T05:07:33.419] [INFO] [selfplay:1] [SelfPlay] 570/750 (76%)  pos=52420  W/D/B=240/111/219  (42%/19%/38%)  d4/d7  2.6 games/s (avg 0.4)  772.5K nps  ETA 00:07:21
[2026-03-28T05:07:34.121] [INFO] [selfplay:1] [SelfPlay] 571/750 (76%)  pos=52539  W/D/B=240/111/220  (42%/19%/38%)  d4/d7  2.3 games/s (avg 0.4)  771.1K nps  ETA 00:07:19
[2026-03-28T05:07:34.954] [INFO] [selfplay:1] [SelfPlay] 572/750 (76%)  pos=52656  W/D/B=241/111/220  (42%/19%/38%)  d4/d7  2.1 games/s (avg 0.4)  773.3K nps  ETA 00:07:16
[2026-03-28T05:07:37.573] [INFO] [selfplay:1] [SelfPlay] 573/750 (76%)  pos=52724  W/D/B=242/111/220  (42%/19%/38%)  d4/d7  2.0 games/s (avg 0.4)  774.4K nps  ETA 00:07:12
[2026-03-28T05:07:39.641] [INFO] [selfplay:1] [SelfPlay] 574/750 (76%)  pos=52881  W/D/B=242/111/221  (42%/19%/38%)  d4/d7  1.7 games/s (avg 0.4)  774.4K nps  ETA 00:07:09
[2026-03-28T05:07:41.488] [INFO] [selfplay:1] [SelfPlay] 575/750 (76%)  pos=53055  W/D/B=242/112/221  (42%/19%/38%)  d4/d7  1.6 games/s (avg 0.4)  773.2K nps  ETA 00:07:08
[2026-03-28T05:07:47.744] [INFO] [selfplay:1] [SelfPlay] 576/750 (76%)  pos=53126  W/D/B=242/112/222  (42%/19%/38%)  d4/d7  1.4 games/s (avg 0.4)  773.5K nps  ETA 00:07:00
[2026-03-28T05:07:50.248] [INFO] [selfplay:1] [SelfPlay] 577/750 (76%)  pos=53198  W/D/B=243/112/222  (42%/19%/38%)  d4/d7  1.2 games/s (avg 0.4)  770.5K nps  ETA 00:07:03
[2026-03-28T05:07:52.630] [INFO] [selfplay:1] [SelfPlay] 578/750 (77%)  pos=53291  W/D/B=244/112/222  (42%/19%/38%)  d4/d7  1.1 games/s (avg 0.4)  771.1K nps  ETA 00:07:00
[2026-03-28T05:07:53.833] [INFO] [selfplay:1] [SelfPlay] 579/750 (77%)  pos=53326  W/D/B=244/112/223  (42%/19%/38%)  d4/d7  1.0 games/s (avg 0.4)  771.4K nps  ETA 00:06:59
[2026-03-28T05:07:56.029] [INFO] [selfplay:1] [SelfPlay] 580/750 (77%)  pos=53381  W/D/B=244/113/223  (42%/19%/38%)  d4/d7  1.0 games/s (avg 0.4)  770.7K nps  ETA 00:06:56
[2026-03-28T05:08:04.864] [INFO] [selfplay:1] [SelfPlay] 581/750 (77%)  pos=53484  W/D/B=244/113/224  (41%/19%/38%)  d4/d7  0.9 games/s (avg 0.4)  771.4K nps  ETA 00:06:46
[2026-03-28T05:08:05.766] [INFO] [selfplay:1] [SelfPlay] 582/750 (77%)  pos=53530  W/D/B=245/113/224  (42%/19%/38%)  d4/d7  0.8 games/s (avg 0.4)  766.7K nps  ETA 00:06:53
[2026-03-28T05:08:09.989] [INFO] [selfplay:1] [SelfPlay] 583/750 (77%)  pos=53757  W/D/B=246/113/224  (42%/19%/38%)  d4/d7  0.8 games/s (avg 0.4)  766.6K nps  ETA 00:06:47
[2026-03-28T05:08:11.306] [INFO] [selfplay:1] [SelfPlay] 584/750 (77%)  pos=53873  W/D/B=247/113/224  (42%/19%/38%)  d4/d7  0.7 games/s (avg 0.4)  765.4K nps  ETA 00:06:49
[2026-03-28T05:08:16.903] [INFO] [selfplay:1] [SelfPlay] 585/750 (78%)  pos=53936  W/D/B=248/113/224  (42%/19%/38%)  d4/d7  0.7 games/s (avg 0.4)  765.9K nps  ETA 00:06:41
[2026-03-28T05:08:17.206] [INFO] [selfplay:1] [SelfPlay] 586/750 (78%)  pos=54112  W/D/B=248/113/225  (42%/19%/38%)  d4/d7  0.7 games/s (avg 0.4)  764.2K nps  ETA 00:06:45
[2026-03-28T05:08:19.141] [INFO] [selfplay:1] [SelfPlay] 587/750 (78%)  pos=54199  W/D/B=248/113/226  (42%/19%/38%)  d4/d7  1.1 games/s (avg 0.4)  765.8K nps  ETA 00:06:40
[2026-03-28T05:08:21.568] [INFO] [selfplay:1] [SelfPlay] 588/750 (78%)  pos=54421  W/D/B=248/113/227  (42%/19%/38%)  d4/d7  1.0 games/s (avg 0.4)  766.4K nps  ETA 00:06:37
[2026-03-28T05:08:21.668] [INFO] [selfplay:1] [SelfPlay] 589/750 (78%)  pos=54502  W/D/B=248/113/228  (42%/19%/38%)  d4/d7  0.9 games/s (avg 0.4)  765.0K nps  ETA 00:06:36
[2026-03-28T05:08:21.697] [INFO] [selfplay:1] [SelfPlay] 590/750 (78%)  pos=54570  W/D/B=248/113/229  (42%/19%/38%)  d4/d7  2.3 games/s (avg 0.4)  765.1K nps  ETA 00:06:34
[2026-03-28T05:08:22.954] [INFO] [selfplay:1] [SelfPlay] 591/750 (78%)  pos=54652  W/D/B=248/113/230  (41%/19%/38%)  d4/d7  7.0 games/s (avg 0.4)  767.4K nps  ETA 00:06:30
[2026-03-28T05:08:25.990] [INFO] [selfplay:1] [SelfPlay] 592/750 (78%)  pos=54737  W/D/B=248/113/231  (41%/19%/39%)  d4/d7  6.1 games/s (avg 0.4)  768.1K nps  ETA 00:06:25
[2026-03-28T05:08:26.366] [INFO] [selfplay:1] [SelfPlay] 593/750 (79%)  pos=54830  W/D/B=249/113/231  (41%/19%/38%)  d4/d7  5.6 games/s (avg 0.4)  768.2K nps  ETA 00:06:26
[2026-03-28T05:08:27.120] [INFO] [selfplay:1] [SelfPlay] 594/750 (79%)  pos=54855  W/D/B=250/113/231  (42%/19%/38%)  d4/d7  5.2 games/s (avg 0.4)  768.7K nps  ETA 00:06:22
[2026-03-28T05:08:28.929] [INFO] [selfplay:1] [SelfPlay] 595/750 (79%)  pos=54973  W/D/B=250/113/232  (42%/18%/38%)  d4/d7  4.6 games/s (avg 0.4)  769.7K nps  ETA 00:06:18
[2026-03-28T05:08:31.017] [INFO] [selfplay:1] [SelfPlay] 596/750 (79%)  pos=55158  W/D/B=251/113/232  (42%/18%/38%)  d4/d7  4.0 games/s (avg 0.4)  770.8K nps  ETA 00:06:15
[2026-03-28T05:08:31.075] [INFO] [selfplay:1] [SelfPlay] 597/750 (79%)  pos=55287  W/D/B=251/113/233  (42%/18%/39%)  d4/d7  3.5 games/s (avg 0.4)  771.0K nps  ETA 00:06:15
[2026-03-28T05:08:33.108] [INFO] [selfplay:1] [SelfPlay] 598/750 (79%)  pos=55288  W/D/B=252/113/233  (42%/18%/38%)  d4/d7  5.6 games/s (avg 0.4)  771.0K nps  ETA 00:06:09
[2026-03-28T05:08:41.102] [INFO] [selfplay:1] [SelfPlay] 599/750 (79%)  pos=55435  W/D/B=252/114/233  (42%/19%/38%)  d4/d7  5.1 games/s (avg 0.4)  771.1K nps  ETA 00:06:01
[2026-03-28T05:08:44.580] [INFO] [selfplay:1] [SelfPlay] 600/750 (80%)  pos=55675  W/D/B=252/115/233  (42%/19%/38%)  d4/d7  4.8 games/s (avg 0.4)  772.7K nps  ETA 00:06:05
[2026-03-28T05:08:46.524] [INFO] [selfplay:1] [SelfPlay] 601/750 (80%)  pos=55714  W/D/B=253/115/233  (42%/19%/38%)  d4/d7  4.4 games/s (avg 0.4)  773.5K nps  ETA 00:06:04
[2026-03-28T05:08:46.575] [INFO] [selfplay:1] [SelfPlay] 602/750 (80%)  pos=55755  W/D/B=254/115/233  (42%/19%/38%)  d4/d7  3.8 games/s (avg 0.4)  773.3K nps  ETA 00:06:03
[2026-03-28T05:08:51.145] [INFO] [selfplay:1] [SelfPlay] 603/750 (80%)  pos=55845  W/D/B=255/115/233  (42%/19%/38%)  d4/d7  6.1 games/s (avg 0.4)  774.2K nps  ETA 00:05:55
[2026-03-28T05:08:57.542] [INFO] [selfplay:1] [SelfPlay] 604/750 (80%)  pos=55974  W/D/B=255/116/233  (42%/19%/38%)  d4/d7  5.7 games/s (avg 0.4)  776.1K nps  ETA 00:05:52
[2026-03-28T05:09:01.814] [INFO] [selfplay:1] [SelfPlay] 605/750 (80%)  pos=56064  W/D/B=255/117/233  (42%/19%/38%)  d4/d7  5.3 games/s (avg 0.4)  777.4K nps  ETA 00:05:52
[2026-03-28T05:09:04.289] [INFO] [selfplay:1] [SelfPlay] 606/750 (80%)  pos=56213  W/D/B=256/117/233  (42%/19%/38%)  d4/d7  4.9 games/s (avg 0.4)  779.6K nps  ETA 00:05:53
[2026-03-28T05:09:07.483] [INFO] [selfplay:1] [SelfPlay] 607/750 (80%)  pos=56287  W/D/B=256/117/234  (42%/19%/38%)  d4/d7  4.5 games/s (avg 0.4)  780.5K nps  ETA 00:05:49
[2026-03-28T05:09:10.528] [INFO] [selfplay:1] [SelfPlay] 608/750 (81%)  pos=56370  W/D/B=256/117/235  (42%/19%/38%)  d4/d7  4.2 games/s (avg 0.4)  782.5K nps  ETA 00:05:47
[2026-03-28T05:09:11.455] [INFO] [selfplay:1] [SelfPlay] 609/750 (81%)  pos=56457  W/D/B=256/118/235  (42%/19%/38%)  d4/d7  3.8 games/s (avg 0.4)  784.4K nps  ETA 00:05:46
[2026-03-28T05:09:14.423] [INFO] [selfplay:1] [SelfPlay] 610/750 (81%)  pos=56502  W/D/B=256/118/236  (41%/19%/38%)  d4/d7  3.4 games/s (avg 0.4)  785.4K nps  ETA 00:05:42
[2026-03-28T05:09:14.456] [INFO] [selfplay:1] [SelfPlay] 611/750 (81%)  pos=56592  W/D/B=257/118/236  (42%/19%/38%)  d4/d7  3.2 games/s (avg 0.4)  787.1K nps  ETA 00:05:42
[2026-03-28T05:09:15.076] [INFO] [selfplay:1] [SelfPlay] 612/750 (81%)  pos=56593  W/D/B=258/118/236  (42%/19%/38%)  d4/d7  7.2 games/s (avg 0.4)  787.1K nps  ETA 00:05:38
[2026-03-28T05:09:17.868] [INFO] [selfplay:1] [SelfPlay] 613/750 (81%)  pos=56637  W/D/B=258/118/237  (42%/19%/38%)  d4/d7  6.4 games/s (avg 0.4)  787.9K nps  ETA 00:05:33
[2026-03-28T05:09:20.891] [INFO] [selfplay:1] [SelfPlay] 614/750 (81%)  pos=56702  W/D/B=258/118/238  (42%/19%/38%)  d4/d7  5.9 games/s (avg 0.4)  787.9K nps  ETA 00:05:31
[2026-03-28T05:09:24.282] [INFO] [selfplay:1] [SelfPlay] 615/750 (82%)  pos=56825  W/D/B=258/118/239  (41%/19%/38%)  d4/d7  5.5 games/s (avg 0.4)  790.3K nps  ETA 00:05:29
[2026-03-28T05:09:26.837] [INFO] [selfplay:1] [SelfPlay] 616/750 (82%)  pos=56947  W/D/B=258/118/240  (41%/19%/38%)  d4/d7  5.1 games/s (avg 0.4)  790.5K nps  ETA 00:05:26
[2026-03-28T05:09:30.555] [INFO] [selfplay:1] [SelfPlay] 617/750 (82%)  pos=57068  W/D/B=258/119/240  (41%/19%/38%)  d4/d7  4.7 games/s (avg 0.4)  792.1K nps  ETA 00:05:24
[2026-03-28T05:09:35.127] [INFO] [selfplay:1] [SelfPlay] 618/750 (82%)  pos=57113  W/D/B=259/119/240  (41%/19%/38%)  d4/d7  4.3 games/s (avg 0.4)  792.8K nps  ETA 00:05:20
[2026-03-28T05:09:36.507] [INFO] [selfplay:1] [SelfPlay] 619/750 (82%)  pos=57132  W/D/B=260/119/240  (42%/19%/38%)  d4/d7  4.0 games/s (avg 0.4)  793.1K nps  ETA 00:05:22
[2026-03-28T05:09:40.785] [INFO] [selfplay:1] [SelfPlay] 620/750 (82%)  pos=57235  W/D/B=261/119/240  (42%/19%/38%)  d4/d7  3.5 games/s (avg 0.4)  793.8K nps  ETA 00:05:15
[2026-03-28T05:09:41.062] [INFO] [selfplay:1] [SelfPlay] 621/750 (82%)  pos=57320  W/D/B=262/119/240  (42%/19%/38%)  d4/d7  3.3 games/s (avg 0.4)  795.2K nps  ETA 00:05:18
[2026-03-28T05:09:41.744] [INFO] [selfplay:1] [SelfPlay] 622/750 (82%)  pos=57444  W/D/B=263/119/240  (42%/19%/38%)  d4/d7  3.3 games/s (avg 0.4)  796.5K nps  ETA 00:05:14
[2026-03-28T05:09:44.433] [INFO] [selfplay:1] [SelfPlay] 623/750 (83%)  pos=57582  W/D/B=263/120/240  (42%/19%/38%)  d4/d7  3.0 games/s (avg 0.4)  797.8K nps  ETA 00:05:10
[2026-03-28T05:09:44.439] [INFO] [selfplay:1] [SelfPlay] 624/750 (83%)  pos=57663  W/D/B=264/120/240  (42%/19%/38%)  d4/d7  2.6 games/s (avg 0.4)  798.2K nps  ETA 00:05:10
[2026-03-28T05:09:45.051] [INFO] [selfplay:1] [SelfPlay] 625/750 (83%)  pos=57733  W/D/B=264/120/241  (42%/19%/38%)  d4/d7  24.6 games/s (avg 0.4)  799.7K nps  ETA 00:05:06
[2026-03-28T05:09:51.901] [INFO] [selfplay:1] [SelfPlay] 626/750 (83%)  pos=57805  W/D/B=264/121/241  (42%/19%/38%)  d4/d7  22.7 games/s (avg 0.4)  799.5K nps  ETA 00:04:57
[2026-03-28T05:09:52.508] [INFO] [selfplay:1] [SelfPlay] 627/750 (83%)  pos=57865  W/D/B=264/122/241  (42%/19%/38%)  d4/d7  21.0 games/s (avg 0.4)  802.1K nps  ETA 00:05:02
[2026-03-28T05:09:52.760] [INFO] [selfplay:1] [SelfPlay] 628/750 (83%)  pos=57945  W/D/B=265/122/241  (42%/19%/38%)  d4/d7  19.4 games/s (avg 0.4)  803.3K nps  ETA 00:04:59
[2026-03-28T05:09:54.972] [INFO] [selfplay:1] [SelfPlay] 629/750 (83%)  pos=58086  W/D/B=266/122/241  (42%/19%/38%)  d4/d7  17.1 games/s (avg 0.4)  803.6K nps  ETA 00:04:55
[2026-03-28T05:09:56.149] [INFO] [selfplay:1] [SelfPlay] 630/750 (84%)  pos=58279  W/D/B=266/123/241  (42%/19%/38%)  d4/d7  15.8 games/s (avg 0.4)  805.1K nps  ETA 00:04:53
[2026-03-28T05:09:58.217] [INFO] [selfplay:1] [SelfPlay] 631/750 (84%)  pos=58355  W/D/B=266/123/242  (42%/19%/38%)  d4/d7  14.7 games/s (avg 0.4)  805.3K nps  ETA 00:04:50
[2026-03-28T05:10:01.681] [INFO] [selfplay:1] [SelfPlay] 632/750 (84%)  pos=58428  W/D/B=267/123/242  (42%/19%/38%)  d4/d7  13.6 games/s (avg 0.4)  806.6K nps  ETA 00:04:45
[2026-03-28T05:10:05.941] [INFO] [selfplay:1] [SelfPlay] 633/750 (84%)  pos=58570  W/D/B=267/124/242  (42%/19%/38%)  d4/d7  12.5 games/s (avg 0.4)  806.8K nps  ETA 00:04:43
[2026-03-28T05:10:09.109] [INFO] [selfplay:1] [SelfPlay] 634/750 (84%)  pos=58635  W/D/B=268/124/242  (42%/19%/38%)  d4/d7  11.6 games/s (avg 0.4)  808.1K nps  ETA 00:04:42
[2026-03-28T05:10:09.251] [INFO] [selfplay:1] [SelfPlay] 635/750 (84%)  pos=58692  W/D/B=268/125/242  (42%/19%/38%)  d4/d7  10.7 games/s (avg 0.4)  809.2K nps  ETA 00:04:42
[2026-03-28T05:10:11.521] [INFO] [selfplay:1] [SelfPlay] 636/750 (84%)  pos=58830  W/D/B=269/125/242  (42%/19%/38%)  d4/d7  10.2 games/s (avg 0.4)  810.8K nps  ETA 00:04:37
[2026-03-28T05:10:14.049] [INFO] [selfplay:1] [SelfPlay] 637/750 (84%)  pos=58959  W/D/B=269/126/242  (42%/19%/37%)  d4/d7  9.4 games/s (avg 0.4)  812.4K nps  ETA 00:04:34
[2026-03-28T05:10:14.670] [INFO] [selfplay:1] [SelfPlay] 638/750 (85%)  pos=59049  W/D/B=269/126/243  (42%/19%/38%)  d4/d7  8.7 games/s (avg 0.4)  813.7K nps  ETA 00:04:33
[2026-03-28T05:10:22.434] [INFO] [selfplay:1] [SelfPlay] 639/750 (85%)  pos=59101  W/D/B=269/127/243  (42%/19%/38%)  d4/d7  7.6 games/s (avg 0.4)  814.5K nps  ETA 00:04:25
[2026-03-28T05:10:25.259] [INFO] [selfplay:1] [SelfPlay] 640/750 (85%)  pos=59137  W/D/B=269/128/243  (42%/20%/37%)  d4/d7  7.1 games/s (avg 0.4)  815.0K nps  ETA 00:04:27
[2026-03-28T05:10:25.945] [INFO] [selfplay:1] [SelfPlay] 641/750 (85%)  pos=59331  W/D/B=269/129/243  (41%/20%/37%)  d4/d7  6.5 games/s (avg 0.4)  816.5K nps  ETA 00:04:27
[2026-03-28T05:10:32.029] [INFO] [selfplay:1] [SelfPlay] 642/750 (85%)  pos=59369  W/D/B=270/129/243  (42%/20%/37%)  d4/d7  5.8 games/s (avg 0.4)  817.3K nps  ETA 00:04:19
[2026-03-28T05:10:32.899] [INFO] [selfplay:1] [SelfPlay] 643/750 (85%)  pos=59430  W/D/B=270/129/244  (41%/20%/37%)  d4/d7  5.3 games/s (avg 0.4)  818.1K nps  ETA 00:04:22
[2026-03-28T05:10:33.631] [INFO] [selfplay:1] [SelfPlay] 644/750 (85%)  pos=59573  W/D/B=270/129/245  (41%/20%/38%)  d4/d7  4.7 games/s (avg 0.4)  819.6K nps  ETA 00:04:19
[2026-03-28T05:10:37.113] [INFO] [selfplay:1] [SelfPlay] 645/750 (86%)  pos=59722  W/D/B=270/130/245  (41%/20%/37%)  d4/d7  4.2 games/s (avg 0.4)  821.0K nps  ETA 00:04:15
[2026-03-28T05:10:42.539] [INFO] [selfplay:1] [SelfPlay] 646/750 (86%)  pos=59768  W/D/B=270/130/246  (41%/20%/38%)  d4/d7  3.9 games/s (avg 0.4)  822.2K nps  ETA 00:04:10
[2026-03-28T05:10:43.245] [INFO] [selfplay:1] [SelfPlay] 647/750 (86%)  pos=59880  W/D/B=270/131/246  (41%/20%/38%)  d4/d7  3.6 games/s (avg 0.4)  823.9K nps  ETA 00:04:12
[2026-03-28T05:10:45.267] [INFO] [selfplay:1] [SelfPlay] 648/750 (86%)  pos=59980  W/D/B=270/131/247  (41%/20%/38%)  d4/d7  3.3 games/s (avg 0.4)  824.6K nps  ETA 00:04:09
[2026-03-28T05:10:54.080] [INFO] [selfplay:1] [SelfPlay] 649/750 (86%)  pos=60066  W/D/B=270/131/248  (41%/20%/38%)  d4/d7  2.9 games/s (avg 0.4)  825.0K nps  ETA 00:03:59
[2026-03-28T05:10:57.345] [INFO] [selfplay:1] [SelfPlay] 650/750 (86%)  pos=60169  W/D/B=271/131/248  (41%/20%/38%)  d4/d7  2.6 games/s (avg 0.4)  826.0K nps  ETA 00:04:04
[2026-03-28T05:10:58.287] [INFO] [selfplay:1] [SelfPlay] 651/750 (86%)  pos=60187  W/D/B=271/131/249  (41%/20%/38%)  d4/d7  2.3 games/s (avg 0.4)  824.3K nps  ETA 00:04:03
[2026-03-28T05:10:59.575] [INFO] [selfplay:1] [SelfPlay] 652/750 (86%)  pos=60246  W/D/B=271/131/250  (41%/20%/38%)  d4/d7  2.1 games/s (avg 0.4)  825.7K nps  ETA 00:04:01
[2026-03-28T05:11:02.307] [INFO] [selfplay:1] [SelfPlay] 653/750 (87%)  pos=60301  W/D/B=271/131/251  (41%/20%/38%)  d4/d7  1.9 games/s (avg 0.4)  826.0K nps  ETA 00:03:56
[2026-03-28T05:11:08.985] [INFO] [selfplay:1] [SelfPlay] 654/750 (87%)  pos=60408  W/D/B=271/132/251  (41%/20%/38%)  d4/d7  1.7 games/s (avg 0.4)  825.7K nps  ETA 00:03:50
[2026-03-28T05:11:09.702] [INFO] [selfplay:1] [SelfPlay] 655/750 (87%)  pos=60471  W/D/B=272/132/251  (41%/20%/38%)  d4/d7  1.6 games/s (avg 0.4)  826.8K nps  ETA 00:03:54
[2026-03-28T05:11:10.328] [INFO] [selfplay:1] [SelfPlay] 656/750 (87%)  pos=60520  W/D/B=273/132/251  (41%/20%/38%)  d4/d7  1.5 games/s (avg 0.4)  827.7K nps  ETA 00:03:52
[2026-03-28T05:11:11.630] [INFO] [selfplay:1] [SelfPlay] 657/750 (87%)  pos=60579  W/D/B=273/133/251  (41%/20%/38%)  d4/d7  1.5 games/s (avg 0.4)  829.0K nps  ETA 00:03:47
[2026-03-28T05:11:13.048] [INFO] [selfplay:1] [SelfPlay] 658/750 (87%)  pos=60728  W/D/B=274/133/251  (41%/20%/38%)  d4/d7  1.4 games/s (avg 0.4)  829.8K nps  ETA 00:03:46
[2026-03-28T05:11:18.171] [INFO] [selfplay:1] [SelfPlay] 659/750 (87%)  pos=60826  W/D/B=275/133/251  (41%/20%/38%)  d4/d7  1.3 games/s (avg 0.4)  828.9K nps  ETA 00:03:39
[2026-03-28T05:11:20.904] [INFO] [selfplay:1] [SelfPlay] 660/750 (88%)  pos=60956  W/D/B=276/133/251  (41%/20%/38%)  d4/d7  1.1 games/s (avg 0.4)  826.7K nps  ETA 00:03:39
[2026-03-28T05:11:21.912] [INFO] [selfplay:1] [SelfPlay] 661/750 (88%)  pos=61052  W/D/B=276/133/252  (41%/20%/38%)  d4/d7  1.0 games/s (avg 0.4)  827.6K nps  ETA 00:03:38
[2026-03-28T05:11:26.328] [INFO] [selfplay:1] [SelfPlay] 662/750 (88%)  pos=61096  W/D/B=276/134/252  (41%/20%/38%)  d4/d7  1.0 games/s (avg 0.4)  827.8K nps  ETA 00:03:33
[2026-03-28T05:11:33.657] [INFO] [selfplay:1] [SelfPlay] 663/750 (88%)  pos=61152  W/D/B=276/134/253  (41%/20%/38%)  d4/d7  0.9 games/s (avg 0.4)  825.9K nps  ETA 00:03:27
[2026-03-28T05:11:35.946] [INFO] [selfplay:1] [SelfPlay] 664/750 (88%)  pos=61210  W/D/B=276/134/254  (41%/20%/38%)  d4/d7  0.8 games/s (avg 0.4)  821.7K nps  ETA 00:03:31
[2026-03-28T05:11:37.656] [INFO] [selfplay:1] [SelfPlay] 665/750 (88%)  pos=61246  W/D/B=276/135/254  (41%/20%/38%)  d4/d7  0.7 games/s (avg 0.4)  820.7K nps  ETA 00:03:28
[2026-03-28T05:11:37.758] [INFO] [selfplay:1] [SelfPlay] 666/750 (88%)  pos=61378  W/D/B=276/135/255  (41%/20%/38%)  d4/d7  0.7 games/s (avg 0.4)  821.9K nps  ETA 00:03:28
[2026-03-28T05:11:38.022] [INFO] [selfplay:1] [SelfPlay] 667/750 (88%)  pos=61412  W/D/B=277/135/255  (41%/20%/38%)  d4/d7  2.1 games/s (avg 0.4)  822.5K nps  ETA 00:03:25
[2026-03-28T05:11:42.147] [INFO] [selfplay:1] [SelfPlay] 668/750 (89%)  pos=61560  W/D/B=277/135/256  (41%/20%/38%)  d4/d7  2.3 games/s (avg 0.4)  824.2K nps  ETA 00:03:18
[2026-03-28T05:11:43.138] [INFO] [selfplay:1] [SelfPlay] 669/750 (89%)  pos=61564  W/D/B=278/135/256  (41%/20%/38%)  d4/d7  2.0 games/s (avg 0.4)  821.6K nps  ETA 00:03:19
[2026-03-28T05:11:43.508] [INFO] [selfplay:1] [SelfPlay] 670/750 (89%)  pos=61612  W/D/B=279/135/256  (41%/20%/38%)  d4/d7  1.9 games/s (avg 0.4)  821.1K nps  ETA 00:03:17
[2026-03-28T05:11:44.700] [INFO] [selfplay:1] [SelfPlay] 671/750 (89%)  pos=61677  W/D/B=279/135/257  (41%/20%/38%)  d4/d7  2.0 games/s (avg 0.4)  822.2K nps  ETA 00:03:12
[2026-03-28T05:11:45.054] [INFO] [selfplay:1] [SelfPlay] 672/750 (89%)  pos=61773  W/D/B=279/135/258  (41%/20%/38%)  d4/d7  1.8 games/s (avg 0.4)  822.9K nps  ETA 00:03:12
[2026-03-28T05:11:45.987] [INFO] [selfplay:1] [SelfPlay] 673/750 (89%)  pos=61796  W/D/B=280/135/258  (41%/20%/38%)  d4/d7  2.0 games/s (avg 0.4)  823.0K nps  ETA 00:03:08
[2026-03-28T05:11:48.089] [INFO] [selfplay:1] [SelfPlay] 674/750 (89%)  pos=61902  W/D/B=281/135/258  (41%/20%/38%)  d4/d7  1.8 games/s (avg 0.4)  824.4K nps  ETA 00:03:05
[2026-03-28T05:11:53.992] [INFO] [selfplay:1] [SelfPlay] 675/750 (90%)  pos=61987  W/D/B=281/135/259  (41%/20%/38%)  d4/d7  1.6 games/s (avg 0.4)  824.5K nps  ETA 00:02:58
[2026-03-28T05:11:54.508] [INFO] [selfplay:1] [SelfPlay] 676/750 (90%)  pos=62102  W/D/B=282/135/259  (41%/19%/38%)  d4/d7  1.4 games/s (avg 0.4)  822.6K nps  ETA 00:03:02
[2026-03-28T05:12:02.119] [INFO] [selfplay:1] [SelfPlay] 677/750 (90%)  pos=62152  W/D/B=283/135/259  (41%/19%/38%)  d4/d7  1.5 games/s (avg 0.4)  823.1K nps  ETA 00:02:51
[2026-03-28T05:12:06.278] [INFO] [selfplay:1] [SelfPlay] 678/750 (90%)  pos=62197  W/D/B=283/135/260  (41%/19%/38%)  d4/d7  1.4 games/s (avg 0.4)  823.7K nps  ETA 00:02:53
[2026-03-28T05:12:09.589] [INFO] [selfplay:1] [SelfPlay] 679/750 (90%)  pos=62268  W/D/B=284/135/260  (41%/19%/38%)  d4/d7  1.2 games/s (avg 0.4)  821.7K nps  ETA 00:02:51
[2026-03-28T05:12:10.365] [INFO] [selfplay:1] [SelfPlay] 680/750 (90%)  pos=62399  W/D/B=284/135/261  (41%/19%/38%)  d4/d7  1.1 games/s (avg 0.4)  820.5K nps  ETA 00:02:53
[2026-03-28T05:12:11.530] [INFO] [selfplay:1] [SelfPlay] 681/750 (90%)  pos=62490  W/D/B=284/136/261  (41%/19%/38%)  d4/d7  1.1 games/s (avg 0.4)  821.8K nps  ETA 00:02:49
[2026-03-28T05:12:12.911] [INFO] [selfplay:1] [SelfPlay] 682/750 (90%)  pos=62498  W/D/B=285/136/261  (41%/19%/38%)  d4/d7  1.1 games/s (avg 0.4)  821.2K nps  ETA 00:02:45
[2026-03-28T05:12:13.766] [INFO] [selfplay:1] [SelfPlay] 683/750 (91%)  pos=62574  W/D/B=286/136/261  (41%/19%/38%)  d4/d7  1.0 games/s (avg 0.4)  820.4K nps  ETA 00:02:44
[2026-03-28T05:12:15.090] [INFO] [selfplay:1] [SelfPlay] 684/750 (91%)  pos=62655  W/D/B=286/137/261  (41%/20%/38%)  d4/d7  1.0 games/s (avg 0.4)  820.0K nps  ETA 00:02:41
[2026-03-28T05:12:17.315] [INFO] [selfplay:1] [SelfPlay] 685/750 (91%)  pos=62725  W/D/B=286/137/262  (41%/20%/38%)  d4/d7  1.0 games/s (avg 0.4)  820.5K nps  ETA 00:02:38
[2026-03-28T05:12:19.575] [INFO] [selfplay:1] [SelfPlay] 686/750 (91%)  pos=62834  W/D/B=287/137/262  (41%/19%/38%)  d4/d7  0.9 games/s (avg 0.4)  820.4K nps  ETA 00:02:35
[2026-03-28T05:12:22.015] [INFO] [selfplay:1] [SelfPlay] 687/750 (91%)  pos=62925  W/D/B=287/137/263  (41%/19%/38%)  d4/d7  0.8 games/s (avg 0.4)  821.4K nps  ETA 00:02:32
[2026-03-28T05:12:23.579] [INFO] [selfplay:1] [SelfPlay] 688/750 (91%)  pos=63003  W/D/B=287/137/264  (41%/19%/38%)  d4/d7  0.8 games/s (avg 0.4)  820.0K nps  ETA 00:02:31
[2026-03-28T05:12:29.467] [INFO] [selfplay:1] [SelfPlay] 689/750 (91%)  pos=63102  W/D/B=287/137/265  (41%/19%/38%)  d4/d7  0.8 games/s (avg 0.4)  820.5K nps  ETA 00:02:24
[2026-03-28T05:12:30.462] [INFO] [selfplay:1] [SelfPlay] 690/750 (92%)  pos=63184  W/D/B=287/137/266  (41%/19%/38%)  d4/d7  0.7 games/s (avg 0.4)  816.8K nps  ETA 00:02:26
[2026-03-28T05:12:34.361] [INFO] [selfplay:1] [SelfPlay] 691/750 (92%)  pos=63307  W/D/B=287/137/267  (41%/19%/38%)  d4/d7  0.7 games/s (avg 0.4)  818.0K nps  ETA 00:02:21
[2026-03-28T05:12:34.713] [INFO] [selfplay:1] [SelfPlay] 692/750 (92%)  pos=63401  W/D/B=287/137/268  (41%/19%/38%)  d4/d7  0.7 games/s (avg 0.4)  817.1K nps  ETA 00:02:22
[2026-03-28T05:12:39.088] [INFO] [selfplay:1] [SelfPlay] 693/750 (92%)  pos=63468  W/D/B=288/137/268  (41%/19%/38%)  d4/d7  1.0 games/s (avg 0.4)  818.6K nps  ETA 00:02:16
[2026-03-28T05:12:42.832] [INFO] [selfplay:1] [SelfPlay] 694/750 (92%)  pos=63532  W/D/B=289/137/268  (41%/19%/38%)  d4/d7  0.9 games/s (avg 0.4)  816.7K nps  ETA 00:02:14
[2026-03-28T05:12:46.265] [INFO] [selfplay:1] [SelfPlay] 695/750 (92%)  pos=63606  W/D/B=289/138/268  (41%/19%/38%)  d4/d7  0.8 games/s (avg 0.4)  815.2K nps  ETA 00:02:12
[2026-03-28T05:12:48.066] [INFO] [selfplay:1] [SelfPlay] 696/750 (92%)  pos=63641  W/D/B=290/138/268  (41%/19%/38%)  d4/d7  0.7 games/s (avg 0.4)  814.2K nps  ETA 00:02:11
[2026-03-28T05:12:52.461] [INFO] [selfplay:1] [SelfPlay] 697/750 (92%)  pos=63777  W/D/B=291/138/268  (41%/19%/38%)  d4/d7  0.7 games/s (avg 0.4)  814.8K nps  ETA 00:02:06
[2026-03-28T05:12:53.067] [INFO] [selfplay:1] [SelfPlay] 698/750 (93%)  pos=63889  W/D/B=291/139/268  (41%/19%/38%)  d4/d7  0.6 games/s (avg 0.4)  813.5K nps  ETA 00:02:07
[2026-03-28T05:12:58.484] [INFO] [selfplay:1] [SelfPlay] 699/750 (93%)  pos=63948  W/D/B=291/140/268  (41%/20%/38%)  d4/d7  0.8 games/s (avg 0.4)  813.9K nps  ETA 00:02:00
[2026-03-28T05:13:01.540] [INFO] [selfplay:1] [SelfPlay] 700/750 (93%)  pos=64025  W/D/B=292/140/268  (41%/20%/38%)  d4/d7  0.7 games/s (avg 0.4)  811.9K nps  ETA 00:02:00
[2026-03-28T05:13:09.765] [INFO] [selfplay:1] [SelfPlay] 701/750 (93%)  pos=64134  W/D/B=292/140/269  (41%/19%/38%)  d4/d7  0.6 games/s (avg 0.4)  812.9K nps  ETA 00:01:52
[2026-03-28T05:13:11.344] [INFO] [selfplay:1] [SelfPlay] 702/750 (93%)  pos=64185  W/D/B=293/140/269  (41%/19%/38%)  d4/d7  0.6 games/s (avg 0.4)  808.9K nps  ETA 00:01:58
[2026-03-28T05:13:13.552] [INFO] [selfplay:1] [SelfPlay] 703/750 (93%)  pos=64256  W/D/B=294/140/269  (41%/19%/38%)  d4/d7  0.6 games/s (avg 0.4)  809.1K nps  ETA 00:01:54
[2026-03-28T05:13:17.917] [INFO] [selfplay:1] [SelfPlay] 704/750 (93%)  pos=64374  W/D/B=294/141/269  (41%/20%/38%)  d4/d7  0.5 games/s (avg 0.4)  808.7K nps  ETA 00:01:49
[2026-03-28T05:13:18.583] [INFO] [selfplay:1] [SelfPlay] 705/750 (94%)  pos=64486  W/D/B=294/142/269  (41%/20%/38%)  d4/d7  0.5 games/s (avg 0.4)  807.6K nps  ETA 00:01:51
[2026-03-28T05:13:19.940] [INFO] [selfplay:1] [SelfPlay] 706/750 (94%)  pos=64595  W/D/B=295/142/269  (41%/20%/38%)  d4/d7  0.6 games/s (avg 0.4)  809.0K nps  ETA 00:01:47
[2026-03-28T05:13:20.318] [INFO] [selfplay:1] [SelfPlay] 707/750 (94%)  pos=64701  W/D/B=296/142/269  (41%/20%/38%)  d4/d7  0.7 games/s (avg 0.4)  810.6K nps  ETA 00:01:46
[2026-03-28T05:13:21.565] [INFO] [selfplay:1] [SelfPlay] 708/750 (94%)  pos=64762  W/D/B=296/143/269  (41%/20%/37%)  d4/d7  1.0 games/s (avg 0.4)  810.4K nps  ETA 00:01:42
[2026-03-28T05:13:22.065] [INFO] [selfplay:1] [SelfPlay] 709/750 (94%)  pos=64874  W/D/B=297/143/269  (41%/20%/37%)  d4/d7  0.9 games/s (avg 0.4)  811.3K nps  ETA 00:01:40
[2026-03-28T05:13:27.916] [INFO] [selfplay:1] [SelfPlay] 710/750 (94%)  pos=64925  W/D/B=298/143/269  (41%/20%/37%)  d4/d7  1.1 games/s (avg 0.4)  811.1K nps  ETA 00:01:32
[2026-03-28T05:13:29.634] [INFO] [selfplay:1] [SelfPlay] 711/750 (94%)  pos=65008  W/D/B=299/143/269  (42%/20%/37%)  d4/d7  1.0 games/s (avg 0.4)  808.8K nps  ETA 00:01:34
[2026-03-28T05:13:30.674] [INFO] [selfplay:1] [SelfPlay] 712/750 (94%)  pos=65039  W/D/B=299/144/269  (41%/20%/37%)  d4/d7  0.9 games/s (avg 0.4)  808.5K nps  ETA 00:01:33
[2026-03-28T05:13:32.361] [INFO] [selfplay:1] [SelfPlay] 713/750 (95%)  pos=65119  W/D/B=300/144/269  (42%/20%/37%)  d4/d7  0.9 games/s (avg 0.4)  809.0K nps  ETA 00:01:30
[2026-03-28T05:13:35.440] [INFO] [selfplay:1] [SelfPlay] 714/750 (95%)  pos=65159  W/D/B=300/145/269  (42%/20%/37%)  d4/d7  0.9 games/s (avg 0.4)  808.1K nps  ETA 00:01:25
[2026-03-28T05:13:37.385] [INFO] [selfplay:1] [SelfPlay] 715/750 (95%)  pos=65214  W/D/B=300/145/270  (41%/20%/37%)  d4/d7  0.8 games/s (avg 0.4)  807.9K nps  ETA 00:01:24
[2026-03-28T05:13:38.095] [INFO] [selfplay:1] [SelfPlay] 716/750 (95%)  pos=65268  W/D/B=301/145/270  (42%/20%/37%)  d4/d7  0.7 games/s (avg 0.4)  807.4K nps  ETA 00:01:23
[2026-03-28T05:13:38.255] [INFO] [selfplay:1] [SelfPlay] 717/750 (95%)  pos=65372  W/D/B=301/145/271  (41%/20%/37%)  d4/d7  0.8 games/s (avg 0.4)  809.0K nps  ETA 00:01:21
[2026-03-28T05:13:48.314] [INFO] [selfplay:1] [SelfPlay] 718/750 (95%)  pos=65422  W/D/B=302/145/271  (42%/20%/37%)  d4/d7  1.7 games/s (avg 0.4)  810.4K nps  ETA 00:01:08
[2026-03-28T05:13:50.404] [INFO] [selfplay:1] [SelfPlay] 719/750 (95%)  pos=65546  W/D/B=303/145/271  (42%/20%/37%)  d4/d7  1.5 games/s (avg 0.4)  811.1K nps  ETA 00:01:14
[2026-03-28T05:13:52.563] [INFO] [selfplay:1] [SelfPlay] 720/750 (96%)  pos=65549  W/D/B=303/145/272  (42%/20%/37%)  d4/d7  1.4 games/s (avg 0.4)  809.9K nps  ETA 00:01:12
[2026-03-28T05:13:56.243] [INFO] [selfplay:1] [SelfPlay] 721/750 (96%)  pos=65625  W/D/B=303/145/273  (42%/20%/37%)  d4/d7  1.2 games/s (avg 0.4)  809.8K nps  ETA 00:01:07
[2026-03-28T05:13:57.583] [INFO] [selfplay:1] [SelfPlay] 722/750 (96%)  pos=65701  W/D/B=304/145/273  (42%/20%/37%)  d4/d7  1.1 games/s (avg 0.4)  808.6K nps  ETA 00:01:08
[2026-03-28T05:14:01.488] [INFO] [selfplay:1] [SelfPlay] 723/750 (96%)  pos=65774  W/D/B=305/145/273  (42%/20%/37%)  d4/d7  1.0 games/s (avg 0.4)  809.1K nps  ETA 00:01:02
[2026-03-28T05:14:04.525] [INFO] [selfplay:1] [SelfPlay] 724/750 (96%)  pos=65809  W/D/B=306/145/273  (42%/20%/37%)  d4/d7  0.9 games/s (avg 0.4)  807.7K nps  ETA 00:01:01
[2026-03-28T05:14:09.614] [INFO] [selfplay:1] [SelfPlay] 725/750 (96%)  pos=65882  W/D/B=306/146/273  (42%/20%/37%)  d4/d7  0.8 games/s (avg 0.4)  806.8K nps  ETA 00:00:55
[2026-03-28T05:14:10.260] [INFO] [selfplay:1] [SelfPlay] 726/750 (96%)  pos=65975  W/D/B=307/146/273  (42%/20%/37%)  d4/d7  0.7 games/s (avg 0.4)  805.0K nps  ETA 00:00:59
[2026-03-28T05:14:10.630] [INFO] [selfplay:1] [SelfPlay] 727/750 (96%)  pos=66090  W/D/B=308/146/273  (42%/20%/37%)  d4/d7  0.9 games/s (avg 0.4)  804.8K nps  ETA 00:00:56
[2026-03-28T05:14:12.318] [INFO] [selfplay:1] [SelfPlay] 728/750 (97%)  pos=66175  W/D/B=308/146/274  (42%/20%/37%)  d4/d7  1.1 games/s (avg 0.4)  806.7K nps  ETA 00:00:53
[2026-03-28T05:14:14.319] [INFO] [selfplay:1] [SelfPlay] 729/750 (97%)  pos=66303  W/D/B=309/146/274  (42%/20%/37%)  d4/d7  1.1 games/s (avg 0.4)  807.2K nps  ETA 00:00:49
[2026-03-28T05:14:14.751] [INFO] [selfplay:1] [SelfPlay] 730/750 (97%)  pos=66349  W/D/B=309/147/274  (42%/20%/37%)  d4/d7  1.0 games/s (avg 0.4)  806.1K nps  ETA 00:00:48
[2026-03-28T05:14:19.118] [INFO] [selfplay:1] [SelfPlay] 731/750 (97%)  pos=66498  W/D/B=309/147/275  (42%/20%/37%)  d4/d7  1.2 games/s (avg 0.4)  808.3K nps  ETA 00:00:42
[2026-03-28T05:14:24.779] [INFO] [selfplay:1] [SelfPlay] 732/750 (97%)  pos=66618  W/D/B=309/147/276  (42%/20%/37%)  d4/d7  1.0 games/s (avg 0.4)  807.6K nps  ETA 00:00:38
[2026-03-28T05:14:25.663] [INFO] [selfplay:1] [SelfPlay] 733/750 (97%)  pos=66813  W/D/B=309/148/276  (42%/20%/37%)  d4/d7  0.9 games/s (avg 0.4)  806.0K nps  ETA 00:00:41
[2026-03-28T05:14:29.236] [INFO] [selfplay:1] [SelfPlay] 734/750 (97%)  pos=66879  W/D/B=309/148/277  (42%/20%/37%)  d4/d7  0.9 games/s (avg 0.4)  806.8K nps  ETA 00:00:36
[2026-03-28T05:14:29.551] [INFO] [selfplay:1] [SelfPlay] 735/750 (98%)  pos=66963  W/D/B=309/149/277  (42%/20%/37%)  d4/d7  0.8 games/s (avg 0.4)  805.8K nps  ETA 00:00:37
[2026-03-28T05:14:31.081] [INFO] [selfplay:1] [SelfPlay] 736/750 (98%)  pos=67087  W/D/B=310/149/277  (42%/20%/37%)  d4/d7  1.2 games/s (avg 0.4)  805.8K nps  ETA 00:00:32
[2026-03-28T05:14:33.319] [INFO] [selfplay:1] [SelfPlay] 737/750 (98%)  pos=67153  W/D/B=311/149/277  (42%/20%/37%)  d4/d7  1.1 games/s (avg 0.4)  806.2K nps  ETA 00:00:30
[2026-03-28T05:14:34.902] [INFO] [selfplay:1] [SelfPlay] 738/750 (98%)  pos=67300  W/D/B=311/149/278  (42%/20%/37%)  d4/d7  1.0 games/s (avg 0.4)  805.0K nps  ETA 00:00:27
[2026-03-28T05:14:34.962] [INFO] [selfplay:1] [SelfPlay] 739/750 (98%)  pos=67429  W/D/B=311/149/279  (42%/20%/37%)  d4/d7  1.0 games/s (avg 0.4)  805.3K nps  ETA 00:00:29
[2026-03-28T05:14:35.886] [INFO] [selfplay:1] [SelfPlay] 740/750 (98%)  pos=67560  W/D/B=312/149/279  (42%/20%/37%)  d4/d7  3.3 games/s (avg 0.4)  806.9K nps  ETA 00:00:28
[2026-03-28T05:14:42.438] [INFO] [selfplay:1] [SelfPlay] 741/750 (98%)  pos=67600  W/D/B=312/149/280  (42%/20%/37%)  d4/d7  3.0 games/s (avg 0.4)  807.1K nps  ETA 00:00:23
[2026-03-28T05:14:46.653] [INFO] [selfplay:1] [SelfPlay] 742/750 (98%)  pos=67645  W/D/B=312/150/280  (42%/20%/37%)  d4/d7  2.8 games/s (avg 0.4)  807.9K nps  ETA 00:00:24
[2026-03-28T05:14:47.219] [INFO] [selfplay:1] [SelfPlay] 743/750 (99%)  pos=67711  W/D/B=312/150/281  (41%/20%/37%)  d4/d7  2.5 games/s (avg 0.4)  809.0K nps  ETA 00:00:29
[2026-03-28T05:14:49.488] [INFO] [selfplay:1] [SelfPlay] 744/750 (99%)  pos=67836  W/D/B=313/150/281  (42%/20%/37%)  d4/d7  2.4 games/s (avg 0.4)  810.2K nps  ETA 00:00:27
[2026-03-28T05:14:50.525] [INFO] [selfplay:1] [SelfPlay] 745/750 (99%)  pos=67898  W/D/B=314/150/281  (42%/20%/37%)  d4/d7  2.1 games/s (avg 0.4)  810.3K nps  ETA 00:00:28
[2026-03-28T05:14:52.766] [INFO] [selfplay:1] [SelfPlay] 746/750 (99%)  pos=67951  W/D/B=314/151/281  (42%/20%/37%)  d4/d7  2.0 games/s (avg 0.4)  810.4K nps  ETA 00:00:26
[2026-03-28T05:14:57.203] [INFO] [selfplay:1] [SelfPlay] 747/750 (99%)  pos=68064  W/D/B=314/151/282  (42%/20%/37%)  d4/d7  1.7 games/s (avg 0.4)  810.5K nps  ETA 00:00:25
[2026-03-28T05:14:57.687] [INFO] [selfplay:1] [SelfPlay] 748/750 (99%)  pos=68181  W/D/B=315/151/282  (42%/20%/37%)  d4/d7  1.5 games/s (avg 0.4)  809.0K nps  ETA 00:00:28
[2026-03-28T05:15:08.923] [INFO] [selfplay:1] [SelfPlay] 749/750 (99%)  pos=68212  W/D/B=315/151/283  (42%/20%/37%)  d4/d7  1.6 games/s (avg 0.4)  810.1K nps  ETA 00:00:18
[2026-03-28T05:15:09.581] [INFO] [selfplay:1] [SelfPlay] 750/750 (100%)  pos=68276  W/D/B=316/151/283  (42%/20%/37%)  d4/d7  1.5 games/s (avg 0.4)  811.9K nps  ETA 00:00:00
[2026-03-28T05:15:09.604] [INFO] [selfplay:1] [SelfPlay] Done. 68276 positions written to C:\Users\chris\pyproj\my_env\Projects\ChessEngine\x64\Release\assets\selfplay_gen8.bin
[2026-03-28T05:15:09.681] [EVENT] [selfplay:8] PHASE_END success=true elapsed_sec=1862.0
[2026-03-28T05:15:10.287] [INFO] [selfplay:1]   Using Stockfish-labeled data: C:\Users\chris\pyproj\my_env\Projects\ChessEngine\x64\Release\assets\training_data_sf.bin
[2026-03-28T05:15:10.287] [INFO] [selfplay:1]   Self-play current gen (weight 0.0902, base gets 0.75)
[2026-03-28T05:15:10.287] [INFO] [selfplay:1]   Replay buffer: gen 7 (weight 0.0631)
[2026-03-28T05:15:10.287] [INFO] [selfplay:1]   Replay buffer: gen 6 (weight 0.0442)
[2026-03-28T05:15:10.287] [INFO] [selfplay:1]   Replay buffer: gen 5 (weight 0.0309)
[2026-03-28T05:15:10.287] [INFO] [selfplay:1]   Replay buffer: gen 4 (weight 0.0216)
[2026-03-28T05:15:10.287] [EVENT] [training:8] PHASE_START epochs=12 batch=2048 lr=0.0002
[2026-03-28T05:15:10.287] [CMD] [training:1] [CMD] py -3.10 -u "C:\Users\chris\pyproj\my_env\Projects\ChessEngine\x64\Release\train_nnue.py" --data "C:\Users\chris\pyproj\my_env\Projects\ChessEngine\x64\Release\assets\training_data_sf.bin" --extra-data "C:\Users\chris\pyproj\my_env\Projects\ChessEngine\x64\Release\assets\selfplay_gen8.bin" 0.0902 --extra-data "C:\Users\chris\pyproj\my_env\Projects\ChessEngine\x64\Release\assets\selfplay_gen7.bin" 0.0631 --extra-data "C:\Users\chris\pyproj\my_env\Projects\ChessEngine\x64\Release\assets\selfplay_gen6.bin" 0.0442 --extra-data "C:\Users\chris\pyproj\my_env\Projects\ChessEngine\x64\Release\assets\selfplay_gen5.bin" 0.0309 --extra-data "C:\Users\chris\pyproj\my_env\Projects\ChessEngine\x64\Release\assets\selfplay_gen4.bin" 0.0216 --max-positions 200000 --epochs 12 --batch-size 2048 --lr 0.0002 --lr-min 0.00001 --weight-decay 0.0005 --dropout 0.2 --grad-clip 1.0 --grad-accum 4 --warmup-steps 100 --draw-weight 0.3 --mate-boost 10.0 --early-stop 8 --wdl-alpha 0.3 --wdl-draw-elo 50.0 --enhanced --plot --cosine-lr --no-cosine-restarts --swa --swa-start 5 --label-smoothing 0.01 --extra-data "C:\Users\chris\pyproj\my_env\Projects\ChessEngine\x64\Release\assets\training_data_draws.bin" 0.3 --load-weights "C:\Users\chris\pyproj\my_env\Projects\ChessEngine\x64\Release\assets\nnue_weights_gen7.bin" --output "C:\Users\chris\pyproj\my_env\Projects\ChessEngine\x64\Release\assets\nnue_weights.bin"
[2026-03-28T05:15:12.945] [INFO] [training:1] === Enhanced mode v3: warmup=100, grad_accum=4, SWA=ON, label_smooth=0.01, filter_eval=1000.0, eval_soft_cap=800.0, draw_weight=0.3x, wdl_alpha=0.3, wdl_draw_elo=50.0, cosine_decay ===
[2026-03-28T05:15:12.945] [INFO] [training:1] Using device: CPU (optimized)
[2026-03-28T05:15:12.989] [INFO] [training:1]   CPU threads: 16
[2026-03-28T05:15:12.999] [INFO] [training:1]   --max-positions: distributing 200,000 budget across 7 sources by ratio
[2026-03-28T05:15:12.999] [INFO] [training:1]     training_data_sf.bin: 25,194,593 -> 89,999 (ratio 45.0%)
[2026-03-28T05:15:12.999] [INFO] [training:1]     selfplay_gen8.bin: 68,276 -> 18,040 (ratio 9.0%)
[2026-03-28T05:15:12.999] [INFO] [training:1]     selfplay_gen7.bin: 68,956 -> 12,620 (ratio 6.3%)
[2026-03-28T05:15:12.999] [INFO] [training:1]     selfplay_gen6.bin: 72,623 -> 8,840 (ratio 4.4%)
[2026-03-28T05:15:12.999] [INFO] [training:1]     selfplay_gen5.bin: 50,027 -> 6,180 (ratio 3.1%)
[2026-03-28T05:15:12.999] [INFO] [training:1]     selfplay_gen4.bin: 48,576 -> 4,320 (ratio 2.2%)
[2026-03-28T05:15:12.999] [INFO] [training:1]     training_data_draws.bin: 35,143,613 -> 60,000 (ratio 30.0%)
[2026-03-28T05:15:12.999] [INFO] [training:1] Datasets:             7 sources (ratio-based sampling)
[2026-03-28T05:15:12.999] [INFO] [training:1]   - training_data_sf.bin                     ratio=45.0%  pos=89,999
[2026-03-28T05:15:12.999] [INFO] [training:1]   - selfplay_gen8.bin                        ratio=9.0%  pos=18,040
[2026-03-28T05:15:12.999] [INFO] [training:1]   - selfplay_gen7.bin                        ratio=6.3%  pos=12,620
[2026-03-28T05:15:12.999] [INFO] [training:1]   - selfplay_gen6.bin                        ratio=4.4%  pos=8,840
[2026-03-28T05:15:13.000] [INFO] [training:1]   - selfplay_gen5.bin                        ratio=3.1%  pos=6,180
[2026-03-28T05:15:13.000] [INFO] [training:1]   - selfplay_gen4.bin                        ratio=2.2%  pos=4,320
[2026-03-28T05:15:13.000] [INFO] [training:1]   - training_data_draws.bin                  ratio=30.0%  pos=60,000
[2026-03-28T05:15:13.000] [INFO] [training:1]   Total positions: 199,999
[2026-03-28T05:15:13.000] [INFO] [training:1]   Mode: PRELOAD (full dataset fits in RAM)
[2026-03-28T05:15:13.228] [INFO] [training:1] Weights loaded from C:\Users\chris\pyproj\my_env\Projects\ChessEngine\x64\Release\assets\nnue_weights_gen7.bin
[2026-03-28T05:15:13.231] [INFO] [training:1] Loaded existing weights from C:\Users\chris\pyproj\my_env\Projects\ChessEngine\x64\Release\assets\nnue_weights_gen7.bin
[2026-03-28T05:15:14.210] [INFO] [training:1]   Fresh optimizer (--load-weights skips old optimizer state)
[2026-03-28T05:15:14.210] [INFO] [training:1] ============================================================
[2026-03-28T05:15:14.210] [INFO] [training:1] Training Configuration:
[2026-03-28T05:15:14.210] [INFO] [training:1]   Positions:         199,999
[2026-03-28T05:15:14.210] [INFO] [training:1]   Batch size:        2048 (effective: 8192 with grad accum x4)
[2026-03-28T05:15:14.210] [INFO] [training:1]   Epochs:            12
[2026-03-28T05:15:14.210] [INFO] [training:1]   Learning rate:     0.0002
[2026-03-28T05:15:14.210] [INFO] [training:1]   LR schedule:       Cosine Decay (T_max=8, warmup_epochs~4)
[2026-03-28T05:15:14.210] [INFO] [training:1]   LR min:            1e-05
[2026-03-28T05:15:14.210] [INFO] [training:1]   LR warmup:         100 optimizer steps
[2026-03-28T05:15:14.210] [INFO] [training:1]   Lambda (eval/res): 0.5
[2026-03-28T05:15:14.210] [INFO] [training:1]   Eval scale:        400.0
[2026-03-28T05:15:14.210] [INFO] [training:1]   Phase balanced:    True
[2026-03-28T05:15:14.210] [INFO] [training:1]   Early stop:        8 epochs
[2026-03-28T05:15:14.210] [INFO] [training:1]   Weight decay:      0.0005
[2026-03-28T05:15:14.210] [INFO] [training:1]   Dropout:           0.2
[2026-03-28T05:15:14.210] [INFO] [training:1]   Grad accumulation: 4x
[2026-03-28T05:15:14.210] [INFO] [training:1]   Label smoothing:   0.01
[2026-03-28T05:15:14.210] [INFO] [training:1]   SWA:               ON (start epoch 5)
[2026-03-28T05:15:14.210] [INFO] [training:1]   Filter eval max:   1000.0
[2026-03-28T05:15:14.210] [INFO] [training:1]   Eval soft-cap:     800.0
[2026-03-28T05:15:14.210] [INFO] [training:1]   Draw weight:       0.3x
[2026-03-28T05:15:14.210] [INFO] [training:1]   Mate boost:        10.0x
[2026-03-28T05:15:14.210] [INFO] [training:1]   Async prefetch:    N/A (preload mode)
[2026-03-28T05:15:14.210] [INFO] [training:1]   WDL CE loss:       ON (alpha=0.3, lambda=0.5 (from --lam), draw_elo=50.0)
[2026-03-28T05:15:14.210] [INFO] [training:1]   Activation:        SCReLU (squared clipped ReLU)
[2026-03-28T05:15:14.210] [INFO] [training:1]   Architecture:      40960->512->128->64->WDL(3)x3heads
[2026-03-28T05:15:14.210] [INFO] [training:1]   Grad clip norm:    1.0
[2026-03-28T05:15:14.210] [INFO] [training:1]   Streaming:         False
[2026-03-28T05:15:14.210] [INFO] [training:1]   Datasets:          7 sources (ratio-based sampling)
[2026-03-28T05:15:14.210] [INFO] [training:1]     - training_data_sf.bin            ratio=45.0%  pos=89,999
[2026-03-28T05:15:14.210] [INFO] [training:1]     - selfplay_gen8.bin               ratio=9.0%  pos=18,040
[2026-03-28T05:15:14.210] [INFO] [training:1]     - selfplay_gen7.bin               ratio=6.3%  pos=12,620
[2026-03-28T05:15:14.210] [INFO] [training:1]     - selfplay_gen6.bin               ratio=4.4%  pos=8,840
[2026-03-28T05:15:14.210] [INFO] [training:1]     - selfplay_gen5.bin               ratio=3.1%  pos=6,180
[2026-03-28T05:15:14.210] [INFO] [training:1]     - selfplay_gen4.bin               ratio=2.2%  pos=4,320
[2026-03-28T05:15:14.210] [INFO] [training:1]     - training_data_draws.bin         ratio=30.0%  pos=60,000
[2026-03-28T05:15:14.210] [INFO] [training:1] ============================================================
[2026-03-28T05:15:14.210] [INFO] [training:1]   Multi-dataset preload: ratios will be applied during epoch sampling.
[2026-03-28T05:15:14.210] [INFO] [training:1]   Loading 7 datasets sequentially...
[2026-03-28T05:15:14.210] [INFO] [training:1] Loading positions from C:\Users\chris\pyproj\my_env\Projects\ChessEngine\x64\Release\assets\training_data_sf.bin...
[2026-03-28T05:15:14.210] [INFO] [training:1]   Total positions: 25,194,593 — using offset-cache fast path (avoids reading 1201 MB into RAM)
[2026-03-28T05:15:14.210] [INFO] [training:1] Scanning C:\Users\chris\pyproj\my_env\Projects\ChessEngine\x64\Release\assets\training_data_sf.bin for position offsets...
[2026-03-28T05:15:15.015] [INFO] [training:1]   Loaded cached index: 25,194,593 offsets (C:\Users\chris\pyproj\my_env\Projects\ChessEngine\x64\Release\assets\training_data_sf.bin.offidx)
[2026-03-28T05:15:16.442] [INFO] [training:1]   Sampled 89,999 from 25,194,593 positions (reservoir)
[2026-03-28T05:15:21.958] [INFO] [training:1]     Parsed 50,000/89,999 positions (16897 pos/s,
[2026-03-28T05:15:21.958] [INFO] [training:1]   Parsed 89,999 positions in 5.5s (16,355 pos/s)
[2026-03-28T05:15:21.958] [INFO] [training:1]   Vectorized HalfKAv2 conversion (89,999 positions)...
[2026-03-28T05:15:22.235] [INFO] [training:1]   HalfKAv2 conversion: 0.3s (324,767 pos/s)
[2026-03-28T05:15:22.253] [INFO] [training:1]   Converting to tensors...
[2026-03-28T05:15:22.253] [INFO] [training:1] Phase distribution: Opening=25,667, Middlegame=28,972, Endgame=31,571
[2026-03-28T05:15:22.254] [INFO] [training:1]   [training_data_sf.bin] loaded: 86,210 positions
[2026-03-28T05:15:22.327] [INFO] [training:1] Loading positions from C:\Users\chris\pyproj\my_env\Projects\ChessEngine\x64\Release\assets\selfplay_gen8.bin...
[2026-03-28T05:15:22.327] [INFO] [training:1]   Total positions: 68,276 — using offset-cache fast path (avoids reading 3 MB into RAM)
[2026-03-28T05:15:22.327] [INFO] [training:1] Scanning C:\Users\chris\pyproj\my_env\Projects\ChessEngine\x64\Release\assets\selfplay_gen8.bin for position offsets...
[2026-03-28T05:15:22.327] [INFO] [training:1]   Building offset index (first time, may take several minutes)...
[2026-03-28T05:15:22.328] [INFO] [training:1]   Total positions: 68,276 (header: versioned)
[2026-03-28T05:15:22.368] [INFO] [training:1]   Scan complete: 68,276 positions indexed.[K
[2026-03-28T05:15:22.373] [INFO] [training:1]   Saved offset cache: 0.5 MB (C:\Users\chris\pyproj\my_env\Projects\ChessEngine\x64\Release\assets\selfplay_gen8.bin.offidx)
[2026-03-28T05:15:22.375] [INFO] [training:1]   Sampled 18,040 from 68,276 positions (reservoir)
[2026-03-28T05:15:22.432] [INFO] [training:1]   Parsed 18,040 positions in 0.1s (316,493 pos/s)
[2026-03-28T05:15:22.432] [INFO] [training:1]   Vectorized HalfKAv2 conversion (18,040 positions)...
[2026-03-28T05:15:22.550] [INFO] [training:1]   HalfKAv2 conversion: 0.1s (153,513 pos/s)
[2026-03-28T05:15:22.552] [INFO] [training:1]   Converting to tensors...
[2026-03-28T05:15:22.552] [INFO] [training:1] Phase distribution: Opening=2,167, Middlegame=8,170, Endgame=7,170
[2026-03-28T05:15:22.553] [INFO] [training:1]   [selfplay_gen8.bin] loaded: 17,507 positions
[2026-03-28T05:15:22.638] [INFO] [training:1] Loading positions from C:\Users\chris\pyproj\my_env\Projects\ChessEngine\x64\Release\assets\selfplay_gen7.bin...
[2026-03-28T05:15:22.638] [INFO] [training:1]   Total positions: 68,956 — using offset-cache fast path (avoids reading 3 MB into RAM)
[2026-03-28T05:15:22.638] [INFO] [training:1] Scanning C:\Users\chris\pyproj\my_env\Projects\ChessEngine\x64\Release\assets\selfplay_gen7.bin for position offsets...
[2026-03-28T05:15:22.651] [INFO] [training:1]   Loaded cached index: 68,956 offsets (C:\Users\chris\pyproj\my_env\Projects\ChessEngine\x64\Release\assets\selfplay_gen7.bin.offidx)
[2026-03-28T05:15:22.652] [INFO] [training:1]   Sampled 12,620 from 68,956 positions (reservoir)
[2026-03-28T05:15:22.690] [INFO] [training:1]   Parsed 12,620 positions in 0.0s (333,259 pos/s)
[2026-03-28T05:15:22.690] [INFO] [training:1]   Vectorized HalfKAv2 conversion (12,620 positions)...
[2026-03-28T05:15:22.787] [INFO] [training:1]   HalfKAv2 conversion: 0.1s (131,139 pos/s)
[2026-03-28T05:15:22.789] [INFO] [training:1]   Converting to tensors...
[2026-03-28T05:15:22.789] [INFO] [training:1] Phase distribution: Opening=1,530, Middlegame=5,663, Endgame=5,036
[2026-03-28T05:15:22.789] [INFO] [training:1]   [selfplay_gen7.bin] loaded: 12,229 positions
[2026-03-28T05:15:22.858] [INFO] [training:1] Loading positions from C:\Users\chris\pyproj\my_env\Projects\ChessEngine\x64\Release\assets\selfplay_gen6.bin...
[2026-03-28T05:15:22.859] [INFO] [training:1]   Total positions: 72,623 — using offset-cache fast path (avoids reading 3 MB into RAM)
[2026-03-28T05:15:22.859] [INFO] [training:1] Scanning C:\Users\chris\pyproj\my_env\Projects\ChessEngine\x64\Release\assets\selfplay_gen6.bin for position offsets...
[2026-03-28T05:15:22.863] [INFO] [training:1]   Loaded cached index: 72,623 offsets (C:\Users\chris\pyproj\my_env\Projects\ChessEngine\x64\Release\assets\selfplay_gen6.bin.offidx)
[2026-03-28T05:15:22.864] [INFO] [training:1]   Sampled 8,840 from 72,623 positions (reservoir)
[2026-03-28T05:15:22.901] [INFO] [training:1]   Parsed 8,840 positions in 0.0s (243,373 pos/s)
[2026-03-28T05:15:22.901] [INFO] [training:1]   Vectorized HalfKAv2 conversion (8,840 positions)...
[2026-03-28T05:15:22.989] [INFO] [training:1]   HalfKAv2 conversion: 0.1s (99,888 pos/s)
[2026-03-28T05:15:22.991] [INFO] [training:1]   Converting to tensors...
[2026-03-28T05:15:22.991] [INFO] [training:1] Phase distribution: Opening=1,000, Middlegame=3,531, Endgame=4,047
[2026-03-28T05:15:22.991] [INFO] [training:1]   [selfplay_gen6.bin] loaded: 8,578 positions
[2026-03-28T05:15:23.061] [INFO] [training:1] Loading positions from C:\Users\chris\pyproj\my_env\Projects\ChessEngine\x64\Release\assets\selfplay_gen5.bin...
[2026-03-28T05:15:23.061] [INFO] [training:1]   Total positions: 50,027 — using offset-cache fast path (avoids reading 2 MB into RAM)
[2026-03-28T05:15:23.061] [INFO] [training:1] Scanning C:\Users\chris\pyproj\my_env\Projects\ChessEngine\x64\Release\assets\selfplay_gen5.bin for position offsets...
[2026-03-28T05:15:23.063] [INFO] [training:1]   Loaded cached index: 50,027 offsets (C:\Users\chris\pyproj\my_env\Projects\ChessEngine\x64\Release\assets\selfplay_gen5.bin.offidx)
[2026-03-28T05:15:23.064] [INFO] [training:1]   Sampled 6,180 from 50,027 positions (reservoir)
[2026-03-28T05:15:23.089] [INFO] [training:1]   Parsed 6,180 positions in 0.0s (245,248 pos/s)
[2026-03-28T05:15:23.089] [INFO] [training:1]   Vectorized HalfKAv2 conversion (6,180 positions)...
[2026-03-28T05:15:23.170] [INFO] [training:1]   HalfKAv2 conversion: 0.1s (76,174 pos/s)
[2026-03-28T05:15:23.172] [INFO] [training:1]   Converting to tensors...
[2026-03-28T05:15:23.172] [INFO] [training:1] Phase distribution: Opening=699, Middlegame=2,444, Endgame=2,857
[2026-03-28T05:15:23.174] [INFO] [training:1]   [selfplay_gen5.bin] loaded: 6,000 positions
[2026-03-28T05:15:23.247] [INFO] [training:1] Loading positions from C:\Users\chris\pyproj\my_env\Projects\ChessEngine\x64\Release\assets\selfplay_gen4.bin...
[2026-03-28T05:15:23.247] [INFO] [training:1]   Total positions: 48,576 — using offset-cache fast path (avoids reading 2 MB into RAM)
[2026-03-28T05:15:23.247] [INFO] [training:1] Scanning C:\Users\chris\pyproj\my_env\Projects\ChessEngine\x64\Release\assets\selfplay_gen4.bin for position offsets...
[2026-03-28T05:15:23.250] [INFO] [training:1]   Loaded cached index: 48,576 offsets (C:\Users\chris\pyproj\my_env\Projects\ChessEngine\x64\Release\assets\selfplay_gen4.bin.offidx)
[2026-03-28T05:15:23.251] [INFO] [training:1]   Sampled 4,320 from 48,576 positions (reservoir)
[2026-03-28T05:15:23.272] [INFO] [training:1]   Parsed 4,320 positions in 0.0s (204,954 pos/s)
[2026-03-28T05:15:23.272] [INFO] [training:1]   Vectorized HalfKAv2 conversion (4,320 positions)...
[2026-03-28T05:15:23.355] [INFO] [training:1]   HalfKAv2 conversion: 0.1s (51,929 pos/s)
[2026-03-28T05:15:23.356] [INFO] [training:1]   Converting to tensors...
[2026-03-28T05:15:23.356] [INFO] [training:1] Phase distribution: Opening=459, Middlegame=1,775, Endgame=1,963
[2026-03-28T05:15:23.356] [INFO] [training:1]   [selfplay_gen4.bin] loaded: 4,197 positions
[2026-03-28T05:15:23.437] [INFO] [training:1] Loading positions from C:\Users\chris\pyproj\my_env\Projects\ChessEngine\x64\Release\assets\training_data_draws.bin...
[2026-03-28T05:15:23.437] [INFO] [training:1]   Total positions: 35,143,613 — using offset-cache fast path (avoids reading 1675 MB into RAM)
[2026-03-28T05:15:23.437] [INFO] [training:1] Scanning C:\Users\chris\pyproj\my_env\Projects\ChessEngine\x64\Release\assets\training_data_draws.bin for position offsets...
[2026-03-28T05:15:24.661] [INFO] [training:1]   Loaded cached index: 35,143,613 offsets (C:\Users\chris\pyproj\my_env\Projects\ChessEngine\x64\Release\assets\training_data_draws.bin.offidx)
[2026-03-28T05:15:27.035] [INFO] [training:1]   Sampled 60,000 from 35,143,613 positions (reservoir)
[2026-03-28T05:15:33.974] [INFO] [training:1]     Parsed 50,000/60,000 positions (9079 pos/s,
[2026-03-28T05:15:33.974] [INFO] [training:1]   Parsed 60,000 positions in 6.9s (8,667 pos/s)
[2026-03-28T05:15:33.974] [INFO] [training:1]   Vectorized HalfKAv2 conversion (60,000 positions)...
[2026-03-28T05:15:34.245] [INFO] [training:1]   HalfKAv2 conversion: 0.3s (222,015 pos/s)
[2026-03-28T05:15:34.245] [INFO] [training:1]   Converting to tensors...
[2026-03-28T05:15:34.245] [INFO] [training:1] Phase distribution: Opening=19,763, Middlegame=16,620, Endgame=23,617
[2026-03-28T05:15:34.245] [INFO] [training:1]   [training_data_draws.bin] loaded: 60,000 positions
[2026-03-28T05:15:34.343] [INFO] [training:1]   Train positions: 175,249
[2026-03-28T05:15:34.343] [INFO] [training:1]   Val positions:   19,472
[2026-03-28T05:15:34.459] [INFO] [training:1]   Phase-balanced samples: 206,394 (from 175,249 train)
[2026-03-28T05:17:30.236] [INFO] [training:1]   Ep 1 | Batch 86/86 (100%) | Loss: 0.183698
[2026-03-28T05:17:44.020] [INFO] [training:1] ----------------------------------------------------------------------
[2026-03-28T05:17:44.020] [INFO] [training:1]   Epoch    1/12 | Train: 0.183698 (rebalanced) | Val: 0.338345 * | LR: 0.000042 | Acc: 0.5975
[2026-03-28T05:17:44.020] [METRIC] [training:8] EPOCH epoch=1 train_loss=0.18369800 val_loss=0.33834500 lr=4.200000e-05 acc=0.5975
[2026-03-28T05:17:44.020] [INFO] [training:1]   Time: 1m55s | Elapsed: 1m56s | 1,520 pos/s
[2026-03-28T05:17:44.020] [INFO] [training:1]   Phase loss -> Opening: 0.352515  Middlegame: 0.340967  Endgame: 0.326123
[2026-03-28T05:17:45.330] [INFO] [training:1] Weights saved to C:\Users\chris\pyproj\my_env\Projects\ChessEngine\x64\Release\assets\nnue_weights.bin
[2026-03-28T05:17:47.086] [INFO] [training:1] Checkpoint saved to C:\Users\chris\pyproj\my_env\Projects\ChessEngine\x64\Release\assets\nnue_weights_checkpoint.pt
[2026-03-28T05:19:40.101] [INFO] [training:1]   Ep 2 | Batch 86/86 (100%) | Loss: 0.181325
[2026-03-28T05:19:52.928] [INFO] [training:1] ----------------------------------------------------------------------
[2026-03-28T05:19:52.928] [INFO] [training:1]   Epoch    2/12 | Train: 0.181325 (rebalanced) | Val: 0.337850 * | LR: 0.000086 | Acc: 0.6014
[2026-03-28T05:19:52.931] [METRIC] [training:8] EPOCH epoch=2 train_loss=0.18132500 val_loss=0.33785000 lr=8.600000e-05 acc=0.6014
[2026-03-28T05:19:52.931] [INFO] [training:1]   Time: 1m53s | Elapsed: 4m05s | 1,556 pos/s
[2026-03-28T05:19:52.931] [INFO] [training:1]   Phase loss -> Opening: 0.351583  Middlegame: 0.339299  Endgame: 0.327008
[2026-03-28T05:19:54.228] [INFO] [training:1] Weights saved to C:\Users\chris\pyproj\my_env\Projects\ChessEngine\x64\Release\assets\nnue_weights.bin
[2026-03-28T05:19:56.000] [INFO] [training:1] Checkpoint saved to C:\Users\chris\pyproj\my_env\Projects\ChessEngine\x64\Release\assets\nnue_weights_checkpoint.pt
[2026-03-28T05:21:51.360] [INFO] [training:1]   Ep 3 | Batch 86/86 (100%) | Loss: 0.178258
[2026-03-28T05:22:04.761] [INFO] [training:1] ----------------------------------------------------------------------
[2026-03-28T05:22:04.762] [INFO] [training:1]   Epoch    3/12 | Train: 0.178258 (rebalanced) | Val: 0.337416 * | LR: 0.000130 | Acc: 0.5981
[2026-03-28T05:22:04.762] [METRIC] [training:8] EPOCH epoch=3 train_loss=0.17825800 val_loss=0.33741600 lr=1.300000e-04 acc=0.5981
[2026-03-28T05:22:04.762] [INFO] [training:1]   Time: 1m55s | Elapsed: 6m17s | 1,525 pos/s
[2026-03-28T05:22:04.762] [INFO] [training:1]   Phase loss -> Opening: 0.351732  Middlegame: 0.338736  Endgame: 0.326286
[2026-03-28T05:22:05.984] [INFO] [training:1] Weights saved to C:\Users\chris\pyproj\my_env\Projects\ChessEngine\x64\Release\assets\nnue_weights.bin
[2026-03-28T05:22:07.896] [INFO] [training:1] Checkpoint saved to C:\Users\chris\pyproj\my_env\Projects\ChessEngine\x64\Release\assets\nnue_weights_checkpoint.pt
[2026-03-28T05:24:02.426] [INFO] [training:1]   Ep 4 | Batch 86/86 (100%) | Loss: 0.175240
[2026-03-28T05:24:15.320] [INFO] [training:1] ----------------------------------------------------------------------
[2026-03-28T05:24:15.320] [INFO] [training:1]   Epoch    4/12 | Train: 0.175240 (rebalanced) | Val: 0.336385 * | LR: 0.000174 | Acc: 0.5944
[2026-03-28T05:24:15.320] [METRIC] [training:8] EPOCH epoch=4 train_loss=0.17524000 val_loss=0.33638500 lr=1.740000e-04 acc=0.5944
[2026-03-28T05:24:15.320] [INFO] [training:1]   Time: 1m54s | Elapsed: 8m28s | 1,536 pos/s
[2026-03-28T05:24:15.320] [INFO] [training:1]   Phase loss -> Opening: 0.351112  Middlegame: 0.337722  Endgame: 0.324957
[2026-03-28T05:24:17.619] [INFO] [training:1] Weights saved to C:\Users\chris\pyproj\my_env\Projects\ChessEngine\x64\Release\assets\nnue_weights.bin
[2026-03-28T05:24:19.478] [INFO] [training:1] Checkpoint saved to C:\Users\chris\pyproj\my_env\Projects\ChessEngine\x64\Release\assets\nnue_weights_checkpoint.pt
[2026-03-28T05:26:13.637] [INFO] [training:1]   Ep 5 | Batch 86/86 (100%) | Loss: 0.172297
[2026-03-28T05:26:26.521] [INFO] [training:1] ----------------------------------------------------------------------
[2026-03-28T05:26:26.521] [INFO] [training:1]   Epoch    5/12 | Train: 0.172297 (rebalanced) | Val: 0.336045 * | LR: 0.000193 | Acc: 0.5956
[2026-03-28T05:26:26.521] [METRIC] [training:8] EPOCH epoch=5 train_loss=0.17229700 val_loss=0.33604500 lr=1.930000e-04 acc=0.5956
[2026-03-28T05:26:26.521] [INFO] [training:1]   Time: 1m54s | Elapsed: 10m39s | 1,540 pos/s [SWA]
[2026-03-28T05:26:26.521] [INFO] [training:1]   Phase loss -> Opening: 0.350980  Middlegame: 0.337311  Endgame: 0.324537
[2026-03-28T05:26:27.710] [INFO] [training:1] Weights saved to C:\Users\chris\pyproj\my_env\Projects\ChessEngine\x64\Release\assets\nnue_weights.bin
[2026-03-28T05:26:29.485] [INFO] [training:1] Checkpoint saved to C:\Users\chris\pyproj\my_env\Projects\ChessEngine\x64\Release\assets\nnue_weights_checkpoint.pt
[2026-03-28T05:28:24.707] [INFO] [training:1]   Ep 6 | Batch 86/86 (100%) | Loss: 0.169918
[2026-03-28T05:28:37.537] [INFO] [training:1] ----------------------------------------------------------------------
[2026-03-28T05:28:37.537] [INFO] [training:1]   Epoch    6/12 | Train: 0.169918 (rebalanced) | Val: 0.336402 | LR: 0.000172 | Acc: 0.5970
[2026-03-28T05:28:37.537] [METRIC] [training:8] EPOCH epoch=6 train_loss=0.16991800 val_loss=0.33640200 lr=1.720000e-04 acc=0.5970
[2026-03-28T05:28:37.537] [INFO] [training:1]   Time: 1m55s | Elapsed: 12m50s | 1,527 pos/s [SWA]
[2026-03-28T05:28:37.537] [INFO] [training:1]   Phase loss -> Opening: 0.351746  Middlegame: 0.337489  Endgame: 0.324774
[2026-03-28T05:30:31.639] [INFO] [training:1]   Ep 7 | Batch 86/86 (100%) | Loss: 0.167209
[2026-03-28T05:30:44.997] [INFO] [training:1] ----------------------------------------------------------------------
[2026-03-28T05:30:44.997] [INFO] [training:1]   Epoch    7/12 | Train: 0.167209 (rebalanced) | Val: 0.335317 * | LR: 0.000141 | Acc: 0.6018
[2026-03-28T05:30:44.997] [METRIC] [training:8] EPOCH epoch=7 train_loss=0.16720900 val_loss=0.33531700 lr=1.410000e-04 acc=0.6018
[2026-03-28T05:30:44.997] [INFO] [training:1]   Time: 1m54s | Elapsed: 14m57s | 1,542 pos/s [SWA]
[2026-03-28T05:30:44.997] [INFO] [training:1]   Phase loss -> Opening: 0.350978  Middlegame: 0.336385  Endgame: 0.323486
[2026-03-28T05:30:44.997] [INFO] [training:1]   No improvement for 1/8 epochs
[2026-03-28T05:30:46.923] [INFO] [training:1] Weights saved to C:\Users\chris\pyproj\my_env\Projects\ChessEngine\x64\Release\assets\nnue_weights.bin
[2026-03-28T05:30:48.802] [INFO] [training:1] Checkpoint saved to C:\Users\chris\pyproj\my_env\Projects\ChessEngine\x64\Release\assets\nnue_weights_checkpoint.pt
[2026-03-28T05:32:43.883] [INFO] [training:1]   Ep 8 | Batch 86/86 (100%) | Loss: 0.165443
[2026-03-28T05:32:56.748] [INFO] [training:1] ----------------------------------------------------------------------
[2026-03-28T05:32:56.748] [INFO] [training:1]   Epoch    8/12 | Train: 0.165443 (rebalanced) | Val: 0.335450 | LR: 0.000105 | Acc: 0.6018
[2026-03-28T05:32:56.748] [METRIC] [training:8] EPOCH epoch=8 train_loss=0.16544300 val_loss=0.33545000 lr=1.050000e-04 acc=0.6018
[2026-03-28T05:32:56.748] [INFO] [training:1]   Time: 1m55s | Elapsed: 17m09s | 1,529 pos/s [SWA]
[2026-03-28T05:32:56.748] [INFO] [training:1]   Phase loss -> Opening: 0.351707  Middlegame: 0.336381  Endgame: 0.323331
[2026-03-28T05:34:56.635] [INFO] [training:1]   Ep 9 | Batch 86/86 (100%) | Loss: 0.164322
[2026-03-28T05:35:09.798] [INFO] [training:1] ----------------------------------------------------------------------
[2026-03-28T05:35:09.798] [INFO] [training:1]   Epoch    9/12 | Train: 0.164322 (rebalanced) | Val: 0.336608 | LR: 0.000069 | Acc: 0.5983
[2026-03-28T05:35:09.798] [METRIC] [training:8] EPOCH epoch=9 train_loss=0.16432200 val_loss=0.33660800 lr=6.900000e-05 acc=0.5983
[2026-03-28T05:35:09.798] [INFO] [training:1]   Time: 2m00s | Elapsed: 19m22s | 1,468 pos/s [SWA]
[2026-03-28T05:35:09.798] [INFO] [training:1]   Phase loss -> Opening: 0.352117  Middlegame: 0.337962  Endgame: 0.324622
[2026-03-28T05:35:09.798] [INFO] [training:1]   No improvement for 1/8 epochs
[2026-03-28T05:37:23.770] [INFO] [training:1]   Ep 10 | Batch 86/86 (100%) | Loss: 0.162917
[2026-03-28T05:37:36.513] [INFO] [training:1] ----------------------------------------------------------------------
[2026-03-28T05:37:36.513] [INFO] [training:1]   Epoch   10/12 | Train: 0.162917 (rebalanced) | Val: 0.336439 | LR: 0.000038 | Acc: 0.6012
[2026-03-28T05:37:36.513] [METRIC] [training:8] EPOCH epoch=10 train_loss=0.16291700 val_loss=0.33643900 lr=3.800000e-05 acc=0.6012
[2026-03-28T05:37:36.513] [INFO] [training:1]   Time: 2m14s | Elapsed: 21m49s | 1,313 pos/s [SWA]
[2026-03-28T05:37:36.513] [INFO] [training:1]   Phase loss -> Opening: 0.352211  Middlegame: 0.337650  Endgame: 0.324401
[2026-03-28T05:37:36.513] [INFO] [training:1]   No improvement for 2/8 epochs
[2026-03-28T05:37:37.767] [INFO] [training:1] Progress graph saved to .\training progress\training_progress.png
[2026-03-28T05:37:38.971] [INFO] [training:1] Weights saved to C:\Users\chris\pyproj\my_env\Projects\ChessEngine\x64\Release\assets\nnue_weights_checkpoint.bin
[2026-03-28T05:37:41.043] [INFO] [training:1] Checkpoint saved to C:\Users\chris\pyproj\my_env\Projects\ChessEngine\x64\Release\assets\nnue_weights_checkpoint.pt
[2026-03-28T05:39:44.743] [INFO] [training:1]   Ep 11 | Batch 86/86 (100%) | Loss: 0.162513
[2026-03-28T05:39:57.502] [INFO] [training:1] ----------------------------------------------------------------------
[2026-03-28T05:39:57.502] [INFO] [training:1]   Epoch   11/12 | Train: 0.162513 (rebalanced) | Val: 0.336324 | LR: 0.000017 | Acc: 0.6033
[2026-03-28T05:39:57.502] [METRIC] [training:8] EPOCH epoch=11 train_loss=0.16251300 val_loss=0.33632400 lr=1.700000e-05 acc=0.6033
[2026-03-28T05:39:57.502] [INFO] [training:1]   Time: 2m03s | Elapsed: 24m10s | 1,422 pos/s [SWA]
[2026-03-28T05:39:57.502] [INFO] [training:1]   Phase loss -> Opening: 0.352515  Middlegame: 0.337429  Endgame: 0.324092
[2026-03-28T05:39:57.502] [INFO] [training:1]   No improvement for 3/8 epochs
[2026-03-28T05:41:52.170] [INFO] [training:1]   Ep 12 | Batch 86/86 (100%) | Loss: 0.162355
[2026-03-28T05:42:05.287] [INFO] [training:1] ----------------------------------------------------------------------
[2026-03-28T05:42:05.287] [INFO] [training:1]   Epoch   12/12 | Train: 0.162355 (rebalanced) | Val: 0.336202 | LR: 0.000010 | Acc: 0.6040
[2026-03-28T05:42:05.287] [METRIC] [training:8] EPOCH epoch=12 train_loss=0.16235500 val_loss=0.33620200 lr=1.000000e-05 acc=0.6040
[2026-03-28T05:42:05.287] [INFO] [training:1]   Time: 1m54s | Elapsed: 26m17s | 1,534 pos/s [SWA]
[2026-03-28T05:42:05.287] [INFO] [training:1]   Phase loss -> Opening: 0.352271  Middlegame: 0.337337  Endgame: 0.324028
[2026-03-28T05:42:05.287] [INFO] [training:1]   No improvement for 4/8 epochs
[2026-03-28T05:42:05.288] [INFO] [training:1] Applying SWA averaged weights (8 snapshots)...
[2026-03-28T05:42:05.318] [INFO] [training:1]   SWA: Applied averaged weights (8 snapshots)
[2026-03-28T05:42:07.440] [INFO] [training:1] Weights saved to C:\Users\chris\pyproj\my_env\Projects\ChessEngine\x64\Release\assets\nnue_weights_swa.bin
[2026-03-28T05:42:07.440] [INFO] [training:1]   SWA weights saved to C:\Users\chris\pyproj\my_env\Projects\ChessEngine\x64\Release\assets\nnue_weights_swa.bin
[2026-03-28T05:42:07.440] [INFO] [training:1]   Best validation weights remain at C:\Users\chris\pyproj\my_env\Projects\ChessEngine\x64\Release\assets\nnue_weights.bin
[2026-03-28T05:42:07.440] [INFO] [training:1] ============================================================
[2026-03-28T05:42:07.440] [INFO] [training:1] Training complete!
[2026-03-28T05:42:07.440] [INFO] [training:1]   Total time:  26m33s
[2026-03-28T05:42:07.440] [INFO] [training:1]   Best loss:   0.335317
[2026-03-28T05:42:07.440] [INFO] [training:1]   Weights:     C:\Users\chris\pyproj\my_env\Projects\ChessEngine\x64\Release\assets\nnue_weights.bin
[2026-03-28T05:42:07.440] [INFO] [training:1]   SWA applied: Yes (8 snapshots averaged)
[2026-03-28T05:42:07.440] [INFO] [training:1] ============================================================
[2026-03-28T05:42:08.710] [INFO] [training:1] Progress graph saved to .\training progress\training_progress.png
[2026-03-28T05:42:09.495] [EVENT] [training:8] PHASE_END success=true elapsed_sec=1619.0
[2026-03-28T05:42:09.559] [INFO] [training:1]   SWA weights archived to nnue_weights_swa_gen8.bin
[2026-03-28T05:42:09.559] [EVENT] [swa_match:8] PHASE_START games=100
[2026-03-28T05:42:09.559] [INFO] [swa_match:1] [SWA] Running best-of-two: Best-Val vs SWA (100 games)
[2026-03-28T05:42:09.559] [CMD] [swa_match:1] [CMD] py -3 "C:\Users\chris\pyproj\my_env\Projects\ChessEngine\x64\Release\assets\swa_match.py" "C:\Users\chris\pyproj\my_env\Projects\ChessEngine\x64\Release\ChessEngine.exe" "C:\Users\chris\pyproj\my_env\Projects\ChessEngine\x64\Release\assets\nnue_weights_swa_gen8.bin" "C:\Users\chris\pyproj\my_env\Projects\ChessEngine\x64\Release\assets\nnue_weights_gen8.bin" 100 7
[2026-03-28T05:42:22.423] [INFO] [swa_match:1] [SWA] 10/100: +2 =6 -2
[2026-03-28T05:42:34.823] [INFO] [swa_match:1] [SWA] 20/100: +5 =13 -2
[2026-03-28T05:42:46.869] [INFO] [swa_match:1] [SWA] 30/100: +5 =20 -5
[2026-03-28T05:43:00.019] [INFO] [swa_match:1] [SWA] 40/100: +6 =27 -7
[2026-03-28T05:43:13.284] [INFO] [swa_match:1] [SWA] 50/100: +10 =31 -9
[2026-03-28T05:43:25.654] [INFO] [swa_match:1] [SWA] 60/100: +12 =37 -11
[2026-03-28T05:43:37.953] [INFO] [swa_match:1] [SWA] 70/100: +15 =44 -11
[2026-03-28T05:43:49.670] [INFO] [swa_match:1] [SWA] 80/100: +15 =51 -14
[2026-03-28T05:44:02.688] [INFO] [swa_match:1] [SWA] 90/100: +16 =58 -16
[2026-03-28T05:44:16.026] [INFO] [swa_match:1] [SWA] 100/100: +20 =62 -18
[2026-03-28T05:44:16.027] [INFO] [swa_match:1] [SWA] Final: +20 =62 -18 SWA_ELO: 6
[2026-03-28T05:44:16.046] [EVENT] [swa_match:8] PHASE_END success=true elapsed_sec=126.0
[2026-03-28T05:44:16.046] [METRIC] [swa:8] ELO_RESULT elo=+6 wins=0 draws=0 losses=0
[2026-03-28T05:44:16.046] [INFO] [swa_match:1] [SWA] SWA wins by +6 ELO â€” promoting SWA weights for gen 8
[2026-03-28T05:44:16.082] [EVENT] [pipeline:8] GEN_SUMMARY gen=8 train_loss=0.16235500 val_loss=0.33620200 elo=+0 elapsed_sec=0.0
[2026-03-28T05:44:17.234] [INFO] [swa_match:2] --- Generation 9 ---
[2026-03-28T05:44:17.235] [EVENT] [selfplay:9] PHASE_START games=750 depth=7 workers=12
[2026-03-28T05:44:17.235] [CMD] [selfplay:2] [CMD] "C:\Users\chris\pyproj\my_env\Projects\ChessEngine\x64\Release\ChessEngine.exe" --generate --games 750 --depth 7 --mixed-depth-ratio 0.200000 --mixed-depth-low 4 --workers 12 --output "C:\Users\chris\pyproj\my_env\Projects\ChessEngine\x64\Release\assets\selfplay_gen9.bin" --weights "C:\Users\chris\pyproj\my_env\Projects\ChessEngine\x64\Release\assets\nnue_weights_gen8.bin" --openings "C:\Users\chris\pyproj\my_env\Projects\ChessEngine\x64\Release\assets\openings.txt" --game-time-limit 480 --resigncp 500 --contempt 20 --maxplies 250 --drawcp 0
[2026-03-28T05:44:18.131] [INFO] [selfplay:2] [SelfPlay] Loaded 2000 opening positions from C:\Users\chris\pyproj\my_env\Projects\ChessEngine\x64\Release\assets\openings.txt
[2026-03-28T05:44:18.131] [INFO] [selfplay:2] [SelfPlay] Starting 750 games  depth=7  movetime=0ms  workers=12  output=C:\Users\chris\pyproj\my_env\Projects\ChessEngine\x64\Release\assets\selfplay_gen9.bin  openings=2000  contempt=20  openingTemp=1.5  softmaxPlies=8  softmaxTemp=0.5  recordMinPly=10  mixedDepth=4/7 (20%/80%)
[2026-03-28T05:44:23.001] [INFO] [selfplay:2] [SelfPlay] 1/750 (0%)  pos=57  W/D/B=0/0/1  (0%/0%/100%)  d4/d7  0.2 games/s (avg 0.2)  50.3K nps  ETA 00:54:43        
[2026-03-28T05:44:23.073] [INFO] [selfplay:2] [SelfPlay] 2/750 (0%)  pos=121  W/D/B=1/0/1  (50%/0%/50%)  d4/d7  0.5 games/s (avg 0.4)  94.9K nps  ETA 00:30:21       
[2026-03-28T05:44:24.313] [INFO] [selfplay:2] [SelfPlay] 3/750 (0%)  pos=122  W/D/B=2/0/1  (66%/0%/33%)  d4/d7  2.5 games/s (avg 0.6)  94.2K nps  ETA 00:20:28       
[2026-03-28T05:44:25.433] [INFO] [selfplay:2] [SelfPlay] 4/750 (0%)  pos=293  W/D/B=2/1/1  (50%/25%/25%)  d4/d7  2.3 games/s (avg 0.6)  126.6K nps  ETA 00:19:11     
[2026-03-28T05:44:27.699] [INFO] [selfplay:2] [SelfPlay] 5/750 (0%)  pos=383  W/D/B=2/2/1  (40%/40%/20%)  d4/d7  2.1 games/s (avg 0.7)  129.4K nps  ETA 00:18:05     
[2026-03-28T05:44:29.367] [INFO] [selfplay:2] [SelfPlay] 6/750 (0%)  pos=528  W/D/B=3/2/1  (50%/33%/16%)  d4/d7  1.8 games/s (avg 0.6)  125.9K nps  ETA 00:19:44     
[2026-03-28T05:44:34.359] [INFO] [selfplay:2] [SelfPlay] 7/750 (0%)  pos=608  W/D/B=3/3/1  (42%/42%/14%)  d4/d7  1.6 games/s (avg 0.6)  131.9K nps  ETA 00:19:47     
[2026-03-28T05:44:40.612] [INFO] [selfplay:2] [SelfPlay] 8/750 (1%)  pos=645  W/D/B=3/4/1  (37%/50%/12%)  d4/d7  1.4 games/s (avg 0.5)  140.4K nps  ETA 00:24:59     
[2026-03-28T05:44:43.041] [INFO] [selfplay:2] [SelfPlay] 9/750 (1%)  pos=708  W/D/B=3/4/2  (33%/44%/22%)  d4/d7  1.2 games/s (avg 0.4)  153.2K nps  ETA 00:30:48     
[2026-03-28T05:44:44.580] [INFO] [selfplay:2] [SelfPlay] 10/750 (1%)  pos=737  W/D/B=3/4/3  (30%/40%/30%)  d4/d7  1.1 games/s (avg 0.4)  187.3K nps  ETA 00:30:41    
[2026-03-28T05:44:45.150] [INFO] [selfplay:2] [SelfPlay] 11/750 (1%)  pos=824  W/D/B=4/4/3  (36%/36%/27%)  d4/d7  1.0 games/s (avg 0.4)  184.6K nps  ETA 00:29:35    
[2026-03-28T05:44:46.115] [INFO] [selfplay:2] [SelfPlay] 12/750 (1%)  pos=882  W/D/B=4/4/4  (33%/33%/33%)  d4/d7  1.1 games/s (avg 0.4)  230.2K nps  ETA 00:27:41    
[2026-03-28T05:44:51.248] [INFO] [selfplay:2] [SelfPlay] 13/750 (1%)  pos=944  W/D/B=5/4/4  (38%/30%/30%)  d4/d7  1.1 games/s (avg 0.5)  228.0K nps  ETA 00:26:20    
[2026-03-28T05:44:55.482] [INFO] [selfplay:2] [SelfPlay] 14/750 (1%)  pos=1006  W/D/B=5/4/5  (35%/28%/35%)  d4/d7  1.0 games/s (avg 0.4)  199.3K nps  ETA 00:28:57   
[2026-03-28T05:44:59.352] [INFO] [selfplay:2] [SelfPlay] 15/750 (2%)  pos=1119  W/D/B=5/5/5  (33%/33%/33%)  d4/d7  0.9 games/s (avg 0.4)  226.4K nps  ETA 00:30:26   
[2026-03-28T05:45:01.756] [INFO] [selfplay:2] [SelfPlay] 16/750 (2%)  pos=1207  W/D/B=6/5/5  (37%/31%/31%)  d4/d7  0.8 games/s (avg 0.4)  241.7K nps  ETA 00:31:29   
[2026-03-28T05:45:04.397] [INFO] [selfplay:2] [SelfPlay] 17/750 (2%)  pos=1278  W/D/B=7/5/5  (41%/29%/29%)  d4/d7  0.7 games/s (avg 0.4)  275.9K nps  ETA 00:31:18   
[2026-03-28T05:45:07.133] [INFO] [selfplay:2] [SelfPlay] 18/750 (2%)  pos=1356  W/D/B=7/5/6  (38%/27%/33%)  d4/d7  0.7 games/s (avg 0.4)  310.3K nps  ETA 00:31:19   
[2026-03-28T05:45:08.097] [INFO] [selfplay:2] [SelfPlay] 19/750 (2%)  pos=1562  W/D/B=8/5/6  (42%/26%/31%)  d4/d7  0.6 games/s (avg 0.4)  344.6K nps  ETA 00:31:24   
[2026-03-28T05:45:10.200] [INFO] [selfplay:2] [SelfPlay] 20/750 (2%)  pos=1716  W/D/B=9/5/6  (45%/25%/30%)  d4/d7  0.7 games/s (avg 0.4)  378.7K nps  ETA 00:30:20   
[2026-03-28T05:45:10.571] [INFO] [selfplay:2] [SelfPlay] 21/750 (2%)  pos=1754  W/D/B=10/5/6  (47%/23%/28%)  d4/d7  0.7 games/s (avg 0.4)  366.2K nps  ETA 00:30:07  
[2026-03-28T05:45:11.108] [INFO] [selfplay:2] [SelfPlay] 22/750 (2%)  pos=1832  W/D/B=10/5/7  (45%/22%/31%)  d4/d7  1.0 games/s (avg 0.4)  402.1K nps  ETA 00:28:55  
[2026-03-28T05:45:13.376] [INFO] [selfplay:2] [SelfPlay] 23/750 (3%)  pos=1901  W/D/B=11/5/7  (47%/21%/30%)  d4/d7  1.1 games/s (avg 0.4)  431.1K nps  ETA 00:27:51  
[2026-03-28T05:45:13.934] [INFO] [selfplay:2] [SelfPlay] 24/750 (3%)  pos=1941  W/D/B=11/5/8  (45%/20%/33%)  d4/d7  1.0 games/s (avg 0.4)  432.6K nps  ETA 00:27:51  
[2026-03-28T05:45:14.388] [INFO] [selfplay:2] [SelfPlay] 25/750 (3%)  pos=2013  W/D/B=12/5/8  (48%/20%/32%)  d4/d7  1.1 games/s (avg 0.4)  431.6K nps  ETA 00:26:57  
[2026-03-28T05:45:17.339] [INFO] [selfplay:2] [SelfPlay] 26/750 (3%)  pos=2086  W/D/B=13/5/8  (50%/19%/30%)  d4/d7  1.3 games/s (avg 0.5)  452.7K nps  ETA 00:26:03  
[2026-03-28T05:45:22.561] [INFO] [selfplay:2] [SelfPlay] 27/750 (3%)  pos=2194  W/D/B=13/6/8  (48%/22%/29%)  d4/d7  1.1 games/s (avg 0.5)  433.4K nps  ETA 00:26:20  
[2026-03-28T05:45:27.572] [INFO] [selfplay:2] [SelfPlay] 28/750 (3%)  pos=2279  W/D/B=13/6/9  (46%/21%/32%)  d4/d7  1.0 games/s (avg 0.4)  402.2K nps  ETA 00:27:36  
[2026-03-28T05:45:32.729] [INFO] [selfplay:2] [SelfPlay] 29/750 (3%)  pos=2316  W/D/B=13/6/10  (44%/20%/34%)  d4/d7  0.9 games/s (avg 0.4)  388.6K nps  ETA 00:28:41 
[2026-03-28T05:45:37.346] [INFO] [selfplay:2] [SelfPlay] 30/750 (4%)  pos=2435  W/D/B=14/6/10  (46%/20%/33%)  d4/d7  0.8 games/s (avg 0.4)  365.3K nps  ETA 00:29:45 
[2026-03-28T05:45:38.278] [INFO] [selfplay:2] [SelfPlay] 31/750 (4%)  pos=2468  W/D/B=14/6/11  (45%/19%/35%)  d4/d7  0.7 games/s (avg 0.4)  361.5K nps  ETA 00:30:36 
[2026-03-28T05:45:45.256] [INFO] [selfplay:2] [SelfPlay] 32/750 (4%)  pos=2602  W/D/B=14/6/12  (43%/18%/37%)  d4/d7  0.7 games/s (avg 0.4)  381.6K nps  ETA 00:29:51 
[2026-03-28T05:45:48.265] [INFO] [selfplay:2] [SelfPlay] 33/750 (4%)  pos=2752  W/D/B=15/6/12  (45%/18%/36%)  d4/d7  0.7 games/s (avg 0.4)  395.8K nps  ETA 00:31:29 
[2026-03-28T05:45:51.063] [INFO] [selfplay:2] [SelfPlay] 34/750 (4%)  pos=2912  W/D/B=16/6/12  (47%/17%/35%)  d4/d7  0.6 games/s (avg 0.4)  401.2K nps  ETA 00:31:36 
[2026-03-28T05:45:51.336] [INFO] [selfplay:2] [SelfPlay] 35/750 (4%)  pos=3050  W/D/B=17/6/12  (48%/17%/34%)  d4/d7  0.6 games/s (avg 0.4)  408.9K nps  ETA 00:31:37 
[2026-03-28T05:45:52.889] [INFO] [selfplay:2] [SelfPlay] 36/750 (4%)  pos=3122  W/D/B=17/6/13  (47%/16%/36%)  d4/d7  1.0 games/s (avg 0.4)  409.5K nps  ETA 00:30:47 
[2026-03-28T05:45:56.302] [INFO] [selfplay:2] [SelfPlay] 37/750 (4%)  pos=3232  W/D/B=18/6/13  (48%/16%/35%)  d4/d7  1.0 games/s (avg 0.4)  425.2K nps  ETA 00:30:22 
[2026-03-28T05:45:56.886] [INFO] [selfplay:2] [SelfPlay] 38/750 (5%)  pos=3316  W/D/B=18/6/14  (47%/15%/36%)  d4/d7  0.9 games/s (avg 0.4)  433.0K nps  ETA 00:30:39 
[2026-03-28T05:45:59.192] [INFO] [selfplay:2] [SelfPlay] 39/750 (5%)  pos=3397  W/D/B=18/6/15  (46%/15%/38%)  d4/d7  1.0 games/s (avg 0.4)  440.7K nps  ETA 00:29:57 
[2026-03-28T05:46:00.330] [INFO] [selfplay:2] [SelfPlay] 40/750 (5%)  pos=3543  W/D/B=18/6/16  (45%/15%/40%)  d4/d7  0.9 games/s (avg 0.4)  433.8K nps  ETA 00:29:52 
[2026-03-28T05:46:11.977] [INFO] [selfplay:2] [SelfPlay] 41/750 (5%)  pos=3715  W/D/B=18/6/17  (43%/14%/41%)  d4/d7  0.9 games/s (avg 0.4)  457.4K nps  ETA 00:29:16 
[2026-03-28T05:46:12.970] [INFO] [selfplay:2] [SelfPlay] 42/750 (5%)  pos=3783  W/D/B=19/6/17  (45%/14%/40%)  d4/d7  0.8 games/s (avg 0.4)  475.5K nps  ETA 00:31:58 
[2026-03-28T05:46:16.353] [INFO] [selfplay:2] [SelfPlay] 43/750 (5%)  pos=3827  W/D/B=19/7/17  (44%/16%/39%)  d4/d7  0.9 games/s (avg 0.4)  480.7K nps  ETA 00:31:24 
[2026-03-28T05:46:24.241] [INFO] [selfplay:2] [SelfPlay] 44/750 (5%)  pos=3878  W/D/B=19/7/18  (43%/15%/40%)  d4/d7  0.8 games/s (avg 0.4)  483.3K nps  ETA 00:31:28 
[2026-03-28T05:46:25.835] [INFO] [selfplay:2] [SelfPlay] 45/750 (6%)  pos=3935  W/D/B=19/7/19  (42%/15%/42%)  d4/d7  0.7 games/s (avg 0.4)  461.6K nps  ETA 00:32:54 
[2026-03-28T05:46:25.961] [INFO] [selfplay:2] [SelfPlay] 46/750 (6%)  pos=3983  W/D/B=19/7/20  (41%/15%/43%)  d4/d7  0.7 games/s (avg 0.4)  467.0K nps  ETA 00:32:34 
[2026-03-28T05:46:30.113] [INFO] [selfplay:2] [SelfPlay] 47/750 (6%)  pos=4037  W/D/B=20/7/20  (42%/14%/42%)  d4/d7  1.8 games/s (avg 0.4)  477.5K nps  ETA 00:31:48 
[2026-03-28T05:46:30.562] [INFO] [selfplay:2] [SelfPlay] 48/750 (6%)  pos=4146  W/D/B=20/7/21  (41%/14%/43%)  d4/d7  1.5 games/s (avg 0.4)  496.9K nps  ETA 00:32:09 
[2026-03-28T05:46:30.866] [INFO] [selfplay:2] [SelfPlay] 49/750 (6%)  pos=4341  W/D/B=20/7/22  (40%/14%/44%)  d4/d7  1.6 games/s (avg 0.4)  535.7K nps  ETA 00:31:34 
[2026-03-28T05:46:31.102] [INFO] [selfplay:2] [SelfPlay] 50/750 (6%)  pos=4408  W/D/B=21/7/22  (42%/14%/44%)  d4/d7  1.9 games/s (avg 0.4)  548.8K nps  ETA 00:30:58 
[2026-03-28T05:46:32.475] [INFO] [selfplay:2] [SelfPlay] 51/750 (6%)  pos=4543  W/D/B=21/7/23  (41%/13%/45%)  d4/d7  2.2 games/s (avg 0.4)  567.2K nps  ETA 00:30:20 
[2026-03-28T05:46:33.191] [INFO] [selfplay:2] [SelfPlay] 52/750 (6%)  pos=4641  W/D/B=21/7/24  (40%/13%/46%)  d4/d7  2.0 games/s (avg 0.4)  563.6K nps  ETA 00:30:02 
[2026-03-28T05:46:34.171] [INFO] [selfplay:2] [SelfPlay] 53/750 (7%)  pos=4772  W/D/B=22/7/24  (41%/13%/45%)  d4/d7  1.9 games/s (avg 0.4)  578.0K nps  ETA 00:29:35 
[2026-03-28T05:46:34.954] [INFO] [selfplay:2] [SelfPlay] 54/750 (7%)  pos=4885  W/D/B=22/7/25  (40%/12%/46%)  d4/d7  1.8 games/s (avg 0.4)  575.1K nps  ETA 00:29:13 
[2026-03-28T05:46:37.949] [INFO] [selfplay:2] [SelfPlay] 55/750 (7%)  pos=5038  W/D/B=22/7/26  (40%/12%/47%)  d4/d7  1.7 games/s (avg 0.4)  595.4K nps  ETA 00:28:45 
[2026-03-28T05:46:45.406] [INFO] [selfplay:2] [SelfPlay] 56/750 (7%)  pos=5142  W/D/B=22/8/26  (39%/14%/46%)  d4/d7  1.5 games/s (avg 0.4)  583.6K nps  ETA 00:28:44 
[2026-03-28T05:46:52.675] [INFO] [selfplay:2] [SelfPlay] 57/750 (7%)  pos=5240  W/D/B=22/9/26  (38%/15%/45%)  d4/d7  1.4 games/s (avg 0.4)  593.6K nps  ETA 00:29:43 
[2026-03-28T05:46:56.340] [INFO] [selfplay:2] [SelfPlay] 58/750 (7%)  pos=5286  W/D/B=22/9/27  (37%/15%/46%)  d4/d7  1.3 games/s (avg 0.4)  597.8K nps  ETA 00:30:39 
[2026-03-28T05:46:57.001] [INFO] [selfplay:2] [SelfPlay] 59/750 (7%)  pos=5390  W/D/B=22/10/27  (37%/16%/45%)  d4/d7  1.1 games/s (avg 0.4)  592.2K nps  ETA 00:30:52
[2026-03-28T05:46:57.498] [INFO] [selfplay:2] [SelfPlay] 60/750 (8%)  pos=5570  W/D/B=22/10/28  (36%/16%/46%)  d4/d7  1.2 games/s (avg 0.4)  605.3K nps  ETA 00:30:26
[2026-03-28T05:46:58.013] [INFO] [selfplay:2] [SelfPlay] 61/750 (8%)  pos=5676  W/D/B=22/10/29  (36%/16%/47%)  d4/d7  1.3 games/s (avg 0.4)  611.7K nps  ETA 00:30:00
[2026-03-28T05:47:07.248] [INFO] [selfplay:2] [SelfPlay] 62/750 (8%)  pos=5801  W/D/B=23/10/29  (37%/16%/46%)  d4/d7  1.4 games/s (avg 0.4)  626.6K nps  ETA 00:29:24
[2026-03-28T05:47:07.699] [INFO] [selfplay:2] [SelfPlay] 63/750 (8%)  pos=5925  W/D/B=24/10/29  (38%/15%/46%)  d4/d7  1.3 games/s (avg 0.4)  639.6K nps  ETA 00:30:44
[2026-03-28T05:47:08.473] [INFO] [selfplay:2] [SelfPlay] 64/750 (8%)  pos=6024  W/D/B=25/10/29  (39%/15%/45%)  d4/d7  1.4 games/s (avg 0.4)  649.7K nps  ETA 00:30:16
[2026-03-28T05:47:15.355] [INFO] [selfplay:2] [SelfPlay] 65/750 (8%)  pos=6081  W/D/B=26/10/29  (40%/15%/44%)  d4/d7  1.4 games/s (avg 0.4)  659.9K nps  ETA 00:29:48
[2026-03-28T05:47:21.272] [INFO] [selfplay:2] [SelfPlay] 66/750 (8%)  pos=6122  W/D/B=27/10/29  (40%/15%/43%)  d4/d7  1.2 games/s (avg 0.4)  638.6K nps  ETA 00:30:30
[2026-03-28T05:47:21.310] [INFO] [selfplay:2] [SelfPlay] 67/750 (8%)  pos=6200  W/D/B=27/10/30  (40%/14%/44%)  d4/d7  1.1 games/s (avg 0.4)  621.9K nps  ETA 00:31:06
[2026-03-28T05:47:22.063] [INFO] [selfplay:2] [SelfPlay] 68/750 (9%)  pos=6238  W/D/B=28/10/30  (41%/14%/44%)  d4/d7  4.8 games/s (avg 0.4)  629.3K nps  ETA 00:30:37
[2026-03-28T05:47:27.429] [INFO] [selfplay:2] [SelfPlay] 69/750 (9%)  pos=6348  W/D/B=29/10/30  (42%/14%/43%)  d4/d7  4.3 games/s (avg 0.4)  642.2K nps  ETA 00:30:09
[2026-03-28T05:47:28.095] [INFO] [selfplay:2] [SelfPlay] 70/750 (9%)  pos=6467  W/D/B=30/10/30  (42%/14%/42%)  d4/d7  4.0 games/s (avg 0.4)  653.1K nps  ETA 00:30:38
[2026-03-28T05:47:31.316] [INFO] [selfplay:2] [SelfPlay] 71/750 (9%)  pos=6549  W/D/B=31/10/30  (43%/14%/42%)  d4/d7  3.6 games/s (avg 0.4)  652.1K nps  ETA 00:30:12
[2026-03-28T05:47:32.643] [INFO] [selfplay:2] [SelfPlay] 72/750 (9%)  pos=6733  W/D/B=32/10/30  (44%/13%/41%)  d4/d7  3.3 games/s (avg 0.4)  670.4K nps  ETA 00:30:18
[2026-03-28T05:47:38.671] [INFO] [selfplay:2] [SelfPlay] 73/750 (9%)  pos=6832  W/D/B=32/11/30  (43%/15%/41%)  d4/d7  2.9 games/s (avg 0.4)  666.3K nps  ETA 00:29:57
[2026-03-28T05:47:38.705] [INFO] [selfplay:2] [SelfPlay] 74/750 (9%)  pos=6890  W/D/B=33/11/30  (44%/14%/40%)  d4/d7  2.7 games/s (avg 0.4)  674.9K nps  ETA 00:30:31
[2026-03-28T05:47:39.942] [INFO] [selfplay:2] [SelfPlay] 75/750 (10%)  pos=6977  W/D/B=34/11/30  (45%/14%/40%)  d4/d7  6.8 games/s (avg 0.4)  682.2K nps  ETA 00:30:04
[2026-03-28T05:47:40.215] [INFO] [selfplay:2] [SelfPlay] 76/750 (10%)  pos=7082  W/D/B=34/11/31  (44%/14%/40%)  d4/d7  5.9 games/s (avg 0.4)  690.6K nps  ETA 00:29:48
[2026-03-28T05:47:41.439] [INFO] [selfplay:2] [SelfPlay] 77/750 (10%)  pos=7206  W/D/B=34/11/32  (44%/14%/41%)  d4/d7  5.5 games/s (avg 0.4)  702.3K nps  ETA 00:29:25
[2026-03-28T05:47:43.362] [INFO] [selfplay:2] [SelfPlay] 78/750 (10%)  pos=7286  W/D/B=35/11/32  (44%/14%/41%)  d4/d7  4.8 games/s (avg 0.4)  697.8K nps  ETA 00:29:09
[2026-03-28T05:47:45.653] [INFO] [selfplay:2] [SelfPlay] 79/750 (10%)  pos=7361  W/D/B=35/11/33  (44%/13%/41%)  d4/d7  4.2 games/s (avg 0.4)  690.5K nps  ETA 00:29:01
[2026-03-28T05:47:46.296] [INFO] [selfplay:2] [SelfPlay] 80/750 (10%)  pos=7468  W/D/B=36/11/33  (45%/13%/41%)  d4/d7  3.6 games/s (avg 0.4)  691.8K nps  ETA 00:28:56
[2026-03-28T05:47:46.987] [INFO] [selfplay:2] [SelfPlay] 81/750 (10%)  pos=7542  W/D/B=36/11/34  (44%/13%/41%)  d4/d7  3.3 games/s (avg 0.4)  701.2K nps  ETA 00:28:39
[2026-03-28T05:47:49.147] [INFO] [selfplay:2] [SelfPlay] 82/750 (10%)  pos=7587  W/D/B=36/12/34  (43%/14%/41%)  d4/d7  3.0 games/s (avg 0.4)  705.5K nps  ETA 00:28:18
[2026-03-28T05:47:58.232] [INFO] [selfplay:2] [SelfPlay] 83/750 (11%)  pos=7712  W/D/B=36/12/35  (43%/14%/42%)  d4/d7  2.6 games/s (avg 0.4)  698.1K nps  ETA 00:28:06
[2026-03-28T05:47:59.728] [INFO] [selfplay:2] [SelfPlay] 84/750 (11%)  pos=7910  W/D/B=37/12/35  (44%/14%/41%)  d4/d7  2.5 games/s (avg 0.4)  720.9K nps  ETA 00:29:04
[2026-03-28T05:48:03.648] [INFO] [selfplay:2] [SelfPlay] 85/750 (11%)  pos=8013  W/D/B=38/12/35  (44%/14%/41%)  d4/d7  2.2 games/s (avg 0.4)  723.7K nps  ETA 00:28:49
[2026-03-28T05:48:08.156] [INFO] [selfplay:2] [SelfPlay] 86/750 (11%)  pos=8093  W/D/B=39/12/35  (45%/13%/40%)  d4/d7  1.9 games/s (avg 0.4)  708.4K nps  ETA 00:28:56
[2026-03-28T05:48:08.902] [INFO] [selfplay:2] [SelfPlay] 87/750 (11%)  pos=8135  W/D/B=39/12/36  (44%/13%/41%)  d4/d7  1.6 games/s (avg 0.4)  697.0K nps  ETA 00:29:12
[2026-03-28T05:48:17.448] [INFO] [selfplay:2] [SelfPlay] 88/750 (11%)  pos=8245  W/D/B=39/12/37  (44%/13%/42%)  d4/d7  1.6 games/s (avg 0.4)  704.7K nps  ETA 00:28:47
[2026-03-28T05:48:18.916] [INFO] [selfplay:2] [SelfPlay] 89/750 (11%)  pos=8295  W/D/B=39/13/37  (43%/14%/41%)  d4/d7  1.5 games/s (avg 0.4)  710.1K nps  ETA 00:29:36
[2026-03-28T05:48:20.898] [INFO] [selfplay:2] [SelfPlay] 90/750 (12%)  pos=8405  W/D/B=40/13/37  (44%/14%/41%)  d4/d7  1.4 games/s (avg 0.4)  717.9K nps  ETA 00:29:23
[2026-03-28T05:48:20.916] [INFO] [selfplay:2] [SelfPlay] 91/750 (12%)  pos=8517  W/D/B=41/13/37  (45%/14%/40%)  d4/d7  1.2 games/s (avg 0.4)  711.0K nps  ETA 00:29:18
[2026-03-28T05:48:21.591] [INFO] [selfplay:2] [SelfPlay] 92/750 (12%)  pos=8612  W/D/B=41/13/38  (44%/14%/41%)  d4/d7  9.2 games/s (avg 0.4)  720.8K nps  ETA 00:28:55
[2026-03-28T05:48:24.586] [INFO] [selfplay:2] [SelfPlay] 93/750 (12%)  pos=8774  W/D/B=41/14/38  (44%/15%/40%)  d4/d7  8.0 games/s (avg 0.4)  730.0K nps  ETA 00:28:36
[2026-03-28T05:48:25.613] [INFO] [selfplay:2] [SelfPlay] 94/750 (12%)  pos=8909  W/D/B=41/15/38  (43%/15%/40%)  d4/d7  7.4 games/s (avg 0.4)  741.9K nps  ETA 00:28:38
[2026-03-28T05:48:27.607] [INFO] [selfplay:2] [SelfPlay] 95/750 (12%)  pos=9018  W/D/B=41/15/39  (43%/15%/41%)  d4/d7  6.5 games/s (avg 0.4)  738.9K nps  ETA 00:28:24
[2026-03-28T05:48:28.766] [INFO] [selfplay:2] [SelfPlay] 96/750 (12%)  pos=9214  W/D/B=41/16/39  (42%/16%/40%)  d4/d7  6.0 games/s (avg 0.4)  756.2K nps  ETA 00:28:18
[2026-03-28T05:48:34.093] [INFO] [selfplay:2] [SelfPlay] 97/750 (12%)  pos=9333  W/D/B=41/16/40  (42%/16%/41%)  d4/d7  5.2 games/s (avg 0.4)  763.4K nps  ETA 00:28:02
[2026-03-28T05:48:45.586] [INFO] [selfplay:2] [SelfPlay] 98/750 (13%)  pos=9474  W/D/B=41/16/41  (41%/16%/41%)  d4/d7  4.8 games/s (avg 0.4)  778.5K nps  ETA 00:28:10
[2026-03-28T05:48:46.957] [INFO] [selfplay:2] [SelfPlay] 99/750 (13%)  pos=9557  W/D/B=42/16/41  (42%/16%/41%)  d4/d7  4.5 games/s (avg 0.4)  787.3K nps  ETA 00:29:17
[2026-03-28T05:48:48.545] [INFO] [selfplay:2] [SelfPlay] 100/750 (13%)  pos=9638  W/D/B=43/16/41  (43%/16%/41%)  d4/d7  3.9 games/s (avg 0.4)  793.0K nps  ETA 00:29:05
[2026-03-28T05:48:49.988] [INFO] [selfplay:2] [SelfPlay] 101/750 (13%)  pos=9678  W/D/B=43/16/42  (42%/15%/41%)  d4/d7  3.4 games/s (avg 0.4)  799.7K nps  ETA 00:28:56
[2026-03-28T05:48:51.184] [INFO] [selfplay:2] [SelfPlay] 102/750 (13%)  pos=9825  W/D/B=43/16/43  (42%/15%/42%)  d4/d7  3.0 games/s (avg 0.4)  804.8K nps  ETA 00:28:45
[2026-03-28T05:48:54.086] [INFO] [selfplay:2] [SelfPlay] 103/750 (13%)  pos=9957  W/D/B=43/16/44  (41%/15%/42%)  d4/d7  2.7 games/s (avg 0.4)  808.1K nps  ETA 00:28:33
[2026-03-28T05:48:57.647] [INFO] [selfplay:2] [SelfPlay] 104/750 (13%)  pos=10067  W/D/B=43/17/44  (41%/16%/42%)  d4/d7  2.3 games/s (avg 0.4)  796.9K nps  ETA 00:28:30
[2026-03-28T05:48:58.234] [INFO] [selfplay:2] [SelfPlay] 105/750 (14%)  pos=10178  W/D/B=43/18/44  (40%/17%/41%)  d4/d7  2.0 games/s (avg 0.4)  784.0K nps  ETA 00:28:36
[2026-03-28T05:48:59.579] [INFO] [selfplay:2] [SelfPlay] 106/750 (14%)  pos=10275  W/D/B=43/19/44  (40%/17%/41%)  d4/d7  2.0 games/s (avg 0.4)  790.1K nps  ETA 00:28:20
[2026-03-28T05:48:59.995] [INFO] [selfplay:2] [SelfPlay] 107/750 (14%)  pos=10297  W/D/B=44/19/44  (41%/17%/41%)  d4/d7  1.8 games/s (avg 0.4)  788.3K nps  ETA 00:28:11
[2026-03-28T05:49:00.143] [INFO] [selfplay:2] [SelfPlay] 108/750 (14%)  pos=10533  W/D/B=44/20/44  (40%/18%/40%)  d4/d7  1.9 games/s (avg 0.4)  788.3K nps  ETA 00:27:54
[2026-03-28T05:49:00.741] [INFO] [selfplay:2] [SelfPlay] 109/750 (14%)  pos=10639  W/D/B=44/21/44  (40%/19%/40%)  d4/d7  2.6 games/s (avg 0.4)  797.6K nps  ETA 00:27:38
[2026-03-28T05:49:01.118] [INFO] [selfplay:2] [SelfPlay] 110/750 (14%)  pos=10672  W/D/B=44/21/45  (40%/19%/40%)  d4/d7  2.5 games/s (avg 0.4)  795.8K nps  ETA 00:27:24
[2026-03-28T05:49:02.192] [INFO] [selfplay:2] [SelfPlay] 111/750 (14%)  pos=10810  W/D/B=44/21/46  (39%/18%/41%)  d4/d7  2.5 games/s (avg 0.4)  805.3K nps  ETA 00:27:07
[2026-03-28T05:49:12.480] [INFO] [selfplay:2] [SelfPlay] 112/750 (14%)  pos=10823  W/D/B=44/21/47  (39%/18%/41%)  d4/d7  2.3 games/s (avg 0.4)  801.3K nps  ETA 00:26:48
[2026-03-28T05:49:14.285] [INFO] [selfplay:2] [SelfPlay] 113/750 (15%)  pos=10904  W/D/B=44/21/48  (38%/18%/42%)  d4/d7  2.1 games/s (avg 0.4)  810.6K nps  ETA 00:27:37
[2026-03-28T05:49:20.511] [INFO] [selfplay:2] [SelfPlay] 114/750 (15%)  pos=11038  W/D/B=44/22/48  (38%/19%/42%)  d4/d7  1.9 games/s (avg 0.4)  814.7K nps  ETA 00:27:26
[2026-03-28T05:49:21.055] [INFO] [selfplay:2] [SelfPlay] 115/750 (15%)  pos=11137  W/D/B=44/22/49  (38%/19%/42%)  d4/d7  1.7 games/s (avg 0.4)  820.9K nps  ETA 00:27:49
[2026-03-28T05:49:22.331] [INFO] [selfplay:2] [SelfPlay] 116/750 (15%)  pos=11194  W/D/B=45/22/49  (38%/18%/42%)  d4/d7  1.7 games/s (avg 0.4)  831.7K nps  ETA 00:27:33
[2026-03-28T05:49:27.492] [INFO] [selfplay:2] [SelfPlay] 117/750 (15%)  pos=11279  W/D/B=45/23/49  (38%/19%/41%)  d4/d7  1.6 games/s (avg 0.4)  834.7K nps  ETA 00:27:20
[2026-03-28T05:49:27.684] [INFO] [selfplay:2] [SelfPlay] 118/750 (15%)  pos=11357  W/D/B=45/23/50  (38%/19%/42%)  d4/d7  1.4 games/s (avg 0.4)  820.8K nps  ETA 00:27:36
[2026-03-28T05:49:30.538] [INFO] [selfplay:2] [SelfPlay] 119/750 (15%)  pos=11408  W/D/B=46/23/50  (38%/19%/42%)  d4/d7  2.0 games/s (avg 0.4)  827.1K nps  ETA 00:27:18
[2026-03-28T05:49:32.844] [INFO] [selfplay:2] [SelfPlay] 120/750 (16%)  pos=11449  W/D/B=46/23/51  (38%/19%/42%)  d4/d7  1.7 games/s (avg 0.4)  816.7K nps  ETA 00:27:18
[2026-03-28T05:49:33.506] [INFO] [selfplay:2] [SelfPlay] 121/750 (16%)  pos=11567  W/D/B=47/23/51  (38%/19%/42%)  d4/d7  1.5 games/s (avg 0.4)  815.4K nps  ETA 00:27:14
[2026-03-28T05:49:34.530] [INFO] [selfplay:2] [SelfPlay] 122/750 (16%)  pos=11740  W/D/B=47/23/52  (38%/18%/42%)  d4/d7  1.5 games/s (avg 0.4)  814.4K nps  ETA 00:27:02
[2026-03-28T05:49:36.989] [INFO] [selfplay:2] [SelfPlay] 123/750 (16%)  pos=11775  W/D/B=47/23/53  (38%/18%/43%)  d4/d7  1.4 games/s (avg 0.4)  815.5K nps  ETA 00:26:50
[2026-03-28T05:49:38.026] [INFO] [selfplay:2] [SelfPlay] 124/750 (16%)  pos=11861  W/D/B=47/23/54  (37%/18%/43%)  d4/d7  1.3 games/s (avg 0.4)  814.9K nps  ETA 00:26:48
[2026-03-28T05:49:38.867] [INFO] [selfplay:2] [SelfPlay] 125/750 (16%)  pos=11931  W/D/B=48/23/54  (38%/18%/43%)  d4/d7  1.2 games/s (avg 0.4)  819.7K nps  ETA 00:26:38
[2026-03-28T05:49:41.845] [INFO] [selfplay:2] [SelfPlay] 126/750 (16%)  pos=12164  W/D/B=48/24/54  (38%/19%/42%)  d4/d7  1.2 games/s (avg 0.4)  832.2K nps  ETA 00:26:25
[2026-03-28T05:49:47.164] [INFO] [selfplay:2] [SelfPlay] 127/750 (16%)  pos=12241  W/D/B=49/24/54  (38%/18%/42%)  d4/d7  1.1 games/s (avg 0.4)  830.0K nps  ETA 00:26:21
[2026-03-28T05:49:54.416] [INFO] [selfplay:2] [SelfPlay] 128/750 (17%)  pos=12330  W/D/B=50/24/54  (39%/18%/42%)  d4/d7  1.0 games/s (avg 0.4)  816.9K nps  ETA 00:26:31
[2026-03-28T05:49:57.747] [INFO] [selfplay:2] [SelfPlay] 129/750 (17%)  pos=12366  W/D/B=50/24/55  (38%/18%/42%)  d4/d7  0.8 games/s (avg 0.4)  796.0K nps  ETA 00:26:55
[2026-03-28T05:50:01.705] [INFO] [selfplay:2] [SelfPlay] 130/750 (17%)  pos=12495  W/D/B=50/24/56  (38%/18%/43%)  d4/d7  0.8 games/s (avg 0.4)  794.0K nps  ETA 00:26:55
[2026-03-28T05:50:02.442] [INFO] [selfplay:2] [SelfPlay] 131/750 (17%)  pos=12624  W/D/B=50/24/57  (38%/18%/43%)  d4/d7  0.7 games/s (avg 0.4)  787.7K nps  ETA 00:27:02
[2026-03-28T05:50:02.989] [INFO] [selfplay:2] [SelfPlay] 132/750 (17%)  pos=12722  W/D/B=50/24/58  (37%/18%/43%)  d4/d7  0.8 games/s (avg 0.4)  791.3K nps  ETA 00:26:52
[2026-03-28T05:50:05.859] [INFO] [selfplay:2] [SelfPlay] 133/750 (17%)  pos=12812  W/D/B=50/24/59  (37%/18%/44%)  d4/d7  0.9 games/s (avg 0.4)  797.9K nps  ETA 00:26:36
[2026-03-28T05:50:06.793] [INFO] [selfplay:2] [SelfPlay] 134/750 (17%)  pos=12855  W/D/B=51/24/59  (38%/17%/44%)  d4/d7  0.9 games/s (avg 0.4)  789.3K nps  ETA 00:26:37
[2026-03-28T05:50:09.164] [INFO] [selfplay:2] [SelfPlay] 135/750 (18%)  pos=12934  W/D/B=52/24/59  (38%/17%/43%)  d4/d7  0.9 games/s (avg 0.4)  793.5K nps  ETA 00:26:25
[2026-03-28T05:50:09.395] [INFO] [selfplay:2] [SelfPlay] 136/750 (18%)  pos=13012  W/D/B=52/25/59  (38%/18%/43%)  d4/d7  0.8 games/s (avg 0.4)  786.7K nps  ETA 00:26:24
[2026-03-28T05:50:09.741] [INFO] [selfplay:2] [SelfPlay] 137/750 (18%)  pos=13069  W/D/B=53/25/59  (38%/18%/43%)  d4/d7  1.3 games/s (avg 0.4)  792.0K nps  ETA 00:26:11
[2026-03-28T05:50:11.766] [INFO] [selfplay:2] [SelfPlay] 138/750 (18%)  pos=13307  W/D/B=53/26/59  (38%/18%/42%)  d4/d7  1.6 games/s (avg 0.4)  797.9K nps  ETA 00:25:57
[2026-03-28T05:50:11.855] [INFO] [selfplay:2] [SelfPlay] 139/750 (18%)  pos=13429  W/D/B=54/26/59  (38%/18%/42%)  d4/d7  1.4 games/s (avg 0.4)  799.0K nps  ETA 00:25:54
[2026-03-28T05:50:12.686] [INFO] [selfplay:2] [SelfPlay] 140/750 (18%)  pos=13626  W/D/B=55/26/59  (39%/18%/42%)  d4/d7  2.9 games/s (avg 0.4)  799.8K nps  ETA 00:25:40
[2026-03-28T05:50:15.404] [INFO] [selfplay:2] [SelfPlay] 141/750 (18%)  pos=13713  W/D/B=55/26/60  (39%/18%/42%)  d4/d7  2.6 games/s (avg 0.4)  802.3K nps  ETA 00:25:28
[2026-03-28T05:50:16.881] [INFO] [selfplay:2] [SelfPlay] 142/750 (18%)  pos=13811  W/D/B=55/27/60  (38%/19%/42%)  d4/d7  2.3 games/s (avg 0.4)  794.6K nps  ETA 00:25:28
[2026-03-28T05:50:21.883] [INFO] [selfplay:2] [SelfPlay] 143/750 (19%)  pos=13896  W/D/B=55/27/61  (38%/18%/42%)  d4/d7  2.0 games/s (avg 0.4)  800.4K nps  ETA 00:25:17
[2026-03-28T05:50:29.963] [INFO] [selfplay:2] [SelfPlay] 144/750 (19%)  pos=14018  W/D/B=56/27/61  (38%/18%/42%)  d4/d7  1.9 games/s (avg 0.4)  806.6K nps  ETA 00:25:22
[2026-03-28T05:50:29.984] [INFO] [selfplay:2] [SelfPlay] 145/750 (19%)  pos=14069  W/D/B=57/27/61  (39%/18%/42%)  d4/d7  1.8 games/s (avg 0.4)  809.0K nps  ETA 00:25:51
[2026-03-28T05:50:30.413] [INFO] [selfplay:2] [SelfPlay] 146/750 (19%)  pos=14193  W/D/B=57/28/61  (39%/19%/41%)  d4/d7  8.6 games/s (avg 0.4)  815.8K nps  ETA 00:25:37
[2026-03-28T05:50:33.334] [INFO] [selfplay:2] [SelfPlay] 147/750 (19%)  pos=14254  W/D/B=58/28/61  (39%/19%/41%)  d4/d7  7.7 games/s (avg 0.4)  820.0K nps  ETA 00:25:24
[2026-03-28T05:50:35.944] [INFO] [selfplay:2] [SelfPlay] 148/750 (19%)  pos=14347  W/D/B=59/28/61  (39%/18%/41%)  d4/d7  7.1 games/s (avg 0.4)  826.5K nps  ETA 00:25:24
[2026-03-28T05:50:36.761] [INFO] [selfplay:2] [SelfPlay] 149/750 (19%)  pos=14413  W/D/B=59/28/62  (39%/18%/41%)  d4/d7  6.6 games/s (avg 0.4)  831.1K nps  ETA 00:25:22
[2026-03-28T05:50:38.345] [INFO] [selfplay:2] [SelfPlay] 150/750 (20%)  pos=14452  W/D/B=60/28/62  (40%/18%/41%)  d4/d7  5.8 games/s (avg 0.4)  833.1K nps  ETA 00:25:12
[2026-03-28T05:50:38.897] [INFO] [selfplay:2] [SelfPlay] 151/750 (20%)  pos=14514  W/D/B=61/28/62  (40%/18%/41%)  d4/d7  5.0 games/s (avg 0.4)  834.9K nps  ETA 00:25:08
[2026-03-28T05:50:39.971] [INFO] [selfplay:2] [SelfPlay] 152/750 (20%)  pos=14530  W/D/B=61/28/63  (40%/18%/41%)  d4/d7  4.5 games/s (avg 0.4)  837.0K nps  ETA 00:24:57
[2026-03-28T05:50:41.869] [INFO] [selfplay:2] [SelfPlay] 153/750 (20%)  pos=14584  W/D/B=62/28/63  (40%/18%/41%)  d4/d7  4.0 games/s (avg 0.4)  838.2K nps  ETA 00:24:47
[2026-03-28T05:50:41.948] [INFO] [selfplay:2] [SelfPlay] 154/750 (20%)  pos=14636  W/D/B=63/28/63  (40%/18%/40%)  d4/d7  3.5 games/s (avg 0.4)  833.0K nps  ETA 00:24:45
[2026-03-28T05:50:44.018] [INFO] [selfplay:2] [SelfPlay] 155/750 (20%)  pos=14721  W/D/B=63/29/63  (40%/18%/40%)  d4/d7  4.8 games/s (avg 0.4)  833.3K nps  ETA 00:24:31
[2026-03-28T05:50:44.631] [INFO] [selfplay:2] [SelfPlay] 156/750 (20%)  pos=14763  W/D/B=64/29/63  (41%/18%/40%)  d4/d7  4.5 games/s (avg 0.4)  838.8K nps  ETA 00:24:28
[2026-03-28T05:50:45.491] [INFO] [selfplay:2] [SelfPlay] 157/750 (20%)  pos=14813  W/D/B=64/29/64  (40%/18%/40%)  d4/d7  4.1 games/s (avg 0.4)  837.4K nps  ETA 00:24:18
[2026-03-28T05:50:49.326] [INFO] [selfplay:2] [SelfPlay] 158/750 (21%)  pos=14965  W/D/B=64/29/65  (40%/18%/41%)  d4/d7  3.6 games/s (avg 0.4)  835.9K nps  ETA 00:24:07
[2026-03-28T05:50:52.417] [INFO] [selfplay:2] [SelfPlay] 159/750 (21%)  pos=15054  W/D/B=64/29/66  (40%/18%/41%)  d4/d7  3.3 games/s (avg 0.4)  838.6K nps  ETA 00:24:11
[2026-03-28T05:50:53.668] [INFO] [selfplay:2] [SelfPlay] 160/750 (21%)  pos=15159  W/D/B=64/29/67  (40%/18%/41%)  d4/d7  3.1 games/s (avg 0.4)  845.4K nps  ETA 00:24:12
[2026-03-28T05:50:54.114] [INFO] [selfplay:2] [SelfPlay] 161/750 (21%)  pos=15237  W/D/B=65/29/67  (40%/18%/41%)  d4/d7  2.8 games/s (avg 0.4)  842.3K nps  ETA 00:24:07
[2026-03-28T05:50:58.285] [INFO] [selfplay:2] [SelfPlay] 162/750 (21%)  pos=15257  W/D/B=66/29/67  (40%/17%/41%)  d4/d7  2.7 games/s (avg 0.4)  844.0K nps  ETA 00:23:52
[2026-03-28T05:51:01.379] [INFO] [selfplay:2] [SelfPlay] 163/750 (21%)  pos=15290  W/D/B=67/29/67  (41%/17%/41%)  d4/d7  2.5 games/s (avg 0.4)  847.2K nps  ETA 00:23:58
[2026-03-28T05:51:01.579] [INFO] [selfplay:2] [SelfPlay] 164/750 (21%)  pos=15324  W/D/B=68/29/67  (41%/17%/40%)  d4/d7  2.2 games/s (avg 0.4)  841.2K nps  ETA 00:24:00
[2026-03-28T05:51:04.924] [INFO] [selfplay:2] [SelfPlay] 165/750 (22%)  pos=15365  W/D/B=68/29/68  (41%/17%/41%)  d4/d7  2.6 games/s (avg 0.4)  841.2K nps  ETA 00:23:47
[2026-03-28T05:51:05.292] [INFO] [selfplay:2] [SelfPlay] 166/750 (22%)  pos=15413  W/D/B=69/29/68  (41%/17%/40%)  d4/d7  2.2 games/s (avg 0.4)  831.7K nps  ETA 00:23:50
[2026-03-28T05:51:06.911] [INFO] [selfplay:2] [SelfPlay] 167/750 (22%)  pos=15452  W/D/B=70/29/68  (41%/17%/40%)  d4/d7  2.3 games/s (avg 0.4)  836.6K nps  ETA 00:23:40
[2026-03-28T05:51:09.702] [INFO] [selfplay:2] [SelfPlay] 168/750 (22%)  pos=15510  W/D/B=70/29/69  (41%/17%/41%)  d4/d7  2.1 games/s (avg 0.4)  839.5K nps  ETA 00:23:33
[2026-03-28T05:51:11.251] [INFO] [selfplay:2] [SelfPlay] 169/750 (22%)  pos=15614  W/D/B=71/29/69  (42%/17%/40%)  d4/d7  1.8 games/s (avg 0.4)  838.2K nps  ETA 00:23:32
[2026-03-28T05:51:11.846] [INFO] [selfplay:2] [SelfPlay] 170/750 (22%)  pos=15670  W/D/B=71/30/69  (41%/17%/40%)  d4/d7  1.6 games/s (avg 0.4)  838.0K nps  ETA 00:23:29
[2026-03-28T05:51:17.033] [INFO] [selfplay:2] [SelfPlay] 171/750 (22%)  pos=15737  W/D/B=72/30/69  (42%/17%/40%)  d4/d7  1.6 games/s (avg 0.4)  837.1K nps  ETA 00:23:15
[2026-03-28T05:51:19.220] [INFO] [selfplay:2] [SelfPlay] 172/750 (22%)  pos=15823  W/D/B=72/30/70  (41%/17%/40%)  d4/d7  1.4 games/s (avg 0.4)  827.4K nps  ETA 00:23:24
[2026-03-28T05:51:19.484] [INFO] [selfplay:2] [SelfPlay] 173/750 (23%)  pos=15944  W/D/B=72/30/71  (41%/17%/41%)  d4/d7  1.3 games/s (avg 0.4)  828.6K nps  ETA 00:23:24
[2026-03-28T05:51:21.316] [INFO] [selfplay:2] [SelfPlay] 174/750 (23%)  pos=16000  W/D/B=73/30/71  (41%/17%/40%)  d4/d7  1.7 games/s (avg 0.4)  833.8K nps  ETA 00:23:12
[2026-03-28T05:51:31.543] [INFO] [selfplay:2] [SelfPlay] 175/750 (23%)  pos=16068  W/D/B=73/30/72  (41%/17%/41%)  d4/d7  1.5 games/s (avg 0.4)  833.7K nps  ETA 00:23:00
[2026-03-28T05:51:35.932] [INFO] [selfplay:2] [SelfPlay] 176/750 (23%)  pos=16131  W/D/B=73/30/73  (41%/17%/41%)  d4/d7  1.4 games/s (avg 0.4)  838.3K nps  ETA 00:23:29
[2026-03-28T05:51:37.415] [INFO] [selfplay:2] [SelfPlay] 177/750 (23%)  pos=16225  W/D/B=73/30/74  (41%/16%/41%)  d4/d7  1.2 games/s (avg 0.4)  832.7K nps  ETA 00:23:35
[2026-03-28T05:51:37.647] [INFO] [selfplay:2] [SelfPlay] 178/750 (23%)  pos=16368  W/D/B=73/30/75  (41%/16%/42%)  d4/d7  1.1 games/s (avg 0.4)  835.0K nps  ETA 00:23:31
[2026-03-28T05:51:38.332] [INFO] [selfplay:2] [SelfPlay] 179/750 (23%)  pos=16410  W/D/B=74/30/75  (41%/16%/41%)  d4/d7  1.6 games/s (avg 0.4)  837.9K nps  ETA 00:23:21
[2026-03-28T05:51:42.703] [INFO] [selfplay:2] [SelfPlay] 180/750 (24%)  pos=16464  W/D/B=74/30/76  (41%/16%/42%)  d4/d7  1.6 games/s (avg 0.4)  839.3K nps  ETA 00:23:09
[2026-03-28T05:51:43.362] [INFO] [selfplay:2] [SelfPlay] 181/750 (24%)  pos=16562  W/D/B=74/31/76  (40%/17%/41%)  d4/d7  1.4 games/s (avg 0.4)  833.3K nps  ETA 00:23:16
[2026-03-28T05:51:43.460] [INFO] [selfplay:2] [SelfPlay] 182/750 (24%)  pos=16699  W/D/B=75/31/76  (41%/17%/41%)  d4/d7  1.4 games/s (avg 0.4)  832.6K nps  ETA 00:23:09
[2026-03-28T05:51:44.903] [INFO] [selfplay:2] [SelfPlay] 183/750 (24%)  pos=16796  W/D/B=75/31/77  (40%/16%/42%)  d4/d7  2.7 games/s (avg 0.4)  837.7K nps  ETA 00:22:58
[2026-03-28T05:51:46.278] [INFO] [selfplay:2] [SelfPlay] 184/750 (24%)  pos=16831  W/D/B=75/31/78  (40%/16%/42%)  d4/d7  2.4 games/s (avg 0.4)  834.2K nps  ETA 00:22:52
[2026-03-28T05:51:47.297] [INFO] [selfplay:2] [SelfPlay] 185/750 (24%)  pos=16983  W/D/B=76/31/78  (41%/16%/42%)  d4/d7  2.2 games/s (avg 0.4)  831.0K nps  ETA 00:22:47
[2026-03-28T05:51:48.917] [INFO] [selfplay:2] [SelfPlay] 186/750 (24%)  pos=17084  W/D/B=76/31/79  (40%/16%/42%)  d4/d7  2.0 games/s (avg 0.4)  834.4K nps  ETA 00:22:40
[2026-03-28T05:51:56.189] [INFO] [selfplay:2] [SelfPlay] 187/750 (24%)  pos=17211  W/D/B=77/31/79  (41%/16%/42%)  d4/d7  1.8 games/s (avg 0.4)  836.6K nps  ETA 00:22:29
[2026-03-28T05:51:58.332] [INFO] [selfplay:2] [SelfPlay] 188/750 (25%)  pos=17299  W/D/B=77/32/79  (40%/17%/42%)  d4/d7  1.6 games/s (avg 0.4)  840.4K nps  ETA 00:22:47
[2026-03-28T05:52:02.785] [INFO] [selfplay:2] [SelfPlay] 189/750 (25%)  pos=17335  W/D/B=77/33/79  (40%/17%/41%)  d4/d7  1.5 games/s (avg 0.4)  838.0K nps  ETA 00:22:41
[2026-03-28T05:52:04.936] [INFO] [selfplay:2] [SelfPlay] 190/750 (25%)  pos=17449  W/D/B=77/33/80  (40%/17%/42%)  d4/d7  1.3 games/s (avg 0.4)  827.1K nps  ETA 00:22:47
[2026-03-28T05:52:06.294] [INFO] [selfplay:2] [SelfPlay] 191/750 (25%)  pos=17492  W/D/B=77/34/80  (40%/17%/41%)  d4/d7  1.2 games/s (avg 0.4)  824.2K nps  ETA 00:22:44
[2026-03-28T05:52:07.605] [INFO] [selfplay:2] [SelfPlay] 192/750 (25%)  pos=17581  W/D/B=78/34/80  (40%/17%/41%)  d4/d7  1.1 games/s (avg 0.4)  823.8K nps  ETA 00:22:39
[2026-03-28T05:52:08.632] [INFO] [selfplay:2] [SelfPlay] 193/750 (25%)  pos=17637  W/D/B=78/35/80  (40%/18%/41%)  d4/d7  1.0 games/s (avg 0.4)  823.9K nps  ETA 00:22:33
[2026-03-28T05:52:10.511] [INFO] [selfplay:2] [SelfPlay] 194/750 (25%)  pos=17766  W/D/B=78/35/81  (40%/18%/41%)  d4/d7  1.0 games/s (avg 0.4)  826.1K nps  ETA 00:22:26
[2026-03-28T05:52:10.583] [INFO] [selfplay:2] [SelfPlay] 195/750 (26%)  pos=17866  W/D/B=78/36/81  (40%/18%/41%)  d4/d7  1.0 games/s (avg 0.4)  826.3K nps  ETA 00:22:24
[2026-03-28T05:52:14.611] [INFO] [selfplay:2] [SelfPlay] 196/750 (26%)  pos=18056  W/D/B=78/36/82  (39%/18%/41%)  d4/d7  2.9 games/s (avg 0.4)  834.1K nps  ETA 00:22:11
[2026-03-28T05:52:17.906] [INFO] [selfplay:2] [SelfPlay] 197/750 (26%)  pos=18250  W/D/B=78/36/83  (39%/18%/42%)  d4/d7  2.7 games/s (avg 0.4)  844.1K nps  ETA 00:22:14
[2026-03-28T05:52:26.583] [INFO] [selfplay:2] [SelfPlay] 198/750 (26%)  pos=18438  W/D/B=78/37/83  (39%/18%/41%)  d4/d7  2.3 games/s (avg 0.4)  841.4K nps  ETA 00:22:08
[2026-03-28T05:52:27.720] [INFO] [selfplay:2] [SelfPlay] 199/750 (26%)  pos=18482  W/D/B=78/37/84  (39%/18%/42%)  d4/d7  2.1 games/s (avg 0.4)  843.5K nps  ETA 00:22:31
[2026-03-28T05:52:29.918] [INFO] [selfplay:2] [SelfPlay] 200/750 (26%)  pos=18501  W/D/B=79/37/84  (39%/18%/42%)  d4/d7  2.0 games/s (avg 0.4)  840.7K nps  ETA 00:22:24
[2026-03-28T05:52:29.923] [INFO] [selfplay:2] [SelfPlay] 201/750 (26%)  pos=18568  W/D/B=80/37/84  (39%/18%/41%)  d4/d7  1.7 games/s (avg 0.4)  840.2K nps  ETA 00:22:23
[2026-03-28T05:52:40.204] [INFO] [selfplay:2] [SelfPlay] 202/750 (26%)  pos=18636  W/D/B=80/37/85  (39%/18%/42%)  d4/d7  29.2 games/s (avg 0.4)  844.1K nps  ETA 00:22:03
[2026-03-28T05:52:40.895] [INFO] [selfplay:2] [SelfPlay] 203/750 (27%)  pos=18664  W/D/B=81/37/85  (39%/18%/41%)  d4/d7  27.1 games/s (avg 0.4)  848.4K nps  ETA 00:22:32
[2026-03-28T05:52:41.496] [INFO] [selfplay:2] [SelfPlay] 204/750 (27%)  pos=18796  W/D/B=82/37/85  (40%/18%/41%)  d4/d7  25.0 games/s (avg 0.4)  856.8K nps  ETA 00:22:24
[2026-03-28T05:52:45.899] [INFO] [selfplay:2] [SelfPlay] 205/750 (27%)  pos=18938  W/D/B=82/37/86  (40%/18%/41%)  d4/d7  23.1 games/s (avg 0.4)  863.0K nps  ETA 00:22:14
[2026-03-28T05:52:48.323] [INFO] [selfplay:2] [SelfPlay] 206/750 (27%)  pos=19078  W/D/B=83/37/86  (40%/17%/41%)  d4/d7  21.4 games/s (avg 0.4)  868.2K nps  ETA 00:22:17
[2026-03-28T05:52:52.251] [INFO] [selfplay:2] [SelfPlay] 207/750 (27%)  pos=19221  W/D/B=84/37/86  (40%/17%/41%)  d4/d7  19.8 games/s (avg 0.4)  873.6K nps  ETA 00:22:14
[2026-03-28T05:52:52.407] [INFO] [selfplay:2] [SelfPlay] 208/750 (27%)  pos=19324  W/D/B=84/38/86  (40%/18%/41%)  d4/d7  18.3 games/s (avg 0.4)  879.8K nps  ETA 00:22:19
[2026-03-28T05:52:53.305] [INFO] [selfplay:2] [SelfPlay] 209/750 (27%)  pos=19387  W/D/B=84/38/87  (40%/18%/41%)  d4/d7  16.5 games/s (avg 0.4)  884.9K nps  ETA 00:22:10
[2026-03-28T05:52:53.973] [INFO] [selfplay:2] [SelfPlay] 210/750 (28%)  pos=19504  W/D/B=85/38/87  (40%/18%/41%)  d4/d7  15.3 games/s (avg 0.4)  888.0K nps  ETA 00:22:04
[2026-03-28T05:52:55.787] [INFO] [selfplay:2] [SelfPlay] 211/750 (28%)  pos=19568  W/D/B=86/38/87  (40%/18%/41%)  d4/d7  14.2 games/s (avg 0.4)  889.5K nps  ETA 00:21:55
[2026-03-28T05:52:59.233] [INFO] [selfplay:2] [SelfPlay] 212/750 (28%)  pos=19605  W/D/B=86/38/88  (40%/17%/41%)  d4/d7  13.1 games/s (avg 0.4)  893.4K nps  ETA 00:21:49
[2026-03-28T05:53:02.154] [INFO] [selfplay:2] [SelfPlay] 213/750 (28%)  pos=19678  W/D/B=87/38/88  (40%/17%/41%)  d4/d7  12.1 games/s (avg 0.4)  893.7K nps  ETA 00:21:50
[2026-03-28T05:53:06.353] [INFO] [selfplay:2] [SelfPlay] 214/750 (28%)  pos=19890  W/D/B=87/38/89  (40%/17%/41%)  d4/d7  11.2 games/s (avg 0.4)  901.7K nps  ETA 00:21:48
[2026-03-28T05:53:06.581] [INFO] [selfplay:2] [SelfPlay] 215/750 (28%)  pos=19954  W/D/B=87/38/90  (40%/17%/41%)  d4/d7  10.4 games/s (avg 0.4)  906.9K nps  ETA 00:21:54
[2026-03-28T05:53:13.162] [INFO] [selfplay:2] [SelfPlay] 216/750 (28%)  pos=20037  W/D/B=88/38/90  (40%/17%/41%)  d4/d7  9.5 games/s (avg 0.4)  909.4K nps  ETA 00:21:39
[2026-03-28T05:53:15.389] [INFO] [selfplay:2] [SelfPlay] 217/750 (28%)  pos=20141  W/D/B=89/38/90  (41%/17%/41%)  d4/d7  8.8 games/s (avg 0.4)  910.2K nps  ETA 00:21:52
[2026-03-28T05:53:16.522] [INFO] [selfplay:2] [SelfPlay] 218/750 (29%)  pos=20252  W/D/B=90/38/90  (41%/17%/41%)  d4/d7  8.1 games/s (avg 0.4)  914.1K nps  ETA 00:21:50
[2026-03-28T05:53:17.997] [INFO] [selfplay:2] [SelfPlay] 219/750 (29%)  pos=20294  W/D/B=91/38/90  (41%/17%/41%)  d4/d7  7.0 games/s (avg 0.4)  914.7K nps  ETA 00:21:44
[2026-03-28T05:53:20.365] [INFO] [selfplay:2] [SelfPlay] 220/750 (29%)  pos=20355  W/D/B=92/38/90  (41%/17%/40%)  d4/d7  6.5 games/s (avg 0.4)  917.8K nps  ETA 00:21:37
[2026-03-28T05:53:21.588] [INFO] [selfplay:2] [SelfPlay] 221/750 (29%)  pos=20453  W/D/B=92/38/91  (41%/17%/41%)  d4/d7  6.0 games/s (avg 0.4)  918.0K nps  ETA 00:21:36
[2026-03-28T05:53:26.512] [INFO] [selfplay:2] [SelfPlay] 222/750 (29%)  pos=20540  W/D/B=92/38/92  (41%/17%/41%)  d4/d7  5.2 games/s (avg 0.4)  915.3K nps  ETA 00:21:27
[2026-03-28T05:53:26.607] [INFO] [selfplay:2] [SelfPlay] 223/750 (29%)  pos=20596  W/D/B=93/38/92  (41%/17%/41%)  d4/d7  4.8 games/s (avg 0.4)  919.0K nps  ETA 00:21:35
[2026-03-28T05:53:28.323] [INFO] [selfplay:2] [SelfPlay] 224/750 (29%)  pos=20721  W/D/B=93/38/93  (41%/16%/41%)  d4/d7  5.7 games/s (avg 0.4)  925.5K nps  ETA 00:21:25
[2026-03-28T05:53:28.323] [INFO] [selfplay:2] [SelfPlay] 225/750 (30%)  pos=20816  W/D/B=93/38/94  (41%/16%/41%)  d4/d7  4.9 games/s (avg 0.4)  926.3K nps  ETA 00:21:23
[2026-03-28T05:53:36.395] [INFO] [selfplay:2] [SelfPlay] 226/750 (30%)  pos=20933  W/D/B=94/38/94  (41%/16%/41%)  d4/d7  4.2 games/s (avg 0.4)  933.7K nps  ETA 00:21:07
[2026-03-28T05:53:40.276] [INFO] [selfplay:2] [SelfPlay] 227/750 (30%)  pos=20995  W/D/B=95/38/94  (41%/16%/41%)  d4/d7  3.9 games/s (avg 0.4)  936.3K nps  ETA 00:21:22
[2026-03-28T05:53:41.267] [INFO] [selfplay:2] [SelfPlay] 228/750 (30%)  pos=21091  W/D/B=96/38/94  (42%/16%/41%)  d4/d7  3.6 games/s (avg 0.4)  939.3K nps  ETA 00:21:26
[2026-03-28T05:53:42.065] [INFO] [selfplay:2] [SelfPlay] 229/750 (30%)  pos=21127  W/D/B=96/38/95  (41%/16%/41%)  d4/d7  3.2 games/s (avg 0.4)  938.6K nps  ETA 00:21:21
[2026-03-28T05:53:44.657] [INFO] [selfplay:2] [SelfPlay] 230/750 (30%)  pos=21246  W/D/B=97/38/95  (42%/16%/41%)  d4/d7  2.9 games/s (avg 0.4)  945.6K nps  ETA 00:21:11
[2026-03-28T05:53:47.280] [INFO] [selfplay:2] [SelfPlay] 231/750 (30%)  pos=21364  W/D/B=98/38/95  (42%/16%/41%)  d4/d7  2.6 games/s (avg 0.4)  945.8K nps  ETA 00:21:09
[2026-03-28T05:53:47.720] [INFO] [selfplay:2] [SelfPlay] 232/750 (30%)  pos=21423  W/D/B=98/38/96  (42%/16%/41%)  d4/d7  2.2 games/s (avg 0.4)  942.4K nps  ETA 00:21:10
[2026-03-28T05:53:47.749] [INFO] [selfplay:2] [SelfPlay] 233/750 (31%)  pos=21477  W/D/B=98/39/96  (42%/16%/41%)  d4/d7  2.2 games/s (avg 0.4)  944.6K nps  ETA 00:21:03
[2026-03-28T05:53:48.692] [INFO] [selfplay:2] [SelfPlay] 234/750 (31%)  pos=21481  W/D/B=99/39/96  (42%/16%/41%)  d4/d7  7.1 games/s (avg 0.4)  945.5K nps  ETA 00:20:55
[2026-03-28T05:53:49.898] [INFO] [selfplay:2] [SelfPlay] 235/750 (31%)  pos=21570  W/D/B=99/39/97  (42%/16%/41%)  d4/d7  6.2 games/s (avg 0.4)  949.9K nps  ETA 00:20:49
[2026-03-28T05:53:52.479] [INFO] [selfplay:2] [SelfPlay] 236/750 (31%)  pos=21639  W/D/B=100/39/97  (42%/16%/41%)  d4/d7  5.4 games/s (avg 0.4)  947.4K nps  ETA 00:20:42
[2026-03-28T05:53:54.971] [INFO] [selfplay:2] [SelfPlay] 237/750 (31%)  pos=21781  W/D/B=100/39/98  (42%/16%/41%)  d4/d7  5.0 games/s (avg 0.4)  947.7K nps  ETA 00:20:41
[2026-03-28T05:53:56.649] [INFO] [selfplay:2] [SelfPlay] 238/750 (31%)  pos=21877  W/D/B=100/39/99  (42%/16%/41%)  d4/d7  4.6 games/s (avg 0.4)  954.2K nps  ETA 00:20:38
[2026-03-28T05:53:57.664] [INFO] [selfplay:2] [SelfPlay] 239/750 (31%)  pos=21974  W/D/B=101/39/99  (42%/16%/41%)  d4/d7  4.0 games/s (avg 0.4)  954.2K nps  ETA 00:20:35
[2026-03-28T05:54:07.784] [INFO] [selfplay:2] [SelfPlay] 240/750 (32%)  pos=22059  W/D/B=102/39/99  (42%/16%/41%)  d4/d7  3.6 games/s (avg 0.4)  955.7K nps  ETA 00:20:21
[2026-03-28T05:54:11.793] [INFO] [selfplay:2] [SelfPlay] 241/750 (32%)  pos=22135  W/D/B=102/39/100  (42%/16%/41%)  d4/d7  3.3 games/s (avg 0.4)  960.4K nps  ETA 00:20:41
[2026-03-28T05:54:14.153] [INFO] [selfplay:2] [SelfPlay] 242/750 (32%)  pos=22256  W/D/B=102/39/101  (42%/16%/41%)  d4/d7  3.0 games/s (avg 0.4)  960.2K nps  ETA 00:20:43
[2026-03-28T05:54:14.992] [INFO] [selfplay:2] [SelfPlay] 243/750 (32%)  pos=22299  W/D/B=103/39/101  (42%/16%/41%)  d4/d7  2.6 games/s (avg 0.4)  957.6K nps  ETA 00:20:43
[2026-03-28T05:54:15.307] [INFO] [selfplay:2] [SelfPlay] 244/750 (32%)  pos=22383  W/D/B=103/39/102  (42%/15%/41%)  d4/d7  2.4 games/s (avg 0.4)  960.8K nps  ETA 00:20:36
[2026-03-28T05:54:16.948] [INFO] [selfplay:2] [SelfPlay] 245/750 (32%)  pos=22504  W/D/B=104/39/102  (42%/15%/41%)  d4/d7  2.5 games/s (avg 0.4)  964.1K nps  ETA 00:20:29
[2026-03-28T05:54:18.561] [INFO] [selfplay:2] [SelfPlay] 246/750 (32%)  pos=22588  W/D/B=104/39/103  (42%/15%/41%)  d4/d7  2.2 games/s (avg 0.4)  964.9K nps  ETA 00:20:24
[2026-03-28T05:54:19.361] [INFO] [selfplay:2] [SelfPlay] 247/750 (32%)  pos=22654  W/D/B=104/39/104  (42%/15%/42%)  d4/d7  2.0 games/s (avg 0.4)  961.1K nps  ETA 00:20:21
[2026-03-28T05:54:20.636] [INFO] [selfplay:2] [SelfPlay] 248/750 (33%)  pos=22659  W/D/B=104/39/105  (41%/15%/42%)  d4/d7  1.9 games/s (avg 0.4)  959.6K nps  ETA 00:20:16
[2026-03-28T05:54:32.755] [INFO] [selfplay:2] [SelfPlay] 249/750 (33%)  pos=22781  W/D/B=105/39/105  (42%/15%/42%)  d4/d7  1.7 games/s (avg 0.4)  961.5K nps  ETA 00:20:00
[2026-03-28T05:54:35.556] [INFO] [selfplay:2] [SelfPlay] 250/750 (33%)  pos=22866  W/D/B=106/39/105  (42%/15%/42%)  d4/d7  1.6 games/s (avg 0.4)  965.1K nps  ETA 00:20:26
[2026-03-28T05:54:36.116] [INFO] [selfplay:2] [SelfPlay] 251/750 (33%)  pos=23080  W/D/B=106/39/106  (42%/15%/42%)  d4/d7  1.4 games/s (avg 0.4)  964.0K nps  ETA 00:20:27
[2026-03-28T05:54:36.222] [INFO] [selfplay:2] [SelfPlay] 252/750 (33%)  pos=23143  W/D/B=107/39/106  (42%/15%/42%)  d4/d7  1.5 games/s (avg 0.4)  967.7K nps  ETA 00:20:20
[2026-03-28T05:54:40.124] [INFO] [selfplay:2] [SelfPlay] 253/750 (33%)  pos=23262  W/D/B=107/39/107  (42%/15%/42%)  d4/d7  2.7 games/s (avg 0.4)  972.7K nps  ETA 00:20:11
[2026-03-28T05:54:43.763] [INFO] [selfplay:2] [SelfPlay] 254/750 (33%)  pos=23367  W/D/B=108/39/107  (42%/15%/42%)  d4/d7  2.5 games/s (avg 0.4)  978.2K nps  ETA 00:20:10
[2026-03-28T05:54:43.844] [INFO] [selfplay:2] [SelfPlay] 255/750 (34%)  pos=23443  W/D/B=108/39/108  (42%/15%/42%)  d4/d7  2.1 games/s (avg 0.4)  975.7K nps  ETA 00:20:14
[2026-03-28T05:54:46.502] [INFO] [selfplay:2] [SelfPlay] 256/750 (34%)  pos=23549  W/D/B=109/39/108  (42%/15%/42%)  d4/d7  3.7 games/s (avg 0.4)  979.0K nps  ETA 00:20:04
[2026-03-28T05:54:52.018] [INFO] [selfplay:2] [SelfPlay] 257/750 (34%)  pos=23594  W/D/B=109/40/108  (42%/15%/42%)  d4/d7  3.2 games/s (avg 0.4)  972.4K nps  ETA 00:20:00
[2026-03-28T05:54:52.533] [INFO] [selfplay:2] [SelfPlay] 258/750 (34%)  pos=23655  W/D/B=109/40/109  (42%/15%/42%)  d4/d7  2.9 games/s (avg 0.4)  976.1K nps  ETA 00:20:07
[2026-03-28T05:54:54.707] [INFO] [selfplay:2] [SelfPlay] 259/750 (34%)  pos=23726  W/D/B=109/40/110  (42%/15%/42%)  d4/d7  2.8 games/s (avg 0.4)  980.4K nps  ETA 00:20:00
[2026-03-28T05:54:58.277] [INFO] [selfplay:2] [SelfPlay] 260/750 (34%)  pos=23844  W/D/B=110/40/110  (42%/15%/42%)  d4/d7  2.4 games/s (avg 0.4)  979.8K nps  ETA 00:19:55
[2026-03-28T05:55:06.391] [INFO] [selfplay:2] [SelfPlay] 261/750 (34%)  pos=23965  W/D/B=111/40/110  (42%/15%/42%)  d4/d7  2.1 games/s (avg 0.4)  971.2K nps  ETA 00:19:51
[2026-03-28T05:55:10.915] [INFO] [selfplay:2] [SelfPlay] 262/750 (34%)  pos=24051  W/D/B=112/40/110  (42%/15%/41%)  d4/d7  2.0 games/s (avg 0.4)  974.2K nps  ETA 00:20:03
[2026-03-28T05:55:13.944] [INFO] [selfplay:2] [SelfPlay] 263/750 (35%)  pos=24156  W/D/B=112/40/111  (42%/15%/42%)  d4/d7  1.7 games/s (avg 0.4)  966.1K nps  ETA 00:20:05
[2026-03-28T05:55:14.108] [INFO] [selfplay:2] [SelfPlay] 264/750 (35%)  pos=24214  W/D/B=113/40/111  (42%/15%/42%)  d4/d7  1.5 games/s (avg 0.4)  961.5K nps  ETA 00:20:07
[2026-03-28T05:55:15.336] [INFO] [selfplay:2] [SelfPlay] 265/750 (35%)  pos=24245  W/D/B=114/40/111  (43%/15%/41%)  d4/d7  2.2 games/s (avg 0.4)  963.0K nps  ETA 00:19:58
[2026-03-28T05:55:17.985] [INFO] [selfplay:2] [SelfPlay] 266/750 (35%)  pos=24367  W/D/B=114/40/112  (42%/15%/42%)  d4/d7  2.0 games/s (avg 0.4)  965.4K nps  ETA 00:19:53
[2026-03-28T05:55:18.447] [INFO] [selfplay:2] [SelfPlay] 267/750 (35%)  pos=24510  W/D/B=114/40/113  (42%/14%/42%)  d4/d7  1.7 games/s (avg 0.4)  967.3K nps  ETA 00:19:52
[2026-03-28T05:55:20.630] [INFO] [selfplay:2] [SelfPlay] 268/750 (35%)  pos=24604  W/D/B=114/41/113  (42%/15%/42%)  d4/d7  1.8 games/s (avg 0.4)  966.7K nps  ETA 00:19:45
[2026-03-28T05:55:21.112] [INFO] [selfplay:2] [SelfPlay] 269/750 (35%)  pos=24752  W/D/B=115/41/113  (42%/15%/42%)  d4/d7  1.6 games/s (avg 0.4)  969.1K nps  ETA 00:19:44
[2026-03-28T05:55:23.932] [INFO] [selfplay:2] [SelfPlay] 270/750 (36%)  pos=24887  W/D/B=116/41/113  (42%/15%/41%)  d4/d7  1.7 games/s (avg 0.4)  974.0K nps  ETA 00:19:35
[2026-03-28T05:55:25.717] [INFO] [selfplay:2] [SelfPlay] 271/750 (36%)  pos=24940  W/D/B=116/41/114  (42%/15%/42%)  d4/d7  1.5 games/s (avg 0.4)  967.5K nps  ETA 00:19:34
[2026-03-28T05:55:29.041] [INFO] [selfplay:2] [SelfPlay] 272/750 (36%)  pos=25043  W/D/B=116/41/115  (42%/15%/42%)  d4/d7  1.3 games/s (avg 0.4)  969.1K nps  ETA 00:19:30
[2026-03-28T05:55:30.289] [INFO] [selfplay:2] [SelfPlay] 273/750 (36%)  pos=25072  W/D/B=116/41/116  (42%/15%/42%)  d4/d7  1.2 games/s (avg 0.4)  963.0K nps  ETA 00:19:30
[2026-03-28T05:55:37.902] [INFO] [selfplay:2] [SelfPlay] 274/750 (36%)  pos=25118  W/D/B=116/41/117  (42%/14%/42%)  d4/d7  1.1 games/s (avg 0.4)  960.6K nps  ETA 00:19:20
[2026-03-28T05:55:38.894] [INFO] [selfplay:2] [SelfPlay] 275/750 (36%)  pos=25358  W/D/B=116/42/117  (42%/15%/42%)  d4/d7  1.0 games/s (avg 0.4)  950.1K nps  ETA 00:19:33
[2026-03-28T05:55:46.680] [INFO] [selfplay:2] [SelfPlay] 276/750 (36%)  pos=25422  W/D/B=116/42/118  (42%/15%/42%)  d4/d7  1.0 games/s (avg 0.4)  951.9K nps  ETA 00:19:21
[2026-03-28T05:55:48.694] [INFO] [selfplay:2] [SelfPlay] 277/750 (36%)  pos=25484  W/D/B=116/42/119  (41%/15%/42%)  d4/d7  0.9 games/s (avg 0.4)  937.6K nps  ETA 00:19:33
[2026-03-28T05:55:50.084] [INFO] [selfplay:2] [SelfPlay] 278/750 (37%)  pos=25537  W/D/B=116/42/120  (41%/15%/43%)  d4/d7  0.8 games/s (avg 0.4)  936.8K nps  ETA 00:19:31
[2026-03-28T05:55:52.266] [INFO] [selfplay:2] [SelfPlay] 279/750 (37%)  pos=25604  W/D/B=117/42/120  (41%/15%/43%)  d4/d7  0.8 games/s (avg 0.4)  937.9K nps  ETA 00:19:25
[2026-03-28T05:55:53.391] [INFO] [selfplay:2] [SelfPlay] 280/750 (37%)  pos=25780  W/D/B=118/42/120  (42%/15%/42%)  d4/d7  0.7 games/s (avg 0.4)  942.3K nps  ETA 00:19:24
[2026-03-28T05:55:55.100] [INFO] [selfplay:2] [SelfPlay] 281/750 (37%)  pos=25858  W/D/B=118/42/121  (41%/14%/43%)  d4/d7  0.8 games/s (avg 0.4)  944.7K nps  ETA 00:19:19
[2026-03-28T05:55:56.817] [INFO] [selfplay:2] [SelfPlay] 282/750 (37%)  pos=25943  W/D/B=119/42/121  (42%/14%/42%)  d4/d7  0.7 games/s (avg 0.4)  941.5K nps  ETA 00:19:14
[2026-03-28T05:55:58.036] [INFO] [selfplay:2] [SelfPlay] 283/750 (37%)  pos=26089  W/D/B=120/42/121  (42%/14%/42%)  d4/d7  0.7 games/s (avg 0.4)  945.2K nps  ETA 00:19:11
[2026-03-28T05:56:08.909] [INFO] [selfplay:2] [SelfPlay] 284/750 (37%)  pos=26166  W/D/B=120/42/122  (42%/14%/42%)  d4/d7  0.7 games/s (avg 0.4)  945.8K nps  ETA 00:18:57
[2026-03-28T05:56:09.969] [INFO] [selfplay:2] [SelfPlay] 285/750 (38%)  pos=26226  W/D/B=120/43/122  (42%/15%/42%)  d4/d7  0.6 games/s (avg 0.4)  925.2K nps  ETA 00:19:18
[2026-03-28T05:56:12.063] [INFO] [selfplay:2] [SelfPlay] 286/750 (38%)  pos=26322  W/D/B=120/43/123  (41%/15%/43%)  d4/d7  0.7 games/s (avg 0.4)  926.4K nps  ETA 00:19:12
[2026-03-28T05:56:12.511] [INFO] [selfplay:2] [SelfPlay] 287/750 (38%)  pos=26489  W/D/B=121/43/123  (42%/14%/42%)  d4/d7  0.6 games/s (avg 0.4)  927.0K nps  ETA 00:19:10
[2026-03-28T05:56:13.764] [INFO] [selfplay:2] [SelfPlay] 288/750 (38%)  pos=26649  W/D/B=121/43/124  (42%/14%/43%)  d4/d7  0.9 games/s (avg 0.4)  930.0K nps  ETA 00:19:04
[2026-03-28T05:56:13.873] [INFO] [selfplay:2] [SelfPlay] 289/750 (38%)  pos=26682  W/D/B=122/43/124  (42%/14%/42%)  d4/d7  0.9 games/s (avg 0.4)  929.4K nps  ETA 00:19:01
[2026-03-28T05:56:14.553] [INFO] [selfplay:2] [SelfPlay] 290/750 (38%)  pos=26797  W/D/B=123/43/124  (42%/14%/42%)  d4/d7  2.1 games/s (avg 0.4)  934.9K nps  ETA 00:18:54
[2026-03-28T05:56:16.299] [INFO] [selfplay:2] [SelfPlay] 291/750 (38%)  pos=26838  W/D/B=124/43/124  (42%/14%/42%)  d4/d7  2.0 games/s (avg 0.4)  935.9K nps  ETA 00:18:48
[2026-03-28T05:56:16.715] [INFO] [selfplay:2] [SelfPlay] 292/750 (38%)  pos=26908  W/D/B=125/43/124  (42%/14%/42%)  d4/d7  1.8 games/s (avg 0.4)  934.7K nps  ETA 00:18:46
[2026-03-28T05:56:20.399] [INFO] [selfplay:2] [SelfPlay] 293/750 (39%)  pos=26993  W/D/B=126/43/124  (43%/14%/42%)  d4/d7  1.9 games/s (avg 0.4)  936.5K nps  ETA 00:18:36
[2026-03-28T05:56:20.847] [INFO] [selfplay:2] [SelfPlay] 294/750 (39%)  pos=27185  W/D/B=126/43/125  (42%/14%/42%)  d4/d7  1.7 games/s (avg 0.4)  929.8K nps  ETA 00:18:40
[2026-03-28T05:56:21.857] [INFO] [selfplay:2] [SelfPlay] 295/750 (39%)  pos=27379  W/D/B=126/43/126  (42%/14%/42%)  d4/d7  1.7 games/s (avg 0.4)  929.7K nps  ETA 00:18:33
[2026-03-28T05:56:31.201] [INFO] [selfplay:2] [SelfPlay] 296/750 (39%)  pos=27457  W/D/B=126/43/127  (42%/14%/42%)  d4/d7  1.6 games/s (avg 0.4)  931.3K nps  ETA 00:18:20
[2026-03-28T05:56:36.044] [INFO] [selfplay:2] [SelfPlay] 297/750 (39%)  pos=27554  W/D/B=126/43/128  (42%/14%/43%)  d4/d7  1.5 games/s (avg 0.4)  933.8K nps  ETA 00:18:34
[2026-03-28T05:56:39.050] [INFO] [selfplay:2] [SelfPlay] 298/750 (39%)  pos=27686  W/D/B=127/43/128  (42%/14%/42%)  d4/d7  1.3 games/s (avg 0.4)  931.9K nps  ETA 00:18:36
[2026-03-28T05:56:40.550] [INFO] [selfplay:2] [SelfPlay] 299/750 (39%)  pos=27740  W/D/B=128/43/128  (42%/14%/42%)  d4/d7  1.2 games/s (avg 0.4)  929.1K nps  ETA 00:18:35
[2026-03-28T05:56:41.083] [INFO] [selfplay:2] [SelfPlay] 300/750 (40%)  pos=27767  W/D/B=129/43/128  (43%/14%/42%)  d4/d7  1.1 games/s (avg 0.4)  928.1K nps  ETA 00:18:33
[2026-03-28T05:56:44.417] [INFO] [selfplay:2] [SelfPlay] 301/750 (40%)  pos=27907  W/D/B=130/43/128  (43%/14%/42%)  d4/d7  1.2 games/s (avg 0.4)  930.0K nps  ETA 00:18:24
[2026-03-28T05:56:45.774] [INFO] [selfplay:2] [SelfPlay] 302/750 (40%)  pos=27972  W/D/B=130/44/128  (43%/14%/42%)  d4/d7  1.1 games/s (avg 0.4)  926.8K nps  ETA 00:18:26
[2026-03-28T05:56:46.315] [INFO] [selfplay:2] [SelfPlay] 303/750 (40%)  pos=28050  W/D/B=131/44/128  (43%/14%/42%)  d4/d7  1.0 games/s (avg 0.4)  926.8K nps  ETA 00:18:21
[2026-03-28T05:56:49.034] [INFO] [selfplay:2] [SelfPlay] 304/750 (40%)  pos=28173  W/D/B=131/44/129  (43%/14%/42%)  d4/d7  1.1 games/s (avg 0.4)  928.7K nps  ETA 00:18:15
[2026-03-28T05:56:49.379] [INFO] [selfplay:2] [SelfPlay] 305/750 (40%)  pos=28192  W/D/B=132/44/129  (43%/14%/42%)  d4/d7  1.0 games/s (avg 0.4)  924.5K nps  ETA 00:18:14
[2026-03-28T05:56:49.929] [INFO] [selfplay:2] [SelfPlay] 306/750 (40%)  pos=28260  W/D/B=132/44/130  (43%/14%/42%)  d4/d7  1.3 games/s (avg 0.4)  927.8K nps  ETA 00:18:10
[2026-03-28T05:56:52.517] [INFO] [selfplay:2] [SelfPlay] 307/750 (40%)  pos=28329  W/D/B=133/44/130  (43%/14%/42%)  d4/d7  1.4 games/s (avg 0.4)  931.0K nps  ETA 00:18:01
[2026-03-28T05:56:52.822] [INFO] [selfplay:2] [SelfPlay] 308/750 (41%)  pos=28382  W/D/B=134/44/130  (43%/14%/42%)  d4/d7  1.2 games/s (avg 0.4)  926.3K nps  ETA 00:18:02
[2026-03-28T05:56:54.686] [INFO] [selfplay:2] [SelfPlay] 309/750 (41%)  pos=28425  W/D/B=134/45/130  (43%/14%/42%)  d4/d7  1.5 games/s (avg 0.4)  927.5K nps  ETA 00:17:55
[2026-03-28T05:56:55.954] [INFO] [selfplay:2] [SelfPlay] 310/750 (41%)  pos=28461  W/D/B=134/46/130  (43%/14%/41%)  d4/d7  1.4 games/s (avg 0.4)  924.1K nps  ETA 00:17:52
[2026-03-28T05:57:00.294] [INFO] [selfplay:2] [SelfPlay] 311/750 (41%)  pos=28497  W/D/B=134/47/130  (43%/15%/41%)  d4/d7  1.3 games/s (avg 0.4)  925.5K nps  ETA 00:17:44
[2026-03-28T05:57:05.933] [INFO] [selfplay:2] [SelfPlay] 312/750 (41%)  pos=28635  W/D/B=134/48/130  (42%/15%/41%)  d4/d7  1.1 games/s (avg 0.4)  917.8K nps  ETA 00:17:44
[2026-03-28T05:57:09.494] [INFO] [selfplay:2] [SelfPlay] 313/750 (41%)  pos=28668  W/D/B=134/48/131  (42%/15%/41%)  d4/d7  1.0 games/s (avg 0.4)  909.4K nps  ETA 00:17:47
[2026-03-28T05:57:14.451] [INFO] [selfplay:2] [SelfPlay] 314/750 (41%)  pos=28783  W/D/B=134/49/131  (42%/15%/41%)  d4/d7  0.9 games/s (avg 0.4)  905.9K nps  ETA 00:17:46
[2026-03-28T05:57:17.612] [INFO] [selfplay:2] [SelfPlay] 315/750 (42%)  pos=28832  W/D/B=134/49/132  (42%/15%/41%)  d4/d7  0.8 games/s (avg 0.4)  900.3K nps  ETA 00:17:49
[2026-03-28T05:57:20.602] [INFO] [selfplay:2] [SelfPlay] 316/750 (42%)  pos=28886  W/D/B=134/49/133  (42%/15%/42%)  d4/d7  0.7 games/s (avg 0.4)  897.8K nps  ETA 00:17:47
[2026-03-28T05:57:21.075] [INFO] [selfplay:2] [SelfPlay] 317/750 (42%)  pos=28932  W/D/B=135/49/133  (42%/15%/41%)  d4/d7  0.7 games/s (avg 0.4)  897.2K nps  ETA 00:17:48
[2026-03-28T05:57:22.566] [INFO] [selfplay:2] [SelfPlay] 318/750 (42%)  pos=29074  W/D/B=135/49/134  (42%/15%/42%)  d4/d7  0.9 games/s (avg 0.4)  897.1K nps  ETA 00:17:41
[2026-03-28T05:57:23.148] [INFO] [selfplay:2] [SelfPlay] 319/750 (42%)  pos=29157  W/D/B=136/49/134  (42%/15%/42%)  d4/d7  0.8 games/s (avg 0.4)  897.7K nps  ETA 00:17:38
[2026-03-28T05:57:25.241] [INFO] [selfplay:2] [SelfPlay] 320/750 (42%)  pos=29200  W/D/B=136/49/135  (42%/15%/42%)  d4/d7  1.0 games/s (avg 0.4)  899.3K nps  ETA 00:17:32
[2026-03-28T05:57:26.507] [INFO] [selfplay:2] [SelfPlay] 321/750 (42%)  pos=29271  W/D/B=136/49/136  (42%/15%/42%)  d4/d7  0.9 games/s (avg 0.4)  896.1K nps  ETA 00:17:30
[2026-03-28T05:57:27.872] [INFO] [selfplay:2] [SelfPlay] 322/750 (42%)  pos=29331  W/D/B=136/49/137  (42%/15%/42%)  d4/d7  0.9 games/s (avg 0.4)  894.3K nps  ETA 00:17:26
[2026-03-28T05:57:28.342] [INFO] [selfplay:2] [SelfPlay] 323/750 (43%)  pos=29468  W/D/B=137/49/137  (42%/15%/42%)  d4/d7  0.9 games/s (avg 0.4)  896.1K nps  ETA 00:17:23
[2026-03-28T05:57:30.813] [INFO] [selfplay:2] [SelfPlay] 324/750 (43%)  pos=29615  W/D/B=138/49/137  (42%/15%/42%)  d4/d7  1.1 games/s (avg 0.4)  898.6K nps  ETA 00:17:16
[2026-03-28T05:57:33.037] [INFO] [selfplay:2] [SelfPlay] 325/750 (43%)  pos=29767  W/D/B=139/49/137  (42%/15%/42%)  d4/d7  1.0 games/s (avg 0.4)  894.8K nps  ETA 00:17:14
[2026-03-28T05:57:34.852] [INFO] [selfplay:2] [SelfPlay] 326/750 (43%)  pos=30007  W/D/B=139/50/137  (42%/15%/42%)  d4/d7  0.9 games/s (avg 0.4)  899.0K nps  ETA 00:17:11
[2026-03-28T05:57:34.904] [INFO] [selfplay:2] [SelfPlay] 327/750 (43%)  pos=30100  W/D/B=140/50/137  (42%/15%/41%)  d4/d7  0.8 games/s (avg 0.4)  898.8K nps  ETA 00:17:10
[2026-03-28T05:57:36.324] [INFO] [selfplay:2] [SelfPlay] 328/750 (43%)  pos=30155  W/D/B=140/50/138  (42%/15%/42%)  d4/d7  3.6 games/s (avg 0.4)  899.1K nps  ETA 00:17:03
[2026-03-28T05:57:37.048] [INFO] [selfplay:2] [SelfPlay] 329/750 (43%)  pos=30214  W/D/B=141/50/138  (42%/15%/41%)  d4/d7  3.2 games/s (avg 0.4)  901.1K nps  ETA 00:17:01
[2026-03-28T05:57:38.933] [INFO] [selfplay:2] [SelfPlay] 330/750 (44%)  pos=30270  W/D/B=142/50/138  (43%/15%/41%)  d4/d7  2.9 games/s (avg 0.4)  900.3K nps  ETA 00:16:54
[2026-03-28T05:57:39.183] [INFO] [selfplay:2] [SelfPlay] 331/750 (44%)  pos=30348  W/D/B=143/50/138  (43%/15%/41%)  d4/d7  2.5 games/s (avg 0.4)  899.9K nps  ETA 00:16:52
[2026-03-28T05:57:39.236] [INFO] [selfplay:2] [SelfPlay] 332/750 (44%)  pos=30430  W/D/B=143/50/139  (43%/15%/41%)  d4/d7  2.8 games/s (avg 0.4)  903.1K nps  ETA 00:16:48
[2026-03-28T05:57:40.369] [INFO] [selfplay:2] [SelfPlay] 333/750 (44%)  pos=30496  W/D/B=144/50/139  (43%/15%/41%)  d4/d7  5.2 games/s (avg 0.4)  903.5K nps  ETA 00:16:42
[2026-03-28T05:57:42.760] [INFO] [selfplay:2] [SelfPlay] 334/750 (44%)  pos=30564  W/D/B=145/50/139  (43%/14%/41%)  d4/d7  4.5 games/s (avg 0.4)  901.9K nps  ETA 00:16:37
[2026-03-28T05:57:44.629] [INFO] [selfplay:2] [SelfPlay] 335/750 (44%)  pos=30646  W/D/B=145/50/140  (43%/14%/41%)  d4/d7  4.2 games/s (avg 0.4)  901.9K nps  ETA 00:16:34
[2026-03-28T05:57:50.751] [INFO] [selfplay:2] [SelfPlay] 336/750 (44%)  pos=30684  W/D/B=145/51/140  (43%/15%/41%)  d4/d7  3.6 games/s (avg 0.4)  900.2K nps  ETA 00:16:27
[2026-03-28T05:57:52.757] [INFO] [selfplay:2] [SelfPlay] 337/750 (44%)  pos=30720  W/D/B=145/52/140  (43%/15%/41%)  d4/d7  3.4 games/s (avg 0.4)  900.9K nps  ETA 00:16:33
[2026-03-28T05:57:53.065] [INFO] [selfplay:2] [SelfPlay] 338/750 (45%)  pos=30760  W/D/B=145/53/140  (42%/15%/41%)  d4/d7  2.9 games/s (avg 0.4)  897.7K nps  ETA 00:16:32
[2026-03-28T05:57:54.538] [INFO] [selfplay:2] [SelfPlay] 339/750 (45%)  pos=30878  W/D/B=145/53/141  (42%/15%/41%)  d4/d7  3.0 games/s (avg 0.4)  900.5K nps  ETA 00:16:26
[2026-03-28T05:57:54.555] [INFO] [selfplay:2] [SelfPlay] 340/750 (45%)  pos=30900  W/D/B=145/53/142  (42%/15%/41%)  d4/d7  2.6 games/s (avg 0.4)  898.1K nps  ETA 00:16:24
[2026-03-28T05:57:55.067] [INFO] [selfplay:2] [SelfPlay] 341/750 (45%)  pos=30952  W/D/B=145/54/142  (42%/15%/41%)  d4/d7  11.2 games/s (avg 0.4)  901.1K nps  ETA 00:16:19
[2026-03-28T05:57:57.087] [INFO] [selfplay:2] [SelfPlay] 342/750 (45%)  pos=31153  W/D/B=145/55/142  (42%/16%/41%)  d4/d7  9.8 games/s (avg 0.4)  903.3K nps  ETA 00:16:12
[2026-03-28T05:57:57.559] [INFO] [selfplay:2] [SelfPlay] 343/750 (45%)  pos=31317  W/D/B=146/55/142  (42%/16%/41%)  d4/d7  9.0 games/s (avg 0.4)  906.1K nps  ETA 00:16:10
[2026-03-28T05:57:57.856] [INFO] [selfplay:2] [SelfPlay] 344/750 (45%)  pos=31376  W/D/B=146/55/143  (42%/15%/41%)  d4/d7  8.0 games/s (avg 0.4)  905.6K nps  ETA 00:16:07
[2026-03-28T05:58:01.998] [INFO] [selfplay:2] [SelfPlay] 345/750 (46%)  pos=31444  W/D/B=146/55/144  (42%/15%/41%)  d4/d7  7.3 games/s (avg 0.4)  908.4K nps  ETA 00:15:58
[2026-03-28T05:58:09.258] [INFO] [selfplay:2] [SelfPlay] 346/750 (46%)  pos=31523  W/D/B=146/55/145  (42%/15%/41%)  d4/d7  6.8 games/s (avg 0.4)  908.6K nps  ETA 00:15:53
[2026-03-28T05:58:12.139] [INFO] [selfplay:2] [SelfPlay] 347/750 (46%)  pos=31636  W/D/B=146/55/146  (42%/15%/42%)  d4/d7  6.3 games/s (avg 0.4)  910.9K nps  ETA 00:16:03
[2026-03-28T05:58:14.016] [INFO] [selfplay:2] [SelfPlay] 348/750 (46%)  pos=31719  W/D/B=147/55/146  (42%/15%/41%)  d4/d7  5.8 games/s (avg 0.4)  913.5K nps  ETA 00:16:01
[2026-03-28T05:58:14.281] [INFO] [selfplay:2] [SelfPlay] 349/750 (46%)  pos=31805  W/D/B=148/55/146  (42%/15%/41%)  d4/d7  5.3 games/s (avg 0.4)  916.5K nps  ETA 00:15:59
[2026-03-28T05:58:14.979] [INFO] [selfplay:2] [SelfPlay] 350/750 (46%)  pos=31936  W/D/B=149/55/146  (42%/15%/41%)  d4/d7  5.1 games/s (avg 0.4)  916.5K nps  ETA 00:15:55
[2026-03-28T05:58:21.977] [INFO] [selfplay:2] [SelfPlay] 351/750 (46%)  pos=32058  W/D/B=150/55/146  (42%/15%/41%)  d4/d7  4.6 games/s (avg 0.4)  918.8K nps  ETA 00:15:44
[2026-03-28T05:58:26.010] [INFO] [selfplay:2] [SelfPlay] 352/750 (46%)  pos=32286  W/D/B=150/56/146  (42%/15%/41%)  d4/d7  4.2 games/s (avg 0.4)  923.1K nps  ETA 00:15:50
[2026-03-28T05:58:32.284] [INFO] [selfplay:2] [SelfPlay] 353/750 (47%)  pos=32362  W/D/B=151/56/146  (42%/15%/41%)  d4/d7  3.9 games/s (avg 0.4)  925.5K nps  ETA 00:15:46
[2026-03-28T05:58:34.106] [INFO] [selfplay:2] [SelfPlay] 354/750 (47%)  pos=32398  W/D/B=151/57/146  (42%/16%/41%)  d4/d7  3.6 games/s (avg 0.4)  926.6K nps  ETA 00:15:54
[2026-03-28T05:58:34.176] [INFO] [selfplay:2] [SelfPlay] 355/750 (47%)  pos=32483  W/D/B=152/57/146  (42%/16%/41%)  d4/d7  3.2 games/s (avg 0.4)  926.6K nps  ETA 00:15:51
[2026-03-28T05:58:36.421] [INFO] [selfplay:2] [SelfPlay] 356/750 (47%)  pos=32525  W/D/B=153/57/146  (42%/16%/41%)  d4/d7  4.8 games/s (avg 0.4)  928.3K nps  ETA 00:15:45
[2026-03-28T05:58:37.709] [INFO] [selfplay:2] [SelfPlay] 357/750 (47%)  pos=32567  W/D/B=153/57/147  (42%/15%/41%)  d4/d7  4.5 games/s (avg 0.4)  928.2K nps  ETA 00:15:43
[2026-03-28T05:58:40.774] [INFO] [selfplay:2] [SelfPlay] 358/750 (47%)  pos=32643  W/D/B=153/57/148  (42%/15%/41%)  d4/d7  3.9 games/s (avg 0.4)  929.7K nps  ETA 00:15:38
[2026-03-28T05:58:43.511] [INFO] [selfplay:2] [SelfPlay] 359/750 (47%)  pos=32800  W/D/B=153/57/149  (42%/15%/41%)  d4/d7  3.6 games/s (avg 0.4)  934.4K nps  ETA 00:15:36
[2026-03-28T05:58:43.657] [INFO] [selfplay:2] [SelfPlay] 360/750 (48%)  pos=33022  W/D/B=153/58/149  (42%/16%/41%)  d4/d7  3.1 games/s (avg 0.4)  934.7K nps  ETA 00:15:37
[2026-03-28T05:58:44.037] [INFO] [selfplay:2] [SelfPlay] 361/750 (48%)  pos=33099  W/D/B=153/58/150  (42%/16%/41%)  d4/d7  3.7 games/s (avg 0.4)  938.8K nps  ETA 00:15:32
[2026-03-28T05:58:45.340] [INFO] [selfplay:2] [SelfPlay] 362/750 (48%)  pos=33225  W/D/B=154/58/150  (42%/16%/41%)  d4/d7  3.5 games/s (avg 0.4)  940.9K nps  ETA 00:15:26
[2026-03-28T05:58:47.688] [INFO] [selfplay:2] [SelfPlay] 363/750 (48%)  pos=33400  W/D/B=154/59/150  (42%/16%/41%)  d4/d7  3.1 games/s (avg 0.4)  939.2K nps  ETA 00:15:22
[2026-03-28T05:58:52.056] [INFO] [selfplay:2] [SelfPlay] 364/750 (48%)  pos=33492  W/D/B=154/59/151  (42%/16%/41%)  d4/d7  2.7 games/s (avg 0.4)  935.6K nps  ETA 00:15:18
[2026-03-28T05:58:56.872] [INFO] [selfplay:2] [SelfPlay] 365/750 (48%)  pos=33578  W/D/B=155/59/151  (42%/16%/41%)  d4/d7  2.5 games/s (avg 0.4)  935.3K nps  ETA 00:15:16
[2026-03-28T05:59:02.877] [INFO] [selfplay:2] [SelfPlay] 366/750 (48%)  pos=33695  W/D/B=155/59/152  (42%/16%/41%)  d4/d7  2.3 games/s (avg 0.4)  938.6K nps  ETA 00:15:15
[2026-03-28T05:59:03.751] [INFO] [selfplay:2] [SelfPlay] 367/750 (48%)  pos=33759  W/D/B=155/59/153  (42%/16%/41%)  d4/d7  2.1 games/s (avg 0.4)  941.1K nps  ETA 00:15:22
[2026-03-28T05:59:06.065] [INFO] [selfplay:2] [SelfPlay] 368/750 (49%)  pos=33814  W/D/B=155/60/153  (42%/16%/41%)  d4/d7  2.0 games/s (avg 0.4)  942.2K nps  ETA 00:15:17
[2026-03-28T05:59:09.404] [INFO] [selfplay:2] [SelfPlay] 369/750 (49%)  pos=33941  W/D/B=156/60/153  (42%/16%/41%)  d4/d7  1.8 games/s (avg 0.4)  944.8K nps  ETA 00:15:12
[2026-03-28T05:59:10.610] [INFO] [selfplay:2] [SelfPlay] 370/750 (49%)  pos=33990  W/D/B=157/60/153  (42%/16%/41%)  d4/d7  1.5 games/s (avg 0.4)  941.7K nps  ETA 00:15:14
[2026-03-28T05:59:10.728] [INFO] [selfplay:2] [SelfPlay] 371/750 (49%)  pos=34052  W/D/B=158/60/153  (42%/16%/41%)  d4/d7  1.4 games/s (avg 0.4)  942.9K nps  ETA 00:15:11
[2026-03-28T05:59:10.852] [INFO] [selfplay:2] [SelfPlay] 372/750 (49%)  pos=34126  W/D/B=158/61/153  (42%/16%/41%)  d4/d7  2.5 games/s (avg 0.4)  943.1K nps  ETA 00:15:06
[2026-03-28T05:59:13.844] [INFO] [selfplay:2] [SelfPlay] 373/750 (49%)  pos=34178  W/D/B=159/61/153  (42%/16%/41%)  d4/d7  3.3 games/s (avg 0.4)  945.9K nps  ETA 00:14:59
[2026-03-28T05:59:15.490] [INFO] [selfplay:2] [SelfPlay] 374/750 (49%)  pos=34232  W/D/B=159/61/154  (42%/16%/41%)  d4/d7  2.9 games/s (avg 0.4)  941.2K nps  ETA 00:14:58
[2026-03-28T05:59:16.977] [INFO] [selfplay:2] [SelfPlay] 375/750 (50%)  pos=34340  W/D/B=159/61/155  (42%/16%/41%)  d4/d7  2.5 games/s (avg 0.4)  938.9K nps  ETA 00:14:56
[2026-03-28T05:59:17.794] [INFO] [selfplay:2] [SelfPlay] 376/750 (50%)  pos=34580  W/D/B=159/62/155  (42%/16%/41%)  d4/d7  2.3 games/s (avg 0.4)  937.1K nps  ETA 00:14:53
[2026-03-28T05:59:18.493] [INFO] [selfplay:2] [SelfPlay] 377/750 (50%)  pos=34755  W/D/B=159/62/156  (42%/16%/41%)  d4/d7  2.1 games/s (avg 0.4)  938.8K nps  ETA 00:14:49
[2026-03-28T05:59:19.199] [INFO] [selfplay:2] [SelfPlay] 378/750 (50%)  pos=34876  W/D/B=160/62/156  (42%/16%/41%)  d4/d7  2.0 games/s (avg 0.4)  942.4K nps  ETA 00:14:45
[2026-03-28T05:59:19.624] [INFO] [selfplay:2] [SelfPlay] 379/750 (50%)  pos=35007  W/D/B=160/63/156  (42%/16%/41%)  d4/d7  1.9 games/s (avg 0.4)  941.6K nps  ETA 00:14:42
[2026-03-28T05:59:20.254] [INFO] [selfplay:2] [SelfPlay] 380/750 (50%)  pos=35083  W/D/B=161/63/156  (42%/16%/41%)  d4/d7  2.0 games/s (avg 0.4)  944.0K nps  ETA 00:14:36
[2026-03-28T05:59:23.252] [INFO] [selfplay:2] [SelfPlay] 381/750 (50%)  pos=35209  W/D/B=162/63/156  (42%/16%/40%)  d4/d7  1.9 games/s (avg 0.4)  946.3K nps  ETA 00:14:30
[2026-03-28T05:59:24.593] [INFO] [selfplay:2] [SelfPlay] 382/750 (50%)  pos=35316  W/D/B=162/63/157  (42%/16%/41%)  d4/d7  1.7 games/s (avg 0.4)  941.8K nps  ETA 00:14:30
[2026-03-28T05:59:29.658] [INFO] [selfplay:2] [SelfPlay] 383/750 (51%)  pos=35501  W/D/B=162/64/157  (42%/16%/40%)  d4/d7  1.5 games/s (avg 0.4)  942.5K nps  ETA 00:14:23
[2026-03-28T05:59:31.462] [INFO] [selfplay:2] [SelfPlay] 384/750 (51%)  pos=35552  W/D/B=162/65/157  (42%/16%/40%)  d4/d7  1.3 games/s (avg 0.4)  935.3K nps  ETA 00:14:26
[2026-03-28T05:59:35.124] [INFO] [selfplay:2] [SelfPlay] 385/750 (51%)  pos=35605  W/D/B=163/65/157  (42%/16%/40%)  d4/d7  1.2 games/s (avg 0.4)  935.5K nps  ETA 00:14:22
[2026-03-28T05:59:35.855] [INFO] [selfplay:2] [SelfPlay] 386/750 (51%)  pos=35783  W/D/B=163/66/157  (42%/17%/40%)  d4/d7  1.1 games/s (avg 0.4)  930.1K nps  ETA 00:14:23
[2026-03-28T05:59:41.881] [INFO] [selfplay:2] [SelfPlay] 387/750 (51%)  pos=35824  W/D/B=163/67/157  (42%/17%/40%)  d4/d7  1.1 games/s (avg 0.4)  930.2K nps  ETA 00:14:14
[2026-03-28T05:59:42.807] [INFO] [selfplay:2] [SelfPlay] 388/750 (51%)  pos=35907  W/D/B=163/67/158  (42%/17%/40%)  d4/d7  1.0 games/s (avg 0.4)  923.4K nps  ETA 00:14:20
[2026-03-28T05:59:49.114] [INFO] [selfplay:2] [SelfPlay] 389/750 (51%)  pos=35975  W/D/B=163/67/159  (41%/17%/40%)  d4/d7  1.0 games/s (avg 0.4)  925.4K nps  ETA 00:14:12
[2026-03-28T05:59:49.471] [INFO] [selfplay:2] [SelfPlay] 390/750 (52%)  pos=36150  W/D/B=164/67/159  (42%/17%/40%)  d4/d7  0.9 games/s (avg 0.4)  916.2K nps  ETA 00:14:18
[2026-03-28T05:59:52.073] [INFO] [selfplay:2] [SelfPlay] 391/750 (52%)  pos=36223  W/D/B=164/67/160  (41%/17%/40%)  d4/d7  1.2 games/s (avg 0.4)  918.3K nps  ETA 00:14:13
[2026-03-28T05:59:54.074] [INFO] [selfplay:2] [SelfPlay] 392/750 (52%)  pos=36308  W/D/B=164/67/161  (41%/17%/41%)  d4/d7  1.0 games/s (avg 0.4)  917.2K nps  ETA 00:14:10
[2026-03-28T05:59:55.217] [INFO] [selfplay:2] [SelfPlay] 393/750 (52%)  pos=36474  W/D/B=165/67/161  (41%/17%/40%)  d4/d7  1.0 games/s (avg 0.4)  914.6K nps  ETA 00:14:08
[2026-03-28T05:59:55.510] [INFO] [selfplay:2] [SelfPlay] 394/750 (52%)  pos=36597  W/D/B=166/67/161  (42%/17%/40%)  d4/d7  0.9 games/s (avg 0.4)  916.0K nps  ETA 00:14:06
[2026-03-28T05:59:57.337] [INFO] [selfplay:2] [SelfPlay] 395/750 (52%)  pos=36652  W/D/B=166/68/161  (42%/17%/40%)  d4/d7  1.3 games/s (avg 0.4)  917.3K nps  ETA 00:14:00
[2026-03-28T05:59:58.998] [INFO] [selfplay:2] [SelfPlay] 396/750 (52%)  pos=36771  W/D/B=167/68/161  (42%/17%/40%)  d4/d7  1.2 games/s (avg 0.4)  918.2K nps  ETA 00:13:58
[2026-03-28T06:00:01.258] [INFO] [selfplay:2] [SelfPlay] 397/750 (52%)  pos=36818  W/D/B=167/68/162  (42%/17%/40%)  d4/d7  1.1 games/s (avg 0.4)  917.2K nps  ETA 00:13:53
[2026-03-28T06:00:01.584] [INFO] [selfplay:2] [SelfPlay] 398/750 (53%)  pos=36862  W/D/B=168/68/162  (42%/17%/40%)  d4/d7  1.0 games/s (avg 0.4)  916.9K nps  ETA 00:13:54
[2026-03-28T06:00:06.171] [INFO] [selfplay:2] [SelfPlay] 399/750 (53%)  pos=36938  W/D/B=168/68/163  (42%/17%/40%)  d4/d7  1.3 games/s (avg 0.4)  921.1K nps  ETA 00:13:44
[2026-03-28T06:00:06.764] [INFO] [selfplay:2] [SelfPlay] 400/750 (53%)  pos=37001  W/D/B=169/68/163  (42%/17%/40%)  d4/d7  1.2 games/s (avg 0.4)  914.6K nps  ETA 00:13:49
[2026-03-28T06:00:10.227] [INFO] [selfplay:2] [SelfPlay] 401/750 (53%)  pos=37056  W/D/B=170/68/163  (42%/16%/40%)  d4/d7  1.2 games/s (avg 0.4)  916.4K nps  ETA 00:13:41
[2026-03-28T06:00:13.317] [INFO] [selfplay:2] [SelfPlay] 402/750 (53%)  pos=37243  W/D/B=171/68/163  (42%/16%/40%)  d4/d7  1.1 games/s (avg 0.4)  915.0K nps  ETA 00:13:41
[2026-03-28T06:00:14.124] [INFO] [selfplay:2] [SelfPlay] 403/750 (53%)  pos=37282  W/D/B=172/68/163  (42%/16%/40%)  d4/d7  1.0 games/s (avg 0.4)  911.9K nps  ETA 00:13:42
[2026-03-28T06:00:17.836] [INFO] [selfplay:2] [SelfPlay] 404/750 (53%)  pos=37369  W/D/B=172/68/164  (42%/16%/40%)  d4/d7  1.0 games/s (avg 0.4)  914.2K nps  ETA 00:13:34
[2026-03-28T06:00:18.079] [INFO] [selfplay:2] [SelfPlay] 405/750 (54%)  pos=37421  W/D/B=172/68/165  (42%/16%/40%)  d4/d7  0.9 games/s (avg 0.4)  910.8K nps  ETA 00:13:37
[2026-03-28T06:00:25.240] [INFO] [selfplay:2] [SelfPlay] 406/750 (54%)  pos=37484  W/D/B=172/69/165  (42%/16%/40%)  d4/d7  1.4 games/s (avg 0.4)  910.7K nps  ETA 00:13:25
[2026-03-28T06:00:28.452] [INFO] [selfplay:2] [SelfPlay] 407/750 (54%)  pos=37566  W/D/B=172/69/166  (42%/16%/40%)  d4/d7  1.2 games/s (avg 0.4)  902.7K nps  ETA 00:13:32
[2026-03-28T06:00:29.065] [INFO] [selfplay:2] [SelfPlay] 408/750 (54%)  pos=37617  W/D/B=172/69/167  (42%/16%/40%)  d4/d7  1.1 games/s (avg 0.4)  898.4K nps  ETA 00:13:33
[2026-03-28T06:00:31.845] [INFO] [selfplay:2] [SelfPlay] 409/750 (54%)  pos=37683  W/D/B=173/69/167  (42%/16%/40%)  d4/d7  1.2 games/s (avg 0.4)  899.8K nps  ETA 00:13:26
[2026-03-28T06:00:32.185] [INFO] [selfplay:2] [SelfPlay] 410/750 (54%)  pos=37730  W/D/B=174/69/167  (42%/16%/40%)  d4/d7  1.0 games/s (avg 0.4)  896.2K nps  ETA 00:13:26
[2026-03-28T06:00:37.377] [INFO] [selfplay:2] [SelfPlay] 411/750 (54%)  pos=37859  W/D/B=174/69/168  (42%/16%/40%)  d4/d7  1.3 games/s (avg 0.4)  898.9K nps  ETA 00:13:18
[2026-03-28T06:00:40.923] [INFO] [selfplay:2] [SelfPlay] 412/750 (54%)  pos=37972  W/D/B=175/69/168  (42%/16%/40%)  d4/d7  1.2 games/s (avg 0.4)  895.5K nps  ETA 00:13:20
[2026-03-28T06:00:44.556] [INFO] [selfplay:2] [SelfPlay] 413/750 (55%)  pos=38118  W/D/B=176/69/168  (42%/16%/40%)  d4/d7  1.0 games/s (avg 0.4)  894.1K nps  ETA 00:13:17
[2026-03-28T06:00:46.514] [INFO] [selfplay:2] [SelfPlay] 414/750 (55%)  pos=38164  W/D/B=176/69/169  (42%/16%/40%)  d4/d7  0.9 games/s (avg 0.4)  892.5K nps  ETA 00:13:18
[2026-03-28T06:00:47.913] [INFO] [selfplay:2] [SelfPlay] 415/750 (55%)  pos=38269  W/D/B=176/69/170  (42%/16%/40%)  d4/d7  0.8 games/s (avg 0.4)  892.4K nps  ETA 00:13:16
[2026-03-28T06:00:48.849] [INFO] [selfplay:2] [SelfPlay] 416/750 (55%)  pos=38292  W/D/B=177/69/170  (42%/16%/40%)  d4/d7  0.8 games/s (avg 0.4)  892.0K nps  ETA 00:13:13
[2026-03-28T06:00:52.807] [INFO] [selfplay:2] [SelfPlay] 417/750 (55%)  pos=38367  W/D/B=178/69/170  (42%/16%/40%)  d4/d7  0.9 games/s (avg 0.4)  894.0K nps  ETA 00:13:07
[2026-03-28T06:00:53.985] [INFO] [selfplay:2] [SelfPlay] 418/750 (55%)  pos=38454  W/D/B=178/70/170  (42%/16%/40%)  d4/d7  0.8 games/s (avg 0.4)  889.0K nps  ETA 00:13:09
[2026-03-28T06:00:57.821] [INFO] [selfplay:2] [SelfPlay] 419/750 (55%)  pos=38575  W/D/B=179/70/170  (42%/16%/40%)  d4/d7  0.8 games/s (avg 0.4)  891.0K nps  ETA 00:13:02
[2026-03-28T06:00:58.109] [INFO] [selfplay:2] [SelfPlay] 420/750 (56%)  pos=38642  W/D/B=179/70/171  (42%/16%/40%)  d4/d7  0.7 games/s (avg 0.4)  888.8K nps  ETA 00:13:05
[2026-03-28T06:00:59.398] [INFO] [selfplay:2] [SelfPlay] 421/750 (56%)  pos=38689  W/D/B=179/70/172  (42%/16%/40%)  d4/d7  1.1 games/s (avg 0.4)  888.8K nps  ETA 00:12:59
[2026-03-28T06:01:05.873] [INFO] [selfplay:2] [SelfPlay] 422/750 (56%)  pos=38740  W/D/B=179/71/172  (42%/16%/40%)  d4/d7  1.1 games/s (avg 0.4)  888.9K nps  ETA 00:12:52
[2026-03-28T06:01:07.094] [INFO] [selfplay:2] [SelfPlay] 423/750 (56%)  pos=38807  W/D/B=179/71/173  (42%/16%/40%)  d4/d7  0.9 games/s (avg 0.4)  883.0K nps  ETA 00:12:58
[2026-03-28T06:01:11.819] [INFO] [selfplay:2] [SelfPlay] 424/750 (56%)  pos=38899  W/D/B=179/71/174  (42%/16%/41%)  d4/d7  0.9 games/s (avg 0.4)  885.1K nps  ETA 00:12:50
[2026-03-28T06:01:12.762] [INFO] [selfplay:2] [SelfPlay] 425/750 (56%)  pos=38954  W/D/B=179/71/175  (42%/16%/41%)  d4/d7  0.8 games/s (avg 0.4)  881.2K nps  ETA 00:12:54
[2026-03-28T06:01:13.835] [INFO] [selfplay:2] [SelfPlay] 426/750 (56%)  pos=39032  W/D/B=179/71/176  (42%/16%/41%)  d4/d7  0.8 games/s (avg 0.4)  882.4K nps  ETA 00:12:50
[2026-03-28T06:01:15.462] [INFO] [selfplay:2] [SelfPlay] 427/750 (56%)  pos=39067  W/D/B=180/71/176  (42%/16%/41%)  d4/d7  0.9 games/s (avg 0.4)  881.2K nps  ETA 00:12:46
[2026-03-28T06:01:15.758] [INFO] [selfplay:2] [SelfPlay] 428/750 (57%)  pos=39117  W/D/B=181/71/176  (42%/16%/41%)  d4/d7  0.8 games/s (avg 0.4)  881.2K nps  ETA 00:12:45
[2026-03-28T06:01:17.490] [INFO] [selfplay:2] [SelfPlay] 429/750 (57%)  pos=39217  W/D/B=181/72/176  (42%/16%/41%)  d4/d7  1.2 games/s (avg 0.4)  885.2K nps  ETA 00:12:39
[2026-03-28T06:01:24.423] [INFO] [selfplay:2] [SelfPlay] 430/750 (57%)  pos=39296  W/D/B=181/72/177  (42%/16%/41%)  d4/d7  1.1 games/s (avg 0.4)  885.4K nps  ETA 00:12:31
[2026-03-28T06:01:28.063] [INFO] [selfplay:2] [SelfPlay] 431/750 (57%)  pos=39527  W/D/B=181/73/177  (41%/16%/41%)  d4/d7  1.0 games/s (avg 0.4)  879.5K nps  ETA 00:12:36
[2026-03-28T06:01:32.718] [INFO] [selfplay:2] [SelfPlay] 432/750 (57%)  pos=39599  W/D/B=181/74/177  (41%/17%/40%)  d4/d7  0.9 games/s (avg 0.4)  875.2K nps  ETA 00:12:33
[2026-03-28T06:01:34.406] [INFO] [selfplay:2] [SelfPlay] 433/750 (57%)  pos=39621  W/D/B=182/74/177  (42%/17%/40%)  d4/d7  0.8 games/s (avg 0.4)  870.6K nps  ETA 00:12:35
[2026-03-28T06:01:35.874] [INFO] [selfplay:2] [SelfPlay] 434/750 (57%)  pos=39676  W/D/B=183/74/177  (42%/17%/40%)  d4/d7  0.7 games/s (avg 0.4)  869.9K nps  ETA 00:12:33
[2026-03-28T06:01:37.818] [INFO] [selfplay:2] [SelfPlay] 435/750 (58%)  pos=39745  W/D/B=183/75/177  (42%/17%/40%)  d4/d7  0.7 games/s (avg 0.4)  870.0K nps  ETA 00:12:29
[2026-03-28T06:01:39.068] [INFO] [selfplay:2] [SelfPlay] 436/750 (58%)  pos=39784  W/D/B=183/76/177  (41%/17%/40%)  d4/d7  0.7 games/s (avg 0.4)  867.8K nps  ETA 00:12:27
[2026-03-28T06:01:40.912] [INFO] [selfplay:2] [SelfPlay] 437/750 (58%)  pos=39858  W/D/B=183/76/178  (41%/17%/40%)  d4/d7  0.7 games/s (avg 0.4)  869.7K nps  ETA 00:12:23
[2026-03-28T06:01:41.362] [INFO] [selfplay:2] [SelfPlay] 438/750 (58%)  pos=39905  W/D/B=183/77/178  (41%/17%/40%)  d4/d7  0.7 games/s (avg 0.4)  868.3K nps  ETA 00:12:21
[2026-03-28T06:01:43.341] [INFO] [selfplay:2] [SelfPlay] 439/750 (58%)  pos=39909  W/D/B=183/77/179  (41%/17%/40%)  d4/d7  0.9 games/s (avg 0.4)  867.8K nps  ETA 00:12:17
[2026-03-28T06:01:45.010] [INFO] [selfplay:2] [SelfPlay] 440/750 (58%)  pos=40013  W/D/B=184/77/179  (41%/17%/40%)  d4/d7  0.9 games/s (avg 0.4)  868.7K nps  ETA 00:12:15
[2026-03-28T06:01:47.053] [INFO] [selfplay:2] [SelfPlay] 441/750 (58%)  pos=40109  W/D/B=185/77/179  (41%/17%/40%)  d4/d7  0.8 games/s (avg 0.4)  870.1K nps  ETA 00:12:11
[2026-03-28T06:01:49.105] [INFO] [selfplay:2] [SelfPlay] 442/750 (58%)  pos=40232  W/D/B=185/77/180  (41%/17%/40%)  d4/d7  0.8 games/s (avg 0.4)  870.6K nps  ETA 00:12:08
[2026-03-28T06:01:50.223] [INFO] [selfplay:2] [SelfPlay] 443/750 (59%)  pos=40328  W/D/B=185/78/180  (41%/17%/40%)  d4/d7  0.7 games/s (avg 0.4)  870.5K nps  ETA 00:12:06
[2026-03-28T06:01:53.568] [INFO] [selfplay:2] [SelfPlay] 444/750 (59%)  pos=40401  W/D/B=185/78/181  (41%/17%/40%)  d4/d7  0.8 games/s (avg 0.4)  872.6K nps  ETA 00:12:02
[2026-03-28T06:01:55.317] [INFO] [selfplay:2] [SelfPlay] 445/750 (59%)  pos=40491  W/D/B=185/78/182  (41%/17%/40%)  d4/d7  0.7 games/s (avg 0.4)  871.2K nps  ETA 00:12:01
[2026-03-28T06:01:56.110] [INFO] [selfplay:2] [SelfPlay] 446/750 (59%)  pos=40577  W/D/B=186/78/182  (41%/17%/40%)  d4/d7  0.7 games/s (avg 0.4)  872.1K nps  ETA 00:12:00
[2026-03-28T06:02:01.357] [INFO] [selfplay:2] [SelfPlay] 447/750 (59%)  pos=40730  W/D/B=186/78/183  (41%/17%/40%)  d4/d7  0.8 games/s (avg 0.4)  871.7K nps  ETA 00:11:51
[2026-03-28T06:02:03.867] [INFO] [selfplay:2] [SelfPlay] 448/750 (59%)  pos=40769  W/D/B=186/79/183  (41%/17%/40%)  d4/d7  0.7 games/s (avg 0.4)  867.0K nps  ETA 00:11:54
[2026-03-28T06:02:05.335] [INFO] [selfplay:2] [SelfPlay] 449/750 (59%)  pos=40814  W/D/B=187/79/183  (41%/17%/40%)  d4/d7  0.6 games/s (avg 0.4)  866.1K nps  ETA 00:11:52
[2026-03-28T06:02:07.850] [INFO] [selfplay:2] [SelfPlay] 450/750 (60%)  pos=40851  W/D/B=187/80/183  (41%/17%/40%)  d4/d7  0.6 games/s (avg 0.4)  866.1K nps  ETA 00:11:49
[2026-03-28T06:02:10.432] [INFO] [selfplay:2] [SelfPlay] 451/750 (60%)  pos=41048  W/D/B=187/81/183  (41%/17%/40%)  d4/d7  0.6 games/s (avg 0.4)  863.4K nps  ETA 00:11:46
[2026-03-28T06:02:12.438] [INFO] [selfplay:2] [SelfPlay] 452/750 (60%)  pos=41111  W/D/B=188/81/183  (41%/17%/40%)  d4/d7  0.6 games/s (avg 0.4)  863.0K nps  ETA 00:11:44
[2026-03-28T06:02:17.259] [INFO] [selfplay:2] [SelfPlay] 453/750 (60%)  pos=41274  W/D/B=188/82/183  (41%/18%/40%)  d4/d7  0.6 games/s (avg 0.4)  861.0K nps  ETA 00:11:39
[2026-03-28T06:02:17.532] [INFO] [selfplay:2] [SelfPlay] 454/750 (60%)  pos=41308  W/D/B=189/82/183  (41%/18%/40%)  d4/d7  0.5 games/s (avg 0.4)  856.9K nps  ETA 00:11:43
[2026-03-28T06:02:18.548] [INFO] [selfplay:2] [SelfPlay] 455/750 (60%)  pos=41369  W/D/B=190/82/183  (41%/18%/40%)  d4/d7  1.0 games/s (avg 0.4)  858.6K nps  ETA 00:11:38
[2026-03-28T06:02:22.216] [INFO] [selfplay:2] [SelfPlay] 456/750 (60%)  pos=41483  W/D/B=190/82/184  (41%/17%/40%)  d4/d7  1.0 games/s (avg 0.4)  859.8K nps  ETA 00:11:32
[2026-03-28T06:02:22.607] [INFO] [selfplay:2] [SelfPlay] 457/750 (60%)  pos=41564  W/D/B=191/82/184  (41%/17%/40%)  d4/d7  0.9 games/s (avg 0.4)  857.7K nps  ETA 00:11:35
[2026-03-28T06:02:25.999] [INFO] [selfplay:2] [SelfPlay] 458/750 (61%)  pos=41637  W/D/B=192/82/184  (41%/17%/40%)  d4/d7  1.1 games/s (avg 0.4)  859.8K nps  ETA 00:11:28
[2026-03-28T06:02:32.447] [INFO] [selfplay:2] [SelfPlay] 459/750 (61%)  pos=41770  W/D/B=193/82/184  (42%/17%/40%)  d4/d7  1.0 games/s (avg 0.4)  858.2K nps  ETA 00:11:22
[2026-03-28T06:02:36.340] [INFO] [selfplay:2] [SelfPlay] 460/750 (61%)  pos=41883  W/D/B=194/82/184  (42%/17%/40%)  d4/d7  0.9 games/s (avg 0.4)  853.0K nps  ETA 00:11:25
[2026-03-28T06:02:40.522] [INFO] [selfplay:2] [SelfPlay] 461/750 (61%)  pos=41973  W/D/B=194/83/184  (42%/18%/39%)  d4/d7  0.8 games/s (avg 0.4)  848.9K nps  ETA 00:11:24
[2026-03-28T06:02:44.719] [INFO] [selfplay:2] [SelfPlay] 462/750 (61%)  pos=42022  W/D/B=194/83/185  (41%/17%/40%)  d4/d7  0.7 games/s (avg 0.4)  845.5K nps  ETA 00:11:23
[2026-03-28T06:02:48.738] [INFO] [selfplay:2] [SelfPlay] 463/750 (61%)  pos=42195  W/D/B=194/83/186  (41%/17%/40%)  d4/d7  0.6 games/s (avg 0.4)  844.9K nps  ETA 00:11:21
[2026-03-28T06:02:51.070] [INFO] [selfplay:2] [SelfPlay] 464/750 (61%)  pos=42288  W/D/B=195/83/186  (42%/17%/40%)  d4/d7  0.6 games/s (avg 0.4)  843.8K nps  ETA 00:11:22
[2026-03-28T06:02:51.548] [INFO] [selfplay:2] [SelfPlay] 465/750 (62%)  pos=42335  W/D/B=195/83/187  (41%/17%/40%)  d4/d7  0.6 games/s (avg 0.4)  843.8K nps  ETA 00:11:21
[2026-03-28T06:02:52.324] [INFO] [selfplay:2] [SelfPlay] 466/750 (62%)  pos=42416  W/D/B=195/84/187  (41%/18%/40%)  d4/d7  0.8 games/s (avg 0.4)  845.1K nps  ETA 00:11:17
[2026-03-28T06:02:54.386] [INFO] [selfplay:2] [SelfPlay] 467/750 (62%)  pos=42452  W/D/B=195/85/187  (41%/18%/40%)  d4/d7  0.9 games/s (avg 0.4)  845.8K nps  ETA 00:11:13
[2026-03-28T06:02:58.096] [INFO] [selfplay:2] [SelfPlay] 468/750 (62%)  pos=42487  W/D/B=195/86/187  (41%/18%/39%)  d4/d7  0.8 games/s (avg 0.4)  843.7K nps  ETA 00:11:09
[2026-03-28T06:03:02.004] [INFO] [selfplay:2] [SelfPlay] 469/750 (62%)  pos=42638  W/D/B=195/86/188  (41%/18%/40%)  d4/d7  0.7 games/s (avg 0.4)  840.2K nps  ETA 00:11:07
[2026-03-28T06:03:02.174] [INFO] [selfplay:2] [SelfPlay] 470/750 (62%)  pos=42735  W/D/B=195/86/189  (41%/18%/40%)  d4/d7  0.7 games/s (avg 0.4)  839.7K nps  ETA 00:11:08
[2026-03-28T06:03:04.992] [INFO] [selfplay:2] [SelfPlay] 471/750 (62%)  pos=42830  W/D/B=196/86/189  (41%/18%/40%)  d4/d7  1.4 games/s (avg 0.4)  842.7K nps  ETA 00:11:03
[2026-03-28T06:03:08.023] [INFO] [selfplay:2] [SelfPlay] 472/750 (62%)  pos=42907  W/D/B=197/86/189  (41%/18%/40%)  d4/d7  1.3 games/s (avg 0.4)  839.9K nps  ETA 00:11:00
[2026-03-28T06:03:08.313] [INFO] [selfplay:2] [SelfPlay] 473/750 (63%)  pos=43018  W/D/B=198/86/189  (41%/18%/39%)  d4/d7  1.1 games/s (avg 0.4)  839.9K nps  ETA 00:11:00
[2026-03-28T06:03:09.397] [INFO] [selfplay:2] [SelfPlay] 474/750 (63%)  pos=43058  W/D/B=198/87/189  (41%/18%/39%)  d4/d7  1.5 games/s (avg 0.4)  840.7K nps  ETA 00:10:57
[2026-03-28T06:03:13.291] [INFO] [selfplay:2] [SelfPlay] 475/750 (63%)  pos=43132  W/D/B=198/88/189  (41%/18%/39%)  d4/d7  1.4 games/s (avg 0.4)  842.6K nps  ETA 00:10:50
[2026-03-28T06:03:14.484] [INFO] [selfplay:2] [SelfPlay] 476/750 (63%)  pos=43330  W/D/B=198/89/189  (41%/18%/39%)  d4/d7  1.2 games/s (avg 0.4)  841.1K nps  ETA 00:10:52
[2026-03-28T06:03:16.005] [INFO] [selfplay:2] [SelfPlay] 477/750 (63%)  pos=43398  W/D/B=198/90/189  (41%/18%/39%)  d4/d7  1.2 games/s (avg 0.4)  841.8K nps  ETA 00:10:49
[2026-03-28T06:03:18.060] [INFO] [selfplay:2] [SelfPlay] 478/750 (63%)  pos=43507  W/D/B=198/90/190  (41%/18%/39%)  d4/d7  1.1 games/s (avg 0.4)  844.1K nps  ETA 00:10:45
[2026-03-28T06:03:22.136] [INFO] [selfplay:2] [SelfPlay] 479/750 (63%)  pos=43558  W/D/B=198/90/191  (41%/18%/39%)  d4/d7  1.0 games/s (avg 0.4)  843.4K nps  ETA 00:10:40
[2026-03-28T06:03:25.515] [INFO] [selfplay:2] [SelfPlay] 480/750 (64%)  pos=43628  W/D/B=198/91/191  (41%/18%/39%)  d4/d7  0.9 games/s (avg 0.4)  841.2K nps  ETA 00:10:40
[2026-03-28T06:03:37.635] [INFO] [selfplay:2] [SelfPlay] 481/750 (64%)  pos=43657  W/D/B=199/91/191  (41%/18%/39%)  d4/d7  0.8 games/s (avg 0.4)  838.8K nps  ETA 00:10:29
[2026-03-28T06:03:39.894] [INFO] [selfplay:2] [SelfPlay] 482/750 (64%)  pos=43711  W/D/B=199/92/191  (41%/19%/39%)  d4/d7  0.7 games/s (avg 0.4)  828.6K nps  ETA 00:10:42
[2026-03-28T06:03:42.723] [INFO] [selfplay:2] [SelfPlay] 483/750 (64%)  pos=43803  W/D/B=200/92/191  (41%/19%/39%)  d4/d7  0.7 games/s (avg 0.4)  828.9K nps  ETA 00:10:39
[2026-03-28T06:03:42.904] [INFO] [selfplay:2] [SelfPlay] 484/750 (64%)  pos=43911  W/D/B=200/92/192  (41%/19%/39%)  d4/d7  0.6 games/s (avg 0.4)  828.1K nps  ETA 00:10:40
[2026-03-28T06:03:44.677] [INFO] [selfplay:2] [SelfPlay] 485/750 (64%)  pos=43990  W/D/B=200/92/193  (41%/18%/39%)  d4/d7  1.3 games/s (avg 0.4)  829.6K nps  ETA 00:10:34
[2026-03-28T06:03:45.934] [INFO] [selfplay:2] [SelfPlay] 486/750 (64%)  pos=44109  W/D/B=201/92/193  (41%/18%/39%)  d4/d7  1.2 games/s (avg 0.4)  830.1K nps  ETA 00:10:32
[2026-03-28T06:03:46.504] [INFO] [selfplay:2] [SelfPlay] 487/750 (64%)  pos=44160  W/D/B=202/92/193  (41%/18%/39%)  d4/d7  1.2 games/s (avg 0.4)  830.8K nps  ETA 00:10:29
[2026-03-28T06:03:47.213] [INFO] [selfplay:2] [SelfPlay] 488/750 (65%)  pos=44211  W/D/B=203/92/193  (41%/18%/39%)  d4/d7  1.3 games/s (avg 0.4)  832.2K nps  ETA 00:10:26
[2026-03-28T06:03:50.788] [INFO] [selfplay:2] [SelfPlay] 489/750 (65%)  pos=44324  W/D/B=203/93/193  (41%/19%/39%)  d4/d7  1.3 games/s (avg 0.4)  831.7K nps  ETA 00:10:20
[2026-03-28T06:03:54.342] [INFO] [selfplay:2] [SelfPlay] 490/750 (65%)  pos=44396  W/D/B=203/93/194  (41%/18%/39%)  d4/d7  1.1 games/s (avg 0.4)  832.1K nps  ETA 00:10:18
[2026-03-28T06:03:55.158] [INFO] [selfplay:2] [SelfPlay] 491/750 (65%)  pos=44445  W/D/B=203/93/195  (41%/18%/39%)  d4/d7  1.0 games/s (avg 0.4)  830.7K nps  ETA 00:10:19
[2026-03-28T06:03:56.186] [INFO] [selfplay:2] [SelfPlay] 492/750 (65%)  pos=44576  W/D/B=204/93/195  (41%/18%/39%)  d4/d7  1.0 games/s (avg 0.4)  832.9K nps  ETA 00:10:16
[2026-03-28T06:03:56.350] [INFO] [selfplay:2] [SelfPlay] 493/750 (65%)  pos=44609  W/D/B=204/93/196  (41%/18%/39%)  d4/d7  1.0 games/s (avg 0.4)  833.7K nps  ETA 00:10:14
[2026-03-28T06:04:03.557] [INFO] [selfplay:2] [SelfPlay] 494/750 (65%)  pos=44821  W/D/B=205/93/196  (41%/18%/39%)  d4/d7  1.8 games/s (avg 0.4)  835.8K nps  ETA 00:10:03
[2026-03-28T06:04:17.041] [INFO] [selfplay:2] [SelfPlay] 495/750 (66%)  pos=44915  W/D/B=205/93/197  (41%/18%/39%)  d4/d7  1.7 games/s (avg 0.4)  836.4K nps  ETA 00:09:57
[2026-03-28T06:04:19.299] [INFO] [selfplay:2] [SelfPlay] 496/750 (66%)  pos=44970  W/D/B=205/94/197  (41%/18%/39%)  d4/d7  1.5 games/s (avg 0.4)  836.9K nps  ETA 00:10:10
[2026-03-28T06:04:20.953] [INFO] [selfplay:2] [SelfPlay] 497/750 (66%)  pos=45084  W/D/B=205/94/198  (41%/18%/39%)  d4/d7  1.4 games/s (avg 0.4)  836.7K nps  ETA 00:10:10
[2026-03-28T06:04:24.067] [INFO] [selfplay:2] [SelfPlay] 498/750 (66%)  pos=45128  W/D/B=206/94/198  (41%/18%/39%)  d4/d7  1.3 games/s (avg 0.4)  837.0K nps  ETA 00:10:05
[2026-03-28T06:04:25.652] [INFO] [selfplay:2] [SelfPlay] 499/750 (66%)  pos=45239  W/D/B=206/94/199  (41%/18%/39%)  d4/d7  1.1 games/s (avg 0.4)  836.5K nps  ETA 00:10:04
[2026-03-28T06:04:27.174] [INFO] [selfplay:2] [SelfPlay] 500/750 (66%)  pos=45413  W/D/B=206/95/199  (41%/19%/39%)  d4/d7  1.0 games/s (avg 0.4)  835.4K nps  ETA 00:10:01
[2026-03-28T06:04:35.251] [INFO] [selfplay:2] [SelfPlay] 501/750 (66%)  pos=45512  W/D/B=207/95/199  (41%/18%/39%)  d4/d7  1.0 games/s (avg 0.4)  836.5K nps  ETA 00:09:52
[2026-03-28T06:04:35.280] [INFO] [selfplay:2] [SelfPlay] 502/750 (66%)  pos=45606  W/D/B=207/95/200  (41%/18%/39%)  d4/d7  0.9 games/s (avg 0.4)  830.6K nps  ETA 00:10:01
[2026-03-28T06:04:40.661] [INFO] [selfplay:2] [SelfPlay] 503/750 (67%)  pos=45753  W/D/B=208/95/200  (41%/18%/39%)  d4/d7  5.9 games/s (avg 0.4)  833.7K nps  ETA 00:09:52
[2026-03-28T06:04:40.857] [INFO] [selfplay:2] [SelfPlay] 504/750 (67%)  pos=45934  W/D/B=209/95/200  (41%/18%/39%)  d4/d7  5.5 games/s (avg 0.4)  836.3K nps  ETA 00:09:56
[2026-03-28T06:04:41.545] [INFO] [selfplay:2] [SelfPlay] 505/750 (67%)  pos=46024  W/D/B=209/95/201  (41%/18%/39%)  d4/d7  5.4 games/s (avg 0.4)  837.5K nps  ETA 00:09:52
[2026-03-28T06:04:49.243] [INFO] [selfplay:2] [SelfPlay] 506/750 (67%)  pos=46153  W/D/B=210/95/201  (41%/18%/39%)  d4/d7  4.8 games/s (avg 0.4)  839.7K nps  ETA 00:09:41
[2026-03-28T06:04:49.617] [INFO] [selfplay:2] [SelfPlay] 507/750 (67%)  pos=46181  W/D/B=210/95/202  (41%/18%/39%)  d4/d7  4.5 games/s (avg 0.4)  842.4K nps  ETA 00:09:50
[2026-03-28T06:04:49.653] [INFO] [selfplay:2] [SelfPlay] 508/750 (67%)  pos=46251  W/D/B=210/95/203  (41%/18%/39%)  d4/d7  4.2 games/s (avg 0.4)  846.1K nps  ETA 00:09:46
[2026-03-28T06:04:49.790] [INFO] [selfplay:2] [SelfPlay] 509/750 (67%)  pos=46318  W/D/B=211/95/203  (41%/18%/39%)  d4/d7  7.7 games/s (avg 0.4)  847.9K nps  ETA 00:09:43
[2026-03-28T06:04:49.887] [INFO] [selfplay:2] [SelfPlay] 510/750 (68%)  pos=46335  W/D/B=211/95/204  (41%/18%/40%)  d4/d7  7.7 games/s (avg 0.4)  848.6K nps  ETA 00:09:39
[2026-03-28T06:04:53.651] [INFO] [selfplay:2] [SelfPlay] 511/750 (68%)  pos=46444  W/D/B=211/95/205  (41%/18%/40%)  d4/d7  8.1 games/s (avg 0.4)  851.5K nps  ETA 00:09:32
[2026-03-28T06:04:54.743] [INFO] [selfplay:2] [SelfPlay] 512/750 (68%)  pos=46550  W/D/B=212/95/205  (41%/18%/40%)  d4/d7  7.4 games/s (avg 0.4)  851.6K nps  ETA 00:09:33
[2026-03-28T06:04:59.221] [INFO] [selfplay:2] [SelfPlay] 513/750 (68%)  pos=46659  W/D/B=212/96/205  (41%/18%/39%)  d4/d7  6.5 games/s (avg 0.4)  850.9K nps  ETA 00:09:26
[2026-03-28T06:05:03.356] [INFO] [selfplay:2] [SelfPlay] 514/750 (68%)  pos=46735  W/D/B=213/96/205  (41%/18%/39%)  d4/d7  6.0 games/s (avg 0.4)  851.9K nps  ETA 00:09:25
[2026-03-28T06:05:05.319] [INFO] [selfplay:2] [SelfPlay] 515/750 (68%)  pos=46786  W/D/B=214/96/205  (41%/18%/39%)  d4/d7  5.5 games/s (avg 0.4)  854.0K nps  ETA 00:09:26
[2026-03-28T06:05:11.652] [INFO] [selfplay:2] [SelfPlay] 516/750 (68%)  pos=46949  W/D/B=215/96/205  (41%/18%/39%)  d4/d7  5.1 games/s (avg 0.4)  855.7K nps  ETA 00:09:19
[2026-03-28T06:05:14.661] [INFO] [selfplay:2] [SelfPlay] 517/750 (68%)  pos=46978  W/D/B=216/96/205  (41%/18%/39%)  d4/d7  4.7 games/s (avg 0.4)  856.8K nps  ETA 00:09:21
[2026-03-28T06:05:15.009] [INFO] [selfplay:2] [SelfPlay] 518/750 (69%)  pos=47154  W/D/B=216/97/205  (41%/18%/39%)  d4/d7  4.4 games/s (avg 0.4)  859.4K nps  ETA 00:09:22
[2026-03-28T06:05:15.116] [INFO] [selfplay:2] [SelfPlay] 519/750 (69%)  pos=47233  W/D/B=216/97/206  (41%/18%/39%)  d4/d7  4.2 games/s (avg 0.4)  861.0K nps  ETA 00:09:19
[2026-03-28T06:05:19.887] [INFO] [selfplay:2] [SelfPlay] 520/750 (69%)  pos=47365  W/D/B=216/97/207  (41%/18%/39%)  d4/d7  4.9 games/s (avg 0.4)  863.9K nps  ETA 00:09:10
[2026-03-28T06:05:20.467] [INFO] [selfplay:2] [SelfPlay] 521/750 (69%)  pos=47422  W/D/B=216/98/207  (41%/18%/39%)  d4/d7  4.6 games/s (avg 0.4)  865.4K nps  ETA 00:09:13
[2026-03-28T06:05:23.966] [INFO] [selfplay:2] [SelfPlay] 522/750 (69%)  pos=47640  W/D/B=216/99/207  (41%/18%/39%)  d4/d7  4.1 games/s (avg 0.4)  865.1K nps  ETA 00:09:08
[2026-03-28T06:05:28.623] [INFO] [selfplay:2] [SelfPlay] 523/750 (69%)  pos=47711  W/D/B=217/99/207  (41%/18%/39%)  d4/d7  3.8 games/s (avg 0.4)  867.4K nps  ETA 00:09:04
[2026-03-28T06:05:30.318] [INFO] [selfplay:2] [SelfPlay] 524/750 (69%)  pos=47942  W/D/B=217/100/207  (41%/19%/39%)  d4/d7  3.5 games/s (avg 0.4)  867.4K nps  ETA 00:09:05
[2026-03-28T06:05:33.941] [INFO] [selfplay:2] [SelfPlay] 525/750 (70%)  pos=48025  W/D/B=218/100/207  (41%/19%/39%)  d4/d7  3.1 games/s (avg 0.4)  867.9K nps  ETA 00:09:02
[2026-03-28T06:05:38.001] [INFO] [selfplay:2] [SelfPlay] 526/750 (70%)  pos=48076  W/D/B=218/101/207  (41%/19%/39%)  d4/d7  2.9 games/s (avg 0.4)  868.8K nps  ETA 00:08:59
[2026-03-28T06:05:39.564] [INFO] [selfplay:2] [SelfPlay] 527/750 (70%)  pos=48152  W/D/B=218/101/208  (41%/19%/39%)  d4/d7  2.7 games/s (avg 0.4)  870.7K nps  ETA 00:08:59
[2026-03-28T06:05:42.072] [INFO] [selfplay:2] [SelfPlay] 528/750 (70%)  pos=48254  W/D/B=218/101/209  (41%/19%/39%)  d4/d7  2.3 games/s (avg 0.4)  871.1K nps  ETA 00:08:56
[2026-03-28T06:05:42.625] [INFO] [selfplay:2] [SelfPlay] 529/750 (70%)  pos=48373  W/D/B=218/101/210  (41%/19%/39%)  d4/d7  2.1 games/s (avg 0.4)  870.7K nps  ETA 00:08:55
[2026-03-28T06:05:45.464] [INFO] [selfplay:2] [SelfPlay] 530/750 (70%)  pos=48502  W/D/B=218/101/211  (41%/19%/39%)  d4/d7  2.0 games/s (avg 0.4)  873.2K nps  ETA 00:08:50
[2026-03-28T06:05:47.598] [INFO] [selfplay:2] [SelfPlay] 531/750 (70%)  pos=48543  W/D/B=219/101/211  (41%/19%/39%)  d4/d7  1.8 games/s (avg 0.4)  870.5K nps  ETA 00:08:48
[2026-03-28T06:05:49.164] [INFO] [selfplay:2] [SelfPlay] 532/750 (70%)  pos=48659  W/D/B=219/101/212  (41%/18%/39%)  d4/d7  1.6 games/s (avg 0.4)  870.3K nps  ETA 00:08:46
[2026-03-28T06:05:50.603] [INFO] [selfplay:2] [SelfPlay] 533/750 (71%)  pos=48705  W/D/B=220/101/212  (41%/18%/39%)  d4/d7  1.4 games/s (avg 0.4)  868.9K nps  ETA 00:08:44
[2026-03-28T06:05:52.887] [INFO] [selfplay:2] [SelfPlay] 534/750 (71%)  pos=48818  W/D/B=220/102/212  (41%/19%/39%)  d4/d7  1.3 games/s (avg 0.4)  867.7K nps  ETA 00:08:40
[2026-03-28T06:05:54.715] [INFO] [selfplay:2] [SelfPlay] 535/750 (71%)  pos=48917  W/D/B=220/102/213  (41%/19%/39%)  d4/d7  1.2 games/s (avg 0.4)  865.7K nps  ETA 00:08:38
[2026-03-28T06:05:55.301] [INFO] [selfplay:2] [SelfPlay] 536/750 (71%)  pos=49003  W/D/B=220/102/214  (41%/19%/39%)  d4/d7  1.1 games/s (avg 0.4)  865.8K nps  ETA 00:08:36
[2026-03-28T06:05:57.361] [INFO] [selfplay:2] [SelfPlay] 537/750 (71%)  pos=49085  W/D/B=220/102/215  (40%/18%/40%)  d4/d7  1.2 games/s (avg 0.4)  867.1K nps  ETA 00:08:32
[2026-03-28T06:06:02.242] [INFO] [selfplay:2] [SelfPlay] 538/750 (71%)  pos=49134  W/D/B=220/102/216  (40%/18%/40%)  d4/d7  1.1 games/s (avg 0.4)  868.3K nps  ETA 00:08:26
[2026-03-28T06:06:04.684] [INFO] [selfplay:2] [SelfPlay] 539/750 (71%)  pos=49290  W/D/B=220/102/217  (40%/18%/40%)  d4/d7  0.9 games/s (avg 0.4)  866.1K nps  ETA 00:08:28
[2026-03-28T06:06:06.412] [INFO] [selfplay:2] [SelfPlay] 540/750 (72%)  pos=49315  W/D/B=221/102/217  (40%/18%/40%)  d4/d7  0.9 games/s (avg 0.4)  863.9K nps  ETA 00:08:26
[2026-03-28T06:06:10.608] [INFO] [selfplay:2] [SelfPlay] 541/750 (72%)  pos=49416  W/D/B=222/102/217  (41%/18%/40%)  d4/d7  0.8 games/s (avg 0.4)  864.3K nps  ETA 00:08:21
[2026-03-28T06:06:12.455] [INFO] [selfplay:2] [SelfPlay] 542/750 (72%)  pos=49656  W/D/B=222/103/217  (40%/19%/40%)  d4/d7  0.7 games/s (avg 0.4)  862.1K nps  ETA 00:08:21
[2026-03-28T06:06:14.465] [INFO] [selfplay:2] [SelfPlay] 543/750 (72%)  pos=49721  W/D/B=222/103/218  (40%/18%/40%)  d4/d7  0.7 games/s (avg 0.4)  862.2K nps  ETA 00:08:19
[2026-03-28T06:06:16.402] [INFO] [selfplay:2] [SelfPlay] 544/750 (72%)  pos=49792  W/D/B=223/103/218  (40%/18%/40%)  d4/d7  0.7 games/s (avg 0.4)  862.7K nps  ETA 00:08:16
[2026-03-28T06:06:19.120] [INFO] [selfplay:2] [SelfPlay] 545/750 (72%)  pos=49861  W/D/B=224/103/218  (41%/18%/40%)  d4/d7  0.7 games/s (avg 0.4)  862.3K nps  ETA 00:08:13
[2026-03-28T06:06:21.825] [INFO] [selfplay:2] [SelfPlay] 546/750 (72%)  pos=49935  W/D/B=224/104/218  (41%/19%/39%)  d4/d7  0.6 games/s (avg 0.4)  860.0K nps  ETA 00:08:10
[2026-03-28T06:06:22.217] [INFO] [selfplay:2] [SelfPlay] 547/750 (72%)  pos=50163  W/D/B=224/105/218  (40%/19%/39%)  d4/d7  0.6 games/s (avg 0.4)  860.2K nps  ETA 00:08:10
[2026-03-28T06:06:27.196] [INFO] [selfplay:2] [SelfPlay] 548/750 (73%)  pos=50199  W/D/B=224/106/218  (40%/19%/39%)  d4/d7  0.9 games/s (avg 0.4)  860.0K nps  ETA 00:08:03
[2026-03-28T06:06:30.482] [INFO] [selfplay:2] [SelfPlay] 549/750 (73%)  pos=50299  W/D/B=224/106/219  (40%/19%/39%)  d4/d7  0.8 games/s (avg 0.4)  857.3K nps  ETA 00:08:03
[2026-03-28T06:06:30.938] [INFO] [selfplay:2] [SelfPlay] 550/750 (73%)  pos=50381  W/D/B=225/106/219  (40%/19%/39%)  d4/d7  0.7 games/s (avg 0.4)  856.2K nps  ETA 00:08:04
[2026-03-28T06:06:30.943] [INFO] [selfplay:2] [SelfPlay] 551/750 (73%)  pos=50498  W/D/B=225/106/220  (40%/19%/39%)  d4/d7  0.9 games/s (avg 0.4)  857.8K nps  ETA 00:08:01
[2026-03-28T06:06:33.612] [INFO] [selfplay:2] [SelfPlay] 552/750 (73%)  pos=50643  W/D/B=225/106/221  (40%/19%/40%)  d4/d7  30.5 games/s (avg 0.4)  860.5K nps  ETA 00:07:55
[2026-03-28T06:06:38.446] [INFO] [selfplay:2] [SelfPlay] 553/750 (73%)  pos=50647  W/D/B=226/106/221  (40%/19%/39%)  d4/d7  28.2 games/s (avg 0.4)  860.6K nps  ETA 00:07:50
[2026-03-28T06:06:45.429] [INFO] [selfplay:2] [SelfPlay] 554/750 (73%)  pos=50849  W/D/B=226/107/221  (40%/19%/39%)  d4/d7  26.1 games/s (avg 0.4)  862.7K nps  ETA 00:07:47
[2026-03-28T06:06:47.916] [INFO] [selfplay:2] [SelfPlay] 555/750 (74%)  pos=50897  W/D/B=226/107/222  (40%/19%/40%)  d4/d7  24.2 games/s (avg 0.4)  863.9K nps  ETA 00:07:51
[2026-03-28T06:06:49.444] [INFO] [selfplay:2] [SelfPlay] 556/750 (74%)  pos=50996  W/D/B=226/107/223  (40%/19%/40%)  d4/d7  22.3 games/s (avg 0.4)  865.4K nps  ETA 00:07:48
[2026-03-28T06:06:53.678] [INFO] [selfplay:2] [SelfPlay] 557/750 (74%)  pos=51032  W/D/B=227/107/223  (40%/19%/40%)  d4/d7  20.7 games/s (avg 0.4)  866.2K nps  ETA 00:07:44
[2026-03-28T06:06:53.987] [INFO] [selfplay:2] [SelfPlay] 558/750 (74%)  pos=51080  W/D/B=228/107/223  (40%/19%/39%)  d4/d7  19.1 games/s (avg 0.4)  868.2K nps  ETA 00:07:46
[2026-03-28T06:06:58.237] [INFO] [selfplay:2] [SelfPlay] 559/750 (74%)  pos=51141  W/D/B=228/107/224  (40%/19%/40%)  d4/d7  16.7 games/s (avg 0.4)  869.4K nps  ETA 00:07:38
[2026-03-28T06:06:58.471] [INFO] [selfplay:2] [SelfPlay] 560/750 (74%)  pos=51226  W/D/B=228/108/224  (40%/19%/40%)  d4/d7  15.5 games/s (avg 0.4)  872.4K nps  ETA 00:07:41
[2026-03-28T06:06:58.550] [INFO] [selfplay:2] [SelfPlay] 561/750 (74%)  pos=51301  W/D/B=228/108/225  (40%/19%/40%)  d4/d7  13.8 games/s (avg 0.4)  875.0K nps  ETA 00:07:38
[2026-03-28T06:06:59.906] [INFO] [selfplay:2] [SelfPlay] 562/750 (74%)  pos=51451  W/D/B=228/109/225  (40%/19%/40%)  d4/d7  13.6 games/s (avg 0.4)  877.5K nps  ETA 00:07:34
[2026-03-28T06:07:03.891] [INFO] [selfplay:2] [SelfPlay] 563/750 (75%)  pos=51455  W/D/B=229/109/225  (40%/19%/39%)  d4/d7  12.6 games/s (avg 0.4)  877.8K nps  ETA 00:07:28
[2026-03-28T06:07:05.109] [INFO] [selfplay:2] [SelfPlay] 564/750 (75%)  pos=51538  W/D/B=229/109/226  (40%/19%/40%)  d4/d7  11.7 games/s (avg 0.4)  879.4K nps  ETA 00:07:29
[2026-03-28T06:07:10.445] [INFO] [selfplay:2] [SelfPlay] 565/750 (75%)  pos=51679  W/D/B=230/109/226  (40%/19%/40%)  d4/d7  10.8 games/s (avg 0.4)  882.3K nps  ETA 00:07:21
[2026-03-28T06:07:15.082] [INFO] [selfplay:2] [SelfPlay] 566/750 (75%)  pos=51791  W/D/B=231/109/226  (40%/19%/39%)  d4/d7  10.0 games/s (avg 0.4)  884.3K nps  ETA 00:07:22
[2026-03-28T06:07:23.162] [INFO] [selfplay:2] [SelfPlay] 567/750 (75%)  pos=51872  W/D/B=232/109/226  (40%/19%/39%)  d4/d7  9.2 games/s (avg 0.4)  884.5K nps  ETA 00:07:15
[2026-03-28T06:07:26.611] [INFO] [selfplay:2] [SelfPlay] 568/750 (75%)  pos=51941  W/D/B=232/109/227  (40%/19%/39%)  d4/d7  8.5 games/s (avg 0.4)  885.7K nps  ETA 00:07:20
[2026-03-28T06:07:26.788] [INFO] [selfplay:2] [SelfPlay] 569/750 (75%)  pos=52047  W/D/B=232/109/228  (40%/19%/40%)  d4/d7  7.9 games/s (avg 0.4)  888.1K nps  ETA 00:07:21
[2026-03-28T06:07:27.518] [INFO] [selfplay:2] [SelfPlay] 570/750 (76%)  pos=52142  W/D/B=233/109/228  (40%/19%/40%)  d4/d7  7.6 games/s (avg 0.4)  890.2K nps  ETA 00:07:17
[2026-03-28T06:07:27.672] [INFO] [selfplay:2] [SelfPlay] 571/750 (76%)  pos=52217  W/D/B=233/109/229  (40%/19%/40%)  d4/d7  6.6 games/s (avg 0.4)  891.6K nps  ETA 00:07:15
[2026-03-28T06:07:28.891] [INFO] [selfplay:2] [SelfPlay] 572/750 (76%)  pos=52330  W/D/B=233/109/230  (40%/19%/40%)  d4/d7  6.6 games/s (avg 0.4)  893.3K nps  ETA 00:07:11
[2026-03-28T06:07:29.535] [INFO] [selfplay:2] [SelfPlay] 573/750 (76%)  pos=52402  W/D/B=233/109/231  (40%/19%/40%)  d4/d7  5.7 games/s (avg 0.4)  894.3K nps  ETA 00:07:08
[2026-03-28T06:07:31.542] [INFO] [selfplay:2] [SelfPlay] 574/750 (76%)  pos=52539  W/D/B=234/109/231  (40%/18%/40%)  d4/d7  5.1 games/s (avg 0.4)  894.0K nps  ETA 00:07:04
[2026-03-28T06:07:41.121] [INFO] [selfplay:2] [SelfPlay] 575/750 (76%)  pos=52598  W/D/B=235/109/231  (40%/18%/40%)  d4/d7  4.7 games/s (avg 0.4)  894.1K nps  ETA 00:06:55
[2026-03-28T06:07:42.654] [INFO] [selfplay:2] [SelfPlay] 576/750 (76%)  pos=52695  W/D/B=236/109/231  (40%/18%/40%)  d4/d7  4.4 games/s (avg 0.4)  895.9K nps  ETA 00:07:01
[2026-03-28T06:07:45.441] [INFO] [selfplay:2] [SelfPlay] 577/750 (76%)  pos=52792  W/D/B=236/109/232  (40%/18%/40%)  d4/d7  3.8 games/s (avg 0.4)  896.7K nps  ETA 00:06:58
[2026-03-28T06:07:53.477] [INFO] [selfplay:2] [SelfPlay] 578/750 (77%)  pos=52856  W/D/B=236/109/233  (40%/18%/40%)  d4/d7  3.5 games/s (avg 0.4)  898.9K nps  ETA 00:06:50
[2026-03-28T06:07:54.318] [INFO] [selfplay:2] [SelfPlay] 579/750 (77%)  pos=52996  W/D/B=236/110/233  (40%/18%/40%)  d4/d7  3.3 games/s (avg 0.4)  899.0K nps  ETA 00:06:57
[2026-03-28T06:07:59.393] [INFO] [selfplay:2] [SelfPlay] 580/750 (77%)  pos=53160  W/D/B=237/110/233  (40%/18%/40%)  d4/d7  3.0 games/s (avg 0.4)  900.5K nps  ETA 00:06:50
[2026-03-28T06:08:00.488] [INFO] [selfplay:2] [SelfPlay] 581/750 (77%)  pos=53286  W/D/B=238/110/233  (40%/18%/40%)  d4/d7  2.7 games/s (avg 0.4)  903.1K nps  ETA 00:06:52
[2026-03-28T06:08:01.095] [INFO] [selfplay:2] [SelfPlay] 582/750 (77%)  pos=53345  W/D/B=238/111/233  (40%/19%/40%)  d4/d7  2.5 games/s (avg 0.4)  903.8K nps  ETA 00:06:50
[2026-03-28T06:08:02.501] [INFO] [selfplay:2] [SelfPlay] 583/750 (77%)  pos=53388  W/D/B=239/111/233  (40%/19%/39%)  d4/d7  2.3 games/s (avg 0.4)  904.9K nps  ETA 00:06:45
[2026-03-28T06:08:04.418] [INFO] [selfplay:2] [SelfPlay] 584/750 (77%)  pos=53475  W/D/B=240/111/233  (41%/19%/39%)  d4/d7  2.1 games/s (avg 0.4)  905.3K nps  ETA 00:06:42
[2026-03-28T06:08:09.671] [INFO] [selfplay:2] [SelfPlay] 585/750 (78%)  pos=53566  W/D/B=240/111/234  (41%/18%/40%)  d4/d7  1.9 games/s (avg 0.4)  903.7K nps  ETA 00:06:37
[2026-03-28T06:08:11.443] [INFO] [selfplay:2] [SelfPlay] 586/750 (78%)  pos=53650  W/D/B=241/111/234  (41%/18%/39%)  d4/d7  1.6 games/s (avg 0.4)  901.0K nps  ETA 00:06:38
[2026-03-28T06:08:12.111] [INFO] [selfplay:2] [SelfPlay] 587/750 (78%)  pos=53698  W/D/B=241/112/234  (41%/19%/39%)  d4/d7  1.5 games/s (avg 0.4)  900.8K nps  ETA 00:06:38
[2026-03-28T06:08:13.203] [INFO] [selfplay:2] [SelfPlay] 588/750 (78%)  pos=53848  W/D/B=242/112/234  (41%/19%/39%)  d4/d7  1.5 games/s (avg 0.4)  904.2K nps  ETA 00:06:33
[2026-03-28T06:08:14.090] [INFO] [selfplay:2] [SelfPlay] 589/750 (78%)  pos=53958  W/D/B=242/112/235  (41%/19%/39%)  d4/d7  1.4 games/s (avg 0.4)  905.5K nps  ETA 00:06:32
[2026-03-28T06:08:17.039] [INFO] [selfplay:2] [SelfPlay] 590/750 (78%)  pos=54010  W/D/B=243/112/235  (41%/18%/39%)  d4/d7  1.3 games/s (avg 0.4)  904.8K nps  ETA 00:06:26
[2026-03-28T06:08:17.999] [INFO] [selfplay:2] [SelfPlay] 591/750 (78%)  pos=54157  W/D/B=244/112/235  (41%/18%/39%)  d4/d7  1.2 games/s (avg 0.4)  902.3K nps  ETA 00:06:26
[2026-03-28T06:08:20.925] [INFO] [selfplay:2] [SelfPlay] 592/750 (78%)  pos=54249  W/D/B=244/112/236  (41%/18%/39%)  d4/d7  1.2 games/s (avg 0.4)  901.7K nps  ETA 00:06:21
[2026-03-28T06:08:27.644] [INFO] [selfplay:2] [SelfPlay] 593/750 (79%)  pos=54266  W/D/B=245/112/236  (41%/18%/39%)  d4/d7  1.0 games/s (avg 0.4)  899.8K nps  ETA 00:06:14
[2026-03-28T06:08:29.049] [INFO] [selfplay:2] [SelfPlay] 594/750 (79%)  pos=54357  W/D/B=246/112/236  (41%/18%/39%)  d4/d7  0.9 games/s (avg 0.4)  896.7K nps  ETA 00:06:19
[2026-03-28T06:08:29.228] [INFO] [selfplay:2] [SelfPlay] 595/750 (79%)  pos=54449  W/D/B=247/112/236  (41%/18%/39%)  d4/d7  0.9 games/s (avg 0.4)  897.3K nps  ETA 00:06:16
[2026-03-28T06:08:32.128] [INFO] [selfplay:2] [SelfPlay] 596/750 (79%)  pos=54519  W/D/B=248/112/236  (41%/18%/39%)  d4/d7  1.6 games/s (avg 0.4)  899.5K nps  ETA 00:06:12
[2026-03-28T06:08:32.187] [INFO] [selfplay:2] [SelfPlay] 597/750 (79%)  pos=54575  W/D/B=248/112/237  (41%/18%/39%)  d4/d7  1.4 games/s (avg 0.4)  898.9K nps  ETA 00:06:11
[2026-03-28T06:08:33.117] [INFO] [selfplay:2] [SelfPlay] 598/750 (79%)  pos=54761  W/D/B=248/113/237  (41%/18%/39%)  d4/d7  3.8 games/s (avg 0.4)  900.7K nps  ETA 00:06:09
[2026-03-28T06:08:35.261] [INFO] [selfplay:2] [SelfPlay] 599/750 (79%)  pos=54762  W/D/B=249/113/237  (41%/18%/39%)  d4/d7  3.4 games/s (avg 0.4)  899.9K nps  ETA 00:06:03
[2026-03-28T06:08:42.721] [INFO] [selfplay:2] [SelfPlay] 600/750 (80%)  pos=54852  W/D/B=249/113/238  (41%/18%/39%)  d4/d7  2.9 games/s (avg 0.4)  898.2K nps  ETA 00:05:57
[2026-03-28T06:08:43.327] [INFO] [selfplay:2] [SelfPlay] 601/750 (80%)  pos=54994  W/D/B=250/113/238  (41%/18%/39%)  d4/d7  2.7 games/s (avg 0.4)  900.1K nps  ETA 00:06:02
[2026-03-28T06:08:46.220] [INFO] [selfplay:2] [SelfPlay] 602/750 (80%)  pos=55068  W/D/B=250/113/239  (41%/18%/39%)  d4/d7  2.5 games/s (avg 0.4)  900.9K nps  ETA 00:05:57
[2026-03-28T06:08:49.703] [INFO] [selfplay:2] [SelfPlay] 603/750 (80%)  pos=55223  W/D/B=251/113/239  (41%/18%/39%)  d4/d7  2.2 games/s (avg 0.4)  899.7K nps  ETA 00:05:54
[2026-03-28T06:08:51.338] [INFO] [selfplay:2] [SelfPlay] 604/750 (80%)  pos=55299  W/D/B=251/113/240  (41%/18%/39%)  d4/d7  1.9 games/s (avg 0.4)  898.5K nps  ETA 00:05:53
[2026-03-28T06:08:54.375] [INFO] [selfplay:2] [SelfPlay] 605/750 (80%)  pos=55379  W/D/B=251/113/241  (41%/18%/39%)  d4/d7  1.7 games/s (avg 0.4)  899.3K nps  ETA 00:05:50
[2026-03-28T06:08:55.046] [INFO] [selfplay:2] [SelfPlay] 606/750 (80%)  pos=55479  W/D/B=251/113/242  (41%/18%/39%)  d4/d7  1.5 games/s (avg 0.4)  898.4K nps  ETA 00:05:50
[2026-03-28T06:08:56.765] [INFO] [selfplay:2] [SelfPlay] 607/750 (80%)  pos=55536  W/D/B=251/114/242  (41%/18%/39%)  d4/d7  1.5 games/s (avg 0.4)  899.9K nps  ETA 00:05:45
[2026-03-28T06:08:59.935] [INFO] [selfplay:2] [SelfPlay] 608/750 (81%)  pos=55706  W/D/B=252/114/242  (41%/18%/39%)  d4/d7  1.4 games/s (avg 0.4)  899.9K nps  ETA 00:05:42
[2026-03-28T06:09:00.237] [INFO] [selfplay:2] [SelfPlay] 609/750 (81%)  pos=55775  W/D/B=252/114/243  (41%/18%/39%)  d4/d7  1.2 games/s (avg 0.4)  898.3K nps  ETA 00:05:42
[2026-03-28T06:09:07.512] [INFO] [selfplay:2] [SelfPlay] 610/750 (81%)  pos=55818  W/D/B=252/114/244  (41%/18%/40%)  d4/d7  1.5 games/s (avg 0.4)  899.6K nps  ETA 00:05:33
[2026-03-28T06:09:08.491] [INFO] [selfplay:2] [SelfPlay] 611/750 (81%)  pos=55834  W/D/B=252/114/245  (41%/18%/40%)  d4/d7  1.4 games/s (avg 0.4)  899.4K nps  ETA 00:05:37
[2026-03-28T06:09:10.284] [INFO] [selfplay:2] [SelfPlay] 612/750 (81%)  pos=55942  W/D/B=253/114/245  (41%/18%/40%)  d4/d7  1.4 games/s (avg 0.4)  900.4K nps  ETA 00:05:34
[2026-03-28T06:09:10.630] [INFO] [selfplay:2] [SelfPlay] 613/750 (81%)  pos=55973  W/D/B=254/114/245  (41%/18%/39%)  d4/d7  1.2 games/s (avg 0.4)  900.1K nps  ETA 00:05:33
[2026-03-28T06:09:12.756] [INFO] [selfplay:2] [SelfPlay] 614/750 (81%)  pos=56018  W/D/B=254/114/246  (41%/18%/40%)  d4/d7  1.5 games/s (avg 0.4)  899.9K nps  ETA 00:05:28
[2026-03-28T06:09:14.078] [INFO] [selfplay:2] [SelfPlay] 615/750 (82%)  pos=56062  W/D/B=254/115/246  (41%/18%/40%)  d4/d7  1.3 games/s (avg 0.4)  898.1K nps  ETA 00:05:27
[2026-03-28T06:09:18.454] [INFO] [selfplay:2] [SelfPlay] 616/750 (82%)  pos=56106  W/D/B=254/115/247  (41%/18%/40%)  d4/d7  1.2 games/s (avg 0.4)  898.2K nps  ETA 00:05:20
[2026-03-28T06:09:20.661] [INFO] [selfplay:2] [SelfPlay] 617/750 (82%)  pos=56214  W/D/B=254/115/248  (41%/18%/40%)  d4/d7  1.1 games/s (avg 0.4)  896.5K nps  ETA 00:05:21
[2026-03-28T06:09:21.512] [INFO] [selfplay:2] [SelfPlay] 618/750 (82%)  pos=56264  W/D/B=255/115/248  (41%/18%/40%)  d4/d7  1.0 games/s (avg 0.4)  896.0K nps  ETA 00:05:19
[2026-03-28T06:09:22.085] [INFO] [selfplay:2] [SelfPlay] 619/750 (82%)  pos=56338  W/D/B=256/115/248  (41%/18%/40%)  d4/d7  1.0 games/s (avg 0.4)  897.1K nps  ETA 00:05:18
[2026-03-28T06:09:30.398] [INFO] [selfplay:2] [SelfPlay] 620/750 (82%)  pos=56378  W/D/B=256/115/249  (41%/18%/40%)  d4/d7  1.1 games/s (avg 0.4)  897.9K nps  ETA 00:05:06
[2026-03-28T06:09:34.445] [INFO] [selfplay:2] [SelfPlay] 621/750 (82%)  pos=56457  W/D/B=257/115/249  (41%/18%/40%)  d4/d7  1.0 games/s (avg 0.4)  891.7K nps  ETA 00:05:10
[2026-03-28T06:09:34.612] [INFO] [selfplay:2] [SelfPlay] 622/750 (82%)  pos=56562  W/D/B=257/115/250  (41%/18%/40%)  d4/d7  0.9 games/s (avg 0.4)  890.0K nps  ETA 00:05:12
[2026-03-28T06:09:35.575] [INFO] [selfplay:2] [SelfPlay] 623/750 (83%)  pos=56671  W/D/B=258/115/250  (41%/18%/40%)  d4/d7  1.6 games/s (avg 0.4)  891.8K nps  ETA 00:05:08
[2026-03-28T06:09:38.602] [INFO] [selfplay:2] [SelfPlay] 624/750 (83%)  pos=56802  W/D/B=258/115/251  (41%/18%/40%)  d4/d7  1.5 games/s (avg 0.4)  893.3K nps  ETA 00:05:03
[2026-03-28T06:09:39.249] [INFO] [selfplay:2] [SelfPlay] 625/750 (83%)  pos=56870  W/D/B=258/115/252  (41%/18%/40%)  d4/d7  1.4 games/s (avg 0.4)  890.8K nps  ETA 00:05:03
[2026-03-28T06:09:40.478] [INFO] [selfplay:2] [SelfPlay] 626/750 (83%)  pos=56978  W/D/B=258/115/253  (41%/18%/40%)  d4/d7  1.4 games/s (avg 0.4)  890.5K nps  ETA 00:05:00
[2026-03-28T06:09:44.422] [INFO] [selfplay:2] [SelfPlay] 627/750 (83%)  pos=57033  W/D/B=259/115/253  (41%/18%/40%)  d4/d7  1.3 games/s (avg 0.4)  890.9K nps  ETA 00:04:54
[2026-03-28T06:09:46.181] [INFO] [selfplay:2] [SelfPlay] 628/750 (83%)  pos=57102  W/D/B=259/115/254  (41%/18%/40%)  d4/d7  1.1 games/s (avg 0.4)  888.7K nps  ETA 00:04:54
[2026-03-28T06:09:46.819] [INFO] [selfplay:2] [SelfPlay] 629/750 (83%)  pos=57190  W/D/B=259/115/255  (41%/18%/40%)  d4/d7  1.1 games/s (avg 0.4)  887.4K nps  ETA 00:04:53
[2026-03-28T06:09:51.683] [INFO] [selfplay:2] [SelfPlay] 630/750 (84%)  pos=57257  W/D/B=260/115/255  (41%/18%/40%)  d4/d7  1.1 games/s (avg 0.4)  889.2K nps  ETA 00:04:46
[2026-03-28T06:09:51.960] [INFO] [selfplay:2] [SelfPlay] 631/750 (84%)  pos=57309  W/D/B=261/115/255  (41%/18%/40%)  d4/d7  1.0 games/s (avg 0.4)  886.7K nps  ETA 00:04:49
[2026-03-28T06:09:54.750] [INFO] [selfplay:2] [SelfPlay] 632/750 (84%)  pos=57415  W/D/B=261/115/256  (41%/18%/40%)  d4/d7  1.4 games/s (avg 0.4)  888.4K nps  ETA 00:04:43
[2026-03-28T06:09:56.173] [INFO] [selfplay:2] [SelfPlay] 633/750 (84%)  pos=57479  W/D/B=261/116/256  (41%/18%/40%)  d4/d7  1.2 games/s (avg 0.4)  886.2K nps  ETA 00:04:42
[2026-03-28T06:09:57.661] [INFO] [selfplay:2] [SelfPlay] 634/750 (84%)  pos=57538  W/D/B=262/116/256  (41%/18%/40%)  d4/d7  1.2 games/s (avg 0.4)  886.8K nps  ETA 00:04:40
[2026-03-28T06:10:03.952] [INFO] [selfplay:2] [SelfPlay] 635/750 (84%)  pos=57711  W/D/B=263/116/256  (41%/18%/40%)  d4/d7  1.1 games/s (avg 0.4)  887.5K nps  ETA 00:04:32
[2026-03-28T06:10:06.696] [INFO] [selfplay:2] [SelfPlay] 636/750 (84%)  pos=57777  W/D/B=264/116/256  (41%/18%/40%)  d4/d7  0.9 games/s (avg 0.4)  883.8K nps  ETA 00:04:34
[2026-03-28T06:10:16.265] [INFO] [selfplay:2] [SelfPlay] 637/750 (84%)  pos=57835  W/D/B=264/116/257  (41%/18%/40%)  d4/d7  0.9 games/s (avg 0.4)  882.9K nps  ETA 00:04:24
[2026-03-28T06:10:21.255] [INFO] [selfplay:2] [SelfPlay] 638/750 (85%)  pos=57932  W/D/B=264/116/258  (41%/18%/40%)  d4/d7  0.7 games/s (avg 0.4)  877.4K nps  ETA 00:04:28
[2026-03-28T06:10:26.930] [INFO] [selfplay:2] [SelfPlay] 639/750 (85%)  pos=58068  W/D/B=264/116/259  (41%/18%/40%)  d4/d7  0.7 games/s (avg 0.4)  875.1K nps  ETA 00:04:26
[2026-03-28T06:10:27.074] [INFO] [selfplay:2] [SelfPlay] 640/750 (85%)  pos=58131  W/D/B=264/116/260  (41%/18%/40%)  d4/d7  0.6 games/s (avg 0.4)  872.7K nps  ETA 00:04:29
[2026-03-28T06:10:28.757] [INFO] [selfplay:2] [SelfPlay] 641/750 (85%)  pos=58221  W/D/B=264/116/261  (41%/18%/40%)  d4/d7  1.5 games/s (avg 0.4)  875.0K nps  ETA 00:04:24
[2026-03-28T06:10:34.447] [INFO] [selfplay:2] [SelfPlay] 642/750 (85%)  pos=58280  W/D/B=264/116/262  (41%/18%/40%)  d4/d7  1.4 games/s (avg 0.4)  874.8K nps  ETA 00:04:18
[2026-03-28T06:10:35.467] [INFO] [selfplay:2] [SelfPlay] 643/750 (85%)  pos=58394  W/D/B=265/116/262  (41%/18%/40%)  d4/d7  1.2 games/s (avg 0.4)  871.4K nps  ETA 00:04:21
[2026-03-28T06:10:43.970] [INFO] [selfplay:2] [SelfPlay] 644/750 (85%)  pos=58479  W/D/B=265/116/263  (41%/18%/40%)  d4/d7  1.2 games/s (avg 0.4)  872.8K nps  ETA 00:04:11
[2026-03-28T06:10:47.696] [INFO] [selfplay:2] [SelfPlay] 645/750 (86%)  pos=58636  W/D/B=266/116/263  (41%/17%/40%)  d4/d7  1.1 games/s (avg 0.4)  874.5K nps  ETA 00:04:14
[2026-03-28T06:10:52.320] [INFO] [selfplay:2] [SelfPlay] 646/750 (86%)  pos=58774  W/D/B=267/116/263  (41%/17%/40%)  d4/d7  1.0 games/s (avg 0.4)  874.1K nps  ETA 00:04:10
[2026-03-28T06:11:02.305] [INFO] [selfplay:2] [SelfPlay] 647/750 (86%)  pos=58886  W/D/B=267/116/264  (41%/17%/40%)  d4/d7  0.9 games/s (avg 0.4)  873.0K nps  ETA 00:04:03
[2026-03-28T06:11:02.410] [INFO] [selfplay:2] [SelfPlay] 648/750 (86%)  pos=59002  W/D/B=268/116/264  (41%/17%/40%)  d4/d7  0.7 games/s (avg 0.4)  866.9K nps  ETA 00:04:12
[2026-03-28T06:11:03.371] [INFO] [selfplay:2] [SelfPlay] 649/750 (86%)  pos=59084  W/D/B=269/116/264  (41%/17%/40%)  d4/d7  2.1 games/s (avg 0.4)  868.9K nps  ETA 00:04:08
[2026-03-28T06:11:03.849] [INFO] [selfplay:2] [SelfPlay] 650/750 (86%)  pos=59156  W/D/B=270/116/264  (41%/17%/40%)  d4/d7  1.9 games/s (avg 0.4)  871.1K nps  ETA 00:04:06
[2026-03-28T06:11:04.414] [INFO] [selfplay:2] [SelfPlay] 651/750 (86%)  pos=59269  W/D/B=270/116/265  (41%/17%/40%)  d4/d7  1.9 games/s (avg 0.4)  872.4K nps  ETA 00:04:03
[2026-03-28T06:11:04.582] [INFO] [selfplay:2] [SelfPlay] 652/750 (86%)  pos=59509  W/D/B=270/117/265  (41%/17%/40%)  d4/d7  1.9 games/s (avg 0.4)  875.6K nps  ETA 00:04:01
[2026-03-28T06:11:08.529] [INFO] [selfplay:2] [SelfPlay] 653/750 (87%)  pos=59610  W/D/B=270/117/266  (41%/17%/40%)  d4/d7  2.5 games/s (avg 0.4)  877.3K nps  ETA 00:03:54
[2026-03-28T06:11:09.036] [INFO] [selfplay:2] [SelfPlay] 654/750 (87%)  pos=59649  W/D/B=271/117/266  (41%/17%/40%)  d4/d7  2.2 games/s (avg 0.4)  875.2K nps  ETA 00:03:56
[2026-03-28T06:11:09.073] [INFO] [selfplay:2] [SelfPlay] 655/750 (87%)  pos=59762  W/D/B=271/117/267  (41%/17%/40%)  d4/d7  2.1 games/s (avg 0.4)  876.7K nps  ETA 00:03:53
[2026-03-28T06:11:12.033] [INFO] [selfplay:2] [SelfPlay] 656/750 (87%)  pos=59823  W/D/B=272/117/267  (41%/17%/40%)  d4/d7  5.8 games/s (avg 0.4)  877.7K nps  ETA 00:03:47
[2026-03-28T06:11:13.671] [INFO] [selfplay:2] [SelfPlay] 657/750 (87%)  pos=59944  W/D/B=273/117/267  (41%/17%/40%)  d4/d7  5.4 games/s (avg 0.4)  879.2K nps  ETA 00:03:46
[2026-03-28T06:11:17.288] [INFO] [selfplay:2] [SelfPlay] 658/750 (87%)  pos=60062  W/D/B=274/117/267  (41%/17%/40%)  d4/d7  4.7 games/s (avg 0.4)  878.1K nps  ETA 00:03:41
[2026-03-28T06:11:27.262] [INFO] [selfplay:2] [SelfPlay] 659/750 (87%)  pos=60123  W/D/B=275/117/267  (41%/17%/40%)  d4/d7  4.3 games/s (avg 0.4)  879.8K nps  ETA 00:03:33
[2026-03-28T06:11:31.865] [INFO] [selfplay:2] [SelfPlay] 660/750 (88%)  pos=60250  W/D/B=275/117/268  (41%/17%/40%)  d4/d7  4.0 games/s (avg 0.4)  880.7K nps  ETA 00:03:38
[2026-03-28T06:11:34.584] [INFO] [selfplay:2] [SelfPlay] 661/750 (88%)  pos=60339  W/D/B=276/117/268  (41%/17%/40%)  d4/d7  3.7 games/s (avg 0.4)  881.8K nps  ETA 00:03:36
[2026-03-28T06:11:37.983] [INFO] [selfplay:2] [SelfPlay] 662/750 (88%)  pos=60502  W/D/B=277/117/268  (41%/17%/40%)  d4/d7  3.4 games/s (avg 0.4)  883.2K nps  ETA 00:03:34
[2026-03-28T06:11:38.619] [INFO] [selfplay:2] [SelfPlay] 663/750 (88%)  pos=60552  W/D/B=277/118/268  (41%/17%/40%)  d4/d7  3.2 games/s (avg 0.4)  884.0K nps  ETA 00:03:34
[2026-03-28T06:11:40.998] [INFO] [selfplay:2] [SelfPlay] 664/750 (88%)  pos=60686  W/D/B=277/118/269  (41%/17%/40%)  d4/d7  2.9 games/s (avg 0.4)  885.6K nps  ETA 00:03:30
[2026-03-28T06:11:41.215] [INFO] [selfplay:2] [SelfPlay] 665/750 (88%)  pos=60733  W/D/B=278/118/269  (41%/17%/40%)  d4/d7  2.6 games/s (avg 0.4)  884.9K nps  ETA 00:03:28
[2026-03-28T06:11:46.414] [INFO] [selfplay:2] [SelfPlay] 666/750 (88%)  pos=60811  W/D/B=278/118/270  (41%/17%/40%)  d4/d7  2.9 games/s (avg 0.4)  886.5K nps  ETA 00:03:22
[2026-03-28T06:11:50.420] [INFO] [selfplay:2] [SelfPlay] 667/750 (88%)  pos=60881  W/D/B=278/118/271  (41%/17%/40%)  d4/d7  2.6 games/s (avg 0.4)  888.2K nps  ETA 00:03:21
[2026-03-28T06:11:54.091] [INFO] [selfplay:2] [SelfPlay] 668/750 (89%)  pos=60948  W/D/B=278/118/272  (41%/17%/40%)  d4/d7  2.4 games/s (avg 0.4)  888.1K nps  ETA 00:03:19
[2026-03-28T06:11:55.203] [INFO] [selfplay:2] [SelfPlay] 669/750 (89%)  pos=61025  W/D/B=278/119/272  (41%/17%/40%)  d4/d7  2.1 games/s (avg 0.4)  886.4K nps  ETA 00:03:18
[2026-03-28T06:11:59.111] [INFO] [selfplay:2] [SelfPlay] 670/750 (89%)  pos=61120  W/D/B=278/119/273  (41%/17%/40%)  d4/d7  1.9 games/s (avg 0.4)  887.4K nps  ETA 00:03:14
[2026-03-28T06:11:59.325] [INFO] [selfplay:2] [SelfPlay] 671/750 (89%)  pos=61211  W/D/B=279/119/273  (41%/17%/40%)  d4/d7  1.7 games/s (avg 0.4)  885.5K nps  ETA 00:03:14
[2026-03-28T06:12:04.073] [INFO] [selfplay:2] [SelfPlay] 672/750 (89%)  pos=61247  W/D/B=279/120/273  (41%/17%/40%)  d4/d7  2.1 games/s (avg 0.4)  886.1K nps  ETA 00:03:08
[2026-03-28T06:12:05.980] [INFO] [selfplay:2] [SelfPlay] 673/750 (89%)  pos=61322  W/D/B=280/120/273  (41%/17%/40%)  d4/d7  2.0 games/s (avg 0.4)  887.3K nps  ETA 00:03:08
[2026-03-28T06:12:09.795] [INFO] [selfplay:2] [SelfPlay] 674/750 (89%)  pos=61429  W/D/B=281/120/273  (41%/17%/40%)  d4/d7  1.8 games/s (avg 0.4)  887.0K nps  ETA 00:03:04
[2026-03-28T06:12:17.597] [INFO] [selfplay:2] [SelfPlay] 675/750 (90%)  pos=61561  W/D/B=281/120/274  (41%/17%/40%)  d4/d7  1.5 games/s (avg 0.4)  887.1K nps  ETA 00:02:57
[2026-03-28T06:12:17.691] [INFO] [selfplay:2] [SelfPlay] 676/750 (90%)  pos=61629  W/D/B=281/120/275  (41%/17%/40%)  d4/d7  1.4 games/s (avg 0.4)  888.2K nps  ETA 00:03:03
[2026-03-28T06:12:21.483] [INFO] [selfplay:2] [SelfPlay] 677/750 (90%)  pos=61765  W/D/B=281/120/276  (41%/17%/40%)  d4/d7  2.8 games/s (avg 0.4)  891.1K nps  ETA 00:02:57
[2026-03-28T06:12:21.811] [INFO] [selfplay:2] [SelfPlay] 678/750 (90%)  pos=61931  W/D/B=281/120/277  (41%/17%/40%)  d4/d7  2.6 games/s (avg 0.4)  894.1K nps  ETA 00:02:58
[2026-03-28T06:12:22.005] [INFO] [selfplay:2] [SelfPlay] 679/750 (90%)  pos=61985  W/D/B=281/121/277  (41%/17%/40%)  d4/d7  2.7 games/s (avg 0.4)  894.8K nps  ETA 00:02:56
[2026-03-28T06:12:24.825] [INFO] [selfplay:2] [SelfPlay] 680/750 (90%)  pos=62117  W/D/B=281/121/278  (41%/17%/40%)  d4/d7  3.0 games/s (avg 0.4)  896.6K nps  ETA 00:02:50
[2026-03-28T06:12:25.858] [INFO] [selfplay:2] [SelfPlay] 681/750 (90%)  pos=62162  W/D/B=281/121/279  (41%/17%/40%)  d4/d7  2.6 games/s (avg 0.4)  894.5K nps  ETA 00:02:49
[2026-03-28T06:12:28.338] [INFO] [selfplay:2] [SelfPlay] 682/750 (90%)  pos=62213  W/D/B=281/122/279  (41%/17%/40%)  d4/d7  2.4 games/s (avg 0.4)  894.6K nps  ETA 00:02:45
[2026-03-28T06:12:28.808] [INFO] [selfplay:2] [SelfPlay] 683/750 (91%)  pos=62254  W/D/B=281/123/279  (41%/18%/40%)  d4/d7  2.1 games/s (avg 0.4)  893.8K nps  ETA 00:02:45
[2026-03-28T06:12:29.966] [INFO] [selfplay:2] [SelfPlay] 684/750 (91%)  pos=62351  W/D/B=282/123/279  (41%/17%/40%)  d4/d7  2.1 games/s (avg 0.4)  893.7K nps  ETA 00:02:42
[2026-03-28T06:12:32.498] [INFO] [selfplay:2] [SelfPlay] 685/750 (91%)  pos=62457  W/D/B=282/123/280  (41%/17%/40%)  d4/d7  1.9 games/s (avg 0.4)  894.3K nps  ETA 00:02:37
[2026-03-28T06:12:36.360] [INFO] [selfplay:2] [SelfPlay] 686/750 (91%)  pos=62563  W/D/B=283/123/280  (41%/17%/40%)  d4/d7  1.7 games/s (avg 0.4)  894.1K nps  ETA 00:02:34
[2026-03-28T06:12:36.565] [INFO] [selfplay:2] [SelfPlay] 687/750 (91%)  pos=62626  W/D/B=284/123/280  (41%/17%/40%)  d4/d7  1.5 games/s (avg 0.4)  891.2K nps  ETA 00:02:35
[2026-03-28T06:12:41.291] [INFO] [selfplay:2] [SelfPlay] 688/750 (91%)  pos=62719  W/D/B=285/123/280  (41%/17%/40%)  d4/d7  2.0 games/s (avg 0.4)  892.4K nps  ETA 00:02:28
[2026-03-28T06:12:41.852] [INFO] [selfplay:2] [SelfPlay] 689/750 (91%)  pos=62740  W/D/B=285/123/281  (41%/17%/40%)  d4/d7  1.7 games/s (avg 0.4)  889.5K nps  ETA 00:02:30
[2026-03-28T06:12:42.298] [INFO] [selfplay:2] [SelfPlay] 690/750 (92%)  pos=62776  W/D/B=285/124/281  (41%/17%/40%)  d4/d7  1.7 games/s (avg 0.4)  889.7K nps  ETA 00:02:27
[2026-03-28T06:12:42.607] [INFO] [selfplay:2] [SelfPlay] 691/750 (92%)  pos=62888  W/D/B=285/124/282  (41%/17%/40%)  d4/d7  1.8 games/s (avg 0.4)  891.4K nps  ETA 00:02:25
[2026-03-28T06:12:42.956] [INFO] [selfplay:2] [SelfPlay] 692/750 (92%)  pos=62977  W/D/B=286/124/282  (41%/17%/40%)  d4/d7  2.0 games/s (avg 0.4)  892.5K nps  ETA 00:02:22
[2026-03-28T06:12:47.894] [INFO] [selfplay:2] [SelfPlay] 693/750 (92%)  pos=63123  W/D/B=286/125/282  (41%/18%/40%)  d4/d7  2.1 games/s (avg 0.4)  893.4K nps  ETA 00:02:15
[2026-03-28T06:12:53.560] [INFO] [selfplay:2] [SelfPlay] 694/750 (92%)  pos=63268  W/D/B=286/126/282  (41%/18%/40%)  d4/d7  2.0 games/s (avg 0.4)  893.3K nps  ETA 00:02:11
[2026-03-28T06:12:55.219] [INFO] [selfplay:2] [SelfPlay] 695/750 (92%)  pos=63306  W/D/B=287/126/282  (41%/18%/40%)  d4/d7  1.8 games/s (avg 0.4)  893.9K nps  ETA 00:02:13
[2026-03-28T06:13:02.729] [INFO] [selfplay:2] [SelfPlay] 696/750 (92%)  pos=63348  W/D/B=287/127/282  (41%/18%/40%)  d4/d7  1.6 games/s (avg 0.4)  893.7K nps  ETA 00:02:06
[2026-03-28T06:13:05.318] [INFO] [selfplay:2] [SelfPlay] 697/750 (92%)  pos=63393  W/D/B=288/127/282  (41%/18%/40%)  d4/d7  1.5 games/s (avg 0.4)  894.6K nps  ETA 00:02:08
[2026-03-28T06:13:08.958] [INFO] [selfplay:2] [SelfPlay] 698/750 (93%)  pos=63440  W/D/B=288/127/283  (41%/18%/40%)  d4/d7  1.4 games/s (avg 0.4)  893.9K nps  ETA 00:02:05
[2026-03-28T06:13:13.139] [INFO] [selfplay:2] [SelfPlay] 699/750 (93%)  pos=63486  W/D/B=288/128/283  (41%/18%/40%)  d4/d7  1.2 games/s (avg 0.4)  892.3K nps  ETA 00:02:02
[2026-03-28T06:13:15.208] [INFO] [selfplay:2] [SelfPlay] 700/750 (93%)  pos=63628  W/D/B=288/128/284  (41%/18%/40%)  d4/d7  1.0 games/s (avg 0.4)  891.4K nps  ETA 00:02:01
[2026-03-28T06:13:15.730] [INFO] [selfplay:2] [SelfPlay] 701/750 (93%)  pos=63732  W/D/B=288/128/285  (41%/18%/40%)  d4/d7  1.0 games/s (avg 0.4)  891.2K nps  ETA 00:02:01
[2026-03-28T06:13:16.405] [INFO] [selfplay:2] [SelfPlay] 702/750 (93%)  pos=63773  W/D/B=288/128/286  (41%/18%/40%)  d4/d7  1.1 games/s (avg 0.4)  893.0K nps  ETA 00:01:57
[2026-03-28T06:13:19.186] [INFO] [selfplay:2] [SelfPlay] 703/750 (93%)  pos=63886  W/D/B=288/128/287  (40%/18%/40%)  d4/d7  1.2 games/s (avg 0.4)  893.7K nps  ETA 00:01:53
[2026-03-28T06:13:22.368] [INFO] [selfplay:2] [SelfPlay] 704/750 (93%)  pos=63977  W/D/B=289/128/287  (41%/18%/40%)  d4/d7  1.0 games/s (avg 0.4)  893.0K nps  ETA 00:01:50
[2026-03-28T06:13:24.182] [INFO] [selfplay:2] [SelfPlay] 705/750 (94%)  pos=64019  W/D/B=289/128/288  (40%/18%/40%)  d4/d7  0.9 games/s (avg 0.4)  891.4K nps  ETA 00:01:49
[2026-03-28T06:13:27.949] [INFO] [selfplay:2] [SelfPlay] 706/750 (94%)  pos=64259  W/D/B=289/129/288  (40%/18%/40%)  d4/d7  0.9 games/s (avg 0.4)  891.8K nps  ETA 00:01:45
[2026-03-28T06:13:28.000] [INFO] [selfplay:2] [SelfPlay] 707/750 (94%)  pos=64297  W/D/B=290/129/288  (41%/18%/40%)  d4/d7  0.8 games/s (avg 0.4)  890.4K nps  ETA 00:01:46
[2026-03-28T06:13:29.002] [INFO] [selfplay:2] [SelfPlay] 708/750 (94%)  pos=64442  W/D/B=291/129/288  (41%/18%/40%)  d4/d7  3.6 games/s (avg 0.4)  890.6K nps  ETA 00:01:42
[2026-03-28T06:13:30.925] [INFO] [selfplay:2] [SelfPlay] 709/750 (94%)  pos=64504  W/D/B=292/129/288  (41%/18%/40%)  d4/d7  3.2 games/s (avg 0.4)  891.3K nps  ETA 00:01:39
[2026-03-28T06:13:35.748] [INFO] [selfplay:2] [SelfPlay] 710/750 (94%)  pos=64601  W/D/B=293/129/288  (41%/18%/40%)  d4/d7  2.8 games/s (avg 0.4)  889.9K nps  ETA 00:01:33
[2026-03-28T06:13:36.164] [INFO] [selfplay:2] [SelfPlay] 711/750 (94%)  pos=64656  W/D/B=293/130/288  (41%/18%/40%)  d4/d7  2.6 games/s (avg 0.4)  890.5K nps  ETA 00:01:35
[2026-03-28T06:13:39.631] [INFO] [selfplay:2] [SelfPlay] 712/750 (94%)  pos=64772  W/D/B=294/130/288  (41%/18%/40%)  d4/d7  2.6 games/s (avg 0.4)  892.5K nps  ETA 00:01:30
[2026-03-28T06:13:40.413] [INFO] [selfplay:2] [SelfPlay] 713/750 (95%)  pos=64838  W/D/B=295/130/288  (41%/18%/40%)  d4/d7  2.2 games/s (avg 0.4)  891.3K nps  ETA 00:01:30
[2026-03-28T06:13:47.669] [INFO] [selfplay:2] [SelfPlay] 714/750 (95%)  pos=64923  W/D/B=296/130/288  (41%/18%/40%)  d4/d7  2.1 games/s (avg 0.4)  890.9K nps  ETA 00:01:21
[2026-03-28T06:13:48.376] [INFO] [selfplay:2] [SelfPlay] 715/750 (95%)  pos=64966  W/D/B=297/130/288  (41%/18%/40%)  d4/d7  1.9 games/s (avg 0.4)  892.0K nps  ETA 00:01:25
[2026-03-28T06:13:53.378] [INFO] [selfplay:2] [SelfPlay] 716/750 (95%)  pos=65056  W/D/B=297/130/289  (41%/18%/40%)  d4/d7  1.9 games/s (avg 0.4)  892.8K nps  ETA 00:01:19
[2026-03-28T06:13:59.530] [INFO] [selfplay:2] [SelfPlay] 717/750 (95%)  pos=65133  W/D/B=297/131/289  (41%/18%/40%)  d4/d7  1.6 games/s (avg 0.4)  890.6K nps  ETA 00:01:15
[2026-03-28T06:14:02.177] [INFO] [selfplay:2] [SelfPlay] 718/750 (95%)  pos=65205  W/D/B=298/131/289  (41%/18%/40%)  d4/d7  1.4 games/s (avg 0.4)  888.0K nps  ETA 00:01:16
[2026-03-28T06:14:02.699] [INFO] [selfplay:2] [SelfPlay] 719/750 (95%)  pos=65302  W/D/B=299/131/289  (41%/18%/40%)  d4/d7  1.2 games/s (avg 0.4)  887.7K nps  ETA 00:01:16
[2026-03-28T06:14:05.203] [INFO] [selfplay:2] [SelfPlay] 720/750 (96%)  pos=65365  W/D/B=299/131/290  (41%/18%/40%)  d4/d7  1.3 games/s (avg 0.4)  888.7K nps  ETA 00:01:11
[2026-03-28T06:14:07.374] [INFO] [selfplay:2] [SelfPlay] 721/750 (96%)  pos=65444  W/D/B=299/131/291  (41%/18%/40%)  d4/d7  1.2 games/s (avg 0.4)  888.7K nps  ETA 00:01:09
[2026-03-28T06:14:11.657] [INFO] [selfplay:2] [SelfPlay] 722/750 (96%)  pos=65506  W/D/B=299/132/291  (41%/18%/40%)  d4/d7  1.1 games/s (avg 0.4)  888.3K nps  ETA 00:01:05
[2026-03-28T06:14:15.132] [INFO] [selfplay:2] [SelfPlay] 723/750 (96%)  pos=65647  W/D/B=300/132/291  (41%/18%/40%)  d4/d7  1.0 games/s (avg 0.4)  886.7K nps  ETA 00:01:03
[2026-03-28T06:14:15.985] [INFO] [selfplay:2] [SelfPlay] 724/750 (96%)  pos=65667  W/D/B=301/132/291  (41%/18%/40%)  d4/d7  0.9 games/s (avg 0.4)  884.6K nps  ETA 00:01:03
[2026-03-28T06:14:17.802] [INFO] [selfplay:2] [SelfPlay] 725/750 (96%)  pos=65787  W/D/B=302/132/291  (41%/18%/40%)  d4/d7  0.9 games/s (avg 0.4)  885.5K nps  ETA 00:00:59
[2026-03-28T06:14:17.954] [INFO] [selfplay:2] [SelfPlay] 726/750 (96%)  pos=65860  W/D/B=302/133/291  (41%/18%/40%)  d4/d7  0.9 games/s (avg 0.4)  886.0K nps  ETA 00:00:59
[2026-03-28T06:14:18.438] [INFO] [selfplay:2] [SelfPlay] 727/750 (96%)  pos=65996  W/D/B=302/133/292  (41%/18%/40%)  d4/d7  1.7 games/s (avg 0.4)  887.2K nps  ETA 00:00:55
[2026-03-28T06:14:19.336] [INFO] [selfplay:2] [SelfPlay] 728/750 (97%)  pos=66039  W/D/B=302/133/293  (41%/18%/40%)  d4/d7  1.8 games/s (avg 0.4)  887.4K nps  ETA 00:00:53
[2026-03-28T06:14:19.460] [INFO] [selfplay:2] [SelfPlay] 729/750 (97%)  pos=66112  W/D/B=303/133/293  (41%/18%/40%)  d4/d7  1.7 games/s (avg 0.4)  887.9K nps  ETA 00:00:51
[2026-03-28T06:14:22.373] [INFO] [selfplay:2] [SelfPlay] 730/750 (97%)  pos=66172  W/D/B=304/133/293  (41%/18%/40%)  d4/d7  2.6 games/s (avg 0.4)  888.0K nps  ETA 00:00:46
[2026-03-28T06:14:23.061] [INFO] [selfplay:2] [SelfPlay] 731/750 (97%)  pos=66292  W/D/B=304/133/294  (41%/18%/40%)  d4/d7  2.3 games/s (avg 0.4)  888.0K nps  ETA 00:00:46
[2026-03-28T06:14:27.261] [INFO] [selfplay:2] [SelfPlay] 732/750 (97%)  pos=66345  W/D/B=304/133/295  (41%/18%/40%)  d4/d7  2.2 games/s (avg 0.4)  887.6K nps  ETA 00:00:39
[2026-03-28T06:14:30.634] [INFO] [selfplay:2] [SelfPlay] 733/750 (97%)  pos=66373  W/D/B=305/133/295  (41%/18%/40%)  d4/d7  1.9 games/s (avg 0.4)  885.7K nps  ETA 00:00:38
[2026-03-28T06:14:32.729] [INFO] [selfplay:2] [SelfPlay] 734/750 (97%)  pos=66453  W/D/B=305/134/295  (41%/18%/40%)  d4/d7  1.6 games/s (avg 0.4)  883.4K nps  ETA 00:00:37
[2026-03-28T06:14:38.213] [INFO] [selfplay:2] [SelfPlay] 735/750 (98%)  pos=66535  W/D/B=305/134/296  (41%/18%/40%)  d4/d7  1.5 games/s (avg 0.4)  883.7K nps  ETA 00:00:31
[2026-03-28T06:14:43.106] [INFO] [selfplay:2] [SelfPlay] 736/750 (98%)  pos=66636  W/D/B=305/135/296  (41%/18%/40%)  d4/d7  1.3 games/s (avg 0.4)  881.0K nps  ETA 00:00:30
[2026-03-28T06:14:46.942] [INFO] [selfplay:2] [SelfPlay] 737/750 (98%)  pos=66794  W/D/B=305/136/296  (41%/18%/40%)  d4/d7  1.1 games/s (avg 0.4)  877.7K nps  ETA 00:00:28
[2026-03-28T06:14:47.064] [INFO] [selfplay:2] [SelfPlay] 738/750 (98%)  pos=66830  W/D/B=305/137/296  (41%/18%/40%)  d4/d7  1.0 games/s (avg 0.4)  876.1K nps  ETA 00:00:29
[2026-03-28T06:14:49.861] [INFO] [selfplay:2] [SelfPlay] 739/750 (98%)  pos=66944  W/D/B=305/137/297  (41%/18%/40%)  d4/d7  2.1 games/s (avg 0.4)  877.7K nps  ETA 00:00:26
[2026-03-28T06:14:50.699] [INFO] [selfplay:2] [SelfPlay] 740/750 (98%)  pos=67083  W/D/B=306/137/297  (41%/18%/40%)  d4/d7  1.8 games/s (avg 0.4)  877.0K nps  ETA 00:00:28
[2026-03-28T06:14:55.288] [INFO] [selfplay:2] [SelfPlay] 741/750 (98%)  pos=67118  W/D/B=306/137/298  (41%/18%/40%)  d4/d7  1.7 games/s (avg 0.4)  878.0K nps  ETA 00:00:24
[2026-03-28T06:14:55.657] [INFO] [selfplay:2] [SelfPlay] 742/750 (98%)  pos=67214  W/D/B=307/137/298  (41%/18%/40%)  d4/d7  1.5 games/s (avg 0.4)  876.1K nps  ETA 00:00:29
[2026-03-28T06:14:58.291] [INFO] [selfplay:2] [SelfPlay] 743/750 (99%)  pos=67454  W/D/B=307/138/298  (41%/18%/40%)  d4/d7  1.7 games/s (avg 0.4)  877.7K nps  ETA 00:00:26
[2026-03-28T06:15:05.078] [INFO] [selfplay:2] [SelfPlay] 744/750 (99%)  pos=67498  W/D/B=307/138/299  (41%/18%/40%)  d4/d7  1.5 games/s (avg 0.4)  876.9K nps  ETA 00:00:23
[2026-03-28T06:15:07.760] [INFO] [selfplay:2] [SelfPlay] 745/750 (99%)  pos=67625  W/D/B=307/138/300  (41%/18%/40%)  d4/d7  1.4 games/s (avg 0.4)  878.0K nps  ETA 00:00:26
[2026-03-28T06:15:07.893] [INFO] [selfplay:2] [SelfPlay] 746/750 (99%)  pos=67808  W/D/B=308/138/300  (41%/18%/40%)  d4/d7  1.2 games/s (avg 0.4)  878.5K nps  ETA 00:00:29
[2026-03-28T06:15:08.985] [INFO] [selfplay:2] [SelfPlay] 747/750 (99%)  pos=67851  W/D/B=309/138/300  (41%/18%/40%)  d4/d7  2.2 games/s (avg 0.4)  879.5K nps  ETA 00:00:28
[2026-03-28T06:15:13.925] [INFO] [selfplay:2] [SelfPlay] 748/750 (99%)  pos=67975  W/D/B=309/138/301  (41%/18%/40%)  d4/d7  2.0 games/s (avg 0.4)  880.8K nps  ETA 00:00:24
[2026-03-28T06:15:15.333] [INFO] [selfplay:2] [SelfPlay] 749/750 (99%)  pos=68205  W/D/B=310/138/301  (41%/18%/40%)  d4/d7  1.7 games/s (avg 0.4)  880.1K nps  ETA 00:00:27
[2026-03-28T06:15:16.142] [INFO] [selfplay:2] [SelfPlay] 750/750 (100%)  pos=68277  W/D/B=310/138/302  (41%/18%/40%)  d4/d7  1.6 games/s (avg 0.4)  880.9K nps  ETA 00:00:00
[2026-03-28T06:15:16.157] [INFO] [selfplay:2] [SelfPlay] Done. 68277 positions written to C:\Users\chris\pyproj\my_env\Projects\ChessEngine\x64\Release\assets\selfplay_gen9.bin
[2026-03-28T06:15:16.226] [EVENT] [selfplay:9] PHASE_END success=true elapsed_sec=1858.0
[2026-03-28T06:15:16.843] [INFO] [selfplay:2]   Using Stockfish-labeled data: C:\Users\chris\pyproj\my_env\Projects\ChessEngine\x64\Release\assets\training_data_sf.bin
[2026-03-28T06:15:16.843] [INFO] [selfplay:2]   Self-play current gen (weight 0.0902, base gets 0.75)
[2026-03-28T06:15:16.843] [INFO] [selfplay:2]   Replay buffer: gen 8 (weight 0.0631)
[2026-03-28T06:15:16.843] [INFO] [selfplay:2]   Replay buffer: gen 7 (weight 0.0442)
[2026-03-28T06:15:16.843] [INFO] [selfplay:2]   Replay buffer: gen 6 (weight 0.0309)
[2026-03-28T06:15:16.843] [INFO] [selfplay:2]   Replay buffer: gen 5 (weight 0.0216)
[2026-03-28T06:15:16.844] [EVENT] [training:9] PHASE_START epochs=12 batch=2048 lr=0.0002
[2026-03-28T06:15:16.844] [CMD] [training:2] [CMD] py -3.10 -u "C:\Users\chris\pyproj\my_env\Projects\ChessEngine\x64\Release\train_nnue.py" --data "C:\Users\chris\pyproj\my_env\Projects\ChessEngine\x64\Release\assets\training_data_sf.bin" --extra-data "C:\Users\chris\pyproj\my_env\Projects\ChessEngine\x64\Release\assets\selfplay_gen9.bin" 0.0902 --extra-data "C:\Users\chris\pyproj\my_env\Projects\ChessEngine\x64\Release\assets\selfplay_gen8.bin" 0.0631 --extra-data "C:\Users\chris\pyproj\my_env\Projects\ChessEngine\x64\Release\assets\selfplay_gen7.bin" 0.0442 --extra-data "C:\Users\chris\pyproj\my_env\Projects\ChessEngine\x64\Release\assets\selfplay_gen6.bin" 0.0309 --extra-data "C:\Users\chris\pyproj\my_env\Projects\ChessEngine\x64\Release\assets\selfplay_gen5.bin" 0.0216 --max-positions 200000 --epochs 12 --batch-size 2048 --lr 0.0002 --lr-min 0.00001 --weight-decay 0.0005 --dropout 0.2 --grad-clip 1.0 --grad-accum 4 --warmup-steps 100 --draw-weight 0.3 --mate-boost 10.0 --early-stop 8 --wdl-alpha 0.3 --wdl-draw-elo 50.0 --enhanced --plot --cosine-lr --no-cosine-restarts --swa --swa-start 5 --label-smoothing 0.01 --extra-data "C:\Users\chris\pyproj\my_env\Projects\ChessEngine\x64\Release\assets\training_data_draws.bin" 0.3 --load-weights "C:\Users\chris\pyproj\my_env\Projects\ChessEngine\x64\Release\assets\nnue_weights_gen8.bin" --output "C:\Users\chris\pyproj\my_env\Projects\ChessEngine\x64\Release\assets\nnue_weights.bin"
[2026-03-28T06:15:19.918] [INFO] [training:2] === Enhanced mode v3: warmup=100, grad_accum=4, SWA=ON, label_smooth=0.01, filter_eval=1000.0, eval_soft_cap=800.0, draw_weight=0.3x, wdl_alpha=0.3, wdl_draw_elo=50.0, cosine_decay ===
[2026-03-28T06:15:19.918] [INFO] [training:2] Using device: CPU (optimized)
[2026-03-28T06:15:19.967] [INFO] [training:2]   CPU threads: 16
[2026-03-28T06:15:19.974] [INFO] [training:2]   --max-positions: distributing 200,000 budget across 7 sources by ratio
[2026-03-28T06:15:19.974] [INFO] [training:2]     training_data_sf.bin: 25,194,593 -> 89,999 (ratio 45.0%)
[2026-03-28T06:15:19.974] [INFO] [training:2]     selfplay_gen9.bin: 68,277 -> 18,040 (ratio 9.0%)
[2026-03-28T06:15:19.974] [INFO] [training:2]     selfplay_gen8.bin: 68,276 -> 12,620 (ratio 6.3%)
[2026-03-28T06:15:19.974] [INFO] [training:2]     selfplay_gen7.bin: 68,956 -> 8,840 (ratio 4.4%)
[2026-03-28T06:15:19.974] [INFO] [training:2]     selfplay_gen6.bin: 72,623 -> 6,180 (ratio 3.1%)
[2026-03-28T06:15:19.974] [INFO] [training:2]     selfplay_gen5.bin: 50,027 -> 4,320 (ratio 2.2%)
[2026-03-28T06:15:19.974] [INFO] [training:2]     training_data_draws.bin: 35,143,613 -> 60,000 (ratio 30.0%)
[2026-03-28T06:15:19.974] [INFO] [training:2] Datasets:             7 sources (ratio-based sampling)
[2026-03-28T06:15:19.974] [INFO] [training:2]   - training_data_sf.bin                     ratio=45.0%  pos=89,999
[2026-03-28T06:15:19.974] [INFO] [training:2]   - selfplay_gen9.bin                        ratio=9.0%  pos=18,040
[2026-03-28T06:15:19.974] [INFO] [training:2]   - selfplay_gen8.bin                        ratio=6.3%  pos=12,620
[2026-03-28T06:15:19.974] [INFO] [training:2]   - selfplay_gen7.bin                        ratio=4.4%  pos=8,840
[2026-03-28T06:15:19.974] [INFO] [training:2]   - selfplay_gen6.bin                        ratio=3.1%  pos=6,180
[2026-03-28T06:15:19.974] [INFO] [training:2]   - selfplay_gen5.bin                        ratio=2.2%  pos=4,320
[2026-03-28T06:15:19.974] [INFO] [training:2]   - training_data_draws.bin                  ratio=30.0%  pos=60,000
[2026-03-28T06:15:19.974] [INFO] [training:2]   Total positions: 199,999
[2026-03-28T06:15:19.974] [INFO] [training:2]   Mode: PRELOAD (full dataset fits in RAM)
[2026-03-28T06:15:20.219] [INFO] [training:2] Weights loaded from C:\Users\chris\pyproj\my_env\Projects\ChessEngine\x64\Release\assets\nnue_weights_gen8.bin
[2026-03-28T06:15:20.222] [INFO] [training:2] Loaded existing weights from C:\Users\chris\pyproj\my_env\Projects\ChessEngine\x64\Release\assets\nnue_weights_gen8.bin
[2026-03-28T06:15:21.227] [INFO] [training:2]   Fresh optimizer (--load-weights skips old optimizer state)
[2026-03-28T06:15:21.227] [INFO] [training:2] ============================================================
[2026-03-28T06:15:21.227] [INFO] [training:2] Training Configuration:
[2026-03-28T06:15:21.227] [INFO] [training:2]   Positions:         199,999
[2026-03-28T06:15:21.227] [INFO] [training:2]   Batch size:        2048 (effective: 8192 with grad accum x4)
[2026-03-28T06:15:21.227] [INFO] [training:2]   Epochs:            12
[2026-03-28T06:15:21.227] [INFO] [training:2]   Learning rate:     0.0002
[2026-03-28T06:15:21.227] [INFO] [training:2]   LR schedule:       Cosine Decay (T_max=8, warmup_epochs~4)
[2026-03-28T06:15:21.227] [INFO] [training:2]   LR min:            1e-05
[2026-03-28T06:15:21.227] [INFO] [training:2]   LR warmup:         100 optimizer steps
[2026-03-28T06:15:21.227] [INFO] [training:2]   Lambda (eval/res): 0.5
[2026-03-28T06:15:21.227] [INFO] [training:2]   Eval scale:        400.0
[2026-03-28T06:15:21.227] [INFO] [training:2]   Phase balanced:    True
[2026-03-28T06:15:21.227] [INFO] [training:2]   Early stop:        8 epochs
[2026-03-28T06:15:21.227] [INFO] [training:2]   Weight decay:      0.0005
[2026-03-28T06:15:21.227] [INFO] [training:2]   Dropout:           0.2
[2026-03-28T06:15:21.227] [INFO] [training:2]   Grad accumulation: 4x
[2026-03-28T06:15:21.227] [INFO] [training:2]   Label smoothing:   0.01
[2026-03-28T06:15:21.227] [INFO] [training:2]   SWA:               ON (start epoch 5)
[2026-03-28T06:15:21.227] [INFO] [training:2]   Filter eval max:   1000.0
[2026-03-28T06:15:21.227] [INFO] [training:2]   Eval soft-cap:     800.0
[2026-03-28T06:15:21.227] [INFO] [training:2]   Draw weight:       0.3x
[2026-03-28T06:15:21.227] [INFO] [training:2]   Mate boost:        10.0x
[2026-03-28T06:15:21.228] [INFO] [training:2]   Async prefetch:    N/A (preload mode)
[2026-03-28T06:15:21.228] [INFO] [training:2]   WDL CE loss:       ON (alpha=0.3, lambda=0.5 (from --lam), draw_elo=50.0)
[2026-03-28T06:15:21.228] [INFO] [training:2]   Activation:        SCReLU (squared clipped ReLU)
[2026-03-28T06:15:21.228] [INFO] [training:2]   Architecture:      40960->512->128->64->WDL(3)x3heads
[2026-03-28T06:15:21.228] [INFO] [training:2]   Grad clip norm:    1.0
[2026-03-28T06:15:21.228] [INFO] [training:2]   Streaming:         False
[2026-03-28T06:15:21.228] [INFO] [training:2]   Datasets:          7 sources (ratio-based sampling)
[2026-03-28T06:15:21.228] [INFO] [training:2]     - training_data_sf.bin            ratio=45.0%  pos=89,999
[2026-03-28T06:15:21.228] [INFO] [training:2]     - selfplay_gen9.bin               ratio=9.0%  pos=18,040
[2026-03-28T06:15:21.228] [INFO] [training:2]     - selfplay_gen8.bin               ratio=6.3%  pos=12,620
[2026-03-28T06:15:21.228] [INFO] [training:2]     - selfplay_gen7.bin               ratio=4.4%  pos=8,840
[2026-03-28T06:15:21.228] [INFO] [training:2]     - selfplay_gen6.bin               ratio=3.1%  pos=6,180
[2026-03-28T06:15:21.228] [INFO] [training:2]     - selfplay_gen5.bin               ratio=2.2%  pos=4,320
[2026-03-28T06:15:21.228] [INFO] [training:2]     - training_data_draws.bin         ratio=30.0%  pos=60,000
[2026-03-28T06:15:21.228] [INFO] [training:2] ============================================================
[2026-03-28T06:15:21.228] [INFO] [training:2]   Multi-dataset preload: ratios will be applied during epoch sampling.
[2026-03-28T06:15:21.228] [INFO] [training:2]   Loading 7 datasets sequentially...
[2026-03-28T06:15:21.228] [INFO] [training:2] Loading positions from C:\Users\chris\pyproj\my_env\Projects\ChessEngine\x64\Release\assets\training_data_sf.bin...
[2026-03-28T06:15:21.228] [INFO] [training:2]   Total positions: 25,194,593 — using offset-cache fast path (avoids reading 1201 MB into RAM)
[2026-03-28T06:15:21.228] [INFO] [training:2] Scanning C:\Users\chris\pyproj\my_env\Projects\ChessEngine\x64\Release\assets\training_data_sf.bin for position offsets...
[2026-03-28T06:15:22.039] [INFO] [training:2]   Loaded cached index: 25,194,593 offsets (C:\Users\chris\pyproj\my_env\Projects\ChessEngine\x64\Release\assets\training_data_sf.bin.offidx)
[2026-03-28T06:15:23.728] [INFO] [training:2]   Sampled 89,999 from 25,194,593 positions (reservoir)
[2026-03-28T06:15:29.269] [INFO] [training:2]     Parsed 50,000/89,999 positions (16367 pos/s,
[2026-03-28T06:15:29.269] [INFO] [training:2]   Parsed 89,999 positions in 5.5s (16,271 pos/s)
[2026-03-28T06:15:29.269] [INFO] [training:2]   Vectorized HalfKAv2 conversion (89,999 positions)...
[2026-03-28T06:15:29.551] [INFO] [training:2]   HalfKAv2 conversion: 0.3s (320,349 pos/s)
[2026-03-28T06:15:29.564] [INFO] [training:2]   Converting to tensors...
[2026-03-28T06:15:29.564] [INFO] [training:2] Phase distribution: Opening=25,732, Middlegame=28,787, Endgame=31,505
[2026-03-28T06:15:29.565] [INFO] [training:2]   [training_data_sf.bin] loaded: 86,024 positions
[2026-03-28T06:15:29.636] [INFO] [training:2] Loading positions from C:\Users\chris\pyproj\my_env\Projects\ChessEngine\x64\Release\assets\selfplay_gen9.bin...
[2026-03-28T06:15:29.637] [INFO] [training:2]   Total positions: 68,277 — using offset-cache fast path (avoids reading 3 MB into RAM)
[2026-03-28T06:15:29.637] [INFO] [training:2] Scanning C:\Users\chris\pyproj\my_env\Projects\ChessEngine\x64\Release\assets\selfplay_gen9.bin for position offsets...
[2026-03-28T06:15:29.637] [INFO] [training:2]   Building offset index (first time, may take several minutes)...
[2026-03-28T06:15:29.637] [INFO] [training:2]   Total positions: 68,277 (header: versioned)
[2026-03-28T06:15:29.670] [INFO] [training:2]   Scan complete: 68,277 positions indexed.[K
[2026-03-28T06:15:29.674] [INFO] [training:2]   Saved offset cache: 0.5 MB (C:\Users\chris\pyproj\my_env\Projects\ChessEngine\x64\Release\assets\selfplay_gen9.bin.offidx)
[2026-03-28T06:15:29.675] [INFO] [training:2]   Sampled 18,040 from 68,277 positions (reservoir)
[2026-03-28T06:15:29.715] [INFO] [training:2]   Parsed 18,040 positions in 0.0s (464,720 pos/s)
[2026-03-28T06:15:29.715] [INFO] [training:2]   Vectorized HalfKAv2 conversion (18,040 positions)...
[2026-03-28T06:15:29.819] [INFO] [training:2]   HalfKAv2 conversion: 0.1s (173,045 pos/s)
[2026-03-28T06:15:29.821] [INFO] [training:2]   Converting to tensors...
[2026-03-28T06:15:29.821] [INFO] [training:2] Phase distribution: Opening=2,177, Middlegame=8,065, Endgame=7,255
[2026-03-28T06:15:29.822] [INFO] [training:2]   [selfplay_gen9.bin] loaded: 17,497 positions
[2026-03-28T06:15:29.887] [INFO] [training:2] Loading positions from C:\Users\chris\pyproj\my_env\Projects\ChessEngine\x64\Release\assets\selfplay_gen8.bin...
[2026-03-28T06:15:29.887] [INFO] [training:2]   Total positions: 68,276 — using offset-cache fast path (avoids reading 3 MB into RAM)
[2026-03-28T06:15:29.887] [INFO] [training:2] Scanning C:\Users\chris\pyproj\my_env\Projects\ChessEngine\x64\Release\assets\selfplay_gen8.bin for position offsets...
[2026-03-28T06:15:29.898] [INFO] [training:2]   Loaded cached index: 68,276 offsets (C:\Users\chris\pyproj\my_env\Projects\ChessEngine\x64\Release\assets\selfplay_gen8.bin.offidx)
[2026-03-28T06:15:29.900] [INFO] [training:2]   Sampled 12,620 from 68,276 positions (reservoir)
[2026-03-28T06:15:29.955] [INFO] [training:2]   Parsed 12,620 positions in 0.1s (229,452 pos/s)
[2026-03-28T06:15:29.955] [INFO] [training:2]   Vectorized HalfKAv2 conversion (12,620 positions)...
[2026-03-28T06:15:30.051] [INFO] [training:2]   HalfKAv2 conversion: 0.1s (131,530 pos/s)
[2026-03-28T06:15:30.053] [INFO] [training:2]   Converting to tensors...
[2026-03-28T06:15:30.053] [INFO] [training:2] Phase distribution: Opening=1,479, Middlegame=5,698, Endgame=5,077
[2026-03-28T06:15:30.053] [INFO] [training:2]   [selfplay_gen8.bin] loaded: 12,254 positions
[2026-03-28T06:15:30.122] [INFO] [training:2] Loading positions from C:\Users\chris\pyproj\my_env\Projects\ChessEngine\x64\Release\assets\selfplay_gen7.bin...
[2026-03-28T06:15:30.122] [INFO] [training:2]   Total positions: 68,956 — using offset-cache fast path (avoids reading 3 MB into RAM)
[2026-03-28T06:15:30.122] [INFO] [training:2] Scanning C:\Users\chris\pyproj\my_env\Projects\ChessEngine\x64\Release\assets\selfplay_gen7.bin for position offsets...
[2026-03-28T06:15:30.126] [INFO] [training:2]   Loaded cached index: 68,956 offsets (C:\Users\chris\pyproj\my_env\Projects\ChessEngine\x64\Release\assets\selfplay_gen7.bin.offidx)
[2026-03-28T06:15:30.128] [INFO] [training:2]   Sampled 8,840 from 68,956 positions (reservoir)
[2026-03-28T06:15:30.173] [INFO] [training:2]   Parsed 8,840 positions in 0.0s (196,292 pos/s)
[2026-03-28T06:15:30.173] [INFO] [training:2]   Vectorized HalfKAv2 conversion (8,840 positions)...
[2026-03-28T06:15:30.258] [INFO] [training:2]   HalfKAv2 conversion: 0.1s (104,341 pos/s)
[2026-03-28T06:15:30.259] [INFO] [training:2]   Converting to tensors...
[2026-03-28T06:15:30.259] [INFO] [training:2] Phase distribution: Opening=1,030, Middlegame=3,996, Endgame=3,526
[2026-03-28T06:15:30.259] [INFO] [training:2]   [selfplay_gen7.bin] loaded: 8,552 positions
[2026-03-28T06:15:30.321] [INFO] [training:2] Loading positions from C:\Users\chris\pyproj\my_env\Projects\ChessEngine\x64\Release\assets\selfplay_gen6.bin...
[2026-03-28T06:15:30.321] [INFO] [training:2]   Total positions: 72,623 — using offset-cache fast path (avoids reading 3 MB into RAM)
[2026-03-28T06:15:30.321] [INFO] [training:2] Scanning C:\Users\chris\pyproj\my_env\Projects\ChessEngine\x64\Release\assets\selfplay_gen6.bin for position offsets...
[2026-03-28T06:15:30.325] [INFO] [training:2]   Loaded cached index: 72,623 offsets (C:\Users\chris\pyproj\my_env\Projects\ChessEngine\x64\Release\assets\selfplay_gen6.bin.offidx)
[2026-03-28T06:15:30.327] [INFO] [training:2]   Sampled 6,180 from 72,623 positions (reservoir)
[2026-03-28T06:15:30.360] [INFO] [training:2]   Parsed 6,180 positions in 0.0s (187,270 pos/s)
[2026-03-28T06:15:30.360] [INFO] [training:2]   Vectorized HalfKAv2 conversion (6,180 positions)...
[2026-03-28T06:15:30.444] [INFO] [training:2]   HalfKAv2 conversion: 0.1s (73,230 pos/s)
[2026-03-28T06:15:30.446] [INFO] [training:2]   Converting to tensors...
[2026-03-28T06:15:30.446] [INFO] [training:2] Phase distribution: Opening=718, Middlegame=2,439, Endgame=2,855
[2026-03-28T06:15:30.446] [INFO] [training:2]   [selfplay_gen6.bin] loaded: 6,012 positions
[2026-03-28T06:15:30.527] [INFO] [training:2] Loading positions from C:\Users\chris\pyproj\my_env\Projects\ChessEngine\x64\Release\assets\selfplay_gen5.bin...
[2026-03-28T06:15:30.527] [INFO] [training:2]   Total positions: 50,027 — using offset-cache fast path (avoids reading 2 MB into RAM)
[2026-03-28T06:15:30.527] [INFO] [training:2] Scanning C:\Users\chris\pyproj\my_env\Projects\ChessEngine\x64\Release\assets\selfplay_gen5.bin for position offsets...
[2026-03-28T06:15:30.529] [INFO] [training:2]   Loaded cached index: 50,027 offsets (C:\Users\chris\pyproj\my_env\Projects\ChessEngine\x64\Release\assets\selfplay_gen5.bin.offidx)
[2026-03-28T06:15:30.530] [INFO] [training:2]   Sampled 4,320 from 50,027 positions (reservoir)
[2026-03-28T06:15:30.548] [INFO] [training:2]   Parsed 4,320 positions in 0.0s (257,513 pos/s)
[2026-03-28T06:15:30.548] [INFO] [training:2]   Vectorized HalfKAv2 conversion (4,320 positions)...
[2026-03-28T06:15:30.629] [INFO] [training:2]   HalfKAv2 conversion: 0.1s (53,201 pos/s)
[2026-03-28T06:15:30.630] [INFO] [training:2]   Converting to tensors...
[2026-03-28T06:15:30.630] [INFO] [training:2] Phase distribution: Opening=460, Middlegame=1,725, Endgame=2,008
[2026-03-28T06:15:30.630] [INFO] [training:2]   [selfplay_gen5.bin] loaded: 4,193 positions
[2026-03-28T06:15:30.700] [INFO] [training:2] Loading positions from C:\Users\chris\pyproj\my_env\Projects\ChessEngine\x64\Release\assets\training_data_draws.bin...
[2026-03-28T06:15:30.700] [INFO] [training:2]   Total positions: 35,143,613 — using offset-cache fast path (avoids reading 1675 MB into RAM)
[2026-03-28T06:15:30.700] [INFO] [training:2] Scanning C:\Users\chris\pyproj\my_env\Projects\ChessEngine\x64\Release\assets\training_data_draws.bin for position offsets...
[2026-03-28T06:15:31.867] [INFO] [training:2]   Loaded cached index: 35,143,613 offsets (C:\Users\chris\pyproj\my_env\Projects\ChessEngine\x64\Release\assets\training_data_draws.bin.offidx)
[2026-03-28T06:15:34.154] [INFO] [training:2]   Sampled 60,000 from 35,143,613 positions (reservoir)
[2026-03-28T06:15:41.058] [INFO] [training:2]     Parsed 50,000/60,000 positions (9043 pos/s,
[2026-03-28T06:15:41.058] [INFO] [training:2]   Parsed 60,000 positions in 6.9s (8,726 pos/s)
[2026-03-28T06:15:41.058] [INFO] [training:2]   Vectorized HalfKAv2 conversion (60,000 positions)...
[2026-03-28T06:15:41.291] [INFO] [training:2]   HalfKAv2 conversion: 0.2s (257,377 pos/s)
[2026-03-28T06:15:41.291] [INFO] [training:2]   Converting to tensors...
[2026-03-28T06:15:41.291] [INFO] [training:2] Phase distribution: Opening=19,658, Middlegame=16,651, Endgame=23,691
[2026-03-28T06:15:41.291] [INFO] [training:2]   [training_data_draws.bin] loaded: 60,000 positions
[2026-03-28T06:15:41.390] [INFO] [training:2]   Train positions: 175,079
[2026-03-28T06:15:41.390] [INFO] [training:2]   Val positions:   19,453
[2026-03-28T06:15:41.501] [INFO] [training:2]   Phase-balanced samples: 205,230 (from 175,079 train)
[2026-03-28T06:17:37.135] [INFO] [training:2]   Ep 1 | Batch 86/86 (100%) | Loss: 0.182038
[2026-03-28T06:17:50.683] [INFO] [training:2] ----------------------------------------------------------------------
[2026-03-28T06:17:50.683] [INFO] [training:2]   Epoch    1/12 | Train: 0.182038 (rebalanced) | Val: 0.337960 * | LR: 0.000042 | Acc: 0.6014
[2026-03-28T06:17:50.683] [METRIC] [training:9] EPOCH epoch=1 train_loss=0.18203800 val_loss=0.33796000 lr=4.200000e-05 acc=0.6014
[2026-03-28T06:17:50.683] [INFO] [training:2]   Time: 1m55s | Elapsed: 1m55s | 1,522 pos/s
[2026-03-28T06:17:50.683] [INFO] [training:2]   Phase loss -> Opening: 0.351683  Middlegame: 0.333565  Endgame: 0.332635
[2026-03-28T06:17:51.844] [INFO] [training:2] Weights saved to C:\Users\chris\pyproj\my_env\Projects\ChessEngine\x64\Release\assets\nnue_weights.bin
[2026-03-28T06:17:53.909] [INFO] [training:2] Checkpoint saved to C:\Users\chris\pyproj\my_env\Projects\ChessEngine\x64\Release\assets\nnue_weights_checkpoint.pt
[2026-03-28T06:19:47.248] [INFO] [training:2]   Ep 2 | Batch 86/86 (100%) | Loss: 0.180512
[2026-03-28T06:20:00.429] [INFO] [training:2] ----------------------------------------------------------------------
[2026-03-28T06:20:00.429] [INFO] [training:2]   Epoch    2/12 | Train: 0.180512 (rebalanced) | Val: 0.337503 * | LR: 0.000086 | Acc: 0.6050
[2026-03-28T06:20:00.429] [METRIC] [training:9] EPOCH epoch=2 train_loss=0.18051200 val_loss=0.33750300 lr=8.600000e-05 acc=0.6050
[2026-03-28T06:20:00.429] [INFO] [training:2]   Time: 1m53s | Elapsed: 4m06s | 1,552 pos/s
[2026-03-28T06:20:00.429] [INFO] [training:2]   Phase loss -> Opening: 0.350632  Middlegame: 0.332327  Endgame: 0.333293
[2026-03-28T06:20:01.604] [INFO] [training:2] Weights saved to C:\Users\chris\pyproj\my_env\Projects\ChessEngine\x64\Release\assets\nnue_weights.bin
[2026-03-28T06:20:04.199] [INFO] [training:2] Checkpoint saved to C:\Users\chris\pyproj\my_env\Projects\ChessEngine\x64\Release\assets\nnue_weights_checkpoint.pt
[2026-03-28T06:21:57.727] [INFO] [training:2]   Ep 3 | Batch 86/86 (100%) | Loss: 0.177373
[2026-03-28T06:22:10.814] [INFO] [training:2] ----------------------------------------------------------------------
[2026-03-28T06:22:10.814] [INFO] [training:2]   Epoch    3/12 | Train: 0.177373 (rebalanced) | Val: 0.337258 * | LR: 0.000130 | Acc: 0.6027
[2026-03-28T06:22:10.814] [METRIC] [training:9] EPOCH epoch=3 train_loss=0.17737300 val_loss=0.33725800 lr=1.300000e-04 acc=0.6027
[2026-03-28T06:22:10.814] [INFO] [training:2]   Time: 1m53s | Elapsed: 6m16s | 1,549 pos/s
[2026-03-28T06:22:10.814] [INFO] [training:2]   Phase loss -> Opening: 0.350707  Middlegame: 0.332175  Endgame: 0.332747
[2026-03-28T06:22:11.983] [INFO] [training:2] Weights saved to C:\Users\chris\pyproj\my_env\Projects\ChessEngine\x64\Release\assets\nnue_weights.bin
[2026-03-28T06:22:13.658] [INFO] [training:2] Checkpoint saved to C:\Users\chris\pyproj\my_env\Projects\ChessEngine\x64\Release\assets\nnue_weights_checkpoint.pt
[2026-03-28T06:24:08.929] [INFO] [training:2]   Ep 4 | Batch 86/86 (100%) | Loss: 0.174258
[2026-03-28T06:24:22.017] [INFO] [training:2] ----------------------------------------------------------------------
[2026-03-28T06:24:22.017] [INFO] [training:2]   Epoch    4/12 | Train: 0.174258 (rebalanced) | Val: 0.336790 * | LR: 0.000174 | Acc: 0.5964
[2026-03-28T06:24:22.017] [METRIC] [training:9] EPOCH epoch=4 train_loss=0.17425800 val_loss=0.33679000 lr=1.740000e-04 acc=0.5964
[2026-03-28T06:24:22.017] [INFO] [training:2]   Time: 1m55s | Elapsed: 8m27s | 1,526 pos/s
[2026-03-28T06:24:22.017] [INFO] [training:2]   Phase loss -> Opening: 0.351029  Middlegame: 0.332681  Endgame: 0.330853
[2026-03-28T06:24:23.466] [INFO] [training:2] Weights saved to C:\Users\chris\pyproj\my_env\Projects\ChessEngine\x64\Release\assets\nnue_weights.bin
[2026-03-28T06:24:25.898] [INFO] [training:2] Checkpoint saved to C:\Users\chris\pyproj\my_env\Projects\ChessEngine\x64\Release\assets\nnue_weights_checkpoint.pt
[2026-03-28T06:26:50.683] [INFO] [training:2]   Ep 5 | Batch 86/86 (100%) | Loss: 0.171355
[2026-03-28T06:27:05.540] [INFO] [training:2] ----------------------------------------------------------------------
[2026-03-28T06:27:05.540] [INFO] [training:2]   Epoch    5/12 | Train: 0.171355 (rebalanced) | Val: 0.335973 * | LR: 0.000193 | Acc: 0.5970
[2026-03-28T06:27:05.540] [METRIC] [training:9] EPOCH epoch=5 train_loss=0.17135500 val_loss=0.33597300 lr=1.930000e-04 acc=0.5970
[2026-03-28T06:27:05.540] [INFO] [training:2]   Time: 2m24s | Elapsed: 11m09s | 1,215 pos/s [SWA]
[2026-03-28T06:27:05.540] [INFO] [training:2]   Phase loss -> Opening: 0.349966  Middlegame: 0.331925  Endgame: 0.330148
[2026-03-28T06:27:07.177] [INFO] [training:2] Weights saved to C:\Users\chris\pyproj\my_env\Projects\ChessEngine\x64\Release\assets\nnue_weights.bin
[2026-03-28T06:27:09.996] [INFO] [training:2] Checkpoint saved to C:\Users\chris\pyproj\my_env\Projects\ChessEngine\x64\Release\assets\nnue_weights_checkpoint.pt
[2026-03-28T06:29:58.615] [INFO] [training:2]   Ep 6 | Batch 86/86 (100%) | Loss: 0.168776
[2026-03-28T06:30:24.529] [INFO] [training:2] ----------------------------------------------------------------------
[2026-03-28T06:30:24.530] [INFO] [training:2]   Epoch    6/12 | Train: 0.168776 (rebalanced) | Val: 0.335599 * | LR: 0.000172 | Acc: 0.6048
[2026-03-28T06:30:24.530] [METRIC] [training:9] EPOCH epoch=6 train_loss=0.16877600 val_loss=0.33559900 lr=1.720000e-04 acc=0.6048
[2026-03-28T06:30:24.530] [INFO] [training:2]   Time: 2m48s | Elapsed: 14m17s | 1,044 pos/s [SWA]
[2026-03-28T06:30:24.530] [INFO] [training:2]   Phase loss -> Opening: 0.349050  Middlegame: 0.331572  Endgame: 0.330125
[2026-03-28T06:30:27.084] [INFO] [training:2] Weights saved to C:\Users\chris\pyproj\my_env\Projects\ChessEngine\x64\Release\assets\nnue_weights.bin
[2026-03-28T06:30:29.205] [INFO] [training:2] Checkpoint saved to C:\Users\chris\pyproj\my_env\Projects\ChessEngine\x64\Release\assets\nnue_weights_checkpoint.pt
[2026-03-28T06:32:59.212] [INFO] [training:2]   Ep 7 | Batch 86/86 (100%) | Loss: 0.166415
[2026-03-28T06:33:14.617] [INFO] [training:2] ----------------------------------------------------------------------
[2026-03-28T06:33:14.617] [INFO] [training:2]   Epoch    7/12 | Train: 0.166415 (rebalanced) | Val: 0.336526 | LR: 0.000141 | Acc: 0.6019
[2026-03-28T06:33:14.617] [METRIC] [training:9] EPOCH epoch=7 train_loss=0.16641500 val_loss=0.33652600 lr=1.410000e-04 acc=0.6019
[2026-03-28T06:33:14.617] [INFO] [training:2]   Time: 2m30s | Elapsed: 17m17s | 1,173 pos/s [SWA]
[2026-03-28T06:33:14.617] [INFO] [training:2]   Phase loss -> Opening: 0.350355  Middlegame: 0.332687  Endgame: 0.330624
[2026-03-28T06:35:56.929] [INFO] [training:2]   Ep 8 | Batch 86/86 (100%) | Loss: 0.164792
[2026-03-28T06:36:12.286] [INFO] [training:2] ----------------------------------------------------------------------
[2026-03-28T06:36:12.286] [INFO] [training:2]   Epoch    8/12 | Train: 0.164792 (rebalanced) | Val: 0.335691 | LR: 0.000105 | Acc: 0.6071
[2026-03-28T06:36:12.286] [METRIC] [training:9] EPOCH epoch=8 train_loss=0.16479200 val_loss=0.33569100 lr=1.050000e-04 acc=0.6071
[2026-03-28T06:36:12.286] [INFO] [training:2]   Time: 2m42s | Elapsed: 20m15s | 1,084 pos/s [SWA]
[2026-03-28T06:36:12.286] [INFO] [training:2]   Phase loss -> Opening: 0.349713  Middlegame: 0.331639  Endgame: 0.329850
[2026-03-28T06:36:12.286] [INFO] [training:2]   No improvement for 1/8 epochs
[2026-03-28T06:38:25.657] [INFO] [training:2]   Ep 9 | Batch 86/86 (100%) | Loss: 0.162894
[2026-03-28T06:38:38.822] [INFO] [training:2] ----------------------------------------------------------------------
[2026-03-28T06:38:38.822] [INFO] [training:2]   Epoch    9/12 | Train: 0.162894 (rebalanced) | Val: 0.335596 * | LR: 0.000069 | Acc: 0.6121
[2026-03-28T06:38:38.822] [METRIC] [training:9] EPOCH epoch=9 train_loss=0.16289400 val_loss=0.33559600 lr=6.900000e-05 acc=0.6121
[2026-03-28T06:38:38.822] [INFO] [training:2]   Time: 2m13s | Elapsed: 22m44s | 1,319 pos/s [SWA]
[2026-03-28T06:38:38.822] [INFO] [training:2]   Phase loss -> Opening: 0.350050  Middlegame: 0.331205  Endgame: 0.329770
[2026-03-28T06:38:38.822] [INFO] [training:2]   No improvement for 2/8 epochs
[2026-03-28T06:40:40.822] [INFO] [training:2]   Ep 10 | Batch 86/86 (100%) | Loss: 0.162230
[2026-03-28T06:40:54.022] [INFO] [training:2] ----------------------------------------------------------------------
[2026-03-28T06:40:54.022] [INFO] [training:2]   Epoch   10/12 | Train: 0.162230 (rebalanced) | Val: 0.336222 | LR: 0.000038 | Acc: 0.6112
[2026-03-28T06:40:54.022] [METRIC] [training:9] EPOCH epoch=10 train_loss=0.16223000 val_loss=0.33622200 lr=3.800000e-05 acc=0.6112
[2026-03-28T06:40:54.022] [INFO] [training:2]   Time: 2m02s | Elapsed: 24m59s | 1,442 pos/s [SWA]
[2026-03-28T06:40:54.023] [INFO] [training:2]   Phase loss -> Opening: 0.350619  Middlegame: 0.332012  Endgame: 0.330269
[2026-03-28T06:40:54.023] [INFO] [training:2]   No improvement for 3/8 epochs
[2026-03-28T06:40:55.462] [INFO] [training:2] Progress graph saved to .\training progress\training_progress.png
[2026-03-28T06:40:57.612] [INFO] [training:2] Weights saved to C:\Users\chris\pyproj\my_env\Projects\ChessEngine\x64\Release\assets\nnue_weights_checkpoint.bin
[2026-03-28T06:40:59.817] [INFO] [training:2] Checkpoint saved to C:\Users\chris\pyproj\my_env\Projects\ChessEngine\x64\Release\assets\nnue_weights_checkpoint.pt
[2026-03-28T06:43:02.891] [INFO] [training:2]   Ep 11 | Batch 86/86 (100%) | Loss: 0.161509
[2026-03-28T06:43:16.013] [INFO] [training:2] ----------------------------------------------------------------------
[2026-03-28T06:43:16.013] [INFO] [training:2]   Epoch   11/12 | Train: 0.161509 (rebalanced) | Val: 0.335961 | LR: 0.000017 | Acc: 0.6124
[2026-03-28T06:43:16.014] [METRIC] [training:9] EPOCH epoch=11 train_loss=0.16150900 val_loss=0.33596100 lr=1.700000e-05 acc=0.6124
[2026-03-28T06:43:16.014] [INFO] [training:2]   Time: 2m03s | Elapsed: 27m21s | 1,430 pos/s [SWA]
[2026-03-28T06:43:16.014] [INFO] [training:2]   Phase loss -> Opening: 0.350368  Middlegame: 0.331631  Endgame: 0.330112
[2026-03-28T06:43:16.014] [INFO] [training:2]   No improvement for 4/8 epochs
[2026-03-28T06:45:24.593] [INFO] [training:2]   Ep 12 | Batch 86/86 (100%) | Loss: 0.161303
[2026-03-28T06:45:39.155] [INFO] [training:2] ----------------------------------------------------------------------
[2026-03-28T06:45:39.156] [INFO] [training:2]   Epoch   12/12 | Train: 0.161303 (rebalanced) | Val: 0.336108 | LR: 0.000010 | Acc: 0.6122
[2026-03-28T06:45:39.156] [METRIC] [training:9] EPOCH epoch=12 train_loss=0.16130300 val_loss=0.33610800 lr=1.000000e-05 acc=0.6122
[2026-03-28T06:45:39.156] [INFO] [training:2]   Time: 2m08s | Elapsed: 29m43s | 1,369 pos/s [SWA]
[2026-03-28T06:45:39.156] [INFO] [training:2]   Phase loss -> Opening: 0.350587  Middlegame: 0.331721  Endgame: 0.330262
[2026-03-28T06:45:39.156] [INFO] [training:2]   No improvement for 5/8 epochs
[2026-03-28T06:45:39.157] [INFO] [training:2] Applying SWA averaged weights (8 snapshots)...
[2026-03-28T06:45:39.187] [INFO] [training:2]   SWA: Applied averaged weights (8 snapshots)
[2026-03-28T06:45:41.459] [INFO] [training:2] Weights saved to C:\Users\chris\pyproj\my_env\Projects\ChessEngine\x64\Release\assets\nnue_weights_swa.bin
[2026-03-28T06:45:41.459] [INFO] [training:2]   SWA weights saved to C:\Users\chris\pyproj\my_env\Projects\ChessEngine\x64\Release\assets\nnue_weights_swa.bin
[2026-03-28T06:45:41.459] [INFO] [training:2]   Best validation weights remain at C:\Users\chris\pyproj\my_env\Projects\ChessEngine\x64\Release\assets\nnue_weights.bin
[2026-03-28T06:45:41.459] [INFO] [training:2] ============================================================
[2026-03-28T06:45:41.459] [INFO] [training:2] Training complete!
[2026-03-28T06:45:41.459] [INFO] [training:2]   Total time:  30m00s
[2026-03-28T06:45:41.459] [INFO] [training:2]   Best loss:   0.335599
[2026-03-28T06:45:41.459] [INFO] [training:2]   Weights:     C:\Users\chris\pyproj\my_env\Projects\ChessEngine\x64\Release\assets\nnue_weights.bin
[2026-03-28T06:45:41.459] [INFO] [training:2]   SWA applied: Yes (8 snapshots averaged)
[2026-03-28T06:45:41.459] [INFO] [training:2] ============================================================
[2026-03-28T06:45:43.014] [INFO] [training:2] Progress graph saved to .\training progress\training_progress.png
[2026-03-28T06:45:43.836] [EVENT] [training:9] PHASE_END success=true elapsed_sec=1826.0
[2026-03-28T06:45:43.924] [INFO] [training:2]   SWA weights archived to nnue_weights_swa_gen9.bin
[2026-03-28T06:45:43.924] [EVENT] [swa_match:9] PHASE_START games=100
[2026-03-28T06:45:43.925] [INFO] [swa_match:2] [SWA] Running best-of-two: Best-Val vs SWA (100 games)
[2026-03-28T06:45:43.925] [CMD] [swa_match:2] [CMD] py -3 "C:\Users\chris\pyproj\my_env\Projects\ChessEngine\x64\Release\assets\swa_match.py" "C:\Users\chris\pyproj\my_env\Projects\ChessEngine\x64\Release\ChessEngine.exe" "C:\Users\chris\pyproj\my_env\Projects\ChessEngine\x64\Release\assets\nnue_weights_swa_gen9.bin" "C:\Users\chris\pyproj\my_env\Projects\ChessEngine\x64\Release\assets\nnue_weights_gen9.bin" 100 7
[2026-03-28T06:45:58.177] [INFO] [swa_match:2] [SWA] 10/100: +0 =6 -4
[2026-03-28T06:46:11.021] [INFO] [swa_match:2] [SWA] 20/100: +1 =13 -6
[2026-03-28T06:46:23.222] [INFO] [swa_match:2] [SWA] 30/100: +4 =15 -11
[2026-03-28T06:46:36.648] [INFO] [swa_match:2] [SWA] 40/100: +4 =24 -12
[2026-03-28T06:46:49.691] [INFO] [swa_match:2] [SWA] 50/100: +7 =29 -14
[2026-03-28T06:47:02.809] [INFO] [swa_match:2] [SWA] 60/100: +7 =35 -18
[2026-03-28T06:47:15.099] [INFO] [swa_match:2] [SWA] 70/100: +8 =42 -20
[2026-03-28T06:47:27.468] [INFO] [swa_match:2] [SWA] 80/100: +11 =44 -25
[2026-03-28T06:47:40.769] [INFO] [swa_match:2] [SWA] 90/100: +11 =53 -26
[2026-03-28T06:47:54.027] [INFO] [swa_match:2] [SWA] 100/100: +14 =58 -28
[2026-03-28T06:47:54.027] [INFO] [swa_match:2] [SWA] Final: +14 =58 -28 SWA_ELO: -48
[2026-03-28T06:47:54.045] [EVENT] [swa_match:9] PHASE_END success=true elapsed_sec=130.0
[2026-03-28T06:47:54.045] [METRIC] [swa:9] ELO_RESULT elo=-48 wins=0 draws=0 losses=0
[2026-03-28T06:47:54.046] [INFO] [swa_match:2] [SWA] Best-val wins by 48 ELO â€” keeping best-val weights for gen 9
[2026-03-28T06:47:54.047] [EVENT] [pipeline:9] GEN_SUMMARY gen=9 train_loss=0.16130300 val_loss=0.33610800 elo=+0 elapsed_sec=0.0
[2026-03-28T06:47:54.722] [INFO] [swa_match:3] --- Generation 10 ---
[2026-03-28T06:47:54.724] [EVENT] [selfplay:10] PHASE_START games=750 depth=7 workers=12
[2026-03-28T06:47:54.724] [CMD] [selfplay:3] [CMD] "C:\Users\chris\pyproj\my_env\Projects\ChessEngine\x64\Release\ChessEngine.exe" --generate --games 750 --depth 7 --mixed-depth-ratio 0.200000 --mixed-depth-low 4 --workers 12 --output "C:\Users\chris\pyproj\my_env\Projects\ChessEngine\x64\Release\assets\selfplay_gen10.bin" --weights "C:\Users\chris\pyproj\my_env\Projects\ChessEngine\x64\Release\assets\nnue_weights_gen9.bin" --openings "C:\Users\chris\pyproj\my_env\Projects\ChessEngine\x64\Release\assets\openings.txt" --game-time-limit 480 --resigncp 500 --contempt 20 --maxplies 250 --drawcp 0
[2026-03-28T06:47:55.288] [INFO] [selfplay:3] [SelfPlay] Loaded 2000 opening positions from C:\Users\chris\pyproj\my_env\Projects\ChessEngine\x64\Release\assets\openings.txt
[2026-03-28T06:47:55.288] [INFO] [selfplay:3] [SelfPlay] Starting 750 games  depth=7  movetime=0ms  workers=12  output=C:\Users\chris\pyproj\my_env\Projects\ChessEngine\x64\Release\assets\selfplay_gen10.bin  openings=2000  contempt=20  openingTemp=1.5  softmaxPlies=8  softmaxTemp=0.5  recordMinPly=10  mixedDepth=4/7 (20%/80%)
[2026-03-28T06:47:58.150] [INFO] [selfplay:3] [SelfPlay] 1/750 (0%)  pos=31  W/D/B=0/0/1  (0%/0%/100%)  d4/d7  0.5 games/s (avg 0.5)  50.1K nps  ETA 00:24:17        
[2026-03-28T06:47:58.867] [INFO] [selfplay:3] [SelfPlay] 2/750 (0%)  pos=35  W/D/B=1/0/1  (50%/0%/50%)  d4/d7  0.6 games/s (avg 0.7)  48.0K nps  ETA 00:17:49        
[2026-03-28T06:47:58.961] [INFO] [selfplay:3] [SelfPlay] 3/750 (0%)  pos=101  W/D/B=2/0/1  (66%/0%/33%)  d4/d7  0.7 games/s (avg 0.8)  90.3K nps  ETA 00:14:51       
[2026-03-28T06:48:01.166] [INFO] [selfplay:3] [SelfPlay] 4/750 (0%)  pos=184  W/D/B=3/0/1  (75%/0%/25%)  d4/d7  2.2 games/s (avg 1.1)  138.6K nps  ETA 00:11:22      
[2026-03-28T06:48:05.235] [INFO] [selfplay:3] [SelfPlay] 5/750 (0%)  pos=224  W/D/B=3/0/2  (60%/0%/40%)  d4/d7  1.9 games/s (avg 0.9)  106.0K nps  ETA 00:14:33      
[2026-03-28T06:48:05.235] [INFO] [selfplay:3] [INFO] Process terminated -- pipeline stopped by user.
[2026-03-28T06:48:05.235] [EVENT] [selfplay:10] PHASE_END success=false elapsed_sec=10.0
[2026-03-28T06:48:05.235] [ERROR] [selfplay:3] [ERR] Self-play failed gen 10
[2026-03-28T06:48:05.235] [INFO] [selfplay:3] === Pipeline stopped ===
[2026-03-28T06:48:05.235] [EVENT] [pipeline:0] PIPELINE_END stopped=true total_elapsed_sec=11195.0 completed_gens=3
# â”€â”€ END OF LOG â”€â”€ 2026-03-28T06:48:05.235
