# NNUE Training Runner - Structured Log
# Format: [TIMESTAMP] [LEVEL] [PHASE:GEN] message
# Structured events use KEY=VALUE pairs after the tag
# Levels: INFO, WARN, ERROR, EVENT, METRIC, CONFIG, CMD
# Generated: 2026-03-29T05:01:22.418
#
# ── HOW TO READ THIS LOG ──
# Lines starting with [EVENT] mark pipeline milestones (start/stop/phase transitions)
# Lines starting with [METRIC] contain numeric training data points
# Lines starting with [ERROR] or [WARN] flag issues to investigate
# Lines starting with [CONFIG] dump the full configuration used
# Lines starting with [CMD] show exact command lines executed
# Lines starting with [INFO] are general informational messages
#
[2026-03-29T05:01:22.419] [INFO] [general:0] [LOG] Writing structured log to: C:\Users\chris\pyproj\my_env\Projects\ChessEngine\x64\Release\assets\logs\training_run_20260329_050122.log
[2026-03-29T05:01:22.419] [EVENT] [pipeline:0] PIPELINE_START first_gen=12 last_gen=21 total_gens=10
[2026-03-29T05:01:22.419] [CONFIG] [pipeline:0] generations=10 startGen=11 gamesPerGen=2500 epochsPerGen=4 batchSize=2048 lr=0.0001 weightDecay=0.005 dropout=0.3 labelSmooth=0.03 gradAccum=4 warmupSteps=100 drawWeight=0.3 mateBoost=10 splRatio=0.25 frcMix=0 replayWindow=6 replayDecay=0.8 workers=12 depth=8 mixedDepthLow=4 mixedDepthRatio=0.4 depthShuffle=true depthShuffleBias=2 maxPositions=400000 earlyStop=3 cosineLr=true cosineT0=0 swa=true swaStart=3 drawPct=30 wdlAlpha=0.3 wdlDrawElo=50 eloValidate=false eloGames=100 swaGames=100 overfitDetect=true resignCp=500 contemptCp=20 maxPlies=250 drawCp=0 exeName=ChessEngine.exe pyScript=train_nnue.py dataDir=assets
[2026-03-29T05:01:22.419] [INFO] [general:0] --- Generation 12 ---
[2026-03-29T05:01:22.419] [EVENT] [selfplay:12] PHASE_START games=2500 depth=8 workers=12
[2026-03-29T05:01:22.420] [CMD] [selfplay:0] [CMD] "C:\Users\chris\pyproj\my_env\Projects\ChessEngine\x64\Release\ChessEngine.exe" --generate --games 2500 --depth 8 --mixed-depth-ratio 0.400000 --mixed-depth-low 4 --depth-shuffle --depth-shuffle-bias 2.0 --workers 12 --output "C:\Users\chris\pyproj\my_env\Projects\ChessEngine\x64\Release\assets\selfplay_gen12.bin" --weights "C:\Users\chris\pyproj\my_env\Projects\ChessEngine\x64\Release\assets\nnue_weights_gen11.bin" --openings "C:\Users\chris\pyproj\my_env\Projects\ChessEngine\x64\Release\assets\openings.txt" --game-time-limit 720 --resign-cp 500 --contempt 20 --maxplies 250 --draw-cp 0 --resign-count 4 --draw-count 8 --draw-min-ply 50 --draw-adj-moves 10 --draw-adj-threshold 6 --draw-adj-min-move 60 --opening-plies 6 --opening-temp 2.0 --softmax-plies 12 --softmax-temp 0.7 --root-noise 0.05 --record-min-ply 14 --record-max-eval 2000
[2026-03-29T05:01:23.533] [INFO] [selfplay:0] [SelfPlay] Loaded 2000 opening positions from C:\Users\chris\pyproj\my_env\Projects\ChessEngine\x64\Release\assets\openings.txt
[2026-03-29T05:01:23.534] [INFO] [selfplay:0] [SelfPlay] Starting 2500 games  depth=8  movetime=0ms  workers=12  output=C:\Users\chris\pyproj\my_env\Projects\ChessEngine\x64\Release\assets\selfplay_gen12.bin  openings=2000  contempt=20  openingTemp=2  softmaxPlies=12  softmaxTemp=0.7  rootNoise=0.05  recordMinPly=14  depthShuffle=[d4..d7] bias=2 (40% shuffled)
[2026-03-29T05:01:31.654] [INFO] [selfplay:0] [SelfPlay] 1/2500 (0%)  pos=21  W/D/B=0/0/1  (0%/0%/100%)  d4~d7  0.1 games/s (avg 0.1)  61.1K nps  ETA 04:46:32       
[2026-03-29T05:02:00.273] [INFO] [selfplay:0] [SelfPlay] 2/2500 (0%)  pos=201  W/D/B=0/1/1  (0%/50%/50%)  d4~d7  0.2 games/s (avg 0.2)  116.8K nps  ETA 02:48:34     
[2026-03-29T05:02:06.378] [INFO] [selfplay:0] [SelfPlay] 3/2500 (0%)  pos=246  W/D/B=0/1/2  (0%/33%/66%)  d4~d7  0.2 games/s (avg 0.1)  85.8K nps  ETA 08:29:33      
[2026-03-29T05:02:10.263] [INFO] [selfplay:0] [SelfPlay] 4/2500 (0%)  pos=313  W/D/B=1/1/2  (25%/25%/50%)  d4~d7  0.2 games/s (avg 0.1)  130.4K nps  ETA 07:25:30    
[2026-03-29T05:02:14.331] [INFO] [selfplay:0] [SelfPlay] 5/2500 (0%)  pos=365  W/D/B=2/1/2  (40%/20%/40%)  d4~d7  0.2 games/s (avg 0.1)  173.7K nps  ETA 06:28:34    
[2026-03-29T05:02:24.299] [INFO] [selfplay:0] [SelfPlay] 6/2500 (0%)  pos=452  W/D/B=3/1/2  (50%/16%/33%)  d4~d7  0.2 games/s (avg 0.1)  210.4K nps  ETA 05:51:44    
[2026-03-29T05:02:25.892] [INFO] [selfplay:0] [SelfPlay] 7/2500 (0%)  pos=579  W/D/B=4/1/2  (57%/14%/28%)  d4~d7  0.2 games/s (avg 0.1)  186.5K nps  ETA 06:00:39    
[2026-03-29T05:02:27.008] [INFO] [selfplay:0] [SelfPlay] 8/2500 (0%)  pos=596  W/D/B=5/1/2  (62%/12%/25%)  d4~d7  0.3 games/s (avg 0.1)  227.2K nps  ETA 05:23:43    
[2026-03-29T05:02:31.288] [INFO] [selfplay:0] [SelfPlay] 9/2500 (0%)  pos=624  W/D/B=6/1/2  (66%/11%/22%)  d4~d7  0.4 games/s (avg 0.1)  241.5K nps  ETA 04:52:44    
[2026-03-29T05:02:46.104] [INFO] [selfplay:0] [SelfPlay] 10/2500 (0%)  pos=698  W/D/B=6/2/2  (60%/20%/20%)  d4~d7  0.3 games/s (avg 0.1)  280.6K nps  ETA 04:40:55   
[2026-03-29T05:02:46.924] [INFO] [selfplay:0] [SelfPlay] 11/2500 (0%)  pos=811  W/D/B=6/2/3  (54%/18%/27%)  d4~d7  0.3 games/s (avg 0.1)  288.9K nps  ETA 05:11:22   
[2026-03-29T05:02:49.188] [INFO] [selfplay:0] [SelfPlay] 12/2500 (0%)  pos=935  W/D/B=6/3/3  (50%/25%/25%)  d4~d7  0.4 games/s (avg 0.1)  321.9K nps  ETA 04:48:07   
[2026-03-29T05:02:51.549] [INFO] [selfplay:0] [SelfPlay] 13/2500 (0%)  pos=1055  W/D/B=7/3/3  (53%/23%/23%)  d4~d7  0.4 games/s (avg 0.2)  330.0K nps  ETA 04:33:03  
[2026-03-29T05:02:54.919] [INFO] [selfplay:0] [SelfPlay] 14/2500 (0%)  pos=1109  W/D/B=8/3/3  (57%/21%/21%)  d4~d7  0.4 games/s (avg 0.2)  324.5K nps  ETA 04:20:25  
[2026-03-29T05:03:04.304] [INFO] [selfplay:0] [SelfPlay] 15/2500 (0%)  pos=1167  W/D/B=9/3/3  (60%/20%/20%)  d4~d7  0.4 games/s (avg 0.2)  316.7K nps  ETA 04:12:10  
[2026-03-29T05:03:10.239] [INFO] [selfplay:0] [SelfPlay] 16/2500 (0%)  pos=1234  W/D/B=9/3/4  (56%/18%/25%)  d4~d7  0.4 games/s (avg 0.2)  343.8K nps  ETA 04:20:38  
[2026-03-29T05:03:11.979] [INFO] [selfplay:0] [SelfPlay] 17/2500 (0%)  pos=1284  W/D/B=9/3/5  (52%/17%/29%)  d4~d7  0.3 games/s (avg 0.2)  378.9K nps  ETA 04:19:43  
[2026-03-29T05:03:13.023] [INFO] [selfplay:0] [SelfPlay] 18/2500 (0%)  pos=1373  W/D/B=10/3/5  (55%/16%/27%)  d4~d7  0.4 games/s (avg 0.2)  427.7K nps  ETA 04:09:12 
[2026-03-29T05:03:13.855] [INFO] [selfplay:0] [SelfPlay] 19/2500 (0%)  pos=1462  W/D/B=11/3/5  (57%/15%/26%)  d4~d7  0.5 games/s (avg 0.2)  435.7K nps  ETA 03:58:16 
[2026-03-29T05:03:21.992] [INFO] [selfplay:0] [SelfPlay] 20/2500 (0%)  pos=1509  W/D/B=11/3/6  (55%/15%/30%)  d4~d7  0.6 games/s (avg 0.2)  434.4K nps  ETA 03:47:51 
[2026-03-29T05:03:29.342] [INFO] [selfplay:0] [SelfPlay] 21/2500 (0%)  pos=1587  W/D/B=12/3/6  (57%/14%/28%)  d4~d7  0.5 games/s (avg 0.2)  409.1K nps  ETA 03:52:56 
[2026-03-29T05:03:47.204] [INFO] [selfplay:0] [SelfPlay] 22/2500 (0%)  pos=1670  W/D/B=12/4/6  (54%/18%/27%)  d4~d7  0.4 games/s (avg 0.2)  410.7K nps  ETA 03:55:52 
[2026-03-29T05:03:55.213] [INFO] [selfplay:0] [SelfPlay] 23/2500 (0%)  pos=1698  W/D/B=13/4/6  (56%/17%/26%)  d4~d7  0.4 games/s (avg 0.2)  371.3K nps  ETA 04:17:44 
[2026-03-29T05:04:11.053] [INFO] [selfplay:0] [SelfPlay] 24/2500 (0%)  pos=1768  W/D/B=13/4/7  (54%/16%/29%)  d4~d7  0.4 games/s (avg 0.2)  391.9K nps  ETA 04:20:32 
[2026-03-29T05:04:21.198] [INFO] [selfplay:0] [SelfPlay] 25/2500 (1%)  pos=1878  W/D/B=13/4/8  (52%/16%/32%)  d4~d7  0.3 games/s (avg 0.1)  407.2K nps  ETA 04:36:14 
[2026-03-29T05:04:28.792] [INFO] [selfplay:0] [SelfPlay] 26/2500 (1%)  pos=1987  W/D/B=14/4/8  (53%/15%/30%)  d4~d7  0.3 games/s (avg 0.1)  418.4K nps  ETA 04:41:37 
[2026-03-29T05:04:30.569] [INFO] [selfplay:0] [SelfPlay] 27/2500 (1%)  pos=2063  W/D/B=15/4/8  (55%/14%/29%)  d4~d7  0.3 games/s (avg 0.1)  436.4K nps  ETA 04:42:46 
[2026-03-29T05:04:32.940] [INFO] [selfplay:0] [SelfPlay] 28/2500 (1%)  pos=2130  W/D/B=15/4/9  (53%/14%/32%)  d4~d7  0.3 games/s (avg 0.1)  458.5K nps  ETA 04:35:10 
[2026-03-29T05:04:37.376] [INFO] [selfplay:0] [SelfPlay] 29/2500 (1%)  pos=2235  W/D/B=15/4/10  (51%/13%/34%)  d4~d7  0.3 games/s (avg 0.2)  464.1K nps  ETA 04:28:54
[2026-03-29T05:04:39.813] [INFO] [selfplay:0] [SelfPlay] 30/2500 (1%)  pos=2338  W/D/B=16/4/10  (53%/13%/33%)  d4~d7  0.3 games/s (avg 0.2)  475.1K nps  ETA 04:25:56
[2026-03-29T05:04:42.147] [INFO] [selfplay:0] [SelfPlay] 31/2500 (1%)  pos=2418  W/D/B=17/4/10  (54%/12%/32%)  d4~d7  0.3 games/s (avg 0.2)  471.2K nps  ETA 04:20:30
[2026-03-29T05:04:43.723] [INFO] [selfplay:0] [SelfPlay] 32/2500 (1%)  pos=2518  W/D/B=18/4/10  (56%/12%/31%)  d4~d7  0.3 games/s (avg 0.2)  491.3K nps  ETA 04:15:16
[2026-03-29T05:04:52.943] [INFO] [selfplay:0] [SelfPlay] 33/2500 (1%)  pos=2540  W/D/B=18/4/11  (54%/12%/33%)  d4~d7  0.4 games/s (avg 0.2)  491.7K nps  ETA 04:09:16
[2026-03-29T05:04:58.564] [INFO] [selfplay:0] [SelfPlay] 34/2500 (1%)  pos=2607  W/D/B=19/4/11  (55%/11%/32%)  d4~d7  0.3 games/s (avg 0.2)  501.6K nps  ETA 04:13:02
[2026-03-29T05:05:05.789] [INFO] [selfplay:0] [SelfPlay] 35/2500 (1%)  pos=2701  W/D/B=20/4/11  (57%/11%/31%)  d4~d7  0.3 games/s (avg 0.2)  494.2K nps  ETA 04:12:17
[2026-03-29T05:05:06.185] [INFO] [selfplay:0] [SelfPlay] 36/2500 (1%)  pos=2752  W/D/B=21/4/11  (58%/11%/30%)  d4~d7  0.3 games/s (avg 0.2)  483.5K nps  ETA 04:13:32
[2026-03-29T05:05:06.678] [INFO] [selfplay:0] [SelfPlay] 37/2500 (1%)  pos=2796  W/D/B=21/4/12  (56%/10%/32%)  d4~d7  0.6 games/s (avg 0.2)  486.1K nps  ETA 04:07:00
[2026-03-29T05:05:10.300] [INFO] [selfplay:0] [SelfPlay] 38/2500 (1%)  pos=2932  W/D/B=21/5/12  (55%/13%/31%)  d4~d7  0.8 games/s (avg 0.2)  509.0K nps  ETA 04:00:54
[2026-03-29T05:05:15.416] [INFO] [selfplay:0] [SelfPlay] 39/2500 (1%)  pos=3049  W/D/B=22/5/12  (56%/12%/30%)  d4~d7  0.8 games/s (avg 0.2)  502.1K nps  ETA 03:58:24
[2026-03-29T05:05:20.351] [INFO] [selfplay:0] [SelfPlay] 40/2500 (1%)  pos=3285  W/D/B=22/6/12  (55%/15%/30%)  d4~d7  0.7 games/s (avg 0.2)  546.3K nps  ETA 03:57:35
[2026-03-29T05:05:31.802] [INFO] [selfplay:0] [SelfPlay] 41/2500 (1%)  pos=3414  W/D/B=23/6/12  (56%/14%/29%)  d4~d7  0.6 games/s (avg 0.2)  544.4K nps  ETA 03:56:31
[2026-03-29T05:05:52.611] [INFO] [selfplay:0] [SelfPlay] 42/2500 (1%)  pos=3480  W/D/B=23/6/13  (54%/14%/30%)  d4~d7  0.5 games/s (avg 0.2)  539.7K nps  ETA 04:01:48
[2026-03-29T05:06:00.109] [INFO] [selfplay:0] [SelfPlay] 43/2500 (1%)  pos=3559  W/D/B=24/6/13  (55%/13%/30%)  d4~d7  0.5 games/s (avg 0.2)  551.3K nps  ETA 04:16:07
[2026-03-29T05:06:06.156] [INFO] [selfplay:0] [SelfPlay] 44/2500 (1%)  pos=3562  W/D/B=24/6/14  (54%/13%/31%)  d4~d7  0.4 games/s (avg 0.2)  544.2K nps  ETA 04:17:11
[2026-03-29T05:06:11.967] [INFO] [selfplay:0] [SelfPlay] 45/2500 (1%)  pos=3606  W/D/B=24/6/15  (53%/13%/33%)  d4~d7  0.4 games/s (avg 0.2)  554.0K nps  ETA 04:16:52
[2026-03-29T05:06:13.245] [INFO] [selfplay:0] [SelfPlay] 46/2500 (1%)  pos=3634  W/D/B=24/6/16  (52%/13%/34%)  d4~d7  0.4 games/s (avg 0.2)  560.7K nps  ETA 04:16:26
[2026-03-29T05:06:17.902] [INFO] [selfplay:0] [SelfPlay] 47/2500 (1%)  pos=3766  W/D/B=25/6/16  (53%/12%/34%)  d4~d7  0.4 games/s (avg 0.2)  561.1K nps  ETA 04:11:55
[2026-03-29T05:06:26.115] [INFO] [selfplay:0] [SelfPlay] 48/2500 (1%)  pos=3819  W/D/B=26/6/16  (54%/12%/33%)  d4~d7  0.4 games/s (avg 0.2)  564.6K nps  ETA 04:10:29
[2026-03-29T05:06:32.053] [INFO] [selfplay:0] [SelfPlay] 49/2500 (1%)  pos=3901  W/D/B=27/6/16  (55%/12%/32%)  d4~d7  0.4 games/s (avg 0.2)  581.2K nps  ETA 04:12:09
[2026-03-29T05:06:34.721] [INFO] [selfplay:0] [SelfPlay] 50/2500 (2%)  pos=3908  W/D/B=27/6/17  (54%/12%/34%)  d4~d7  0.3 games/s (avg 0.2)  570.4K nps  ETA 04:11:54
[2026-03-29T05:06:51.755] [INFO] [selfplay:0] [SelfPlay] 51/2500 (2%)  pos=3958  W/D/B=27/6/18  (52%/11%/35%)  d4~d7  0.3 games/s (avg 0.2)  569.5K nps  ETA 04:08:46
[2026-03-29T05:06:58.524] [INFO] [selfplay:0] [SelfPlay] 52/2500 (2%)  pos=4064  W/D/B=28/6/18  (53%/11%/34%)  d4~d7  0.3 games/s (avg 0.2)  564.3K nps  ETA 04:17:25
[2026-03-29T05:07:08.901] [INFO] [selfplay:0] [SelfPlay] 53/2500 (2%)  pos=4158  W/D/B=28/6/19  (52%/11%/35%)  d4~d7  0.3 games/s (avg 0.2)  570.1K nps  ETA 04:17:35
[2026-03-29T05:07:24.093] [INFO] [selfplay:0] [SelfPlay] 54/2500 (2%)  pos=4205  W/D/B=29/6/19  (53%/11%/35%)  d4~d7  0.2 games/s (avg 0.2)  553.9K nps  ETA 04:20:28
[2026-03-29T05:07:27.658] [INFO] [selfplay:0] [SelfPlay] 55/2500 (2%)  pos=4240  W/D/B=30/6/19  (54%/10%/34%)  d4~d7  0.2 games/s (avg 0.2)  544.1K nps  ETA 04:27:04
[2026-03-29T05:07:38.336] [INFO] [selfplay:0] [SelfPlay] 56/2500 (2%)  pos=4334  W/D/B=31/6/19  (55%/10%/33%)  d4~d7  0.2 games/s (avg 0.2)  547.2K nps  ETA 04:24:41
[2026-03-29T05:07:40.838] [INFO] [selfplay:0] [SelfPlay] 57/2500 (2%)  pos=4411  W/D/B=31/6/20  (54%/10%/35%)  d4~d7  0.2 games/s (avg 0.2)  532.7K nps  ETA 04:27:40
[2026-03-29T05:07:46.093] [INFO] [selfplay:0] [SelfPlay] 58/2500 (2%)  pos=4461  W/D/B=32/6/20  (55%/10%/34%)  d4~d7  0.2 games/s (avg 0.2)  551.0K nps  ETA 04:24:40
[2026-03-29T05:07:46.526] [INFO] [selfplay:0] [SelfPlay] 59/2500 (2%)  pos=4553  W/D/B=32/6/21  (54%/10%/35%)  d4~d7  0.2 games/s (avg 0.2)  566.6K nps  ETA 04:23:47
[2026-03-29T05:08:06.625] [INFO] [selfplay:0] [SelfPlay] 60/2500 (2%)  pos=4620  W/D/B=32/6/22  (53%/10%/36%)  d4~d7  0.5 games/s (avg 0.2)  567.4K nps  ETA 04:19:14
[2026-03-29T05:08:14.989] [INFO] [selfplay:0] [SelfPlay] 61/2500 (2%)  pos=4760  W/D/B=32/6/23  (52%/9%/37%)  d4~d7  0.5 games/s (avg 0.2)  589.2K nps  ETA 04:28:29 
[2026-03-29T05:08:21.718] [INFO] [selfplay:0] [SelfPlay] 62/2500 (2%)  pos=4802  W/D/B=33/6/23  (53%/9%/37%)  d4~d7  0.4 games/s (avg 0.2)  592.5K nps  ETA 04:29:32 
[2026-03-29T05:08:22.732] [INFO] [selfplay:0] [SelfPlay] 63/2500 (2%)  pos=4931  W/D/B=33/6/24  (52%/9%/38%)  d4~d7  0.4 games/s (avg 0.2)  595.8K nps  ETA 04:29:35 
[2026-03-29T05:08:26.450] [INFO] [selfplay:0] [SelfPlay] 64/2500 (2%)  pos=4978  W/D/B=33/6/25  (51%/9%/39%)  d4~d7  0.5 games/s (avg 0.2)  605.3K nps  ETA 04:25:52 
[2026-03-29T05:08:39.201] [INFO] [selfplay:0] [SelfPlay] 65/2500 (2%)  pos=5072  W/D/B=34/6/25  (52%/9%/38%)  d4~d7  0.5 games/s (avg 0.2)  618.2K nps  ETA 04:23:50 
[2026-03-29T05:08:39.845] [INFO] [selfplay:0] [SelfPlay] 66/2500 (2%)  pos=5149  W/D/B=35/6/25  (53%/9%/37%)  d4~d7  0.4 games/s (avg 0.2)  618.3K nps  ETA 04:27:45 
[2026-03-29T05:09:00.292] [INFO] [selfplay:0] [SelfPlay] 67/2500 (2%)  pos=5221  W/D/B=35/6/26  (52%/8%/38%)  d4~d7  0.6 games/s (avg 0.2)  625.3K nps  ETA 04:23:43 
[2026-03-29T05:09:07.513] [INFO] [selfplay:0] [SelfPlay] 68/2500 (2%)  pos=5272  W/D/B=35/6/27  (51%/8%/39%)  d4~d7  0.5 games/s (avg 0.1)  625.5K nps  ETA 04:32:08 
[2026-03-29T05:09:09.078] [INFO] [selfplay:0] [SelfPlay] 69/2500 (2%)  pos=5338  W/D/B=36/6/27  (52%/8%/39%)  d4~d7  0.5 games/s (avg 0.1)  620.5K nps  ETA 04:32:24 
[2026-03-29T05:09:14.638] [INFO] [selfplay:0] [SelfPlay] 70/2500 (2%)  pos=5430  W/D/B=37/6/27  (52%/8%/38%)  d4~d7  0.5 games/s (avg 0.2)  645.8K nps  ETA 04:29:15 
[2026-03-29T05:09:21.577] [INFO] [selfplay:0] [SelfPlay] 71/2500 (2%)  pos=5512  W/D/B=37/7/27  (52%/9%/38%)  d4~d7  0.4 games/s (avg 0.2)  651.3K nps  ETA 04:28:30 
[2026-03-29T05:09:34.564] [INFO] [selfplay:0] [SelfPlay] 72/2500 (2%)  pos=5564  W/D/B=37/7/28  (51%/9%/38%)  d4~d7  0.4 games/s (avg 0.2)  660.9K nps  ETA 04:28:27 
[2026-03-29T05:09:43.593] [INFO] [selfplay:0] [SelfPlay] 73/2500 (2%)  pos=5746  W/D/B=37/8/28  (50%/10%/38%)  d4~d7  0.4 games/s (avg 0.1)  654.8K nps  ETA 04:31:56
[2026-03-29T05:09:52.434] [INFO] [selfplay:0] [SelfPlay] 74/2500 (2%)  pos=5821  W/D/B=38/8/28  (51%/10%/37%)  d4~d7  0.3 games/s (avg 0.1)  646.0K nps  ETA 04:33:05
[2026-03-29T05:09:52.681] [INFO] [selfplay:0] [SelfPlay] 75/2500 (3%)  pos=5848  W/D/B=39/8/28  (52%/10%/37%)  d4~d7  0.3 games/s (avg 0.1)  634.6K nps  ETA 04:34:13
[2026-03-29T05:09:56.951] [INFO] [selfplay:0] [SelfPlay] 76/2500 (3%)  pos=5907  W/D/B=39/8/29  (51%/10%/38%)  d4~d7  0.9 games/s (avg 0.1)  647.1K nps  ETA 04:30:35
[2026-03-29T05:10:01.726] [INFO] [selfplay:0] [SelfPlay] 77/2500 (3%)  pos=5953  W/D/B=40/8/29  (51%/10%/37%)  d4~d7  0.8 games/s (avg 0.1)  646.6K nps  ETA 04:29:10
[2026-03-29T05:10:10.712] [INFO] [selfplay:0] [SelfPlay] 78/2500 (3%)  pos=6007  W/D/B=40/8/30  (51%/10%/38%)  d4~d7  0.7 games/s (avg 0.2)  641.1K nps  ETA 04:28:01
[2026-03-29T05:10:23.191] [INFO] [selfplay:0] [SelfPlay] 79/2500 (3%)  pos=6094  W/D/B=41/8/30  (51%/10%/37%)  d4~d7  0.6 games/s (avg 0.1)  630.6K nps  ETA 04:29:03
[2026-03-29T05:10:27.030] [INFO] [selfplay:0] [SelfPlay] 80/2500 (3%)  pos=6118  W/D/B=42/8/30  (52%/10%/37%)  d4~d7  0.5 games/s (avg 0.1)  626.9K nps  ETA 04:32:00
[2026-03-29T05:10:31.937] [INFO] [selfplay:0] [SelfPlay] 81/2500 (3%)  pos=6224  W/D/B=42/8/31  (51%/9%/38%)  d4~d7  0.5 games/s (avg 0.1)  628.2K nps  ETA 04:30:26 
[2026-03-29T05:10:40.778] [INFO] [selfplay:0] [SelfPlay] 82/2500 (3%)  pos=6243  W/D/B=42/8/32  (51%/9%/39%)  d4~d7  0.4 games/s (avg 0.1)  622.5K nps  ETA 04:29:22 
[2026-03-29T05:10:54.626] [INFO] [selfplay:0] [SelfPlay] 83/2500 (3%)  pos=6310  W/D/B=42/8/33  (50%/9%/39%)  d4~d7  0.4 games/s (avg 0.1)  615.0K nps  ETA 04:30:13 
[2026-03-29T05:10:56.991] [INFO] [selfplay:0] [SelfPlay] 84/2500 (3%)  pos=6349  W/D/B=43/8/33  (51%/9%/39%)  d4~d7  0.3 games/s (avg 0.1)  609.5K nps  ETA 04:33:43 
[2026-03-29T05:10:57.266] [INFO] [selfplay:0] [SelfPlay] 85/2500 (3%)  pos=6580  W/D/B=43/9/33  (50%/10%/38%)  d4~d7  0.4 games/s (avg 0.1)  626.9K nps  ETA 04:31:32
[2026-03-29T05:11:12.036] [INFO] [selfplay:0] [SelfPlay] 86/2500 (3%)  pos=6683  W/D/B=43/9/34  (50%/10%/39%)  d4~d7  0.8 games/s (avg 0.1)  641.9K nps  ETA 04:28:09
[2026-03-29T05:11:12.822] [INFO] [selfplay:0] [SelfPlay] 87/2500 (3%)  pos=6719  W/D/B=43/9/35  (49%/10%/40%)  d4~d7  0.8 games/s (avg 0.1)  647.3K nps  ETA 04:32:01
[2026-03-29T05:11:12.858] [INFO] [selfplay:0] [SelfPlay] 88/2500 (3%)  pos=6798  W/D/B=43/9/36  (48%/10%/40%)  d4~d7  0.9 games/s (avg 0.1)  650.7K nps  ETA 04:29:11
[2026-03-29T05:11:26.317] [INFO] [selfplay:0] [SelfPlay] 89/2500 (3%)  pos=6835  W/D/B=43/9/37  (48%/10%/41%)  d4~d7  4.9 games/s (avg 0.2)  653.7K nps  ETA 04:25:51
[2026-03-29T05:11:27.116] [INFO] [selfplay:0] [SelfPlay] 90/2500 (3%)  pos=6855  W/D/B=43/9/38  (47%/10%/42%)  d4~d7  4.5 games/s (avg 0.1)  654.8K nps  ETA 04:29:00
[2026-03-29T05:11:31.997] [INFO] [selfplay:0] [SelfPlay] 91/2500 (3%)  pos=6908  W/D/B=44/9/38  (48%/9%/41%)  d4~d7  4.0 games/s (avg 0.2)  666.7K nps  ETA 04:26:13 
[2026-03-29T05:11:42.286] [INFO] [selfplay:0] [SelfPlay] 92/2500 (3%)  pos=6990  W/D/B=44/9/39  (47%/9%/42%)  d4~d7  3.7 games/s (avg 0.2)  670.2K nps  ETA 04:25:15 
[2026-03-29T05:11:47.018] [INFO] [selfplay:0] [SelfPlay] 93/2500 (3%)  pos=7029  W/D/B=45/9/39  (48%/9%/41%)  d4~d7  3.5 games/s (avg 0.2)  671.1K nps  ETA 04:26:49 
[2026-03-29T05:11:47.455] [INFO] [selfplay:0] [SelfPlay] 94/2500 (3%)  pos=7229  W/D/B=45/10/39  (47%/10%/41%)  d4~d7  3.2 games/s (avg 0.2)  693.5K nps  ETA 04:25:58
[2026-03-29T05:11:48.490] [INFO] [selfplay:0] [SelfPlay] 95/2500 (3%)  pos=7301  W/D/B=45/10/40  (47%/10%/42%)  d4~d7  3.1 games/s (avg 0.2)  696.6K nps  ETA 04:23:14
[2026-03-29T05:11:50.411] [INFO] [selfplay:0] [SelfPlay] 96/2500 (3%)  pos=7420  W/D/B=45/10/41  (46%/10%/42%)  d4~d7  2.8 games/s (avg 0.2)  696.0K nps  ETA 04:20:47
[2026-03-29T05:11:58.069] [INFO] [selfplay:0] [SelfPlay] 97/2500 (3%)  pos=7508  W/D/B=45/10/42  (46%/10%/43%)  d4~d7  2.4 games/s (avg 0.2)  702.9K nps  ETA 04:18:41
[2026-03-29T05:12:00.683] [INFO] [selfplay:0] [SelfPlay] 98/2500 (3%)  pos=7568  W/D/B=45/10/43  (45%/10%/43%)  d4~d7  2.2 games/s (avg 0.2)  714.8K nps  ETA 04:19:09
[2026-03-29T05:12:17.444] [INFO] [selfplay:0] [SelfPlay] 99/2500 (3%)  pos=7731  W/D/B=46/10/43  (46%/10%/43%)  d4~d7  2.0 games/s (avg 0.2)  731.7K nps  ETA 04:17:16
[2026-03-29T05:12:23.367] [INFO] [selfplay:0] [SelfPlay] 100/2500 (4%)  pos=7819  W/D/B=47/10/43  (47%/10%/43%)  d4~d7  1.8 games/s (avg 0.2)  748.9K nps  ETA 04:21:27
[2026-03-29T05:12:35.293] [INFO] [selfplay:0] [SelfPlay] 101/2500 (4%)  pos=7838  W/D/B=48/10/43  (47%/9%/42%)  d4~d7  1.7 games/s (avg 0.2)  753.4K nps  ETA 04:21:00
[2026-03-29T05:12:43.183] [INFO] [selfplay:0] [SelfPlay] 102/2500 (4%)  pos=7883  W/D/B=48/11/43  (47%/10%/42%)  d4~d7  1.5 games/s (avg 0.2)  756.1K nps  ETA 04:23:04
[2026-03-29T05:12:54.400] [INFO] [selfplay:0] [SelfPlay] 103/2500 (4%)  pos=7896  W/D/B=49/11/43  (47%/10%/41%)  d4~d7  1.4 games/s (avg 0.2)  760.7K nps  ETA 04:23:25
[2026-03-29T05:13:05.820] [INFO] [selfplay:0] [SelfPlay] 104/2500 (4%)  pos=7983  W/D/B=50/11/43  (48%/10%/41%)  d4~d7  1.3 games/s (avg 0.2)  762.0K nps  ETA 04:25:04
[2026-03-29T05:13:07.723] [INFO] [selfplay:0] [SelfPlay] 105/2500 (4%)  pos=8075  W/D/B=50/11/44  (47%/10%/41%)  d4~d7  1.2 games/s (avg 0.1)  763.6K nps  ETA 04:26:56
[2026-03-29T05:13:13.428] [INFO] [selfplay:0] [SelfPlay] 106/2500 (4%)  pos=8111  W/D/B=50/11/45  (47%/10%/42%)  d4~d7  1.1 games/s (avg 0.2)  762.5K nps  ETA 04:24:59
[2026-03-29T05:13:13.622] [INFO] [selfplay:0] [SelfPlay] 107/2500 (4%)  pos=8174  W/D/B=50/11/46  (46%/10%/42%)  d4~d7  1.0 games/s (avg 0.2)  763.2K nps  ETA 04:24:35
[2026-03-29T05:13:14.760] [INFO] [selfplay:0] [SelfPlay] 108/2500 (4%)  pos=8246  W/D/B=51/11/46  (47%/10%/42%)  d4~d7  1.6 games/s (avg 0.2)  776.6K nps  ETA 04:22:06
[2026-03-29T05:13:32.109] [INFO] [selfplay:0] [SelfPlay] 109/2500 (4%)  pos=8291  W/D/B=51/11/47  (46%/10%/43%)  d4~d7  1.5 games/s (avg 0.2)  787.8K nps  ETA 04:19:44
[2026-03-29T05:13:45.205] [INFO] [selfplay:0] [SelfPlay] 110/2500 (4%)  pos=8424  W/D/B=52/11/47  (47%/10%/42%)  d4~d7  1.4 games/s (avg 0.2)  789.0K nps  ETA 04:23:36
[2026-03-29T05:13:45.217] [INFO] [selfplay:0] [SelfPlay] 111/2500 (4%)  pos=8494  W/D/B=52/11/48  (46%/9%/43%)  d4~d7  1.3 games/s (avg 0.1)  802.4K nps  ETA 04:26:02
[2026-03-29T05:13:48.890] [INFO] [selfplay:0] [SelfPlay] 112/2500 (4%)  pos=8570  W/D/B=52/11/49  (46%/9%/43%)  d4~d7  13.7 games/s (avg 0.2)  806.7K nps  ETA 04:23:29
[2026-03-29T05:13:49.464] [INFO] [selfplay:0] [SelfPlay] 113/2500 (4%)  pos=8624  W/D/B=53/11/49  (46%/9%/43%)  d4~d7  12.7 games/s (avg 0.2)  807.1K nps  ETA 04:22:24
[2026-03-29T05:14:01.391] [INFO] [selfplay:0] [SelfPlay] 114/2500 (4%)  pos=8765  W/D/B=53/11/50  (46%/9%/43%)  d4~d7  11.1 games/s (avg 0.2)  810.8K nps  ETA 04:20:00
[2026-03-29T05:14:10.443] [INFO] [selfplay:0] [SelfPlay] 115/2500 (4%)  pos=8795  W/D/B=53/11/51  (46%/9%/44%)  d4~d7  10.2 games/s (avg 0.2)  813.8K nps  ETA 04:21:48
[2026-03-29T05:14:17.642] [INFO] [selfplay:0] [SelfPlay] 116/2500 (4%)  pos=8992  W/D/B=53/12/51  (45%/10%/43%)  d4~d7  9.5 games/s (avg 0.2)  832.0K nps  ETA 04:22:33
[2026-03-29T05:14:18.801] [INFO] [selfplay:0] [SelfPlay] 117/2500 (4%)  pos=9075  W/D/B=53/12/52  (45%/10%/44%)  d4~d7  8.7 games/s (avg 0.2)  847.7K nps  ETA 04:22:45
[2026-03-29T05:14:20.849] [INFO] [selfplay:0] [SelfPlay] 118/2500 (4%)  pos=9143  W/D/B=54/12/52  (45%/10%/44%)  d4~d7  8.1 games/s (avg 0.2)  848.5K nps  ETA 04:20:47
[2026-03-29T05:14:26.939] [INFO] [selfplay:0] [SelfPlay] 119/2500 (4%)  pos=9202  W/D/B=54/12/53  (45%/10%/44%)  d4~d7  7.5 games/s (avg 0.2)  863.2K nps  ETA 04:19:06
[2026-03-29T05:14:30.784] [INFO] [selfplay:0] [SelfPlay] 120/2500 (4%)  pos=9353  W/D/B=55/12/53  (45%/10%/44%)  d4~d7  6.9 games/s (avg 0.2)  879.5K nps  ETA 04:18:53
[2026-03-29T05:14:33.473] [INFO] [selfplay:0] [SelfPlay] 121/2500 (4%)  pos=9404  W/D/B=55/12/54  (45%/9%/44%)  d4~d7  6.4 games/s (avg 0.2)  893.6K nps  ETA 04:17:56
[2026-03-29T05:14:34.774] [INFO] [selfplay:0] [SelfPlay] 122/2500 (4%)  pos=9485  W/D/B=55/12/55  (45%/9%/45%)  d4~d7  5.9 games/s (avg 0.2)  906.8K nps  ETA 04:16:35
[2026-03-29T05:14:35.580] [INFO] [selfplay:0] [SelfPlay] 123/2500 (4%)  pos=9494  W/D/B=55/12/56  (44%/9%/45%)  d4~d7  5.2 games/s (avg 0.2)  906.4K nps  ETA 04:14:49
[2026-03-29T05:14:39.430] [INFO] [selfplay:0] [SelfPlay] 124/2500 (4%)  pos=9511  W/D/B=56/12/56  (45%/9%/45%)  d4~d7  4.6 games/s (avg 0.2)  905.6K nps  ETA 04:12:53
[2026-03-29T05:14:41.277] [INFO] [selfplay:0] [SelfPlay] 125/2500 (5%)  pos=9574  W/D/B=57/12/56  (45%/9%/44%)  d4~d7  4.2 games/s (avg 0.2)  914.9K nps  ETA 04:12:00
[2026-03-29T05:14:59.730] [INFO] [selfplay:0] [SelfPlay] 126/2500 (5%)  pos=9633  W/D/B=58/12/56  (46%/9%/44%)  d4~d7  3.7 games/s (avg 0.2)  914.3K nps  ETA 04:10:11
[2026-03-29T05:15:04.097] [INFO] [selfplay:0] [SelfPlay] 127/2500 (5%)  pos=9671  W/D/B=59/12/56  (46%/9%/44%)  d4~d7  3.4 games/s (avg 0.2)  919.9K nps  ETA 04:14:06
[2026-03-29T05:15:04.309] [INFO] [selfplay:0] [SelfPlay] 128/2500 (5%)  pos=9703  W/D/B=59/12/57  (46%/9%/44%)  d4~d7  3.1 games/s (avg 0.2)  922.6K nps  ETA 04:13:26
[2026-03-29T05:15:15.329] [INFO] [selfplay:0] [SelfPlay] 129/2500 (5%)  pos=9802  W/D/B=60/12/57  (46%/9%/44%)  d4~d7  3.4 games/s (avg 0.2)  927.4K nps  ETA 04:11:14
[2026-03-29T05:15:41.283] [INFO] [selfplay:0] [SelfPlay] 130/2500 (5%)  pos=9807  W/D/B=61/12/57  (46%/9%/43%)  d4~d7  3.1 games/s (avg 0.2)  930.3K nps  ETA 04:12:18
[2026-03-29T05:15:46.943] [INFO] [selfplay:0] [SelfPlay] 131/2500 (5%)  pos=9918  W/D/B=61/12/58  (46%/9%/44%)  d4~d7  2.9 games/s (avg 0.2)  942.1K nps  ETA 04:18:25
[2026-03-29T05:15:47.574] [INFO] [selfplay:0] [SelfPlay] 132/2500 (5%)  pos=9952  W/D/B=62/12/58  (46%/9%/43%)  d4~d7  2.7 games/s (avg 0.2)  948.9K nps  ETA 04:18:08
[2026-03-29T05:15:57.128] [INFO] [selfplay:0] [SelfPlay] 133/2500 (5%)  pos=10006  W/D/B=63/12/58  (47%/9%/43%)  d4~d7  2.5 games/s (avg 0.2)  962.5K nps  ETA 04:16:08
[2026-03-29T05:15:59.225] [INFO] [selfplay:0] [SelfPlay] 134/2500 (5%)  pos=10072  W/D/B=63/12/59  (47%/8%/44%)  d4~d7  2.3 games/s (avg 0.2)  974.9K nps  ETA 04:17:02
[2026-03-29T05:16:11.146] [INFO] [selfplay:0] [SelfPlay] 135/2500 (5%)  pos=10133  W/D/B=63/12/60  (46%/8%/44%)  d4~d7  2.0 games/s (avg 0.2)  984.8K nps  ETA 04:15:28
[2026-03-29T05:16:24.514] [INFO] [selfplay:0] [SelfPlay] 136/2500 (5%)  pos=10225  W/D/B=63/12/61  (46%/8%/44%)  d4~d7  1.9 games/s (avg 0.2)  986.8K nps  ETA 04:16:55
[2026-03-29T05:16:30.958] [INFO] [selfplay:0] [SelfPlay] 137/2500 (5%)  pos=10369  W/D/B=63/12/62  (45%/8%/45%)  d4~d7  1.7 games/s (avg 0.2)  988.9K nps  ETA 04:18:53
[2026-03-29T05:16:50.086] [INFO] [selfplay:0] [SelfPlay] 138/2500 (5%)  pos=10403  W/D/B=63/12/63  (45%/8%/45%)  d4~d7  1.6 games/s (avg 0.2)  996.1K nps  ETA 04:18:32
[2026-03-29T05:16:57.208] [INFO] [selfplay:0] [SelfPlay] 139/2500 (5%)  pos=10481  W/D/B=64/12/63  (46%/8%/45%)  d4~d7  1.5 games/s (avg 0.2)  1.0M nps  ETA 04:22:11
[2026-03-29T05:16:59.593] [INFO] [selfplay:0] [SelfPlay] 140/2500 (5%)  pos=10528  W/D/B=64/12/64  (45%/8%/45%)  d4~d7  1.4 games/s (avg 0.1)  1.0M nps  ETA 04:22:16
[2026-03-29T05:17:04.176] [INFO] [selfplay:0] [SelfPlay] 141/2500 (5%)  pos=10618  W/D/B=65/12/64  (46%/8%/45%)  d4~d7  1.2 games/s (avg 0.2)  1.0M nps  ETA 04:20:56
[2026-03-29T05:17:08.916] [INFO] [selfplay:0] [SelfPlay] 142/2500 (5%)  pos=10724  W/D/B=65/13/64  (45%/9%/45%)  d4~d7  1.1 games/s (avg 0.2)  1.0M nps  ETA 04:20:14
[2026-03-29T05:17:14.976] [INFO] [selfplay:0] [SelfPlay] 143/2500 (5%)  pos=10789  W/D/B=65/13/65  (45%/9%/45%)  d4~d7  1.0 games/s (avg 0.2)  1.0M nps  ETA 04:19:36
[2026-03-29T05:17:15.507] [INFO] [selfplay:0] [SelfPlay] 144/2500 (5%)  pos=10842  W/D/B=66/13/65  (45%/9%/45%)  d4~d7  0.8 games/s (avg 0.2)  1.0M nps  ETA 04:19:26
[2026-03-29T05:17:27.324] [INFO] [selfplay:0] [SelfPlay] 145/2500 (5%)  pos=10911  W/D/B=66/13/66  (45%/8%/45%)  d4~d7  1.0 games/s (avg 0.2)  1.0M nps  ETA 04:17:29
[2026-03-29T05:17:36.806] [INFO] [selfplay:0] [SelfPlay] 146/2500 (5%)  pos=11023  W/D/B=67/13/66  (45%/8%/45%)  d4~d7  0.9 games/s (avg 0.2)  1.0M nps  ETA 04:18:49
[2026-03-29T05:18:04.873] [INFO] [selfplay:0] [SelfPlay] 147/2500 (5%)  pos=11090  W/D/B=68/13/66  (46%/8%/44%)  d4~d7  0.8 games/s (avg 0.2)  1.0M nps  ETA 04:19:10
[2026-03-29T05:18:16.440] [INFO] [selfplay:0] [SelfPlay] 148/2500 (5%)  pos=11156  W/D/B=69/13/66  (46%/8%/44%)  d4~d7  0.7 games/s (avg 0.1)  1.0M nps  ETA 04:25:02
[2026-03-29T05:18:18.526] [INFO] [selfplay:0] [SelfPlay] 149/2500 (5%)  pos=11213  W/D/B=69/13/67  (46%/8%/44%)  d4~d7  0.6 games/s (avg 0.1)  1.0M nps  ETA 04:26:20
[2026-03-29T05:18:28.992] [INFO] [selfplay:0] [SelfPlay] 150/2500 (6%)  pos=11242  W/D/B=70/13/67  (46%/8%/44%)  d4~d7  0.6 games/s (avg 0.1)  1.0M nps  ETA 04:24:50
[2026-03-29T05:18:33.319] [INFO] [selfplay:0] [SelfPlay] 151/2500 (6%)  pos=11333  W/D/B=71/13/67  (47%/8%/44%)  d4~d7  0.5 games/s (avg 0.1)  1.0M nps  ETA 04:25:48
[2026-03-29T05:18:37.493] [INFO] [selfplay:0] [SelfPlay] 152/2500 (6%)  pos=11409  W/D/B=71/13/68  (46%/8%/44%)  d4~d7  0.5 games/s (avg 0.1)  1.0M nps  ETA 04:25:03
[2026-03-29T05:19:01.831] [INFO] [selfplay:0] [SelfPlay] 153/2500 (6%)  pos=11442  W/D/B=72/13/68  (47%/8%/44%)  d4~d7  0.5 games/s (avg 0.1)  1.0M nps  ETA 04:23:55
[2026-03-29T05:19:02.984] [INFO] [selfplay:0] [SelfPlay] 154/2500 (6%)  pos=11495  W/D/B=72/13/69  (46%/8%/44%)  d4~d7  0.4 games/s (avg 0.1)  1.0M nps  ETA 04:28:40
[2026-03-29T05:19:04.578] [INFO] [selfplay:0] [SelfPlay] 155/2500 (6%)  pos=11553  W/D/B=73/13/69  (47%/8%/44%)  d4~d7  0.5 games/s (avg 0.1)  1.0M nps  ETA 04:27:06
[2026-03-29T05:19:08.044] [INFO] [selfplay:0] [SelfPlay] 156/2500 (6%)  pos=11616  W/D/B=74/13/69  (47%/8%/44%)  d4~d7  0.5 games/s (avg 0.1)  1.0M nps  ETA 04:25:39
[2026-03-29T05:19:08.860] [INFO] [selfplay:0] [SelfPlay] 157/2500 (6%)  pos=11723  W/D/B=74/14/69  (47%/8%/43%)  d4~d7  0.5 games/s (avg 0.1)  1.1M nps  ETA 04:24:45
[2026-03-29T05:19:09.058] [INFO] [selfplay:0] [SelfPlay] 158/2500 (6%)  pos=11740  W/D/B=75/14/69  (47%/8%/43%)  d4~d7  0.6 games/s (avg 0.1)  1.1M nps  ETA 04:23:11
[2026-03-29T05:19:10.431] [INFO] [selfplay:0] [SelfPlay] 159/2500 (6%)  pos=11809  W/D/B=76/14/69  (47%/8%/43%)  d4~d7  1.3 games/s (avg 0.1)  1.1M nps  ETA 04:21:27
[2026-03-29T05:19:16.848] [INFO] [selfplay:0] [SelfPlay] 160/2500 (6%)  pos=11901  W/D/B=77/14/69  (48%/8%/43%)  d4~d7  1.2 games/s (avg 0.1)  1.1M nps  ETA 04:19:56
[2026-03-29T05:19:18.688] [INFO] [selfplay:0] [SelfPlay] 161/2500 (6%)  pos=11997  W/D/B=77/14/70  (47%/8%/43%)  d4~d7  1.0 games/s (avg 0.2)  1.1M nps  ETA 04:19:51
[2026-03-29T05:19:19.131] [INFO] [selfplay:0] [SelfPlay] 162/2500 (6%)  pos=12160  W/D/B=77/14/71  (47%/8%/43%)  d4~d7  1.0 games/s (avg 0.2)  1.1M nps  ETA 04:18:36
[2026-03-29T05:19:24.904] [INFO] [selfplay:0] [SelfPlay] 163/2500 (6%)  pos=12208  W/D/B=78/14/71  (47%/8%/43%)  d4~d7  1.1 games/s (avg 0.2)  1.1M nps  ETA 04:16:55
[2026-03-29T05:19:42.915] [INFO] [selfplay:0] [SelfPlay] 164/2500 (6%)  pos=12212  W/D/B=79/14/71  (48%/8%/43%)  d4~d7  1.0 games/s (avg 0.2)  1.1M nps  ETA 04:16:24
[2026-03-29T05:19:45.217] [INFO] [selfplay:0] [SelfPlay] 165/2500 (6%)  pos=12252  W/D/B=79/14/72  (47%/8%/43%)  d4~d7  0.9 games/s (avg 0.2)  1.1M nps  ETA 04:19:15
[2026-03-29T05:19:50.985] [INFO] [selfplay:0] [SelfPlay] 166/2500 (6%)  pos=12322  W/D/B=80/14/72  (48%/8%/43%)  d4~d7  0.9 games/s (avg 0.2)  1.1M nps  ETA 04:18:03
[2026-03-29T05:19:59.693] [INFO] [selfplay:0] [SelfPlay] 167/2500 (6%)  pos=12402  W/D/B=80/15/72  (47%/8%/43%)  d4~d7  0.8 games/s (avg 0.2)  1.1M nps  ETA 04:17:42
[2026-03-29T05:20:05.379] [INFO] [selfplay:0] [SelfPlay] 168/2500 (6%)  pos=12422  W/D/B=81/15/72  (48%/8%/42%)  d4~d7  0.7 games/s (avg 0.2)  1.1M nps  ETA 04:18:08
[2026-03-29T05:20:07.326] [INFO] [selfplay:0] [SelfPlay] 169/2500 (6%)  pos=12590  W/D/B=81/15/73  (47%/8%/43%)  d4~d7  0.6 games/s (avg 0.2)  1.1M nps  ETA 04:17:51
[2026-03-29T05:20:18.947] [INFO] [selfplay:0] [SelfPlay] 170/2500 (6%)  pos=12666  W/D/B=81/15/74  (47%/8%/43%)  d4~d7  0.6 games/s (avg 0.2)  1.1M nps  ETA 04:16:30
[2026-03-29T05:20:27.161] [INFO] [selfplay:0] [SelfPlay] 171/2500 (6%)  pos=12752  W/D/B=81/15/75  (47%/8%/43%)  d4~d7  0.5 games/s (avg 0.2)  1.1M nps  ETA 04:17:36
[2026-03-29T05:20:29.845] [INFO] [selfplay:0] [SelfPlay] 172/2500 (6%)  pos=12782  W/D/B=81/15/76  (47%/8%/44%)  d4~d7  0.4 games/s (avg 0.2)  1.0M nps  ETA 04:17:55
[2026-03-29T05:20:31.460] [INFO] [selfplay:0] [SelfPlay] 173/2500 (6%)  pos=12833  W/D/B=81/15/77  (46%/8%/44%)  d4~d7  0.4 games/s (avg 0.2)  1.1M nps  ETA 04:16:57
[2026-03-29T05:20:47.825] [INFO] [selfplay:0] [SelfPlay] 174/2500 (6%)  pos=12904  W/D/B=82/15/77  (47%/8%/44%)  d4~d7  0.5 games/s (avg 0.2)  1.1M nps  ETA 04:15:28
[2026-03-29T05:20:51.402] [INFO] [selfplay:0] [SelfPlay] 175/2500 (7%)  pos=12962  W/D/B=83/15/77  (47%/8%/44%)  d4~d7  0.4 games/s (avg 0.2)  1.0M nps  ETA 04:17:45
[2026-03-29T05:20:57.337] [INFO] [selfplay:0] [SelfPlay] 176/2500 (7%)  pos=13051  W/D/B=84/15/77  (47%/8%/43%)  d4~d7  0.4 games/s (avg 0.2)  1.0M nps  ETA 04:16:55
[2026-03-29T05:21:28.577] [INFO] [selfplay:0] [SelfPlay] 177/2500 (7%)  pos=13139  W/D/B=85/15/77  (48%/8%/43%)  d4~d7  0.4 games/s (avg 0.2)  1.0M nps  ETA 04:16:13
[2026-03-29T05:21:28.661] [INFO] [selfplay:0] [SelfPlay] 178/2500 (7%)  pos=13203  W/D/B=85/15/78  (47%/8%/43%)  d4~d7  0.3 games/s (avg 0.1)  1.0M nps  ETA 04:21:59
[2026-03-29T05:21:30.258] [INFO] [selfplay:0] [SelfPlay] 179/2500 (7%)  pos=13290  W/D/B=86/15/78  (48%/8%/43%)  d4~d7  2.1 games/s (avg 0.1)  1.0M nps  ETA 04:20:25
[2026-03-29T05:21:34.521] [INFO] [selfplay:0] [SelfPlay] 180/2500 (7%)  pos=13328  W/D/B=87/15/78  (48%/8%/43%)  d4~d7  1.8 games/s (avg 0.1)  1.1M nps  ETA 04:19:09
[2026-03-29T05:21:37.828] [INFO] [selfplay:0] [SelfPlay] 181/2500 (7%)  pos=13447  W/D/B=88/15/78  (48%/8%/43%)  d4~d7  1.6 games/s (avg 0.1)  1.1M nps  ETA 04:18:31
[2026-03-29T05:21:47.308] [INFO] [selfplay:0] [SelfPlay] 182/2500 (7%)  pos=13451  W/D/B=88/15/79  (48%/8%/43%)  d4~d7  1.4 games/s (avg 0.1)  1.0M nps  ETA 04:17:36
[2026-03-29T05:21:52.752] [INFO] [selfplay:0] [SelfPlay] 183/2500 (7%)  pos=13525  W/D/B=88/16/79  (48%/8%/43%)  d4~d7  1.3 games/s (avg 0.1)  1.1M nps  ETA 04:18:08
[2026-03-29T05:22:09.700] [INFO] [selfplay:0] [SelfPlay] 184/2500 (7%)  pos=13627  W/D/B=89/16/79  (48%/8%/42%)  d4~d7  1.1 games/s (avg 0.1)  1.1M nps  ETA 04:17:35
[2026-03-29T05:22:09.935] [INFO] [selfplay:0] [SelfPlay] 185/2500 (7%)  pos=13660  W/D/B=89/16/80  (48%/8%/43%)  d4~d7  1.1 games/s (avg 0.1)  1.1M nps  ETA 04:19:53
[2026-03-29T05:22:18.682] [INFO] [selfplay:0] [SelfPlay] 186/2500 (7%)  pos=13702  W/D/B=89/16/81  (47%/8%/43%)  d4~d7  1.5 games/s (avg 0.1)  1.1M nps  ETA 04:18:17
[2026-03-29T05:22:23.480] [INFO] [selfplay:0] [SelfPlay] 187/2500 (7%)  pos=13764  W/D/B=90/16/81  (48%/8%/43%)  d4~d7  1.4 games/s (avg 0.1)  1.1M nps  ETA 04:18:40
[2026-03-29T05:22:25.571] [INFO] [selfplay:0] [SelfPlay] 188/2500 (7%)  pos=13815  W/D/B=91/16/81  (48%/8%/43%)  d4~d7  1.2 games/s (avg 0.1)  1.1M nps  ETA 04:18:11
[2026-03-29T05:22:26.411] [INFO] [selfplay:0] [SelfPlay] 189/2500 (7%)  pos=13857  W/D/B=91/16/82  (48%/8%/43%)  d4~d7  1.1 games/s (avg 0.1)  1.1M nps  ETA 04:17:11
[2026-03-29T05:22:28.975] [INFO] [selfplay:0] [SelfPlay] 190/2500 (7%)  pos=13943  W/D/B=91/16/83  (47%/8%/43%)  d4~d7  1.1 games/s (avg 0.2)  1.1M nps  ETA 04:15:50
[2026-03-29T05:22:34.687] [INFO] [selfplay:0] [SelfPlay] 191/2500 (7%)  pos=14055  W/D/B=92/16/83  (48%/8%/43%)  d4~d7  1.0 games/s (avg 0.2)  1.1M nps  ETA 04:14:51
[2026-03-29T05:22:46.777] [INFO] [selfplay:0] [SelfPlay] 192/2500 (7%)  pos=14110  W/D/B=93/16/83  (48%/8%/43%)  d4~d7  0.9 games/s (avg 0.2)  1.1M nps  ETA 04:14:28
[2026-03-29T05:22:49.396] [INFO] [selfplay:0] [SelfPlay] 193/2500 (7%)  pos=14160  W/D/B=94/16/83  (48%/8%/43%)  d4~d7  0.8 games/s (avg 0.2)  1.1M nps  ETA 04:15:37
[2026-03-29T05:22:53.252] [INFO] [selfplay:0] [SelfPlay] 194/2500 (7%)  pos=14267  W/D/B=94/16/84  (48%/8%/43%)  d4~d7  0.8 games/s (avg 0.2)  1.1M nps  ETA 04:14:40
[2026-03-29T05:23:01.047] [INFO] [selfplay:0] [SelfPlay] 195/2500 (7%)  pos=14358  W/D/B=95/16/84  (48%/8%/43%)  d4~d7  0.7 games/s (avg 0.2)  1.1M nps  ETA 04:13:57
[2026-03-29T05:23:11.475] [INFO] [selfplay:0] [SelfPlay] 196/2500 (7%)  pos=14410  W/D/B=95/16/85  (48%/8%/43%)  d4~d7  0.6 games/s (avg 0.2)  1.1M nps  ETA 04:14:02
[2026-03-29T05:23:14.629] [INFO] [selfplay:0] [SelfPlay] 197/2500 (7%)  pos=14523  W/D/B=95/16/86  (48%/8%/43%)  d4~d7  0.5 games/s (avg 0.2)  1.1M nps  ETA 04:14:46
[2026-03-29T05:23:20.588] [INFO] [selfplay:0] [SelfPlay] 198/2500 (7%)  pos=14585  W/D/B=95/16/87  (47%/8%/43%)  d4~d7  0.5 games/s (avg 0.2)  1.1M nps  ETA 04:13:57
[2026-03-29T05:23:30.454] [INFO] [selfplay:0] [SelfPlay] 199/2500 (7%)  pos=14623  W/D/B=96/16/87  (48%/8%/43%)  d4~d7  0.4 games/s (avg 0.2)  1.1M nps  ETA 04:13:39
[2026-03-29T05:23:43.273] [INFO] [selfplay:0] [SelfPlay] 200/2500 (8%)  pos=14682  W/D/B=96/16/88  (48%/8%/44%)  d4~d7  0.4 games/s (avg 0.2)  1.1M nps  ETA 04:14:06
[2026-03-29T05:23:45.363] [INFO] [selfplay:0] [SelfPlay] 201/2500 (8%)  pos=14732  W/D/B=97/16/88  (48%/7%/43%)  d4~d7  0.3 games/s (avg 0.2)  1.0M nps  ETA 04:15:21
[2026-03-29T05:24:11.295] [INFO] [selfplay:0] [SelfPlay] 202/2500 (8%)  pos=14835  W/D/B=98/16/88  (48%/7%/43%)  d4~d7  0.4 games/s (avg 0.2)  1.0M nps  ETA 04:13:58
[2026-03-29T05:24:13.114] [INFO] [selfplay:0] [SelfPlay] 203/2500 (8%)  pos=14884  W/D/B=98/16/89  (48%/7%/43%)  d4~d7  0.3 games/s (avg 0.1)  1.0M nps  ETA 04:17:54
[2026-03-29T05:24:19.822] [INFO] [selfplay:0] [SelfPlay] 204/2500 (8%)  pos=14964  W/D/B=98/16/90  (48%/7%/44%)  d4~d7  0.4 games/s (avg 0.1)  1.0M nps  ETA 04:16:47
[2026-03-29T05:24:30.908] [INFO] [selfplay:0] [SelfPlay] 205/2500 (8%)  pos=15074  W/D/B=99/16/90  (48%/7%/43%)  d4~d7  0.3 games/s (avg 0.1)  1.0M nps  ETA 04:16:36
[2026-03-29T05:24:32.469] [INFO] [selfplay:0] [SelfPlay] 206/2500 (8%)  pos=15125  W/D/B=99/16/91  (48%/7%/44%)  d4~d7  0.3 games/s (avg 0.1)  1.0M nps  ETA 04:17:28
[2026-03-29T05:24:33.362] [INFO] [selfplay:0] [SelfPlay] 207/2500 (8%)  pos=15283  W/D/B=100/16/91  (48%/7%/43%)  d4~d7  0.3 games/s (avg 0.1)  1.0M nps  ETA 04:16:24
[2026-03-29T05:24:33.950] [INFO] [selfplay:0] [SelfPlay] 208/2500 (8%)  pos=15288  W/D/B=100/16/92  (48%/7%/44%)  d4~d7  0.5 games/s (avg 0.1)  1.0M nps  ETA 04:15:13
[2026-03-29T05:24:39.051] [INFO] [selfplay:0] [SelfPlay] 209/2500 (8%)  pos=15379  W/D/B=101/16/92  (48%/7%/44%)  d4~d7  0.6 games/s (avg 0.2)  1.0M nps  ETA 04:13:56
[2026-03-29T05:24:41.987] [INFO] [selfplay:0] [SelfPlay] 210/2500 (8%)  pos=15529  W/D/B=102/16/92  (48%/7%/43%)  d4~d7  0.6 games/s (avg 0.2)  1.0M nps  ETA 04:13:34
[2026-03-29T05:24:48.129] [INFO] [selfplay:0] [SelfPlay] 211/2500 (8%)  pos=15575  W/D/B=103/16/92  (48%/7%/43%)  d4~d7  0.5 games/s (avg 0.2)  1.0M nps  ETA 04:12:44
[2026-03-29T05:24:54.379] [INFO] [selfplay:0] [SelfPlay] 212/2500 (8%)  pos=15657  W/D/B=104/16/92  (49%/7%/43%)  d4~d7  0.5 games/s (avg 0.2)  1.0M nps  ETA 04:12:33
[2026-03-29T05:25:00.711] [INFO] [selfplay:0] [SelfPlay] 213/2500 (8%)  pos=15730  W/D/B=104/17/92  (48%/7%/43%)  d4~d7  0.4 games/s (avg 0.2)  1.0M nps  ETA 04:12:21
[2026-03-29T05:25:17.548] [INFO] [selfplay:0] [SelfPlay] 214/2500 (8%)  pos=15818  W/D/B=104/17/93  (48%/7%/43%)  d4~d7  0.4 games/s (avg 0.2)  1.0M nps  ETA 04:12:01
[2026-03-29T05:25:22.915] [INFO] [selfplay:0] [SelfPlay] 215/2500 (8%)  pos=15858  W/D/B=105/17/93  (48%/7%/43%)  d4~d7  0.3 games/s (avg 0.1)  1.0M nps  ETA 04:13:55
[2026-03-29T05:25:24.630] [INFO] [selfplay:0] [SelfPlay] 216/2500 (8%)  pos=15901  W/D/B=105/17/94  (48%/7%/43%)  d4~d7  0.3 games/s (avg 0.2)  1.0M nps  ETA 04:13:38
[2026-03-29T05:25:26.463] [INFO] [selfplay:0] [SelfPlay] 217/2500 (8%)  pos=15962  W/D/B=105/17/95  (48%/7%/43%)  d4~d7  0.4 games/s (avg 0.2)  1.0M nps  ETA 04:12:40
[2026-03-29T05:25:27.453] [INFO] [selfplay:0] [SelfPlay] 218/2500 (8%)  pos=16026  W/D/B=105/17/96  (48%/7%/44%)  d4~d7  0.4 games/s (avg 0.2)  1.0M nps  ETA 04:11:43
[2026-03-29T05:25:32.612] [INFO] [selfplay:0] [SelfPlay] 219/2500 (8%)  pos=16035  W/D/B=106/17/96  (48%/7%/43%)  d4~d7  0.5 games/s (avg 0.2)  1.0M nps  ETA 04:10:33
[2026-03-29T05:25:36.135] [INFO] [selfplay:0] [SelfPlay] 220/2500 (8%)  pos=16088  W/D/B=106/18/96  (48%/8%/43%)  d4~d7  0.4 games/s (avg 0.2)  1.0M nps  ETA 04:10:14
[2026-03-29T05:25:44.848] [INFO] [selfplay:0] [SelfPlay] 221/2500 (8%)  pos=16128  W/D/B=107/18/96  (48%/8%/43%)  d4~d7  0.4 games/s (avg 0.2)  1.0M nps  ETA 04:09:30
[2026-03-29T05:25:58.127] [INFO] [selfplay:0] [SelfPlay] 222/2500 (8%)  pos=16177  W/D/B=108/18/96  (48%/8%/43%)  d4~d7  0.4 games/s (avg 0.2)  1.0M nps  ETA 04:09:41
[2026-03-29T05:26:10.147] [INFO] [selfplay:0] [SelfPlay] 223/2500 (8%)  pos=16207  W/D/B=108/18/97  (48%/8%/43%)  d4~d7  0.3 games/s (avg 0.2)  994.2K nps  ETA 04:10:44
[2026-03-29T05:26:19.810] [INFO] [selfplay:0] [SelfPlay] 224/2500 (8%)  pos=16328  W/D/B=109/18/97  (48%/8%/43%)  d4~d7  0.3 games/s (avg 0.2)  992.2K nps  ETA 04:11:35
[2026-03-29T05:26:21.782] [INFO] [selfplay:0] [SelfPlay] 225/2500 (9%)  pos=16367  W/D/B=110/18/97  (48%/8%/43%)  d4~d7  0.3 games/s (avg 0.2)  985.4K nps  ETA 04:12:07
[2026-03-29T05:26:23.288] [INFO] [selfplay:0] [SelfPlay] 226/2500 (9%)  pos=16415  W/D/B=110/18/98  (48%/7%/43%)  d4~d7  0.3 games/s (avg 0.2)  986.8K nps  ETA 04:11:14
[2026-03-29T05:26:28.967] [INFO] [selfplay:0] [SelfPlay] 227/2500 (9%)  pos=16448  W/D/B=111/18/98  (48%/7%/43%)  d4~d7  0.4 games/s (avg 0.2)  991.2K nps  ETA 04:10:11
[2026-03-29T05:26:32.231] [INFO] [selfplay:0] [SelfPlay] 228/2500 (9%)  pos=16504  W/D/B=112/18/98  (49%/7%/42%)  d4~d7  0.3 games/s (avg 0.2)  993.4K nps  ETA 04:09:58
[2026-03-29T05:26:39.552] [INFO] [selfplay:0] [SelfPlay] 229/2500 (9%)  pos=16593  W/D/B=112/18/99  (48%/7%/43%)  d4~d7  0.3 games/s (avg 0.2)  997.8K nps  ETA 04:09:13
[2026-03-29T05:26:52.363] [INFO] [selfplay:0] [SelfPlay] 230/2500 (9%)  pos=16637  W/D/B=113/18/99  (49%/7%/43%)  d4~d7  0.3 games/s (avg 0.2)  992.1K nps  ETA 04:09:10
[2026-03-29T05:26:52.907] [INFO] [selfplay:0] [SelfPlay] 231/2500 (9%)  pos=16664  W/D/B=113/18/100  (48%/7%/43%)  d4~d7  0.3 games/s (avg 0.2)  981.3K nps  ETA 04:10:15
[2026-03-29T05:27:00.964] [INFO] [selfplay:0] [SelfPlay] 232/2500 (9%)  pos=16706  W/D/B=113/18/101  (48%/7%/43%)  d4~d7  0.5 games/s (avg 0.2)  985.2K nps  ETA 04:09:02
[2026-03-29T05:27:06.556] [INFO] [selfplay:0] [SelfPlay] 233/2500 (9%)  pos=16778  W/D/B=114/18/101  (48%/7%/43%)  d4~d7  0.4 games/s (avg 0.2)  977.9K nps  ETA 04:09:12
[2026-03-29T05:27:10.588] [INFO] [selfplay:0] [SelfPlay] 234/2500 (9%)  pos=16843  W/D/B=115/18/101  (49%/7%/43%)  d4~d7  0.4 games/s (avg 0.2)  972.9K nps  ETA 04:08:58
[2026-03-29T05:27:38.924] [INFO] [selfplay:0] [SelfPlay] 235/2500 (9%)  pos=16952  W/D/B=116/18/101  (49%/7%/42%)  d4~d7  0.4 games/s (avg 0.2)  969.4K nps  ETA 04:08:02
[2026-03-29T05:27:41.610] [INFO] [selfplay:0] [SelfPlay] 236/2500 (9%)  pos=17022  W/D/B=116/18/102  (49%/7%/43%)  d4~d7  0.4 games/s (avg 0.1)  973.2K nps  ETA 04:11:50
[2026-03-29T05:27:43.828] [INFO] [selfplay:0] [SelfPlay] 237/2500 (9%)  pos=17072  W/D/B=116/18/103  (48%/7%/43%)  d4~d7  0.4 games/s (avg 0.2)  975.1K nps  ETA 04:11:06
[2026-03-29T05:27:47.630] [INFO] [selfplay:0] [SelfPlay] 238/2500 (9%)  pos=17133  W/D/B=116/18/104  (48%/7%/43%)  d4~d7  0.4 games/s (avg 0.2)  976.7K nps  ETA 04:10:15
[2026-03-29T05:27:51.231] [INFO] [selfplay:0] [SelfPlay] 239/2500 (9%)  pos=17211  W/D/B=116/18/105  (48%/7%/43%)  d4~d7  0.4 games/s (avg 0.2)  979.5K nps  ETA 04:09:42
[2026-03-29T05:27:55.640] [INFO] [selfplay:0] [SelfPlay] 240/2500 (9%)  pos=17253  W/D/B=117/18/105  (48%/7%/43%)  d4~d7  0.3 games/s (avg 0.2)  983.8K nps  ETA 04:09:05
[2026-03-29T05:27:56.546] [INFO] [selfplay:0] [SelfPlay] 241/2500 (9%)  pos=17314  W/D/B=117/18/106  (48%/7%/43%)  d4~d7  0.3 games/s (avg 0.2)  980.1K nps  ETA 04:08:42
[2026-03-29T05:27:59.517] [INFO] [selfplay:0] [SelfPlay] 242/2500 (9%)  pos=17407  W/D/B=117/18/107  (48%/7%/44%)  d4~d7  0.4 games/s (avg 0.2)  987.3K nps  ETA 04:07:41
[2026-03-29T05:28:11.193] [INFO] [selfplay:0] [SelfPlay] 243/2500 (9%)  pos=17419  W/D/B=117/18/108  (48%/7%/44%)  d4~d7  0.4 games/s (avg 0.2)  985.6K nps  ETA 04:06:51
[2026-03-29T05:28:17.933] [INFO] [selfplay:0] [SelfPlay] 244/2500 (9%)  pos=17525  W/D/B=118/18/108  (48%/7%/44%)  d4~d7  0.4 games/s (avg 0.2)  975.6K nps  ETA 04:07:37
[2026-03-29T05:28:18.088] [INFO] [selfplay:0] [SelfPlay] 245/2500 (9%)  pos=17761  W/D/B=118/19/108  (48%/7%/44%)  d4~d7  0.3 games/s (avg 0.2)  976.2K nps  ETA 04:07:39
[2026-03-29T05:28:33.211] [INFO] [selfplay:0] [SelfPlay] 246/2500 (9%)  pos=17868  W/D/B=118/19/109  (47%/7%/44%)  d4~d7  1.3 games/s (avg 0.2)  987.6K nps  ETA 04:06:18
[2026-03-29T05:28:43.252] [INFO] [selfplay:0] [SelfPlay] 247/2500 (9%)  pos=17923  W/D/B=118/19/110  (47%/7%/44%)  d4~d7  1.2 games/s (avg 0.2)  989.0K nps  ETA 04:07:35
[2026-03-29T05:28:44.712] [INFO] [selfplay:0] [SelfPlay] 248/2500 (9%)  pos=17968  W/D/B=119/19/110  (47%/7%/44%)  d4~d7  1.1 games/s (avg 0.2)  990.0K nps  ETA 04:08:07
[2026-03-29T05:28:51.747] [INFO] [selfplay:0] [SelfPlay] 249/2500 (9%)  pos=18016  W/D/B=119/19/111  (47%/7%/44%)  d4~d7  1.0 games/s (avg 0.2)  990.0K nps  ETA 04:07:09
[2026-03-29T05:28:53.794] [INFO] [selfplay:0] [SelfPlay] 250/2500 (10%)  pos=18096  W/D/B=119/19/112  (47%/7%/44%)  d4~d7  0.9 games/s (avg 0.2)  984.6K nps  ETA 04:07:11
[2026-03-29T05:28:53.914] [INFO] [selfplay:0] [SelfPlay] 251/2500 (10%)  pos=18142  W/D/B=119/19/113  (47%/7%/45%)  d4~d7  0.8 games/s (avg 0.2)  983.4K nps  ETA 04:06:26
[2026-03-29T05:28:57.876] [INFO] [selfplay:0] [SelfPlay] 252/2500 (10%)  pos=18278  W/D/B=120/19/113  (47%/7%/44%)  d4~d7  2.0 games/s (avg 0.2)  987.6K nps  ETA 04:05:18
[2026-03-29T05:29:02.705] [INFO] [selfplay:0] [SelfPlay] 253/2500 (10%)  pos=18293  W/D/B=120/19/114  (47%/7%/45%)  d4~d7  1.7 games/s (avg 0.2)  987.6K nps  ETA 04:04:47
[2026-03-29T05:29:13.959] [INFO] [selfplay:0] [SelfPlay] 254/2500 (10%)  pos=18360  W/D/B=120/19/115  (47%/7%/45%)  d4~d7  1.5 games/s (avg 0.2)  983.7K nps  ETA 04:04:20
[2026-03-29T05:29:29.152] [INFO] [selfplay:0] [SelfPlay] 255/2500 (10%)  pos=18456  W/D/B=120/20/115  (47%/7%/45%)  d4~d7  1.4 games/s (avg 0.2)  984.8K nps  ETA 04:04:51
[2026-03-29T05:29:37.552] [INFO] [selfplay:0] [SelfPlay] 256/2500 (10%)  pos=18502  W/D/B=120/20/116  (46%/7%/45%)  d4~d7  1.3 games/s (avg 0.2)  992.8K nps  ETA 04:06:06
[2026-03-29T05:29:39.827] [INFO] [selfplay:0] [SelfPlay] 257/2500 (10%)  pos=18572  W/D/B=120/20/117  (46%/7%/45%)  d4~d7  1.2 games/s (avg 0.2)  992.6K nps  ETA 04:06:22
[2026-03-29T05:29:41.456] [INFO] [selfplay:0] [SelfPlay] 258/2500 (10%)  pos=18616  W/D/B=121/20/117  (46%/7%/45%)  d4~d7  1.1 games/s (avg 0.2)  996.1K nps  ETA 04:05:39
[2026-03-29T05:29:43.576] [INFO] [selfplay:0] [SelfPlay] 259/2500 (10%)  pos=18655  W/D/B=122/20/117  (47%/7%/45%)  d4~d7  1.0 games/s (avg 0.2)  1.0M nps  ETA 04:04:48
[2026-03-29T05:29:46.726] [INFO] [selfplay:0] [SelfPlay] 260/2500 (10%)  pos=18735  W/D/B=122/20/118  (46%/7%/45%)  d4~d7  0.9 games/s (avg 0.2)  1.0M nps  ETA 04:04:03
[2026-03-29T05:30:02.798] [INFO] [selfplay:0] [SelfPlay] 261/2500 (10%)  pos=18813  W/D/B=123/20/118  (47%/7%/45%)  d4~d7  0.8 games/s (avg 0.2)  999.9K nps  ETA 04:03:14
[2026-03-29T05:30:09.234] [INFO] [selfplay:0] [SelfPlay] 262/2500 (10%)  pos=18871  W/D/B=124/20/118  (47%/7%/45%)  d4~d7  0.8 games/s (avg 0.2)  1.0M nps  ETA 04:04:39
[2026-03-29T05:30:10.397] [INFO] [selfplay:0] [SelfPlay] 263/2500 (10%)  pos=19031  W/D/B=124/20/119  (47%/7%/45%)  d4~d7  0.7 games/s (avg 0.2)  1.0M nps  ETA 04:04:37
[2026-03-29T05:30:25.273] [INFO] [selfplay:0] [SelfPlay] 264/2500 (10%)  pos=19095  W/D/B=125/20/119  (47%/7%/45%)  d4~d7  0.7 games/s (avg 0.2)  1.0M nps  ETA 04:03:31
[2026-03-29T05:30:27.828] [INFO] [selfplay:0] [SelfPlay] 265/2500 (10%)  pos=19158  W/D/B=126/20/119  (47%/7%/44%)  d4~d7  0.6 games/s (avg 0.2)  1.0M nps  ETA 04:04:46
[2026-03-29T05:30:33.935] [INFO] [selfplay:0] [SelfPlay] 266/2500 (10%)  pos=19271  W/D/B=127/20/119  (47%/7%/44%)  d4~d7  0.6 games/s (avg 0.2)  1.0M nps  ETA 04:04:03
[2026-03-29T05:30:39.076] [INFO] [selfplay:0] [SelfPlay] 267/2500 (10%)  pos=19386  W/D/B=127/20/120  (47%/7%/44%)  d4~d7  0.5 games/s (avg 0.2)  1.0M nps  ETA 04:03:54
[2026-03-29T05:30:41.819] [INFO] [selfplay:0] [SelfPlay] 268/2500 (10%)  pos=19396  W/D/B=127/20/121  (47%/7%/45%)  d4~d7  0.5 games/s (avg 0.2)  1.0M nps  ETA 04:03:37
[2026-03-29T05:30:48.167] [INFO] [selfplay:0] [SelfPlay] 269/2500 (10%)  pos=19406  W/D/B=128/20/121  (47%/7%/44%)  d4~d7  0.5 games/s (avg 0.2)  1.0M nps  ETA 04:02:56
[2026-03-29T05:31:01.672] [INFO] [selfplay:0] [SelfPlay] 270/2500 (10%)  pos=19450  W/D/B=129/20/121  (47%/7%/44%)  d4~d7  0.4 games/s (avg 0.2)  1.0M nps  ETA 04:02:40
[2026-03-29T05:31:01.744] [INFO] [selfplay:0] [SelfPlay] 271/2500 (10%)  pos=19539  W/D/B=130/20/121  (47%/7%/44%)  d4~d7  0.4 games/s (avg 0.2)  1.0M nps  ETA 04:03:45
[2026-03-29T05:31:06.323] [INFO] [selfplay:0] [SelfPlay] 272/2500 (10%)  pos=19674  W/D/B=131/20/121  (48%/7%/44%)  d4~d7  2.4 games/s (avg 0.2)  1.0M nps  ETA 04:02:41
[2026-03-29T05:31:08.264] [INFO] [selfplay:0] [SelfPlay] 273/2500 (10%)  pos=19748  W/D/B=131/20/122  (47%/7%/44%)  d4~d7  2.2 games/s (avg 0.2)  1.0M nps  ETA 04:02:21
[2026-03-29T05:31:12.765] [INFO] [selfplay:0] [SelfPlay] 274/2500 (10%)  pos=19820  W/D/B=131/20/123  (47%/7%/44%)  d4~d7  2.0 games/s (avg 0.2)  1.0M nps  ETA 04:01:34
[2026-03-29T05:31:19.373] [INFO] [selfplay:0] [SelfPlay] 275/2500 (11%)  pos=19877  W/D/B=131/20/124  (47%/7%/45%)  d4~d7  1.7 games/s (avg 0.2)  1.0M nps  ETA 04:01:10
[2026-03-29T05:31:25.412] [INFO] [selfplay:0] [SelfPlay] 276/2500 (11%)  pos=20025  W/D/B=132/20/124  (47%/7%/44%)  d4~d7  1.6 games/s (avg 0.2)  1.0M nps  ETA 04:01:04
[2026-03-29T05:31:33.217] [INFO] [selfplay:0] [SelfPlay] 277/2500 (11%)  pos=20048  W/D/B=133/20/124  (48%/7%/44%)  d4~d7  1.4 games/s (avg 0.2)  1.0M nps  ETA 04:00:52
[2026-03-29T05:31:33.318] [INFO] [selfplay:0] [SelfPlay] 278/2500 (11%)  pos=20139  W/D/B=133/20/125  (47%/7%/44%)  d4~d7  1.3 games/s (avg 0.2)  1.0M nps  ETA 04:01:04
[2026-03-29T05:31:43.352] [INFO] [selfplay:0] [SelfPlay] 279/2500 (11%)  pos=20187  W/D/B=133/20/126  (47%/7%/45%)  d4~d7  2.6 games/s (avg 0.2)  1.0M nps  ETA 03:59:56
[2026-03-29T05:32:04.112] [INFO] [selfplay:0] [SelfPlay] 280/2500 (11%)  pos=20222  W/D/B=133/20/127  (47%/7%/45%)  d4~d7  2.4 games/s (avg 0.2)  1.0M nps  ETA 04:00:07
[2026-03-29T05:32:20.371] [INFO] [selfplay:0] [SelfPlay] 281/2500 (11%)  pos=20279  W/D/B=133/20/128  (47%/7%/45%)  d4~d7  2.2 games/s (avg 0.2)  1.0M nps  ETA 04:01:58
[2026-03-29T05:32:22.213] [INFO] [selfplay:0] [SelfPlay] 282/2500 (11%)  pos=20287  W/D/B=134/20/128  (47%/7%/45%)  d4~d7  2.0 games/s (avg 0.2)  1.0M nps  ETA 04:03:22
[2026-03-29T05:32:24.180] [INFO] [selfplay:0] [SelfPlay] 283/2500 (11%)  pos=20339  W/D/B=134/20/129  (47%/7%/45%)  d4~d7  1.8 games/s (avg 0.2)  1.0M nps  ETA 04:02:38
[2026-03-29T05:32:36.470] [INFO] [selfplay:0] [SelfPlay] 284/2500 (11%)  pos=20453  W/D/B=135/20/129  (47%/7%/45%)  d4~d7  1.6 games/s (avg 0.2)  1.0M nps  ETA 04:01:46
[2026-03-29T05:32:48.173] [INFO] [selfplay:0] [SelfPlay] 285/2500 (11%)  pos=20689  W/D/B=135/21/129  (47%/7%/45%)  d4~d7  1.5 games/s (avg 0.2)  1.0M nps  ETA 04:02:24
[2026-03-29T05:32:48.571] [INFO] [selfplay:0] [SelfPlay] 286/2500 (11%)  pos=20790  W/D/B=136/21/129  (47%/7%/45%)  d4~d7  1.4 games/s (avg 0.2)  1.0M nps  ETA 04:03:08
[2026-03-29T05:32:55.426] [INFO] [selfplay:0] [SelfPlay] 287/2500 (11%)  pos=20862  W/D/B=137/21/129  (47%/7%/44%)  d4~d7  1.5 games/s (avg 0.2)  1.1M nps  ETA 04:02:09
[2026-03-29T05:32:57.430] [INFO] [selfplay:0] [SelfPlay] 288/2500 (11%)  pos=20967  W/D/B=137/21/130  (47%/7%/45%)  d4~d7  1.4 games/s (avg 0.2)  1.1M nps  ETA 04:02:08
[2026-03-29T05:33:15.581] [INFO] [selfplay:0] [SelfPlay] 289/2500 (11%)  pos=21013  W/D/B=138/21/130  (47%/7%/44%)  d4~d7  1.3 games/s (avg 0.2)  1.1M nps  ETA 04:01:10
[2026-03-29T05:33:18.969] [INFO] [selfplay:0] [SelfPlay] 290/2500 (11%)  pos=21061  W/D/B=139/21/130  (47%/7%/44%)  d4~d7  1.2 games/s (avg 0.2)  1.1M nps  ETA 04:02:48
[2026-03-29T05:33:20.658] [INFO] [selfplay:0] [SelfPlay] 291/2500 (11%)  pos=21102  W/D/B=139/21/131  (47%/7%/45%)  d4~d7  1.1 games/s (avg 0.2)  1.1M nps  ETA 04:02:18
[2026-03-29T05:33:33.439] [INFO] [selfplay:0] [SelfPlay] 292/2500 (11%)  pos=21117  W/D/B=139/21/132  (47%/7%/45%)  d4~d7  1.0 games/s (avg 0.2)  1.1M nps  ETA 04:01:24
[2026-03-29T05:33:39.343] [INFO] [selfplay:0] [SelfPlay] 293/2500 (11%)  pos=21266  W/D/B=140/21/132  (47%/7%/45%)  d4~d7  0.9 games/s (avg 0.2)  1.1M nps  ETA 04:02:10
[2026-03-29T05:33:41.015] [INFO] [selfplay:0] [SelfPlay] 294/2500 (11%)  pos=21402  W/D/B=141/21/132  (47%/7%/44%)  d4~d7  0.8 games/s (avg 0.2)  1.1M nps  ETA 04:02:03
[2026-03-29T05:33:41.111] [INFO] [selfplay:0] [SelfPlay] 295/2500 (11%)  pos=21456  W/D/B=141/21/133  (47%/7%/45%)  d4~d7  0.8 games/s (avg 0.2)  1.1M nps  ETA 04:01:21
[2026-03-29T05:33:42.402] [INFO] [selfplay:0] [SelfPlay] 296/2500 (11%)  pos=21574  W/D/B=141/21/134  (47%/7%/45%)  d4~d7  2.2 games/s (avg 0.2)  1.1M nps  ETA 04:00:26
[2026-03-29T05:33:48.481] [INFO] [selfplay:0] [SelfPlay] 297/2500 (11%)  pos=21616  W/D/B=141/21/135  (47%/7%/45%)  d4~d7  2.0 games/s (avg 0.2)  1.1M nps  ETA 03:59:35
[2026-03-29T05:33:49.429] [INFO] [selfplay:0] [SelfPlay] 298/2500 (11%)  pos=21646  W/D/B=142/21/135  (47%/7%/45%)  d4~d7  1.8 games/s (avg 0.2)  1.1M nps  ETA 03:59:30
[2026-03-29T05:34:13.777] [INFO] [selfplay:0] [SelfPlay] 299/2500 (11%)  pos=21725  W/D/B=142/21/136  (47%/7%/45%)  d4~d7  1.7 games/s (avg 0.2)  1.1M nps  ETA 03:58:19
[2026-03-29T05:34:20.101] [INFO] [selfplay:0] [SelfPlay] 300/2500 (12%)  pos=21771  W/D/B=143/21/136  (47%/7%/45%)  d4~d7  1.6 games/s (avg 0.2)  1.1M nps  ETA 04:00:42
[2026-03-29T05:34:22.284] [INFO] [selfplay:0] [SelfPlay] 301/2500 (12%)  pos=21783  W/D/B=143/21/137  (47%/6%/45%)  d4~d7  1.5 games/s (avg 0.2)  1.1M nps  ETA 04:00:38
[2026-03-29T05:34:27.857] [INFO] [selfplay:0] [SelfPlay] 302/2500 (12%)  pos=21848  W/D/B=143/21/138  (47%/6%/45%)  d4~d7  1.3 games/s (avg 0.2)  1.1M nps  ETA 03:59:55
[2026-03-29T05:34:30.531] [INFO] [selfplay:0] [SelfPlay] 303/2500 (12%)  pos=22025  W/D/B=143/22/138  (47%/7%/45%)  d4~d7  1.2 games/s (avg 0.2)  1.1M nps  ETA 03:59:45
[2026-03-29T05:34:33.470] [INFO] [selfplay:0] [SelfPlay] 304/2500 (12%)  pos=22070  W/D/B=144/22/138  (47%/7%/45%)  d4~d7  1.0 games/s (avg 0.2)  1.1M nps  ETA 03:59:10
[2026-03-29T05:34:36.291] [INFO] [selfplay:0] [SelfPlay] 305/2500 (12%)  pos=22092  W/D/B=144/22/139  (47%/7%/45%)  d4~d7  0.9 games/s (avg 0.2)  1.1M nps  ETA 03:58:38
[2026-03-29T05:34:38.110] [INFO] [selfplay:0] [SelfPlay] 306/2500 (12%)  pos=22150  W/D/B=145/22/139  (47%/7%/45%)  d4~d7  0.8 games/s (avg 0.2)  1.1M nps  ETA 03:58:05
[2026-03-29T05:34:55.940] [INFO] [selfplay:0] [SelfPlay] 307/2500 (12%)  pos=22155  W/D/B=146/22/139  (47%/7%/45%)  d4~d7  0.8 games/s (avg 0.2)  1.1M nps  ETA 03:57:09
[2026-03-29T05:35:04.987] [INFO] [selfplay:0] [SelfPlay] 308/2500 (12%)  pos=22210  W/D/B=147/22/139  (47%/7%/45%)  d4~d7  0.7 games/s (avg 0.2)  1.1M nps  ETA 03:58:33
[2026-03-29T05:35:09.535] [INFO] [selfplay:0] [SelfPlay] 309/2500 (12%)  pos=22238  W/D/B=147/22/140  (47%/7%/45%)  d4~d7  0.6 games/s (avg 0.2)  1.1M nps  ETA 03:58:49
[2026-03-29T05:35:09.793] [INFO] [selfplay:0] [SelfPlay] 310/2500 (12%)  pos=22299  W/D/B=148/22/140  (47%/7%/45%)  d4~d7  0.6 games/s (avg 0.2)  1.1M nps  ETA 03:58:31
[2026-03-29T05:35:29.009] [INFO] [selfplay:0] [SelfPlay] 311/2500 (12%)  pos=22365  W/D/B=148/22/141  (47%/7%/45%)  d4~d7  1.1 games/s (avg 0.2)  1.1M nps  ETA 03:57:22
[2026-03-29T05:35:30.228] [INFO] [selfplay:0] [SelfPlay] 312/2500 (12%)  pos=22453  W/D/B=148/22/142  (47%/7%/45%)  d4~d7  1.0 games/s (avg 0.2)  1.1M nps  ETA 03:59:03
[2026-03-29T05:35:31.468] [INFO] [selfplay:0] [SelfPlay] 313/2500 (12%)  pos=22608  W/D/B=148/23/142  (47%/7%/45%)  d4~d7  1.0 games/s (avg 0.2)  1.1M nps  ETA 03:58:19
[2026-03-29T05:35:37.174] [INFO] [selfplay:0] [SelfPlay] 314/2500 (12%)  pos=22711  W/D/B=148/23/143  (47%/7%/45%)  d4~d7  0.9 games/s (avg 0.2)  1.1M nps  ETA 03:57:31
[2026-03-29T05:35:41.426] [INFO] [selfplay:0] [SelfPlay] 315/2500 (12%)  pos=22745  W/D/B=149/23/143  (47%/7%/45%)  d4~d7  0.8 games/s (avg 0.2)  1.1M nps  ETA 03:57:21
[2026-03-29T05:36:12.878] [INFO] [selfplay:0] [SelfPlay] 316/2500 (12%)  pos=22811  W/D/B=149/24/143  (47%/7%/45%)  d4~d7  0.7 games/s (avg 0.2)  1.1M nps  ETA 03:56:30
[2026-03-29T05:36:13.353] [INFO] [selfplay:0] [SelfPlay] 317/2500 (12%)  pos=22880  W/D/B=149/24/144  (47%/7%/45%)  d4~d7  0.7 games/s (avg 0.2)  1.1M nps  ETA 03:59:48
[2026-03-29T05:36:15.102] [INFO] [selfplay:0] [SelfPlay] 318/2500 (12%)  pos=22967  W/D/B=149/24/145  (46%/7%/45%)  d4~d7  0.9 games/s (avg 0.2)  1.1M nps  ETA 03:58:57
[2026-03-29T05:36:23.103] [INFO] [selfplay:0] [SelfPlay] 319/2500 (12%)  pos=23175  W/D/B=149/25/145  (46%/7%/45%)  d4~d7  0.8 games/s (avg 0.2)  1.1M nps  ETA 03:58:12
[2026-03-29T05:36:25.529] [INFO] [selfplay:0] [SelfPlay] 320/2500 (12%)  pos=23218  W/D/B=149/25/146  (46%/7%/45%)  d4~d7  0.7 games/s (avg 0.2)  1.1M nps  ETA 03:58:21
[2026-03-29T05:36:50.970] [INFO] [selfplay:0] [SelfPlay] 321/2500 (12%)  pos=23323  W/D/B=150/25/146  (46%/7%/45%)  d4~d7  0.7 games/s (avg 0.2)  1.1M nps  ETA 03:57:22
[2026-03-29T05:37:03.531] [INFO] [selfplay:0] [SelfPlay] 322/2500 (12%)  pos=23374  W/D/B=150/25/147  (46%/7%/45%)  d4~d7  0.6 games/s (avg 0.2)  1.1M nps  ETA 03:59:37
[2026-03-29T05:37:04.871] [INFO] [selfplay:0] [SelfPlay] 323/2500 (12%)  pos=23411  W/D/B=151/25/147  (46%/7%/45%)  d4~d7  0.6 games/s (avg 0.2)  1.1M nps  ETA 04:00:21
[2026-03-29T05:37:05.639] [INFO] [selfplay:0] [SelfPlay] 324/2500 (12%)  pos=23507  W/D/B=151/25/148  (46%/7%/45%)  d4~d7  0.6 games/s (avg 0.2)  1.1M nps  ETA 03:59:40
[2026-03-29T05:37:07.016] [INFO] [selfplay:0] [SelfPlay] 325/2500 (13%)  pos=23637  W/D/B=152/25/148  (46%/7%/45%)  d4~d7  0.7 games/s (avg 0.2)  1.1M nps  ETA 03:58:54
[2026-03-29T05:37:09.248] [INFO] [selfplay:0] [SelfPlay] 326/2500 (13%)  pos=23674  W/D/B=153/25/148  (46%/7%/45%)  d4~d7  0.7 games/s (avg 0.2)  1.1M nps  ETA 03:58:12
[2026-03-29T05:37:10.220] [INFO] [selfplay:0] [SelfPlay] 327/2500 (13%)  pos=23795  W/D/B=154/25/148  (47%/7%/45%)  d4~d7  0.7 games/s (avg 0.2)  1.1M nps  ETA 03:57:37
[2026-03-29T05:37:13.816] [INFO] [selfplay:0] [SelfPlay] 328/2500 (13%)  pos=23867  W/D/B=154/26/148  (46%/7%/45%)  d4~d7  0.7 games/s (avg 0.2)  1.1M nps  ETA 03:56:51
[2026-03-29T05:37:13.819] [INFO] [selfplay:0] [SelfPlay] 329/2500 (13%)  pos=23936  W/D/B=154/26/149  (46%/7%/45%)  d4~d7  0.6 games/s (avg 0.2)  1.1M nps  ETA 03:56:29
[2026-03-29T05:37:15.536] [INFO] [selfplay:0] [SelfPlay] 330/2500 (13%)  pos=23937  W/D/B=154/26/150  (46%/7%/45%)  d4~d7  70.7 games/s (avg 0.2)  1.1M nps  ETA 03:55:38
[2026-03-29T05:37:34.422] [INFO] [selfplay:0] [SelfPlay] 331/2500 (13%)  pos=23938  W/D/B=155/26/150  (46%/7%/45%)  d4~d7  65.4 games/s (avg 0.2)  1.1M nps  ETA 03:54:42
[2026-03-29T05:37:34.432] [INFO] [selfplay:0] [SelfPlay] 332/2500 (13%)  pos=24012  W/D/B=155/26/151  (46%/7%/45%)  d4~d7  60.5 games/s (avg 0.2)  1.1M nps  ETA 03:56:16
[2026-03-29T05:37:37.622] [INFO] [selfplay:0] [SelfPlay] 333/2500 (13%)  pos=24107  W/D/B=155/26/152  (46%/7%/45%)  d4~d7  66.3 games/s (avg 0.2)  1.1M nps  ETA 03:55:23
[2026-03-29T05:37:38.474] [INFO] [selfplay:0] [SelfPlay] 334/2500 (13%)  pos=24193  W/D/B=155/26/153  (46%/7%/45%)  d4~d7  61.3 games/s (avg 0.2)  1.1M nps  ETA 03:54:59
[2026-03-29T05:37:47.527] [INFO] [selfplay:0] [SelfPlay] 335/2500 (13%)  pos=24280  W/D/B=156/26/153  (46%/7%/45%)  d4~d7  56.7 games/s (avg 0.2)  1.1M nps  ETA 03:54:06
[2026-03-29T05:37:57.753] [INFO] [selfplay:0] [SelfPlay] 336/2500 (13%)  pos=24306  W/D/B=157/26/153  (46%/7%/45%)  d4~d7  52.5 games/s (avg 0.2)  1.1M nps  ETA 03:54:14
[2026-03-29T05:38:03.367] [INFO] [selfplay:0] [SelfPlay] 337/2500 (13%)  pos=24431  W/D/B=158/26/153  (46%/7%/45%)  d4~d7  48.5 games/s (avg 0.2)  1.1M nps  ETA 03:54:38
[2026-03-29T05:38:11.239] [INFO] [selfplay:0] [SelfPlay] 338/2500 (13%)  pos=24507  W/D/B=158/26/154  (46%/7%/45%)  d4~d7  44.9 games/s (avg 0.2)  1.1M nps  ETA 03:54:23
[2026-03-29T05:38:14.546] [INFO] [selfplay:0] [SelfPlay] 339/2500 (13%)  pos=24569  W/D/B=158/26/155  (46%/7%/45%)  d4~d7  41.5 games/s (avg 0.2)  1.1M nps  ETA 03:54:29
[2026-03-29T05:38:15.474] [INFO] [selfplay:0] [SelfPlay] 340/2500 (13%)  pos=24636  W/D/B=158/26/156  (46%/7%/45%)  d4~d7  38.4 games/s (avg 0.2)  1.1M nps  ETA 03:54:06
[2026-03-29T05:38:26.077] [INFO] [selfplay:0] [SelfPlay] 341/2500 (13%)  pos=24677  W/D/B=158/26/157  (46%/7%/46%)  d4~d7  35.5 games/s (avg 0.2)  1.1M nps  ETA 03:53:13
[2026-03-29T05:38:36.509] [INFO] [selfplay:0] [SelfPlay] 342/2500 (13%)  pos=24747  W/D/B=159/26/157  (46%/7%/45%)  d4~d7  32.9 games/s (avg 0.2)  1.2M nps  ETA 03:53:34
[2026-03-29T05:38:48.997] [INFO] [selfplay:0] [SelfPlay] 343/2500 (13%)  pos=24842  W/D/B=159/26/158  (46%/7%/46%)  d4~d7  30.4 games/s (avg 0.2)  1.2M nps  ETA 03:53:49
[2026-03-29T05:38:52.347] [INFO] [selfplay:0] [SelfPlay] 344/2500 (13%)  pos=25041  W/D/B=159/27/158  (46%/7%/45%)  d4~d7  28.1 games/s (avg 0.2)  1.2M nps  ETA 03:54:30
[2026-03-29T05:38:58.170] [INFO] [selfplay:0] [SelfPlay] 345/2500 (13%)  pos=25075  W/D/B=160/27/158  (46%/7%/45%)  d4~d7  26.0 games/s (avg 0.2)  1.2M nps  ETA 03:54:00
[2026-03-29T05:39:00.523] [INFO] [selfplay:0] [SelfPlay] 346/2500 (13%)  pos=25177  W/D/B=161/27/158  (46%/7%/45%)  d4~d7  24.1 games/s (avg 0.2)  1.2M nps  ETA 03:53:54
[2026-03-29T05:39:19.567] [INFO] [selfplay:0] [SelfPlay] 347/2500 (13%)  pos=25263  W/D/B=161/27/159  (46%/7%/45%)  d4~d7  22.2 games/s (avg 0.2)  1.2M nps  ETA 03:53:03
[2026-03-29T05:39:24.895] [INFO] [selfplay:0] [SelfPlay] 348/2500 (13%)  pos=25303  W/D/B=161/27/160  (46%/7%/45%)  d4~d7  20.6 games/s (avg 0.2)  1.2M nps  ETA 03:54:29
[2026-03-29T05:39:26.361] [INFO] [selfplay:0] [SelfPlay] 349/2500 (13%)  pos=25318  W/D/B=162/27/160  (46%/7%/45%)  d4~d7  19.0 games/s (avg 0.2)  1.2M nps  ETA 03:54:19
[2026-03-29T05:39:27.292] [INFO] [selfplay:0] [SelfPlay] 350/2500 (14%)  pos=25384  W/D/B=162/27/161  (46%/7%/46%)  d4~d7  17.6 games/s (avg 0.2)  1.2M nps  ETA 03:53:42
[2026-03-29T05:39:27.295] [INFO] [selfplay:0] [SelfPlay] 351/2500 (14%)  pos=25446  W/D/B=162/27/162  (46%/7%/46%)  d4~d7  16.3 games/s (avg 0.2)  1.2M nps  ETA 03:53:02
[2026-03-29T05:39:56.717] [INFO] [selfplay:0] [SelfPlay] 352/2500 (14%)  pos=25520  W/D/B=162/27/163  (46%/7%/46%)  d4~d7  56.6 games/s (avg 0.2)  1.2M nps  ETA 03:51:46
[2026-03-29T05:39:57.147] [INFO] [selfplay:0] [SelfPlay] 353/2500 (14%)  pos=25596  W/D/B=163/27/163  (46%/7%/46%)  d4~d7  52.4 games/s (avg 0.2)  1.2M nps  ETA 03:54:29
[2026-03-29T05:40:02.352] [INFO] [selfplay:0] [SelfPlay] 354/2500 (14%)  pos=25726  W/D/B=164/27/163  (46%/7%/46%)  d4~d7  48.5 games/s (avg 0.2)  1.2M nps  ETA 03:53:40
[2026-03-29T05:40:08.260] [INFO] [selfplay:0] [SelfPlay] 355/2500 (14%)  pos=25867  W/D/B=165/27/163  (46%/7%/45%)  d4~d7  44.8 games/s (avg 0.2)  1.2M nps  ETA 03:53:24
[2026-03-29T05:40:18.136] [INFO] [selfplay:0] [SelfPlay] 356/2500 (14%)  pos=25934  W/D/B=165/27/164  (46%/7%/46%)  d4~d7  41.5 games/s (avg 0.2)  1.2M nps  ETA 03:53:10
[2026-03-29T05:40:18.276] [INFO] [selfplay:0] [SelfPlay] 357/2500 (14%)  pos=25956  W/D/B=166/27/164  (46%/7%/45%)  d4~d7  38.4 games/s (avg 0.2)  1.2M nps  ETA 03:53:34
[2026-03-29T05:40:18.682] [INFO] [selfplay:0] [SelfPlay] 358/2500 (14%)  pos=26066  W/D/B=167/27/164  (46%/7%/45%)  d4~d7  33.7 games/s (avg 0.2)  1.2M nps  ETA 03:52:48
[2026-03-29T05:40:27.679] [INFO] [selfplay:0] [SelfPlay] 359/2500 (14%)  pos=26240  W/D/B=167/28/164  (46%/7%/45%)  d4~d7  31.1 games/s (avg 0.2)  1.2M nps  ETA 03:51:57
[2026-03-29T05:40:35.935] [INFO] [selfplay:0] [SelfPlay] 360/2500 (14%)  pos=26270  W/D/B=167/28/165  (46%/7%/45%)  d4~d7  28.8 games/s (avg 0.2)  1.2M nps  ETA 03:52:06
[2026-03-29T05:40:44.187] [INFO] [selfplay:0] [SelfPlay] 361/2500 (14%)  pos=26367  W/D/B=167/28/166  (46%/7%/45%)  d4~d7  26.7 games/s (avg 0.2)  1.2M nps  ETA 03:52:10
[2026-03-29T05:40:44.253] [INFO] [selfplay:0] [SelfPlay] 362/2500 (14%)  pos=26415  W/D/B=168/28/166  (46%/7%/45%)  d4~d7  24.7 games/s (avg 0.2)  1.2M nps  ETA 03:52:22
[2026-03-29T05:40:49.300] [INFO] [selfplay:0] [SelfPlay] 363/2500 (14%)  pos=26507  W/D/B=168/28/167  (46%/7%/46%)  d4~d7  23.2 games/s (avg 0.2)  1.2M nps  ETA 03:51:32
[2026-03-29T05:40:50.853] [INFO] [selfplay:0] [SelfPlay] 364/2500 (14%)  pos=26550  W/D/B=168/29/167  (46%/7%/45%)  d4~d7  21.5 games/s (avg 0.2)  1.2M nps  ETA 03:51:20
[2026-03-29T05:40:52.527] [INFO] [selfplay:0] [SelfPlay] 365/2500 (14%)  pos=26617  W/D/B=168/29/168  (46%/7%/46%)  d4~d7  19.9 games/s (avg 0.2)  1.2M nps  ETA 03:50:46
[2026-03-29T05:40:57.167] [INFO] [selfplay:0] [SelfPlay] 366/2500 (14%)  pos=26646  W/D/B=169/29/168  (46%/7%/45%)  d4~d7  18.4 games/s (avg 0.2)  1.2M nps  ETA 03:50:07
[2026-03-29T05:41:04.952] [INFO] [selfplay:0] [SelfPlay] 367/2500 (14%)  pos=26816  W/D/B=170/29/168  (46%/7%/45%)  d4~d7  17.0 games/s (avg 0.2)  1.2M nps  ETA 03:49:47
[2026-03-29T05:41:09.329] [INFO] [selfplay:0] [SelfPlay] 368/2500 (14%)  pos=26860  W/D/B=171/29/168  (46%/7%/45%)  d4~d7  15.7 games/s (avg 0.2)  1.2M nps  ETA 03:49:52
[2026-03-29T05:41:15.888] [INFO] [selfplay:0] [SelfPlay] 369/2500 (14%)  pos=26946  W/D/B=172/29/168  (46%/7%/45%)  d4~d7  14.6 games/s (avg 0.2)  1.2M nps  ETA 03:49:31
[2026-03-29T05:41:16.888] [INFO] [selfplay:0] [SelfPlay] 370/2500 (14%)  pos=26971  W/D/B=172/29/169  (46%/7%/45%)  d4~d7  13.5 games/s (avg 0.2)  1.2M nps  ETA 03:49:31
[2026-03-29T05:41:17.749] [INFO] [selfplay:0] [SelfPlay] 371/2500 (14%)  pos=27103  W/D/B=172/30/169  (46%/8%/45%)  d4~d7  12.5 games/s (avg 0.2)  1.2M nps  ETA 03:48:53
[2026-03-29T05:41:27.264] [INFO] [selfplay:0] [SelfPlay] 372/2500 (14%)  pos=27339  W/D/B=172/31/169  (46%/8%/45%)  d4~d7  11.5 games/s (avg 0.2)  1.2M nps  ETA 03:48:06
[2026-03-29T05:41:41.482] [INFO] [selfplay:0] [SelfPlay] 373/2500 (14%)  pos=27394  W/D/B=172/31/170  (46%/8%/45%)  d4~d7  10.7 games/s (avg 0.2)  1.2M nps  ETA 03:48:13
[2026-03-29T05:42:05.137] [INFO] [selfplay:0] [SelfPlay] 374/2500 (14%)  pos=27407  W/D/B=172/31/171  (45%/8%/45%)  d4~d7  9.9 games/s (avg 0.2)  1.2M nps  ETA 03:48:40
[2026-03-29T05:42:09.052] [INFO] [selfplay:0] [SelfPlay] 375/2500 (15%)  pos=27446  W/D/B=172/31/172  (45%/8%/45%)  d4~d7  9.1 games/s (avg 0.2)  1.3M nps  ETA 03:50:31
[2026-03-29T05:42:12.988] [INFO] [selfplay:0] [SelfPlay] 376/2500 (15%)  pos=27535  W/D/B=172/31/173  (45%/8%/46%)  d4~d7  8.4 games/s (avg 0.2)  1.3M nps  ETA 03:50:10
[2026-03-29T05:42:18.311] [INFO] [selfplay:0] [SelfPlay] 377/2500 (15%)  pos=27575  W/D/B=172/31/174  (45%/8%/46%)  d4~d7  7.8 games/s (avg 0.2)  1.3M nps  ETA 03:49:48
[2026-03-29T05:42:26.370] [INFO] [selfplay:0] [SelfPlay] 378/2500 (15%)  pos=27748  W/D/B=172/31/175  (45%/8%/46%)  d4~d7  7.2 games/s (avg 0.2)  1.3M nps  ETA 03:49:32
[2026-03-29T05:42:36.487] [INFO] [selfplay:0] [SelfPlay] 379/2500 (15%)  pos=27836  W/D/B=173/31/175  (45%/8%/46%)  d4~d7  6.7 games/s (avg 0.2)  1.3M nps  ETA 03:49:32
[2026-03-29T05:42:37.650] [INFO] [selfplay:0] [SelfPlay] 380/2500 (15%)  pos=27862  W/D/B=173/32/175  (45%/8%/46%)  d4~d7  6.2 games/s (avg 0.2)  1.3M nps  ETA 03:49:54
[2026-03-29T05:42:39.585] [INFO] [selfplay:0] [SelfPlay] 381/2500 (15%)  pos=27930  W/D/B=174/32/175  (45%/8%/45%)  d4~d7  5.4 games/s (avg 0.2)  1.3M nps  ETA 03:49:18
[2026-03-29T05:42:39.589] [INFO] [selfplay:0] [SelfPlay] 382/2500 (15%)  pos=27997  W/D/B=174/32/176  (45%/8%/46%)  d4~d7  5.0 games/s (avg 0.2)  1.3M nps  ETA 03:48:48
[2026-03-29T05:42:42.476] [INFO] [selfplay:0] [SelfPlay] 383/2500 (15%)  pos=28099  W/D/B=175/32/176  (45%/8%/45%)  d4~d7  37.5 games/s (avg 0.2)  1.3M nps  ETA 03:48:04
[2026-03-29T05:42:45.910] [INFO] [selfplay:0] [SelfPlay] 384/2500 (15%)  pos=28181  W/D/B=175/32/177  (45%/8%/46%)  d4~d7  34.7 games/s (avg 0.2)  1.3M nps  ETA 03:47:36
[2026-03-29T05:42:46.160] [INFO] [selfplay:0] [SelfPlay] 385/2500 (15%)  pos=28284  W/D/B=176/32/177  (45%/8%/45%)  d4~d7  32.1 games/s (avg 0.2)  1.3M nps  ETA 03:47:16
[2026-03-29T05:42:55.012] [INFO] [selfplay:0] [SelfPlay] 386/2500 (15%)  pos=28338  W/D/B=176/32/178  (45%/8%/46%)  d4~d7  27.8 games/s (avg 0.2)  1.3M nps  ETA 03:46:27
[2026-03-29T05:42:58.610] [INFO] [selfplay:0] [SelfPlay] 387/2500 (15%)  pos=28446  W/D/B=177/32/178  (45%/8%/45%)  d4~d7  25.8 games/s (avg 0.2)  1.3M nps  ETA 03:46:39
[2026-03-29T05:43:04.274] [INFO] [selfplay:0] [SelfPlay] 388/2500 (15%)  pos=28506  W/D/B=177/32/179  (45%/8%/46%)  d4~d7  23.8 games/s (avg 0.2)  1.3M nps  ETA 03:46:16
[2026-03-29T05:43:28.163] [INFO] [selfplay:0] [SelfPlay] 389/2500 (15%)  pos=28560  W/D/B=178/32/179  (45%/8%/46%)  d4~d7  22.0 games/s (avg 0.2)  1.3M nps  ETA 03:45:46
[2026-03-29T05:43:34.228] [INFO] [selfplay:0] [SelfPlay] 390/2500 (15%)  pos=28635  W/D/B=179/32/179  (45%/8%/45%)  d4~d7  20.4 games/s (avg 0.2)  1.3M nps  ETA 03:47:32
[2026-03-29T05:43:43.271] [INFO] [selfplay:0] [SelfPlay] 391/2500 (15%)  pos=28796  W/D/B=179/33/179  (45%/8%/45%)  d4~d7  18.9 games/s (avg 0.2)  1.3M nps  ETA 03:47:21
[2026-03-29T05:43:58.606] [INFO] [selfplay:0] [SelfPlay] 392/2500 (15%)  pos=28830  W/D/B=179/33/180  (45%/8%/45%)  d4~d7  17.4 games/s (avg 0.2)  1.3M nps  ETA 03:47:21
[2026-03-29T05:43:58.759] [INFO] [selfplay:0] [SelfPlay] 393/2500 (15%)  pos=28963  W/D/B=179/33/181  (45%/8%/46%)  d4~d7  16.1 games/s (avg 0.2)  1.3M nps  ETA 03:48:18
[2026-03-29T05:44:01.571] [INFO] [selfplay:0] [SelfPlay] 394/2500 (15%)  pos=29022  W/D/B=179/33/182  (45%/8%/46%)  d4~d7  14.7 games/s (avg 0.2)  1.3M nps  ETA 03:47:35
[2026-03-29T05:44:07.533] [INFO] [selfplay:0] [SelfPlay] 395/2500 (15%)  pos=29083  W/D/B=180/33/182  (45%/8%/46%)  d4~d7  13.6 games/s (avg 0.2)  1.3M nps  ETA 03:47:07
[2026-03-29T05:44:17.495] [INFO] [selfplay:0] [SelfPlay] 396/2500 (15%)  pos=29123  W/D/B=181/33/182  (45%/8%/45%)  d4~d7  12.6 games/s (avg 0.2)  1.3M nps  ETA 03:46:52
[2026-03-29T05:44:21.718] [INFO] [selfplay:0] [SelfPlay] 397/2500 (15%)  pos=29258  W/D/B=181/33/183  (45%/8%/46%)  d4~d7  11.6 games/s (avg 0.2)  1.3M nps  ETA 03:47:09
[2026-03-29T05:44:26.354] [INFO] [selfplay:0] [SelfPlay] 398/2500 (15%)  pos=29319  W/D/B=181/33/184  (45%/8%/46%)  d4~d7  10.8 games/s (avg 0.2)  1.3M nps  ETA 03:46:52
[2026-03-29T05:44:26.565] [INFO] [selfplay:0] [SelfPlay] 399/2500 (15%)  pos=29372  W/D/B=182/33/184  (45%/8%/46%)  d4~d7  10.0 games/s (avg 0.2)  1.3M nps  ETA 03:46:39
[2026-03-29T05:44:35.184] [INFO] [selfplay:0] [SelfPlay] 400/2500 (16%)  pos=29425  W/D/B=182/33/185  (45%/8%/46%)  d4~d7  9.2 games/s (avg 0.2)  1.3M nps  ETA 03:45:52
[2026-03-29T05:44:37.843] [INFO] [selfplay:0] [SelfPlay] 401/2500 (16%)  pos=29463  W/D/B=182/33/186  (45%/8%/46%)  d4~d7  8.5 games/s (avg 0.2)  1.3M nps  ETA 03:46:02
[2026-03-29T05:44:39.932] [INFO] [selfplay:0] [SelfPlay] 402/2500 (16%)  pos=29489  W/D/B=182/33/187  (45%/8%/46%)  d4~d7  7.8 games/s (avg 0.2)  1.3M nps  ETA 03:45:37
[2026-03-29T05:44:47.705] [INFO] [selfplay:0] [SelfPlay] 403/2500 (16%)  pos=29512  W/D/B=183/33/187  (45%/8%/46%)  d4~d7  7.3 games/s (avg 0.2)  1.3M nps  ETA 03:45:02
[2026-03-29T05:44:58.232] [INFO] [selfplay:0] [SelfPlay] 404/2500 (16%)  pos=29590  W/D/B=184/33/187  (45%/8%/46%)  d4~d7  6.7 games/s (avg 0.2)  1.3M nps  ETA 03:45:00
[2026-03-29T05:45:04.637] [INFO] [selfplay:0] [SelfPlay] 405/2500 (16%)  pos=29620  W/D/B=184/33/188  (45%/8%/46%)  d4~d7  6.2 games/s (avg 0.2)  1.3M nps  ETA 03:45:18
[2026-03-29T05:45:08.436] [INFO] [selfplay:0] [SelfPlay] 406/2500 (16%)  pos=29732  W/D/B=184/34/188  (45%/8%/46%)  d4~d7  5.7 games/s (avg 0.2)  1.4M nps  ETA 03:45:15
[2026-03-29T05:45:17.212] [INFO] [selfplay:0] [SelfPlay] 407/2500 (16%)  pos=29836  W/D/B=184/35/188  (45%/8%/46%)  d4~d7  5.3 games/s (avg 0.2)  1.4M nps  ETA 03:44:49
[2026-03-29T05:45:43.884] [INFO] [selfplay:0] [SelfPlay] 408/2500 (16%)  pos=29890  W/D/B=184/35/189  (45%/8%/46%)  d4~d7  4.9 games/s (avg 0.2)  1.4M nps  ETA 03:44:37
[2026-03-29T05:45:47.357] [INFO] [selfplay:0] [SelfPlay] 409/2500 (16%)  pos=29983  W/D/B=184/35/190  (44%/8%/46%)  d4~d7  4.5 games/s (avg 0.2)  1.4M nps  ETA 03:46:37
[2026-03-29T05:45:57.464] [INFO] [selfplay:0] [SelfPlay] 410/2500 (16%)  pos=30045  W/D/B=185/35/190  (45%/8%/46%)  d4~d7  4.2 games/s (avg 0.2)  1.4M nps  ETA 03:46:09
[2026-03-29T05:46:05.720] [INFO] [selfplay:0] [SelfPlay] 411/2500 (16%)  pos=30132  W/D/B=186/35/190  (45%/8%/46%)  d4~d7  3.9 games/s (avg 0.2)  1.4M nps  ETA 03:46:21
[2026-03-29T05:46:08.591] [INFO] [selfplay:0] [SelfPlay] 412/2500 (16%)  pos=30237  W/D/B=187/35/190  (45%/8%/46%)  d4~d7  3.6 games/s (avg 0.2)  1.4M nps  ETA 03:46:30
[2026-03-29T05:46:09.816] [INFO] [selfplay:0] [SelfPlay] 413/2500 (16%)  pos=30307  W/D/B=188/35/190  (45%/8%/46%)  d4~d7  3.3 games/s (avg 0.2)  1.4M nps  ETA 03:46:07
[2026-03-29T05:46:13.385] [INFO] [selfplay:0] [SelfPlay] 414/2500 (16%)  pos=30360  W/D/B=189/35/190  (45%/8%/45%)  d4~d7  3.0 games/s (avg 0.2)  1.4M nps  ETA 03:45:32
[2026-03-29T05:46:14.661] [INFO] [selfplay:0] [SelfPlay] 415/2500 (16%)  pos=30421  W/D/B=190/35/190  (45%/8%/45%)  d4~d7  2.7 games/s (avg 0.2)  1.4M nps  ETA 03:45:12
[2026-03-29T05:46:15.412] [INFO] [selfplay:0] [SelfPlay] 416/2500 (16%)  pos=30563  W/D/B=191/35/190  (45%/8%/45%)  d4~d7  2.4 games/s (avg 0.2)  1.4M nps  ETA 03:44:41
[2026-03-29T05:46:19.252] [INFO] [selfplay:0] [SelfPlay] 417/2500 (16%)  pos=30654  W/D/B=191/35/191  (45%/8%/45%)  d4~d7  2.3 games/s (avg 0.2)  1.4M nps  ETA 03:44:02
[2026-03-29T05:46:32.460] [INFO] [selfplay:0] [SelfPlay] 418/2500 (16%)  pos=30722  W/D/B=192/35/191  (45%/8%/45%)  d4~d7  2.0 games/s (avg 0.2)  1.4M nps  ETA 03:43:33
[2026-03-29T05:46:39.833] [INFO] [selfplay:0] [SelfPlay] 419/2500 (16%)  pos=30766  W/D/B=193/35/191  (46%/8%/45%)  d4~d7  1.8 games/s (avg 0.2)  1.4M nps  ETA 03:44:06
[2026-03-29T05:46:58.634] [INFO] [selfplay:0] [SelfPlay] 420/2500 (16%)  pos=30853  W/D/B=193/35/192  (45%/8%/45%)  d4~d7  1.7 games/s (avg 0.2)  1.4M nps  ETA 03:43:53
[2026-03-29T05:47:05.302] [INFO] [selfplay:0] [SelfPlay] 421/2500 (16%)  pos=30892  W/D/B=194/35/192  (46%/8%/45%)  d4~d7  1.6 games/s (avg 0.2)  1.4M nps  ETA 03:45:00
[2026-03-29T05:47:07.109] [INFO] [selfplay:0] [SelfPlay] 422/2500 (16%)  pos=30988  W/D/B=195/35/192  (46%/8%/45%)  d4~d7  1.4 games/s (avg 0.2)  1.4M nps  ETA 03:44:58
[2026-03-29T05:47:11.397] [INFO] [selfplay:0] [SelfPlay] 423/2500 (16%)  pos=31021  W/D/B=195/35/193  (46%/8%/45%)  d4~d7  1.3 games/s (avg 0.2)  1.4M nps  ETA 03:44:27
[2026-03-29T05:47:22.841] [INFO] [selfplay:0] [SelfPlay] 424/2500 (16%)  pos=31114  W/D/B=196/35/193  (46%/8%/45%)  d4~d7  1.1 games/s (avg 0.2)  1.4M nps  ETA 03:44:02
[2026-03-29T05:47:48.816] [INFO] [selfplay:0] [SelfPlay] 425/2500 (17%)  pos=31202  W/D/B=197/35/193  (46%/8%/45%)  d4~d7  1.1 games/s (avg 0.2)  1.4M nps  ETA 03:44:05
[2026-03-29T05:47:50.565] [INFO] [selfplay:0] [SelfPlay] 426/2500 (17%)  pos=31268  W/D/B=197/35/194  (46%/8%/45%)  d4~d7  1.0 games/s (avg 0.2)  1.4M nps  ETA 03:45:58
[2026-03-29T05:47:51.228] [INFO] [selfplay:0] [SelfPlay] 427/2500 (17%)  pos=31328  W/D/B=198/35/194  (46%/8%/45%)  d4~d7  0.9 games/s (avg 0.2)  1.4M nps  ETA 03:45:30
[2026-03-29T05:47:55.890] [INFO] [selfplay:0] [SelfPlay] 428/2500 (17%)  pos=31373  W/D/B=199/35/194  (46%/8%/45%)  d4~d7  1.0 games/s (avg 0.2)  1.4M nps  ETA 03:44:50
[2026-03-29T05:47:57.102] [INFO] [selfplay:0] [SelfPlay] 429/2500 (17%)  pos=31434  W/D/B=199/35/195  (46%/8%/45%)  d4~d7  0.9 games/s (avg 0.2)  1.4M nps  ETA 03:44:39
[2026-03-29T05:48:05.668] [INFO] [selfplay:0] [SelfPlay] 430/2500 (17%)  pos=31456  W/D/B=199/35/196  (46%/8%/45%)  d4~d7  0.9 games/s (avg 0.2)  1.4M nps  ETA 03:43:59
[2026-03-29T05:48:09.475] [INFO] [selfplay:0] [SelfPlay] 431/2500 (17%)  pos=31622  W/D/B=199/35/197  (46%/8%/45%)  d4~d7  0.8 games/s (avg 0.2)  1.4M nps  ETA 03:44:08
[2026-03-29T05:48:10.183] [INFO] [selfplay:0] [SelfPlay] 432/2500 (17%)  pos=31756  W/D/B=200/35/197  (46%/8%/45%)  d4~d7  0.7 games/s (avg 0.2)  1.4M nps  ETA 03:43:51
[2026-03-29T05:48:19.281] [INFO] [selfplay:0] [SelfPlay] 433/2500 (17%)  pos=31814  W/D/B=201/35/197  (46%/8%/45%)  d4~d7  0.8 games/s (avg 0.2)  1.4M nps  ETA 03:43:09
[2026-03-29T05:48:20.727] [INFO] [selfplay:0] [SelfPlay] 434/2500 (17%)  pos=31815  W/D/B=201/35/198  (46%/8%/45%)  d4~d7  0.7 games/s (avg 0.2)  1.4M nps  ETA 03:43:21
[2026-03-29T05:48:48.626] [INFO] [selfplay:0] [SelfPlay] 435/2500 (17%)  pos=31929  W/D/B=201/36/198  (46%/8%/45%)  d4~d7  0.7 games/s (avg 0.2)  1.4M nps  ETA 03:42:25
[2026-03-29T05:48:50.601] [INFO] [selfplay:0] [SelfPlay] 436/2500 (17%)  pos=31998  W/D/B=202/36/198  (46%/8%/45%)  d4~d7  0.6 games/s (avg 0.2)  1.4M nps  ETA 03:44:26
[2026-03-29T05:49:09.535] [INFO] [selfplay:0] [SelfPlay] 437/2500 (17%)  pos=32045  W/D/B=202/36/199  (46%/8%/45%)  d4~d7  0.6 games/s (avg 0.2)  1.4M nps  ETA 03:43:42
[2026-03-29T05:49:11.736] [INFO] [selfplay:0] [SelfPlay] 438/2500 (17%)  pos=32128  W/D/B=203/36/199  (46%/8%/45%)  d4~d7  0.6 games/s (avg 0.2)  1.4M nps  ETA 03:44:49
[2026-03-29T05:49:14.443] [INFO] [selfplay:0] [SelfPlay] 439/2500 (17%)  pos=32213  W/D/B=203/36/200  (46%/8%/45%)  d4~d7  0.6 games/s (avg 0.2)  1.4M nps  ETA 03:44:23
[2026-03-29T05:49:21.859] [INFO] [selfplay:0] [SelfPlay] 440/2500 (17%)  pos=32318  W/D/B=203/36/201  (46%/8%/45%)  d4~d7  0.5 games/s (avg 0.2)  1.4M nps  ETA 03:43:53
[2026-03-29T05:49:23.239] [INFO] [selfplay:0] [SelfPlay] 441/2500 (17%)  pos=32363  W/D/B=203/36/202  (46%/8%/45%)  d4~d7  0.5 games/s (avg 0.2)  1.4M nps  ETA 03:43:57
[2026-03-29T05:49:26.267] [INFO] [selfplay:0] [SelfPlay] 442/2500 (17%)  pos=32515  W/D/B=203/36/203  (45%/8%/45%)  d4~d7  0.5 games/s (avg 0.2)  1.4M nps  ETA 03:43:25
[2026-03-29T05:49:38.817] [INFO] [selfplay:0] [SelfPlay] 443/2500 (17%)  pos=32578  W/D/B=204/36/203  (46%/8%/45%)  d4~d7  0.5 games/s (avg 0.2)  1.4M nps  ETA 03:42:52
[2026-03-29T05:49:42.317] [INFO] [selfplay:0] [SelfPlay] 444/2500 (17%)  pos=32674  W/D/B=205/36/203  (46%/8%/45%)  d4~d7  0.4 games/s (avg 0.2)  1.4M nps  ETA 03:43:23
[2026-03-29T05:49:51.003] [INFO] [selfplay:0] [SelfPlay] 445/2500 (17%)  pos=32791  W/D/B=205/37/203  (46%/8%/45%)  d4~d7  0.4 games/s (avg 0.2)  1.4M nps  ETA 03:42:57
[2026-03-29T05:50:02.745] [INFO] [selfplay:0] [SelfPlay] 446/2500 (17%)  pos=32998  W/D/B=205/37/204  (45%/8%/45%)  d4~d7  0.4 games/s (avg 0.2)  1.4M nps  ETA 03:42:58
[2026-03-29T05:50:08.263] [INFO] [selfplay:0] [SelfPlay] 447/2500 (17%)  pos=33077  W/D/B=205/38/204  (45%/8%/45%)  d4~d7  0.3 games/s (avg 0.2)  1.4M nps  ETA 03:43:22
[2026-03-29T05:50:11.159] [INFO] [selfplay:0] [SelfPlay] 448/2500 (17%)  pos=33154  W/D/B=206/38/204  (45%/8%/45%)  d4~d7  0.3 games/s (avg 0.2)  1.4M nps  ETA 03:43:13
[2026-03-29T05:50:14.648] [INFO] [selfplay:0] [SelfPlay] 449/2500 (17%)  pos=33229  W/D/B=206/38/205  (45%/8%/45%)  d4~d7  0.3 games/s (avg 0.2)  1.4M nps  ETA 03:42:49
[2026-03-29T05:50:15.563] [INFO] [selfplay:0] [SelfPlay] 450/2500 (18%)  pos=33288  W/D/B=207/38/205  (46%/8%/45%)  d4~d7  0.3 games/s (avg 0.2)  1.4M nps  ETA 03:42:31
[2026-03-29T05:50:28.275] [INFO] [selfplay:0] [SelfPlay] 451/2500 (18%)  pos=33362  W/D/B=208/38/205  (46%/8%/45%)  d4~d7  0.4 games/s (avg 0.2)  1.4M nps  ETA 03:41:48
[2026-03-29T05:50:28.731] [INFO] [selfplay:0] [SelfPlay] 452/2500 (18%)  pos=33409  W/D/B=209/38/205  (46%/8%/45%)  d4~d7  0.4 games/s (avg 0.2)  1.4M nps  ETA 03:42:21
[2026-03-29T05:50:33.294] [INFO] [selfplay:0] [SelfPlay] 453/2500 (18%)  pos=33508  W/D/B=209/38/206  (46%/8%/45%)  d4~d7  0.6 games/s (avg 0.2)  1.4M nps  ETA 03:41:44
[2026-03-29T05:50:47.584] [INFO] [selfplay:0] [SelfPlay] 454/2500 (18%)  pos=33542  W/D/B=210/38/206  (46%/8%/45%)  d4~d7  0.6 games/s (avg 0.2)  1.4M nps  ETA 03:41:18
[2026-03-29T05:51:21.738] [INFO] [selfplay:0] [SelfPlay] 455/2500 (18%)  pos=33631  W/D/B=211/38/206  (46%/8%/45%)  d4~d7  0.5 games/s (avg 0.2)  1.4M nps  ETA 03:41:27
[2026-03-29T05:51:29.274] [INFO] [selfplay:0] [SelfPlay] 456/2500 (18%)  pos=33793  W/D/B=212/38/206  (46%/8%/45%)  d4~d7  0.5 games/s (avg 0.2)  1.4M nps  ETA 03:43:52
[2026-03-29T05:51:34.566] [INFO] [selfplay:0] [SelfPlay] 457/2500 (18%)  pos=34001  W/D/B=212/39/206  (46%/8%/45%)  d4~d7  0.4 games/s (avg 0.2)  1.4M nps  ETA 03:43:51
[2026-03-29T05:52:01.126] [INFO] [selfplay:0] [SelfPlay] 458/2500 (18%)  pos=34090  W/D/B=212/39/207  (46%/8%/45%)  d4~d7  0.4 games/s (avg 0.2)  1.4M nps  ETA 03:43:18
[2026-03-29T05:52:06.346] [INFO] [selfplay:0] [SelfPlay] 459/2500 (18%)  pos=34150  W/D/B=212/39/208  (46%/8%/45%)  d4~d7  0.4 games/s (avg 0.2)  1.4M nps  ETA 03:45:02
[2026-03-29T05:52:22.182] [INFO] [selfplay:0] [SelfPlay] 460/2500 (18%)  pos=34269  W/D/B=213/39/208  (46%/8%/45%)  d4~d7  0.3 games/s (avg 0.2)  1.4M nps  ETA 03:44:38
[2026-03-29T05:52:24.204] [INFO] [selfplay:0] [SelfPlay] 461/2500 (18%)  pos=34376  W/D/B=213/40/208  (46%/8%/45%)  d4~d7  0.3 games/s (avg 0.2)  1.4M nps  ETA 03:45:26
[2026-03-29T05:52:30.519] [INFO] [selfplay:0] [SelfPlay] 462/2500 (18%)  pos=34428  W/D/B=213/40/209  (46%/8%/45%)  d4~d7  0.3 games/s (avg 0.2)  1.4M nps  ETA 03:44:55
[2026-03-29T05:52:37.445] [INFO] [selfplay:0] [SelfPlay] 463/2500 (18%)  pos=34571  W/D/B=214/40/209  (46%/8%/45%)  d4~d7  0.3 games/s (avg 0.2)  1.4M nps  ETA 03:44:46
[2026-03-29T05:52:40.069] [INFO] [selfplay:0] [SelfPlay] 464/2500 (18%)  pos=34653  W/D/B=215/40/209  (46%/8%/45%)  d4~d7  0.3 games/s (avg 0.2)  1.4M nps  ETA 03:44:45
[2026-03-29T05:52:41.536] [INFO] [selfplay:0] [SelfPlay] 465/2500 (18%)  pos=34713  W/D/B=216/40/209  (46%/8%/44%)  d4~d7  0.3 games/s (avg 0.2)  1.4M nps  ETA 03:44:22
[2026-03-29T05:53:00.211] [INFO] [selfplay:0] [SelfPlay] 466/2500 (18%)  pos=34785  W/D/B=217/40/209  (46%/8%/44%)  d4~d7  0.3 games/s (avg 0.2)  1.4M nps  ETA 03:43:35
[2026-03-29T05:53:00.515] [INFO] [selfplay:0] [SelfPlay] 467/2500 (18%)  pos=34829  W/D/B=217/40/210  (46%/8%/44%)  d4~d7  0.3 games/s (avg 0.2)  1.4M nps  ETA 03:44:40
[2026-03-29T05:53:10.973] [INFO] [selfplay:0] [SelfPlay] 468/2500 (18%)  pos=34984  W/D/B=217/40/211  (46%/8%/45%)  d4~d7  0.8 games/s (avg 0.2)  1.4M nps  ETA 03:43:55
[2026-03-29T05:53:14.992] [INFO] [selfplay:0] [SelfPlay] 469/2500 (18%)  pos=35092  W/D/B=217/40/212  (46%/8%/45%)  d4~d7  0.7 games/s (avg 0.2)  1.4M nps  ETA 03:44:12
[2026-03-29T05:53:23.955] [INFO] [selfplay:0] [SelfPlay] 470/2500 (18%)  pos=35272  W/D/B=217/40/213  (46%/8%/45%)  d4~d7  0.6 games/s (avg 0.2)  1.4M nps  ETA 03:43:49
[2026-03-29T05:53:40.913] [INFO] [selfplay:0] [SelfPlay] 471/2500 (18%)  pos=35412  W/D/B=217/40/214  (46%/8%/45%)  d4~d7  0.5 games/s (avg 0.2)  1.4M nps  ETA 03:43:45
[2026-03-29T05:53:41.555] [INFO] [selfplay:0] [SelfPlay] 472/2500 (18%)  pos=35519  W/D/B=217/41/214  (45%/8%/45%)  d4~d7  0.5 games/s (avg 0.2)  1.3M nps  ETA 03:44:39
[2026-03-29T05:53:44.418] [INFO] [selfplay:0] [SelfPlay] 473/2500 (18%)  pos=35575  W/D/B=217/41/215  (45%/8%/45%)  d4~d7  0.6 games/s (avg 0.2)  1.3M nps  ETA 03:44:05
[2026-03-29T05:53:56.891] [INFO] [selfplay:0] [SelfPlay] 474/2500 (18%)  pos=35580  W/D/B=217/41/216  (45%/8%/45%)  d4~d7  0.6 games/s (avg 0.2)  1.3M nps  ETA 03:43:31
[2026-03-29T05:54:06.491] [INFO] [selfplay:0] [SelfPlay] 475/2500 (19%)  pos=35677  W/D/B=218/41/216  (45%/8%/45%)  d4~d7  0.5 games/s (avg 0.2)  1.3M nps  ETA 03:43:54
[2026-03-29T05:54:09.918] [INFO] [selfplay:0] [SelfPlay] 476/2500 (19%)  pos=35779  W/D/B=218/41/217  (45%/8%/45%)  d4~d7  0.4 games/s (avg 0.2)  1.3M nps  ETA 03:44:05
[2026-03-29T05:54:10.802] [INFO] [selfplay:0] [SelfPlay] 477/2500 (19%)  pos=35832  W/D/B=218/41/218  (45%/8%/45%)  d4~d7  0.4 games/s (avg 0.2)  1.3M nps  ETA 03:43:47
[2026-03-29T05:54:32.045] [INFO] [selfplay:0] [SelfPlay] 478/2500 (19%)  pos=35889  W/D/B=219/41/218  (45%/8%/45%)  d4~d7  0.5 games/s (avg 0.2)  1.3M nps  ETA 03:42:56
[2026-03-29T05:54:50.415] [INFO] [selfplay:0] [SelfPlay] 479/2500 (19%)  pos=35998  W/D/B=220/41/218  (45%/8%/45%)  d4~d7  0.5 games/s (avg 0.2)  1.3M nps  ETA 03:43:54
[2026-03-29T05:55:03.674] [INFO] [selfplay:0] [SelfPlay] 480/2500 (19%)  pos=36182  W/D/B=220/42/218  (45%/8%/45%)  d4~d7  0.4 games/s (avg 0.1)  1.3M nps  ETA 03:44:41
[2026-03-29T05:55:07.871] [INFO] [selfplay:0] [SelfPlay] 481/2500 (19%)  pos=36275  W/D/B=221/42/218  (45%/8%/45%)  d4~d7  0.4 games/s (avg 0.1)  1.3M nps  ETA 03:45:12
[2026-03-29T05:55:16.950] [INFO] [selfplay:0] [SelfPlay] 482/2500 (19%)  pos=36321  W/D/B=221/42/219  (45%/8%/45%)  d4~d7  0.4 games/s (avg 0.1)  1.3M nps  ETA 03:44:50
[2026-03-29T05:55:17.003] [INFO] [selfplay:0] [SelfPlay] 483/2500 (19%)  pos=36476  W/D/B=221/42/220  (45%/8%/45%)  d4~d7  0.3 games/s (avg 0.1)  1.3M nps  ETA 03:45:02
[2026-03-29T05:55:17.483] [INFO] [selfplay:0] [SelfPlay] 484/2500 (19%)  pos=36514  W/D/B=222/42/220  (45%/8%/45%)  d4~d7  3.1 games/s (avg 0.1)  1.3M nps  ETA 03:44:28
[2026-03-29T05:55:23.000] [INFO] [selfplay:0] [SelfPlay] 485/2500 (19%)  pos=36625  W/D/B=222/43/220  (45%/8%/45%)  d4~d7  2.9 games/s (avg 0.1)  1.3M nps  ETA 03:43:49
[2026-03-29T05:55:27.443] [INFO] [selfplay:0] [SelfPlay] 486/2500 (19%)  pos=36630  W/D/B=223/43/220  (45%/8%/45%)  d4~d7  2.7 games/s (avg 0.2)  1.3M nps  ETA 03:43:40
[2026-03-29T05:55:43.344] [INFO] [selfplay:0] [SelfPlay] 487/2500 (19%)  pos=36713  W/D/B=224/43/220  (45%/8%/45%)  d4~d7  2.5 games/s (avg 0.2)  1.3M nps  ETA 03:43:12
[2026-03-29T05:55:48.677] [INFO] [selfplay:0] [SelfPlay] 488/2500 (19%)  pos=36796  W/D/B=225/43/220  (46%/8%/45%)  d4~d7  2.3 games/s (avg 0.1)  1.3M nps  ETA 03:43:54
[2026-03-29T05:56:01.416] [INFO] [selfplay:0] [SelfPlay] 489/2500 (19%)  pos=36849  W/D/B=225/44/220  (46%/8%/44%)  d4~d7  2.1 games/s (avg 0.1)  1.3M nps  ETA 03:43:35
[2026-03-29T05:56:10.595] [INFO] [selfplay:0] [SelfPlay] 490/2500 (19%)  pos=36912  W/D/B=225/44/221  (45%/8%/45%)  d4~d7  2.0 games/s (avg 0.1)  1.3M nps  ETA 03:43:56
[2026-03-29T05:56:37.270] [INFO] [selfplay:0] [SelfPlay] 491/2500 (19%)  pos=36988  W/D/B=225/44/222  (45%/8%/45%)  d4~d7  1.8 games/s (avg 0.1)  1.3M nps  ETA 03:43:43
[2026-03-29T05:57:01.190] [INFO] [selfplay:0] [SelfPlay] 492/2500 (19%)  pos=37116  W/D/B=226/44/222  (45%/8%/45%)  d4~d7  1.7 games/s (avg 0.1)  1.3M nps  ETA 03:45:00
[2026-03-29T05:57:10.391] [INFO] [selfplay:0] [SelfPlay] 493/2500 (19%)  pos=37207  W/D/B=226/44/223  (45%/8%/45%)  d4~d7  1.6 games/s (avg 0.1)  1.4M nps  ETA 03:46:18
[2026-03-29T05:57:16.577] [INFO] [selfplay:0] [SelfPlay] 494/2500 (19%)  pos=37284  W/D/B=227/44/223  (45%/8%/45%)  d4~d7  1.4 games/s (avg 0.1)  1.4M nps  ETA 03:46:23
[2026-03-29T05:57:45.326] [INFO] [selfplay:0] [SelfPlay] 495/2500 (19%)  pos=37375  W/D/B=227/44/224  (45%/8%/45%)  d4~d7  1.3 games/s (avg 0.1)  1.4M nps  ETA 03:45:53
[2026-03-29T05:57:47.453] [INFO] [selfplay:0] [SelfPlay] 496/2500 (19%)  pos=37447  W/D/B=228/44/224  (45%/8%/45%)  d4~d7  1.2 games/s (avg 0.1)  1.4M nps  ETA 03:47:41
[2026-03-29T05:57:47.521] [INFO] [selfplay:0] [SelfPlay] 497/2500 (19%)  pos=37530  W/D/B=229/44/224  (46%/8%/45%)  d4~d7  1.1 games/s (avg 0.1)  1.4M nps  ETA 03:47:17
[2026-03-29T05:57:52.071] [INFO] [selfplay:0] [SelfPlay] 498/2500 (19%)  pos=37568  W/D/B=229/44/225  (45%/8%/45%)  d4~d7  3.1 games/s (avg 0.1)  1.4M nps  ETA 03:46:38
[2026-03-29T05:58:12.541] [INFO] [selfplay:0] [SelfPlay] 499/2500 (19%)  pos=37628  W/D/B=229/44/226  (45%/8%/45%)  d4~d7  2.9 games/s (avg 0.1)  1.4M nps  ETA 03:46:08
[2026-03-29T05:58:15.017] [INFO] [selfplay:0] [SelfPlay] 500/2500 (20%)  pos=37708  W/D/B=230/44/226  (46%/8%/45%)  d4~d7  2.6 games/s (avg 0.1)  1.4M nps  ETA 03:47:14
[2026-03-29T05:58:15.535] [INFO] [selfplay:0] [SelfPlay] 501/2500 (20%)  pos=37770  W/D/B=231/44/226  (46%/8%/45%)  d4~d7  2.3 games/s (avg 0.1)  1.4M nps  ETA 03:46:51
[2026-03-29T05:58:19.770] [INFO] [selfplay:0] [SelfPlay] 502/2500 (20%)  pos=37853  W/D/B=231/44/227  (46%/8%/45%)  d4~d7  2.2 games/s (avg 0.1)  1.4M nps  ETA 03:46:15
[2026-03-29T05:58:33.062] [INFO] [selfplay:0] [SelfPlay] 503/2500 (20%)  pos=38022  W/D/B=231/44/228  (45%/8%/45%)  d4~d7  1.9 games/s (avg 0.1)  1.4M nps  ETA 03:45:50
[2026-03-29T05:58:37.749] [INFO] [selfplay:0] [SelfPlay] 504/2500 (20%)  pos=38107  W/D/B=232/44/228  (46%/8%/45%)  d4~d7  1.8 games/s (avg 0.1)  1.4M nps  ETA 03:46:17
[2026-03-29T05:58:39.553] [INFO] [selfplay:0] [SelfPlay] 505/2500 (20%)  pos=38256  W/D/B=232/44/229  (45%/8%/45%)  d4~d7  1.6 games/s (avg 0.1)  1.4M nps  ETA 03:46:04
[2026-03-29T05:58:42.772] [INFO] [selfplay:0] [SelfPlay] 506/2500 (20%)  pos=38300  W/D/B=232/44/230  (45%/8%/45%)  d4~d7  1.4 games/s (avg 0.1)  1.4M nps  ETA 03:45:37
[2026-03-29T05:58:45.434] [INFO] [selfplay:0] [SelfPlay] 507/2500 (20%)  pos=38392  W/D/B=233/44/230  (45%/8%/45%)  d4~d7  1.2 games/s (avg 0.1)  1.4M nps  ETA 03:45:17
[2026-03-29T05:58:48.521] [INFO] [selfplay:0] [SelfPlay] 508/2500 (20%)  pos=38467  W/D/B=234/44/230  (46%/8%/45%)  d4~d7  1.1 games/s (avg 0.1)  1.4M nps  ETA 03:44:53
[2026-03-29T05:58:56.695] [INFO] [selfplay:0] [SelfPlay] 509/2500 (20%)  pos=38521  W/D/B=235/44/230  (46%/8%/45%)  d4~d7  1.0 games/s (avg 0.1)  1.4M nps  ETA 03:44:26
[2026-03-29T05:58:59.827] [INFO] [selfplay:0] [SelfPlay] 510/2500 (20%)  pos=38559  W/D/B=236/44/230  (46%/8%/45%)  d4~d7  0.9 games/s (avg 0.1)  1.4M nps  ETA 03:44:31
[2026-03-29T05:59:12.284] [INFO] [selfplay:0] [SelfPlay] 511/2500 (20%)  pos=38630  W/D/B=236/44/231  (46%/8%/45%)  d4~d7  0.8 games/s (avg 0.1)  1.4M nps  ETA 03:44:01
[2026-03-29T05:59:36.075] [INFO] [selfplay:0] [SelfPlay] 512/2500 (20%)  pos=38802  W/D/B=236/44/232  (46%/8%/45%)  d4~d7  0.7 games/s (avg 0.1)  1.4M nps  ETA 03:44:04
[2026-03-29T05:59:38.573] [INFO] [selfplay:0] [SelfPlay] 513/2500 (20%)  pos=38861  W/D/B=236/44/233  (46%/8%/45%)  d4~d7  0.6 games/s (avg 0.1)  1.4M nps  ETA 03:45:24
[2026-03-29T06:00:14.401] [INFO] [selfplay:0] [SelfPlay] 514/2500 (20%)  pos=38911  W/D/B=237/44/233  (46%/8%/45%)  d4~d7  0.6 games/s (avg 0.1)  1.4M nps  ETA 03:44:29
[2026-03-29T06:00:17.620] [INFO] [selfplay:0] [SelfPlay] 515/2500 (20%)  pos=38963  W/D/B=237/44/234  (46%/8%/45%)  d4~d7  0.5 games/s (avg 0.1)  1.4M nps  ETA 03:46:45
[2026-03-29T06:00:28.395] [INFO] [selfplay:0] [SelfPlay] 516/2500 (20%)  pos=39016  W/D/B=238/44/234  (46%/8%/45%)  d4~d7  0.5 games/s (avg 0.1)  1.4M nps  ETA 03:46:18
[2026-03-29T06:00:34.484] [INFO] [selfplay:0] [SelfPlay] 517/2500 (20%)  pos=39048  W/D/B=239/44/234  (46%/8%/45%)  d4~d7  0.4 games/s (avg 0.1)  1.4M nps  ETA 03:46:30
[2026-03-29T06:00:46.969] [INFO] [selfplay:0] [SelfPlay] 518/2500 (20%)  pos=39117  W/D/B=239/44/235  (46%/8%/45%)  d4~d7  0.4 games/s (avg 0.1)  1.4M nps  ETA 03:46:13
[2026-03-29T06:00:51.920] [INFO] [selfplay:0] [SelfPlay] 519/2500 (20%)  pos=39178  W/D/B=240/44/235  (46%/8%/45%)  d4~d7  0.4 games/s (avg 0.1)  1.4M nps  ETA 03:46:36
[2026-03-29T06:01:08.317] [INFO] [selfplay:0] [SelfPlay] 520/2500 (20%)  pos=39347  W/D/B=241/44/235  (46%/8%/45%)  d4~d7  0.3 games/s (avg 0.1)  1.4M nps  ETA 03:46:11
[2026-03-29T06:01:12.657] [INFO] [selfplay:0] [SelfPlay] 521/2500 (20%)  pos=39388  W/D/B=241/44/236  (46%/8%/45%)  d4~d7  0.3 games/s (avg 0.1)  1.4M nps  ETA 03:46:51
[2026-03-29T06:01:16.132] [INFO] [selfplay:0] [SelfPlay] 522/2500 (20%)  pos=39424  W/D/B=241/44/237  (46%/8%/45%)  d4~d7  0.3 games/s (avg 0.1)  1.4M nps  ETA 03:46:37
[2026-03-29T06:01:18.399] [INFO] [selfplay:0] [SelfPlay] 523/2500 (20%)  pos=39536  W/D/B=241/44/238  (46%/8%/45%)  d4~d7  0.3 games/s (avg 0.1)  1.4M nps  ETA 03:46:18
[2026-03-29T06:01:24.475] [INFO] [selfplay:0] [SelfPlay] 524/2500 (20%)  pos=39689  W/D/B=241/44/239  (45%/8%/45%)  d4~d7  0.3 games/s (avg 0.1)  1.4M nps  ETA 03:45:50
[2026-03-29T06:01:32.294] [INFO] [selfplay:0] [SelfPlay] 525/2500 (21%)  pos=39762  W/D/B=241/44/240  (45%/8%/45%)  d4~d7  0.3 games/s (avg 0.1)  1.4M nps  ETA 03:45:38
[2026-03-29T06:01:37.990] [INFO] [selfplay:0] [SelfPlay] 526/2500 (21%)  pos=39871  W/D/B=241/44/241  (45%/8%/45%)  d4~d7  0.3 games/s (avg 0.1)  1.4M nps  ETA 03:45:37
[2026-03-29T06:01:56.390] [INFO] [selfplay:0] [SelfPlay] 527/2500 (21%)  pos=39895  W/D/B=242/44/241  (45%/8%/45%)  d4~d7  0.2 games/s (avg 0.1)  1.4M nps  ETA 03:45:13
[2026-03-29T06:01:57.252] [INFO] [selfplay:0] [SelfPlay] 528/2500 (21%)  pos=39935  W/D/B=243/44/241  (46%/8%/45%)  d4~d7  0.2 games/s (avg 0.1)  1.3M nps  ETA 03:46:07
[2026-03-29T06:01:57.562] [INFO] [selfplay:0] [SelfPlay] 529/2500 (21%)  pos=40030  W/D/B=244/44/241  (46%/8%/45%)  d4~d7  0.4 games/s (avg 0.1)  1.4M nps  ETA 03:45:37
[2026-03-29T06:02:01.639] [INFO] [selfplay:0] [SelfPlay] 530/2500 (21%)  pos=40122  W/D/B=245/44/241  (46%/8%/45%)  d4~d7  0.8 games/s (avg 0.1)  1.4M nps  ETA 03:45:03
[2026-03-29T06:02:01.713] [INFO] [selfplay:0] [SelfPlay] 531/2500 (21%)  pos=40193  W/D/B=246/44/241  (46%/8%/45%)  d4~d7  0.7 games/s (avg 0.1)  1.4M nps  ETA 03:44:50
[2026-03-29T06:02:03.781] [INFO] [selfplay:0] [SelfPlay] 532/2500 (21%)  pos=40249  W/D/B=247/44/241  (46%/8%/45%)  d4~d7  2.6 games/s (avg 0.1)  1.4M nps  ETA 03:44:16
[2026-03-29T06:02:05.603] [INFO] [selfplay:0] [SelfPlay] 533/2500 (21%)  pos=40335  W/D/B=248/44/241  (46%/8%/45%)  d4~d7  2.3 games/s (avg 0.1)  1.4M nps  ETA 03:43:52
[2026-03-29T06:02:07.517] [INFO] [selfplay:0] [SelfPlay] 534/2500 (21%)  pos=40371  W/D/B=248/44/242  (46%/8%/45%)  d4~d7  2.1 games/s (avg 0.1)  1.4M nps  ETA 03:43:27
[2026-03-29T06:02:08.541] [INFO] [selfplay:0] [SelfPlay] 535/2500 (21%)  pos=40449  W/D/B=248/44/243  (46%/8%/45%)  d4~d7  1.8 games/s (avg 0.1)  1.4M nps  ETA 03:43:02
[2026-03-29T06:02:26.161] [INFO] [selfplay:0] [SelfPlay] 536/2500 (21%)  pos=40463  W/D/B=248/44/244  (46%/8%/45%)  d4~d7  1.7 games/s (avg 0.1)  1.4M nps  ETA 03:42:18
[2026-03-29T06:02:35.234] [INFO] [selfplay:0] [SelfPlay] 537/2500 (21%)  pos=40563  W/D/B=249/44/244  (46%/8%/45%)  d4~d7  1.6 games/s (avg 0.1)  1.4M nps  ETA 03:42:59
[2026-03-29T06:02:37.720] [INFO] [selfplay:0] [SelfPlay] 538/2500 (21%)  pos=40670  W/D/B=249/44/245  (46%/8%/45%)  d4~d7  1.5 games/s (avg 0.1)  1.4M nps  ETA 03:43:07
[2026-03-29T06:02:49.661] [INFO] [selfplay:0] [SelfPlay] 539/2500 (21%)  pos=40772  W/D/B=250/44/245  (46%/8%/45%)  d4~d7  1.3 games/s (avg 0.1)  1.4M nps  ETA 03:42:35
[2026-03-29T06:03:02.964] [INFO] [selfplay:0] [SelfPlay] 540/2500 (21%)  pos=40841  W/D/B=250/44/246  (46%/8%/45%)  d4~d7  1.2 games/s (avg 0.1)  1.4M nps  ETA 03:42:46
[2026-03-29T06:03:04.389] [INFO] [selfplay:0] [SelfPlay] 541/2500 (21%)  pos=40909  W/D/B=251/44/246  (46%/8%/45%)  d4~d7  1.1 games/s (avg 0.1)  1.4M nps  ETA 03:43:14
[2026-03-29T06:03:16.632] [INFO] [selfplay:0] [SelfPlay] 542/2500 (21%)  pos=41004  W/D/B=251/44/247  (46%/8%/45%)  d4~d7  1.0 games/s (avg 0.1)  1.4M nps  ETA 03:42:36
[2026-03-29T06:03:24.578] [INFO] [selfplay:0] [SelfPlay] 543/2500 (21%)  pos=41078  W/D/B=251/44/248  (46%/8%/45%)  d4~d7  1.0 games/s (avg 0.1)  1.4M nps  ETA 03:42:54
[2026-03-29T06:03:28.802] [INFO] [selfplay:0] [SelfPlay] 544/2500 (21%)  pos=41182  W/D/B=251/44/249  (46%/8%/45%)  d4~d7  0.8 games/s (avg 0.1)  1.4M nps  ETA 03:42:55
[2026-03-29T06:03:33.314] [INFO] [selfplay:0] [SelfPlay] 545/2500 (21%)  pos=41250  W/D/B=252/44/249  (46%/8%/45%)  d4~d7  0.8 games/s (avg 0.1)  1.4M nps  ETA 03:42:39
[2026-03-29T06:03:40.216] [INFO] [selfplay:0] [SelfPlay] 546/2500 (21%)  pos=41269  W/D/B=253/44/249  (46%/8%/45%)  d4~d7  0.7 games/s (avg 0.1)  1.4M nps  ETA 03:42:20
[2026-03-29T06:03:56.337] [INFO] [selfplay:0] [SelfPlay] 547/2500 (21%)  pos=41377  W/D/B=254/44/249  (46%/8%/45%)  d4~d7  0.6 games/s (avg 0.1)  1.4M nps  ETA 03:42:05
[2026-03-29T06:04:04.038] [INFO] [selfplay:0] [SelfPlay] 548/2500 (21%)  pos=41467  W/D/B=254/44/250  (46%/8%/45%)  d4~d7  0.5 games/s (avg 0.1)  1.3M nps  ETA 03:42:39
[2026-03-29T06:04:05.437] [INFO] [selfplay:0] [SelfPlay] 549/2500 (21%)  pos=41507  W/D/B=255/44/250  (46%/8%/45%)  d4~d7  0.5 games/s (avg 0.1)  1.3M nps  ETA 03:42:42
[2026-03-29T06:04:15.623] [INFO] [selfplay:0] [SelfPlay] 550/2500 (22%)  pos=41583  W/D/B=256/44/250  (46%/8%/45%)  d4~d7  0.5 games/s (avg 0.1)  1.3M nps  ETA 03:42:06
[2026-03-29T06:04:18.458] [INFO] [selfplay:0] [SelfPlay] 551/2500 (22%)  pos=41625  W/D/B=257/44/250  (46%/7%/45%)  d4~d7  0.4 games/s (avg 0.1)  1.3M nps  ETA 03:42:20
[2026-03-29T06:04:20.323] [INFO] [selfplay:0] [SelfPlay] 552/2500 (22%)  pos=41653  W/D/B=257/44/251  (46%/7%/45%)  d4~d7  0.4 games/s (avg 0.1)  1.3M nps  ETA 03:41:59
[2026-03-29T06:04:35.662] [INFO] [selfplay:0] [SelfPlay] 553/2500 (22%)  pos=41750  W/D/B=257/44/252  (46%/7%/45%)  d4~d7  0.4 games/s (avg 0.1)  1.3M nps  ETA 03:41:21
[2026-03-29T06:04:59.428] [INFO] [selfplay:0] [SelfPlay] 554/2500 (22%)  pos=41783  W/D/B=258/44/252  (46%/7%/45%)  d4~d7  0.4 games/s (avg 0.1)  1.3M nps  ETA 03:41:37
[2026-03-29T06:05:05.537] [INFO] [selfplay:0] [SelfPlay] 555/2500 (22%)  pos=41826  W/D/B=258/44/253  (46%/7%/45%)  d4~d7  0.3 games/s (avg 0.1)  1.3M nps  ETA 03:42:46
[2026-03-29T06:05:11.304] [INFO] [selfplay:0] [SelfPlay] 556/2500 (22%)  pos=41929  W/D/B=258/44/254  (46%/7%/45%)  d4~d7  0.3 games/s (avg 0.1)  1.3M nps  ETA 03:42:37
[2026-03-29T06:05:13.018] [INFO] [selfplay:0] [SelfPlay] 557/2500 (22%)  pos=41974  W/D/B=259/44/254  (46%/7%/45%)  d4~d7  0.3 games/s (avg 0.1)  1.3M nps  ETA 03:42:30
[2026-03-29T06:05:18.821] [INFO] [selfplay:0] [SelfPlay] 558/2500 (22%)  pos=42085  W/D/B=259/44/255  (46%/7%/45%)  d4~d7  0.3 games/s (avg 0.1)  1.3M nps  ETA 03:42:01
[2026-03-29T06:05:30.025] [INFO] [selfplay:0] [SelfPlay] 559/2500 (22%)  pos=42121  W/D/B=259/44/256  (46%/7%/45%)  d4~d7  0.3 games/s (avg 0.1)  1.3M nps  ETA 03:41:46
[2026-03-29T06:05:33.596] [INFO] [selfplay:0] [SelfPlay] 560/2500 (22%)  pos=42145  W/D/B=260/44/256  (46%/7%/45%)  d4~d7  0.3 games/s (avg 0.1)  1.3M nps  ETA 03:42:01
[2026-03-29T06:06:14.124] [INFO] [selfplay:0] [SelfPlay] 561/2500 (22%)  pos=42177  W/D/B=260/44/257  (46%/7%/45%)  d4~d7  0.3 games/s (avg 0.1)  1.3M nps  ETA 03:41:07
[2026-03-29T06:06:28.119] [INFO] [selfplay:0] [SelfPlay] 562/2500 (22%)  pos=42198  W/D/B=260/44/258  (46%/7%/45%)  d4~d7  0.3 games/s (avg 0.1)  1.3M nps  ETA 03:43:22
[2026-03-29T06:06:29.635] [INFO] [selfplay:0] [SelfPlay] 563/2500 (22%)  pos=42326  W/D/B=260/44/259  (46%/7%/46%)  d4~d7  0.2 games/s (avg 0.1)  1.3M nps  ETA 03:43:51
[2026-03-29T06:06:30.646] [INFO] [selfplay:0] [SelfPlay] 564/2500 (22%)  pos=42559  W/D/B=260/45/259  (46%/7%/45%)  d4~d7  0.3 games/s (avg 0.1)  1.3M nps  ETA 03:43:27
[2026-03-29T06:06:40.776] [INFO] [selfplay:0] [SelfPlay] 565/2500 (22%)  pos=42645  W/D/B=261/45/259  (46%/7%/45%)  d4~d7  0.4 games/s (avg 0.1)  1.3M nps  ETA 03:42:50
[2026-03-29T06:06:49.668] [INFO] [selfplay:0] [SelfPlay] 566/2500 (22%)  pos=42700  W/D/B=262/45/259  (46%/7%/45%)  d4~d7  0.4 games/s (avg 0.1)  1.3M nps  ETA 03:42:56
[2026-03-29T06:06:53.612] [INFO] [selfplay:0] [SelfPlay] 567/2500 (22%)  pos=42772  W/D/B=262/45/260  (46%/7%/45%)  d4~d7  0.3 games/s (avg 0.1)  1.3M nps  ETA 03:43:00
[2026-03-29T06:07:10.522] [INFO] [selfplay:0] [SelfPlay] 568/2500 (22%)  pos=42879  W/D/B=262/46/260  (46%/8%/45%)  d4~d7  0.3 games/s (avg 0.1)  1.3M nps  ETA 03:42:31
[2026-03-29T06:07:14.430] [INFO] [selfplay:0] [SelfPlay] 569/2500 (22%)  pos=43101  W/D/B=262/47/260  (46%/8%/45%)  d4~d7  0.3 games/s (avg 0.1)  1.3M nps  ETA 03:43:10
[2026-03-29T06:07:22.709] [INFO] [selfplay:0] [SelfPlay] 570/2500 (22%)  pos=43106  W/D/B=262/47/261  (45%/8%/45%)  d4~d7  0.3 games/s (avg 0.1)  1.3M nps  ETA 03:42:48
[2026-03-29T06:07:26.172] [INFO] [selfplay:0] [SelfPlay] 571/2500 (22%)  pos=43198  W/D/B=262/47/262  (45%/8%/45%)  d4~d7  0.2 games/s (avg 0.1)  1.3M nps  ETA 03:42:52
[2026-03-29T06:07:27.886] [INFO] [selfplay:0] [SelfPlay] 572/2500 (22%)  pos=43304  W/D/B=262/47/263  (45%/8%/45%)  d4~d7  0.3 games/s (avg 0.1)  1.3M nps  ETA 03:42:34
[2026-03-29T06:07:30.277] [INFO] [selfplay:0] [SelfPlay] 573/2500 (22%)  pos=43406  W/D/B=263/47/263  (45%/8%/45%)  d4~d7  0.3 games/s (avg 0.1)  1.3M nps  ETA 03:42:10
[2026-03-29T06:07:35.884] [INFO] [selfplay:0] [SelfPlay] 574/2500 (22%)  pos=43430  W/D/B=263/47/264  (45%/8%/45%)  d4~d7  0.3 games/s (avg 0.1)  1.3M nps  ETA 03:41:44
[2026-03-29T06:07:38.381] [INFO] [selfplay:0] [SelfPlay] 575/2500 (23%)  pos=43510  W/D/B=263/48/264  (45%/8%/45%)  d4~d7  0.3 games/s (avg 0.1)  1.3M nps  ETA 03:41:36
[2026-03-29T06:07:42.853] [INFO] [selfplay:0] [SelfPlay] 576/2500 (23%)  pos=43614  W/D/B=264/48/264  (45%/8%/45%)  d4~d7  0.3 games/s (avg 0.1)  1.3M nps  ETA 03:41:12
[2026-03-29T06:07:44.768] [INFO] [selfplay:0] [SelfPlay] 577/2500 (23%)  pos=43733  W/D/B=265/48/264  (45%/8%/45%)  d4~d7  0.3 games/s (avg 0.1)  1.3M nps  ETA 03:41:00
[2026-03-29T06:07:54.581] [INFO] [selfplay:0] [SelfPlay] 578/2500 (23%)  pos=43805  W/D/B=266/48/264  (46%/8%/45%)  d4~d7  0.3 games/s (avg 0.1)  1.3M nps  ETA 03:40:28
[2026-03-29T06:08:03.684] [INFO] [selfplay:0] [SelfPlay] 579/2500 (23%)  pos=43940  W/D/B=266/48/265  (45%/8%/45%)  d4~d7  0.3 games/s (avg 0.1)  1.3M nps  ETA 03:40:32
[2026-03-29T06:08:03.731] [INFO] [selfplay:0] [SelfPlay] 580/2500 (23%)  pos=44005  W/D/B=266/48/266  (45%/8%/45%)  d4~d7  0.3 games/s (avg 0.1)  1.3M nps  ETA 03:40:41
[2026-03-29T06:08:21.293] [INFO] [selfplay:0] [SelfPlay] 581/2500 (23%)  pos=44066  W/D/B=267/48/266  (45%/8%/45%)  d4~d7  3.4 games/s (avg 0.1)  1.3M nps  ETA 03:39:55
[2026-03-29T06:08:40.142] [INFO] [selfplay:0] [SelfPlay] 582/2500 (23%)  pos=44189  W/D/B=267/49/266  (45%/8%/45%)  d4~d7  3.1 games/s (avg 0.1)  1.3M nps  ETA 03:40:21
[2026-03-29T06:08:51.313] [INFO] [selfplay:0] [SelfPlay] 583/2500 (23%)  pos=44201  W/D/B=268/49/266  (45%/8%/45%)  d4~d7  2.9 games/s (avg 0.1)  1.3M nps  ETA 03:41:02
[2026-03-29T06:08:52.318] [INFO] [selfplay:0] [SelfPlay] 584/2500 (23%)  pos=44299  W/D/B=269/49/266  (46%/8%/45%)  d4~d7  2.7 games/s (avg 0.1)  1.3M nps  ETA 03:41:19
[2026-03-29T06:08:52.411] [INFO] [selfplay:0] [SelfPlay] 585/2500 (23%)  pos=44398  W/D/B=269/49/267  (45%/8%/45%)  d4~d7  2.4 games/s (avg 0.1)  1.3M nps  ETA 03:40:53
[2026-03-29T06:08:55.124] [INFO] [selfplay:0] [SelfPlay] 586/2500 (23%)  pos=44440  W/D/B=270/49/267  (46%/8%/45%)  d4~d7  3.7 games/s (avg 0.1)  1.3M nps  ETA 03:40:21
[2026-03-29T06:08:56.000] [INFO] [selfplay:0] [SelfPlay] 587/2500 (23%)  pos=44514  W/D/B=270/49/268  (45%/8%/45%)  d4~d7  3.2 games/s (avg 0.1)  1.3M nps  ETA 03:40:02
[2026-03-29T06:09:02.933] [INFO] [selfplay:0] [SelfPlay] 588/2500 (23%)  pos=44640  W/D/B=270/49/269  (45%/8%/45%)  d4~d7  2.9 games/s (avg 0.1)  1.3M nps  ETA 03:39:30
[2026-03-29T06:09:03.291] [INFO] [selfplay:0] [SelfPlay] 589/2500 (23%)  pos=44806  W/D/B=271/49/269  (46%/8%/45%)  d4~d7  2.7 games/s (avg 0.1)  1.3M nps  ETA 03:39:30
[2026-03-29T06:09:06.013] [INFO] [selfplay:0] [SelfPlay] 590/2500 (23%)  pos=44878  W/D/B=272/49/269  (46%/8%/45%)  d4~d7  2.7 games/s (avg 0.1)  1.3M nps  ETA 03:38:59
[2026-03-29T06:09:15.895] [INFO] [selfplay:0] [SelfPlay] 591/2500 (23%)  pos=44925  W/D/B=272/49/270  (46%/8%/45%)  d4~d7  2.3 games/s (avg 0.1)  1.3M nps  ETA 03:38:32
[2026-03-29T06:09:23.982] [INFO] [selfplay:0] [SelfPlay] 592/2500 (23%)  pos=44979  W/D/B=272/49/271  (45%/8%/45%)  d4~d7  2.2 games/s (avg 0.1)  1.3M nps  ETA 03:38:37
[2026-03-29T06:09:27.345] [INFO] [selfplay:0] [SelfPlay] 593/2500 (23%)  pos=45022  W/D/B=272/49/272  (45%/8%/45%)  d4~d7  2.0 games/s (avg 0.1)  1.3M nps  ETA 03:38:39
[2026-03-29T06:09:29.648] [INFO] [selfplay:0] [SelfPlay] 594/2500 (23%)  pos=45114  W/D/B=272/49/273  (45%/8%/45%)  d4~d7  1.7 games/s (avg 0.1)  1.3M nps  ETA 03:38:20
[2026-03-29T06:09:31.078] [INFO] [selfplay:0] [SelfPlay] 595/2500 (23%)  pos=45167  W/D/B=273/49/273  (45%/8%/45%)  d4~d7  1.5 games/s (avg 0.1)  1.3M nps  ETA 03:38:01
[2026-03-29T06:09:31.681] [INFO] [selfplay:0] [SelfPlay] 596/2500 (23%)  pos=45203  W/D/B=273/49/274  (45%/8%/45%)  d4~d7  1.4 games/s (avg 0.1)  1.3M nps  ETA 03:37:37
[2026-03-29T06:09:32.573] [INFO] [selfplay:0] [SelfPlay] 597/2500 (23%)  pos=45264  W/D/B=273/49/275  (45%/8%/46%)  d4~d7  1.5 games/s (avg 0.1)  1.3M nps  ETA 03:37:10
[2026-03-29T06:09:34.425] [INFO] [selfplay:0] [SelfPlay] 598/2500 (23%)  pos=45328  W/D/B=273/49/276  (45%/8%/46%)  d4~d7  1.4 games/s (avg 0.1)  1.3M nps  ETA 03:36:44
[2026-03-29T06:09:35.102] [INFO] [selfplay:0] [SelfPlay] 599/2500 (23%)  pos=45402  W/D/B=274/49/276  (45%/8%/46%)  d4~d7  1.3 games/s (avg 0.1)  1.3M nps  ETA 03:36:21
[2026-03-29T06:09:48.419] [INFO] [selfplay:0] [SelfPlay] 600/2500 (24%)  pos=45437  W/D/B=274/49/277  (45%/8%/46%)  d4~d7  1.3 games/s (avg 0.1)  1.3M nps  ETA 03:35:43
[2026-03-29T06:09:58.024] [INFO] [selfplay:0] [SelfPlay] 601/2500 (24%)  pos=45498  W/D/B=275/49/277  (45%/8%/46%)  d4~d7  1.2 games/s (avg 0.1)  1.3M nps  ETA 03:36:00
[2026-03-29T06:10:08.348] [INFO] [selfplay:0] [SelfPlay] 602/2500 (24%)  pos=45515  W/D/B=276/49/277  (45%/8%/46%)  d4~d7  1.1 games/s (avg 0.1)  1.3M nps  ETA 03:36:02
[2026-03-29T06:10:08.662] [INFO] [selfplay:0] [SelfPlay] 603/2500 (24%)  pos=45646  W/D/B=276/49/278  (45%/8%/46%)  d4~d7  1.0 games/s (avg 0.1)  1.3M nps  ETA 03:36:15
[2026-03-29T06:10:10.498] [INFO] [selfplay:0] [SelfPlay] 604/2500 (24%)  pos=45671  W/D/B=277/49/278  (45%/8%/46%)  d4~d7  1.4 games/s (avg 0.1)  1.3M nps  ETA 03:35:48
[2026-03-29T06:10:21.656] [INFO] [selfplay:0] [SelfPlay] 605/2500 (24%)  pos=45737  W/D/B=277/49/279  (45%/8%/46%)  d4~d7  1.2 games/s (avg 0.1)  1.3M nps  ETA 03:35:14
[2026-03-29T06:10:26.023] [INFO] [selfplay:0] [SelfPlay] 606/2500 (24%)  pos=45747  W/D/B=277/49/280  (45%/8%/46%)  d4~d7  1.1 games/s (avg 0.1)  1.3M nps  ETA 03:35:29
[2026-03-29T06:10:52.380] [INFO] [selfplay:0] [SelfPlay] 607/2500 (24%)  pos=45801  W/D/B=277/49/281  (45%/8%/46%)  d4~d7  1.0 games/s (avg 0.1)  1.3M nps  ETA 03:34:52
[2026-03-29T06:10:55.501] [INFO] [selfplay:0] [SelfPlay] 608/2500 (24%)  pos=45837  W/D/B=278/49/281  (45%/8%/46%)  d4~d7  0.9 games/s (avg 0.1)  1.3M nps  ETA 03:36:09
[2026-03-29T06:11:08.628] [INFO] [selfplay:0] [SelfPlay] 609/2500 (24%)  pos=45904  W/D/B=279/49/281  (45%/8%/46%)  d4~d7  0.8 games/s (avg 0.1)  1.3M nps  ETA 03:35:40
[2026-03-29T06:11:14.878] [INFO] [selfplay:0] [SelfPlay] 610/2500 (24%)  pos=45947  W/D/B=280/49/281  (45%/8%/46%)  d4~d7  0.8 games/s (avg 0.1)  1.3M nps  ETA 03:36:00
[2026-03-29T06:11:21.518] [INFO] [selfplay:0] [SelfPlay] 611/2500 (24%)  pos=46027  W/D/B=280/49/282  (45%/8%/46%)  d4~d7  0.7 games/s (avg 0.1)  1.3M nps  ETA 03:35:52
[2026-03-29T06:11:24.219] [INFO] [selfplay:0] [SelfPlay] 612/2500 (24%)  pos=46050  W/D/B=281/49/282  (45%/8%/46%)  d4~d7  0.6 games/s (avg 0.1)  1.3M nps  ETA 03:35:47
[2026-03-29T06:11:27.419] [INFO] [selfplay:0] [SelfPlay] 613/2500 (24%)  pos=46102  W/D/B=282/49/282  (46%/7%/46%)  d4~d7  0.6 games/s (avg 0.1)  1.3M nps  ETA 03:35:27
[2026-03-29T06:11:28.154] [INFO] [selfplay:0] [SelfPlay] 614/2500 (24%)  pos=46182  W/D/B=283/49/282  (46%/7%/45%)  d4~d7  0.5 games/s (avg 0.1)  1.3M nps  ETA 03:35:11
[2026-03-29T06:11:35.837] [INFO] [selfplay:0] [SelfPlay] 615/2500 (24%)  pos=46266  W/D/B=283/49/283  (46%/7%/46%)  d4~d7  0.7 games/s (avg 0.1)  1.3M nps  ETA 03:34:39
[2026-03-29T06:11:49.090] [INFO] [selfplay:0] [SelfPlay] 616/2500 (24%)  pos=46332  W/D/B=283/49/284  (45%/7%/46%)  d4~d7  0.6 games/s (avg 0.1)  1.3M nps  ETA 03:34:30
[2026-03-29T06:12:05.435] [INFO] [selfplay:0] [SelfPlay] 617/2500 (24%)  pos=46376  W/D/B=283/49/285  (45%/7%/46%)  d4~d7  0.5 games/s (avg 0.1)  1.3M nps  ETA 03:34:39
[2026-03-29T06:12:13.295] [INFO] [selfplay:0] [SelfPlay] 618/2500 (24%)  pos=46482  W/D/B=283/50/285  (45%/8%/46%)  d4~d7  0.4 games/s (avg 0.1)  1.3M nps  ETA 03:35:09
[2026-03-29T06:12:16.062] [INFO] [selfplay:0] [SelfPlay] 619/2500 (24%)  pos=46554  W/D/B=283/50/286  (45%/8%/46%)  d4~d7  0.4 games/s (avg 0.1)  1.3M nps  ETA 03:35:11
[2026-03-29T06:12:20.368] [INFO] [selfplay:0] [SelfPlay] 620/2500 (24%)  pos=46646  W/D/B=283/50/287  (45%/8%/46%)  d4~d7  0.4 games/s (avg 0.1)  1.3M nps  ETA 03:34:50
[2026-03-29T06:12:58.953] [INFO] [selfplay:0] [SelfPlay] 621/2500 (24%)  pos=46654  W/D/B=283/50/288  (45%/8%/46%)  d4~d7  0.4 games/s (avg 0.1)  1.3M nps  ETA 03:34:01
[2026-03-29T06:13:09.724] [INFO] [selfplay:0] [SelfPlay] 622/2500 (24%)  pos=46673  W/D/B=284/50/288  (45%/8%/46%)  d4~d7  0.3 games/s (avg 0.1)  1.3M nps  ETA 03:35:58
[2026-03-29T06:13:12.833] [INFO] [selfplay:0] [SelfPlay] 623/2500 (24%)  pos=46763  W/D/B=284/50/289  (45%/8%/46%)  d4~d7  0.3 games/s (avg 0.1)  1.3M nps  ETA 03:36:10
[2026-03-29T06:13:15.728] [INFO] [selfplay:0] [SelfPlay] 624/2500 (24%)  pos=46885  W/D/B=285/50/289  (45%/8%/46%)  d4~d7  0.3 games/s (avg 0.1)  1.3M nps  ETA 03:35:52
[2026-03-29T06:13:15.795] [INFO] [selfplay:0] [SelfPlay] 625/2500 (25%)  pos=46950  W/D/B=286/50/289  (45%/8%/46%)  d4~d7  0.3 games/s (avg 0.1)  1.3M nps  ETA 03:35:36
[2026-03-29T06:13:19.695] [INFO] [selfplay:0] [SelfPlay] 626/2500 (25%)  pos=46975  W/D/B=286/51/289  (45%/8%/46%)  d4~d7  2.5 games/s (avg 0.1)  1.3M nps  ETA 03:35:05
[2026-03-29T06:13:20.895] [INFO] [selfplay:0] [SelfPlay] 627/2500 (25%)  pos=46996  W/D/B=286/51/290  (45%/8%/46%)  d4~d7  2.2 games/s (avg 0.1)  1.3M nps  ETA 03:34:52
[2026-03-29T06:13:26.964] [INFO] [selfplay:0] [SelfPlay] 628/2500 (25%)  pos=47070  W/D/B=286/51/291  (45%/8%/46%)  d4~d7  2.0 games/s (avg 0.1)  1.3M nps  ETA 03:34:23
[2026-03-29T06:13:27.572] [INFO] [selfplay:0] [SelfPlay] 629/2500 (25%)  pos=47118  W/D/B=287/51/291  (45%/8%/46%)  d4~d7  1.8 games/s (avg 0.1)  1.3M nps  ETA 03:34:19
[2026-03-29T06:13:31.321] [INFO] [selfplay:0] [SelfPlay] 630/2500 (25%)  pos=47353  W/D/B=287/52/291  (45%/8%/46%)  d4~d7  1.8 games/s (avg 0.1)  1.3M nps  ETA 03:33:51
[2026-03-29T06:13:34.686] [INFO] [selfplay:0] [SelfPlay] 631/2500 (25%)  pos=47430  W/D/B=287/52/292  (45%/8%/46%)  d4~d7  1.6 games/s (avg 0.1)  1.3M nps  ETA 03:33:34
[2026-03-29T06:13:54.636] [INFO] [selfplay:0] [SelfPlay] 632/2500 (25%)  pos=47464  W/D/B=288/52/292  (45%/8%/46%)  d4~d7  1.4 games/s (avg 0.1)  1.3M nps  ETA 03:33:01
[2026-03-29T06:14:02.898] [INFO] [selfplay:0] [SelfPlay] 633/2500 (25%)  pos=47568  W/D/B=288/52/293  (45%/8%/46%)  d4~d7  1.3 games/s (avg 0.1)  1.3M nps  ETA 03:33:45
[2026-03-29T06:14:11.186] [INFO] [selfplay:0] [SelfPlay] 634/2500 (25%)  pos=47638  W/D/B=288/52/294  (45%/8%/46%)  d4~d7  1.2 games/s (avg 0.1)  1.3M nps  ETA 03:33:42
[2026-03-29T06:14:16.977] [INFO] [selfplay:0] [SelfPlay] 635/2500 (25%)  pos=47731  W/D/B=289/52/294  (45%/8%/46%)  d4~d7  1.0 games/s (avg 0.1)  1.3M nps  ETA 03:33:41
[2026-03-29T06:14:25.671] [INFO] [selfplay:0] [SelfPlay] 636/2500 (25%)  pos=47788  W/D/B=290/52/294  (45%/8%/46%)  d4~d7  0.9 games/s (avg 0.1)  1.3M nps  ETA 03:33:28
[2026-03-29T06:14:27.170] [INFO] [selfplay:0] [SelfPlay] 637/2500 (25%)  pos=47853  W/D/B=291/52/294  (45%/8%/46%)  d4~d7  0.8 games/s (avg 0.1)  1.3M nps  ETA 03:33:35
[2026-03-29T06:15:01.394] [INFO] [selfplay:0] [SelfPlay] 638/2500 (25%)  pos=47981  W/D/B=291/52/295  (45%/8%/46%)  d4~d7  0.8 games/s (avg 0.1)  1.3M nps  ETA 03:32:39
[2026-03-29T06:15:01.858] [INFO] [selfplay:0] [SelfPlay] 639/2500 (25%)  pos=48086  W/D/B=292/52/295  (45%/8%/46%)  d4~d7  0.7 games/s (avg 0.1)  1.3M nps  ETA 03:34:25
[2026-03-29T06:15:03.845] [INFO] [selfplay:0] [SelfPlay] 640/2500 (25%)  pos=48145  W/D/B=293/52/295  (45%/8%/46%)  d4~d7  0.9 games/s (avg 0.1)  1.3M nps  ETA 03:33:58
[2026-03-29T06:15:09.603] [INFO] [selfplay:0] [SelfPlay] 641/2500 (25%)  pos=48245  W/D/B=293/52/296  (45%/8%/46%)  d4~d7  0.9 games/s (avg 0.1)  1.3M nps  ETA 03:33:33
[2026-03-29T06:15:18.729] [INFO] [selfplay:0] [SelfPlay] 642/2500 (25%)  pos=48355  W/D/B=293/52/297  (45%/8%/46%)  d4~d7  0.8 games/s (avg 0.1)  1.3M nps  ETA 03:33:20
[2026-03-29T06:15:23.464] [INFO] [selfplay:0] [SelfPlay] 643/2500 (25%)  pos=48427  W/D/B=294/52/297  (45%/8%/46%)  d4~d7  0.7 games/s (avg 0.1)  1.3M nps  ETA 03:33:24
[2026-03-29T06:15:32.723] [INFO] [selfplay:0] [SelfPlay] 644/2500 (25%)  pos=48477  W/D/B=295/52/297  (45%/8%/46%)  d4~d7  0.6 games/s (avg 0.1)  1.3M nps  ETA 03:33:05
[2026-03-29T06:15:33.062] [INFO] [selfplay:0] [SelfPlay] 645/2500 (25%)  pos=48532  W/D/B=296/52/297  (45%/8%/46%)  d4~d7  0.5 games/s (avg 0.1)  1.3M nps  ETA 03:33:15
[2026-03-29T06:15:49.622] [INFO] [selfplay:0] [SelfPlay] 646/2500 (25%)  pos=48551  W/D/B=296/52/298  (45%/8%/46%)  d4~d7  0.9 games/s (avg 0.1)  1.3M nps  ETA 03:32:33
[2026-03-29T06:15:56.372] [INFO] [selfplay:0] [SelfPlay] 647/2500 (25%)  pos=48584  W/D/B=296/52/299  (45%/8%/46%)  d4~d7  0.8 games/s (avg 0.1)  1.3M nps  ETA 03:33:04
[2026-03-29T06:16:15.382] [INFO] [selfplay:0] [SelfPlay] 648/2500 (25%)  pos=48603  W/D/B=296/53/299  (45%/8%/46%)  d4~d7  0.7 games/s (avg 0.1)  1.3M nps  ETA 03:32:44
[2026-03-29T06:16:34.137] [INFO] [selfplay:0] [SelfPlay] 649/2500 (25%)  pos=48791  W/D/B=296/54/299  (45%/8%/46%)  d4~d7  0.7 games/s (avg 0.1)  1.3M nps  ETA 03:33:12
[2026-03-29T06:16:36.653] [INFO] [selfplay:0] [SelfPlay] 650/2500 (26%)  pos=48794  W/D/B=297/54/299  (45%/8%/46%)  d4~d7  0.6 games/s (avg 0.1)  1.3M nps  ETA 03:33:54
[2026-03-29T06:16:40.622] [INFO] [selfplay:0] [SelfPlay] 651/2500 (26%)  pos=48834  W/D/B=297/54/300  (45%/8%/46%)  d4~d7  0.6 games/s (avg 0.1)  1.3M nps  ETA 03:33:34
[2026-03-29T06:16:42.643] [INFO] [selfplay:0] [SelfPlay] 652/2500 (26%)  pos=48899  W/D/B=298/54/300  (45%/8%/46%)  d4~d7  0.5 games/s (avg 0.1)  1.3M nps  ETA 03:33:21
[2026-03-29T06:16:44.819] [INFO] [selfplay:0] [SelfPlay] 653/2500 (26%)  pos=48968  W/D/B=299/54/300  (45%/8%/45%)  d4~d7  0.5 games/s (avg 0.1)  1.3M nps  ETA 03:33:00
[2026-03-29T06:16:59.922] [INFO] [selfplay:0] [SelfPlay] 654/2500 (26%)  pos=49047  W/D/B=300/54/300  (45%/8%/45%)  d4~d7  0.5 games/s (avg 0.1)  1.3M nps  ETA 03:32:26
[2026-03-29T06:17:15.031] [INFO] [selfplay:0] [SelfPlay] 655/2500 (26%)  pos=49120  W/D/B=300/54/301  (45%/8%/45%)  d4~d7  0.4 games/s (avg 0.1)  1.3M nps  ETA 03:32:43
[2026-03-29T06:17:19.553] [INFO] [selfplay:0] [SelfPlay] 656/2500 (26%)  pos=49239  W/D/B=300/54/302  (45%/8%/46%)  d4~d7  0.4 games/s (avg 0.1)  1.3M nps  ETA 03:33:09
[2026-03-29T06:17:19.592] [INFO] [selfplay:0] [SelfPlay] 657/2500 (26%)  pos=49303  W/D/B=301/54/302  (45%/8%/45%)  d4~d7  0.4 games/s (avg 0.1)  1.3M nps  ETA 03:33:00
[2026-03-29T06:17:33.813] [INFO] [selfplay:0] [SelfPlay] 658/2500 (26%)  pos=49370  W/D/B=302/54/302  (45%/8%/45%)  d4~d7  4.2 games/s (avg 0.1)  1.3M nps  ETA 03:32:20
[2026-03-29T06:17:35.865] [INFO] [selfplay:0] [SelfPlay] 659/2500 (26%)  pos=49435  W/D/B=302/54/303  (45%/8%/45%)  d4~d7  3.9 games/s (avg 0.1)  1.3M nps  ETA 03:32:45
[2026-03-29T06:17:47.088] [INFO] [selfplay:0] [SelfPlay] 660/2500 (26%)  pos=49494  W/D/B=303/54/303  (45%/8%/45%)  d4~d7  3.4 games/s (avg 0.1)  1.3M nps  ETA 03:32:16
[2026-03-29T06:17:55.714] [INFO] [selfplay:0] [SelfPlay] 661/2500 (26%)  pos=49587  W/D/B=304/54/303  (45%/8%/45%)  d4~d7  3.1 games/s (avg 0.1)  1.3M nps  ETA 03:32:23
[2026-03-29T06:18:02.175] [INFO] [selfplay:0] [SelfPlay] 662/2500 (26%)  pos=49657  W/D/B=305/54/303  (46%/8%/45%)  d4~d7  2.9 games/s (avg 0.1)  1.3M nps  ETA 03:32:23
[2026-03-29T06:18:06.308] [INFO] [selfplay:0] [SelfPlay] 663/2500 (26%)  pos=49720  W/D/B=306/54/303  (46%/8%/45%)  d4~d7  2.7 games/s (avg 0.1)  1.3M nps  ETA 03:32:17
[2026-03-29T06:18:18.221] [INFO] [selfplay:0] [SelfPlay] 664/2500 (26%)  pos=49803  W/D/B=307/54/303  (46%/8%/45%)  d4~d7  2.5 games/s (avg 0.1)  1.3M nps  ETA 03:31:54
[2026-03-29T06:18:34.803] [INFO] [selfplay:0] [SelfPlay] 665/2500 (26%)  pos=49853  W/D/B=307/54/304  (46%/8%/45%)  d4~d7  2.3 games/s (avg 0.1)  1.3M nps  ETA 03:31:56
[2026-03-29T06:18:35.346] [INFO] [selfplay:0] [SelfPlay] 666/2500 (26%)  pos=49921  W/D/B=307/54/305  (46%/8%/45%)  d4~d7  2.1 games/s (avg 0.1)  1.3M nps  ETA 03:32:33
[2026-03-29T06:18:50.535] [INFO] [selfplay:0] [SelfPlay] 667/2500 (26%)  pos=50056  W/D/B=308/54/305  (46%/8%/45%)  d4~d7  2.1 games/s (avg 0.1)  1.3M nps  ETA 03:31:53
[2026-03-29T06:18:50.723] [INFO] [selfplay:0] [SelfPlay] 668/2500 (26%)  pos=50104  W/D/B=309/54/305  (46%/8%/45%)  d4~d7  1.9 games/s (avg 0.1)  1.3M nps  ETA 03:32:23
[2026-03-29T06:19:05.379] [INFO] [selfplay:0] [SelfPlay] 669/2500 (26%)  pos=50131  W/D/B=309/54/306  (46%/8%/45%)  d4~d7  2.4 games/s (avg 0.1)  1.3M nps  ETA 03:31:44
[2026-03-29T06:19:08.504] [INFO] [selfplay:0] [SelfPlay] 670/2500 (26%)  pos=50261  W/D/B=310/54/306  (46%/8%/45%)  d4~d7  2.2 games/s (avg 0.1)  1.3M nps  ETA 03:32:10
[2026-03-29T06:19:39.842] [INFO] [selfplay:0] [SelfPlay] 671/2500 (26%)  pos=50353  W/D/B=311/54/306  (46%/8%/45%)  d4~d7  1.9 games/s (avg 0.1)  1.3M nps  ETA 03:31:23
[2026-03-29T06:19:42.574] [INFO] [selfplay:0] [SelfPlay] 672/2500 (26%)  pos=50407  W/D/B=312/54/306  (46%/8%/45%)  d4~d7  1.8 games/s (avg 0.1)  1.3M nps  ETA 03:32:52
[2026-03-29T06:19:48.774] [INFO] [selfplay:0] [SelfPlay] 673/2500 (26%)  pos=50464  W/D/B=312/54/307  (46%/8%/45%)  d4~d7  1.6 games/s (avg 0.1)  1.3M nps  ETA 03:32:30
[2026-03-29T06:19:48.910] [INFO] [selfplay:0] [SelfPlay] 674/2500 (26%)  pos=50514  W/D/B=313/54/307  (46%/8%/45%)  d4~d7  1.4 games/s (avg 0.1)  1.3M nps  ETA 03:32:27
[2026-03-29T06:19:49.240] [INFO] [selfplay:0] [SelfPlay] 675/2500 (27%)  pos=50614  W/D/B=313/54/308  (46%/8%/45%)  d4~d7  2.3 games/s (avg 0.1)  1.3M nps  ETA 03:32:01
[2026-03-29T06:20:04.739] [INFO] [selfplay:0] [SelfPlay] 676/2500 (27%)  pos=50672  W/D/B=313/54/309  (46%/7%/45%)  d4~d7  2.4 games/s (avg 0.1)  1.3M nps  ETA 03:31:21
[2026-03-29T06:20:06.279] [INFO] [selfplay:0] [SelfPlay] 677/2500 (27%)  pos=50761  W/D/B=313/54/310  (46%/7%/45%)  d4~d7  2.2 games/s (avg 0.1)  1.3M nps  ETA 03:31:52
[2026-03-29T06:20:09.984] [INFO] [selfplay:0] [SelfPlay] 678/2500 (27%)  pos=50809  W/D/B=313/54/311  (46%/7%/45%)  d4~d7  2.0 games/s (avg 0.1)  1.3M nps  ETA 03:31:27
[2026-03-29T06:20:10.767] [INFO] [selfplay:0] [SelfPlay] 679/2500 (27%)  pos=50877  W/D/B=313/54/312  (46%/7%/45%)  d4~d7  1.7 games/s (avg 0.1)  1.3M nps  ETA 03:31:14
[2026-03-29T06:20:17.212] [INFO] [selfplay:0] [SelfPlay] 680/2500 (27%)  pos=50980  W/D/B=313/54/313  (46%/7%/46%)  d4~d7  1.7 games/s (avg 0.1)  1.4M nps  ETA 03:30:46
[2026-03-29T06:20:20.461] [INFO] [selfplay:0] [SelfPlay] 681/2500 (27%)  pos=51024  W/D/B=314/54/313  (46%/7%/45%)  d4~d7  1.5 games/s (avg 0.1)  1.4M nps  ETA 03:30:40
[2026-03-29T06:20:49.314] [INFO] [selfplay:0] [SelfPlay] 682/2500 (27%)  pos=51029  W/D/B=314/54/314  (46%/7%/46%)  d4~d7  1.3 games/s (avg 0.1)  1.4M nps  ETA 03:29:58
[2026-03-29T06:20:51.057] [INFO] [selfplay:0] [SelfPlay] 683/2500 (27%)  pos=51108  W/D/B=315/54/314  (46%/7%/45%)  d4~d7  1.2 games/s (avg 0.1)  1.4M nps  ETA 03:31:16
[2026-03-29T06:21:04.258] [INFO] [selfplay:0] [SelfPlay] 684/2500 (27%)  pos=51192  W/D/B=315/54/315  (46%/7%/46%)  d4~d7  1.1 games/s (avg 0.1)  1.4M nps  ETA 03:30:44
[2026-03-29T06:21:13.673] [INFO] [selfplay:0] [SelfPlay] 685/2500 (27%)  pos=51321  W/D/B=316/54/315  (46%/7%/45%)  d4~d7  1.1 games/s (avg 0.1)  1.4M nps  ETA 03:30:57
[2026-03-29T06:21:13.910] [INFO] [selfplay:0] [SelfPlay] 686/2500 (27%)  pos=51424  W/D/B=317/54/315  (46%/7%/45%)  d4~d7  0.9 games/s (avg 0.1)  1.4M nps  ETA 03:31:06
[2026-03-29T06:21:13.958] [INFO] [selfplay:0] [SelfPlay] 687/2500 (27%)  pos=51477  W/D/B=317/54/316  (46%/7%/45%)  d4~d7  1.4 games/s (avg 0.1)  1.4M nps  ETA 03:30:41
[2026-03-29T06:21:14.604] [INFO] [selfplay:0] [SelfPlay] 688/2500 (27%)  pos=51519  W/D/B=317/54/317  (46%/7%/46%)  d4~d7  4.3 games/s (avg 0.1)  1.4M nps  ETA 03:30:15
[2026-03-29T06:21:24.461] [INFO] [selfplay:0] [SelfPlay] 689/2500 (27%)  pos=51644  W/D/B=317/54/318  (46%/7%/46%)  d4~d7  3.9 games/s (avg 0.1)  1.4M nps  ETA 03:29:44
[2026-03-29T06:21:27.225] [INFO] [selfplay:0] [SelfPlay] 690/2500 (27%)  pos=51703  W/D/B=317/55/318  (45%/7%/46%)  d4~d7  3.6 games/s (avg 0.1)  1.4M nps  ETA 03:29:50
[2026-03-29T06:21:30.187] [INFO] [selfplay:0] [SelfPlay] 691/2500 (27%)  pos=51718  W/D/B=317/55/319  (45%/7%/46%)  d4~d7  3.1 games/s (avg 0.1)  1.4M nps  ETA 03:29:32
[2026-03-29T06:21:31.273] [INFO] [selfplay:0] [SelfPlay] 692/2500 (27%)  pos=51772  W/D/B=317/55/320  (45%/7%/46%)  d4~d7  2.7 games/s (avg 0.1)  1.4M nps  ETA 03:29:17
[2026-03-29T06:21:35.739] [INFO] [selfplay:0] [SelfPlay] 693/2500 (27%)  pos=51812  W/D/B=317/55/321  (45%/7%/46%)  d4~d7  2.4 games/s (avg 0.1)  1.4M nps  ETA 03:28:51
[2026-03-29T06:21:39.749] [INFO] [selfplay:0] [SelfPlay] 694/2500 (27%)  pos=51903  W/D/B=317/55/322  (45%/7%/46%)  d4~d7  2.3 games/s (avg 0.1)  1.4M nps  ETA 03:28:38
[2026-03-29T06:21:49.767] [INFO] [selfplay:0] [SelfPlay] 695/2500 (27%)  pos=51980  W/D/B=318/55/322  (45%/7%/46%)  d4~d7  2.0 games/s (avg 0.1)  1.4M nps  ETA 03:28:18
[2026-03-29T06:21:54.482] [INFO] [selfplay:0] [SelfPlay] 696/2500 (27%)  pos=52074  W/D/B=318/56/322  (45%/8%/46%)  d4~d7  1.8 games/s (avg 0.1)  1.4M nps  ETA 03:28:25
[2026-03-29T06:21:56.120] [INFO] [selfplay:0] [SelfPlay] 697/2500 (27%)  pos=52155  W/D/B=318/56/323  (45%/8%/46%)  d4~d7  1.6 games/s (avg 0.1)  1.4M nps  ETA 03:28:14
[2026-03-29T06:21:57.403] [INFO] [selfplay:0] [SelfPlay] 698/2500 (27%)  pos=52228  W/D/B=319/56/323  (45%/8%/46%)  d4~d7  1.4 games/s (avg 0.1)  1.4M nps  ETA 03:27:55
[2026-03-29T06:21:59.441] [INFO] [selfplay:0] [SelfPlay] 699/2500 (27%)  pos=52347  W/D/B=320/56/323  (45%/8%/46%)  d4~d7  1.3 games/s (avg 0.1)  1.4M nps  ETA 03:27:32
[2026-03-29T06:22:06.754] [INFO] [selfplay:0] [SelfPlay] 700/2500 (28%)  pos=52370  W/D/B=320/56/324  (45%/8%/46%)  d4~d7  1.2 games/s (avg 0.1)  1.4M nps  ETA 03:27:07
[2026-03-29T06:22:13.357] [INFO] [selfplay:0] [SelfPlay] 701/2500 (28%)  pos=52470  W/D/B=320/56/325  (45%/7%/46%)  d4~d7  1.0 games/s (avg 0.1)  1.4M nps  ETA 03:27:03
[2026-03-29T06:22:14.722] [INFO] [selfplay:0] [SelfPlay] 702/2500 (28%)  pos=52545  W/D/B=320/56/326  (45%/7%/46%)  d4~d7  0.9 games/s (avg 0.1)  1.4M nps  ETA 03:26:59
[2026-03-29T06:22:19.304] [INFO] [selfplay:0] [SelfPlay] 703/2500 (28%)  pos=52582  W/D/B=320/56/327  (45%/7%/46%)  d4~d7  0.9 games/s (avg 0.1)  1.4M nps  ETA 03:26:36
[2026-03-29T06:22:20.190] [INFO] [selfplay:0] [SelfPlay] 704/2500 (28%)  pos=52653  W/D/B=320/56/328  (45%/7%/46%)  d4~d7  0.8 games/s (avg 0.1)  1.4M nps  ETA 03:26:26
[2026-03-29T06:23:00.988] [INFO] [selfplay:0] [SelfPlay] 705/2500 (28%)  pos=52745  W/D/B=321/56/328  (45%/7%/46%)  d4~d7  0.8 games/s (avg 0.1)  1.4M nps  ETA 03:25:24
[2026-03-29T06:23:05.128] [INFO] [selfplay:0] [SelfPlay] 706/2500 (28%)  pos=52797  W/D/B=322/56/328  (45%/7%/46%)  d4~d7  0.8 games/s (avg 0.1)  1.4M nps  ETA 03:27:20
[2026-03-29T06:23:09.021] [INFO] [selfplay:0] [SelfPlay] 707/2500 (28%)  pos=52849  W/D/B=323/56/328  (45%/7%/46%)  d4~d7  0.7 games/s (avg 0.1)  1.4M nps  ETA 03:27:06
[2026-03-29T06:23:19.391] [INFO] [selfplay:0] [SelfPlay] 708/2500 (28%)  pos=52885  W/D/B=324/56/328  (45%/7%/46%)  d4~d7  0.6 games/s (avg 0.1)  1.4M nps  ETA 03:26:46
[2026-03-29T06:23:23.871] [INFO] [selfplay:0] [SelfPlay] 709/2500 (28%)  pos=52942  W/D/B=324/57/328  (45%/8%/46%)  d4~d7  0.5 games/s (avg 0.1)  1.4M nps  ETA 03:26:52
[2026-03-29T06:23:28.692] [INFO] [selfplay:0] [SelfPlay] 710/2500 (28%)  pos=53062  W/D/B=324/57/329  (45%/8%/46%)  d4~d7  0.5 games/s (avg 0.1)  1.4M nps  ETA 03:26:39
[2026-03-29T06:23:50.912] [INFO] [selfplay:0] [SelfPlay] 711/2500 (28%)  pos=53116  W/D/B=324/57/330  (45%/8%/46%)  d4~d7  0.5 games/s (avg 0.1)  1.4M nps  ETA 03:26:10
[2026-03-29T06:23:54.159] [INFO] [selfplay:0] [SelfPlay] 712/2500 (28%)  pos=53176  W/D/B=325/57/330  (45%/8%/46%)  d4~d7  0.4 games/s (avg 0.1)  1.4M nps  ETA 03:27:01
[2026-03-29T06:23:54.586] [INFO] [selfplay:0] [SelfPlay] 713/2500 (28%)  pos=53241  W/D/B=326/57/330  (45%/7%/46%)  d4~d7  0.4 games/s (avg 0.1)  1.4M nps  ETA 03:26:46
[2026-03-29T06:24:02.955] [INFO] [selfplay:0] [SelfPlay] 714/2500 (28%)  pos=53304  W/D/B=327/57/330  (45%/7%/46%)  d4~d7  0.7 games/s (avg 0.1)  1.4M nps  ETA 03:26:16
[2026-03-29T06:24:03.229] [INFO] [selfplay:0] [SelfPlay] 715/2500 (28%)  pos=53445  W/D/B=328/57/330  (45%/7%/46%)  d4~d7  0.6 games/s (avg 0.1)  1.4M nps  ETA 03:26:21
[2026-03-29T06:24:28.995] [INFO] [selfplay:0] [SelfPlay] 716/2500 (28%)  pos=53548  W/D/B=329/57/330  (45%/7%/46%)  d4~d7  1.1 games/s (avg 0.1)  1.4M nps  ETA 03:25:31
[2026-03-29T06:24:30.018] [INFO] [selfplay:0] [SelfPlay] 717/2500 (28%)  pos=53624  W/D/B=330/57/330  (46%/7%/46%)  d4~d7  1.0 games/s (avg 0.1)  1.4M nps  ETA 03:26:36
[2026-03-29T06:24:37.063] [INFO] [selfplay:0] [SelfPlay] 718/2500 (28%)  pos=53675  W/D/B=330/57/331  (45%/7%/46%)  d4~d7  1.0 games/s (avg 0.1)  1.4M nps  ETA 03:26:08
[2026-03-29T06:25:01.746] [INFO] [selfplay:0] [SelfPlay] 719/2500 (28%)  pos=53721  W/D/B=330/58/331  (45%/8%/46%)  d4~d7  0.9 games/s (avg 0.1)  1.4M nps  ETA 03:25:44
[2026-03-29T06:25:02.674] [INFO] [selfplay:0] [SelfPlay] 720/2500 (28%)  pos=53762  W/D/B=331/58/331  (45%/8%/45%)  d4~d7  0.8 games/s (avg 0.1)  1.4M nps  ETA 03:26:45
[2026-03-29T06:25:09.733] [INFO] [selfplay:0] [SelfPlay] 721/2500 (28%)  pos=53806  W/D/B=331/58/332  (45%/8%/46%)  d4~d7  0.8 games/s (avg 0.1)  1.4M nps  ETA 03:26:17
[2026-03-29T06:25:25.176] [INFO] [selfplay:0] [SelfPlay] 722/2500 (28%)  pos=53849  W/D/B=332/58/332  (45%/8%/45%)  d4~d7  0.7 games/s (avg 0.1)  1.4M nps  ETA 03:26:02
[2026-03-29T06:25:31.760] [INFO] [selfplay:0] [SelfPlay] 723/2500 (28%)  pos=53932  W/D/B=332/58/333  (45%/8%/46%)  d4~d7  0.7 games/s (avg 0.1)  1.4M nps  ETA 03:26:24
[2026-03-29T06:25:35.572] [INFO] [selfplay:0] [SelfPlay] 724/2500 (28%)  pos=53983  W/D/B=333/58/333  (45%/8%/45%)  d4~d7  0.6 games/s (avg 0.1)  1.4M nps  ETA 03:26:19
[2026-03-29T06:25:38.811] [INFO] [selfplay:0] [SelfPlay] 725/2500 (29%)  pos=54063  W/D/B=333/58/334  (45%/8%/46%)  d4~d7  0.5 games/s (avg 0.1)  1.4M nps  ETA 03:26:05
[2026-03-29T06:25:51.819] [INFO] [selfplay:0] [SelfPlay] 726/2500 (29%)  pos=54133  W/D/B=333/58/335  (45%/7%/46%)  d4~d7  0.5 games/s (avg 0.1)  1.4M nps  ETA 03:25:39
[2026-03-29T06:25:53.534] [INFO] [selfplay:0] [SelfPlay] 727/2500 (29%)  pos=54194  W/D/B=334/58/335  (45%/7%/46%)  d4~d7  0.4 games/s (avg 0.1)  1.4M nps  ETA 03:25:59
[2026-03-29T06:26:00.809] [INFO] [selfplay:0] [SelfPlay] 728/2500 (29%)  pos=54272  W/D/B=335/58/335  (46%/7%/46%)  d4~d7  0.5 games/s (avg 0.1)  1.4M nps  ETA 03:25:32
[2026-03-29T06:26:05.793] [INFO] [selfplay:0] [SelfPlay] 729/2500 (29%)  pos=54361  W/D/B=335/58/336  (45%/7%/46%)  d4~d7  0.4 games/s (avg 0.1)  1.4M nps  ETA 03:25:29
[2026-03-29T06:26:09.269] [INFO] [selfplay:0] [SelfPlay] 730/2500 (29%)  pos=54399  W/D/B=336/58/336  (46%/7%/46%)  d4~d7  0.4 games/s (avg 0.1)  1.4M nps  ETA 03:25:19
[2026-03-29T06:26:16.739] [INFO] [selfplay:0] [SelfPlay] 731/2500 (29%)  pos=54462  W/D/B=336/58/337  (45%/7%/46%)  d4~d7  0.4 games/s (avg 0.1)  1.4M nps  ETA 03:24:59
[2026-03-29T06:26:17.594] [INFO] [selfplay:0] [SelfPlay] 732/2500 (29%)  pos=54556  W/D/B=337/58/337  (46%/7%/46%)  d4~d7  0.3 games/s (avg 0.1)  1.4M nps  ETA 03:25:00
[2026-03-29T06:26:21.363] [INFO] [selfplay:0] [SelfPlay] 733/2500 (29%)  pos=54620  W/D/B=337/58/338  (45%/7%/46%)  d4~d7  0.5 games/s (avg 0.1)  1.4M nps  ETA 03:24:36
[2026-03-29T06:26:29.115] [INFO] [selfplay:0] [SelfPlay] 734/2500 (29%)  pos=54691  W/D/B=338/58/338  (46%/7%/46%)  d4~d7  0.4 games/s (avg 0.1)  1.4M nps  ETA 03:24:17
[2026-03-29T06:26:29.208] [INFO] [selfplay:0] [SelfPlay] 735/2500 (29%)  pos=54732  W/D/B=338/58/339  (45%/7%/46%)  d4~d7  0.4 games/s (avg 0.1)  1.4M nps  ETA 03:24:20
[2026-03-29T06:26:41.697] [INFO] [selfplay:0] [SelfPlay] 736/2500 (29%)  pos=54770  W/D/B=339/58/339  (46%/7%/46%)  d4~d7  1.9 games/s (avg 0.1)  1.4M nps  ETA 03:23:43
[2026-03-29T06:26:41.889] [INFO] [selfplay:0] [SelfPlay] 737/2500 (29%)  pos=54796  W/D/B=340/58/339  (46%/7%/45%)  d4~d7  1.8 games/s (avg 0.1)  1.4M nps  ETA 03:24:03
[2026-03-29T06:26:47.711] [INFO] [selfplay:0] [SelfPlay] 738/2500 (29%)  pos=54929  W/D/B=340/59/339  (46%/7%/45%)  d4~d7  2.3 games/s (avg 0.1)  1.4M nps  ETA 03:23:34
[2026-03-29T06:26:57.879] [INFO] [selfplay:0] [SelfPlay] 739/2500 (29%)  pos=55011  W/D/B=340/59/340  (46%/7%/46%)  d4~d7  2.1 games/s (avg 0.1)  1.4M nps  ETA 03:23:20
[2026-03-29T06:27:02.520] [INFO] [selfplay:0] [SelfPlay] 740/2500 (29%)  pos=55101  W/D/B=340/59/341  (45%/7%/46%)  d4~d7  2.0 games/s (avg 0.1)  1.4M nps  ETA 03:23:27
[2026-03-29T06:27:24.128] [INFO] [selfplay:0] [SelfPlay] 741/2500 (29%)  pos=55214  W/D/B=340/59/342  (45%/7%/46%)  d4~d7  1.7 games/s (avg 0.1)  1.4M nps  ETA 03:22:57
[2026-03-29T06:27:35.352] [INFO] [selfplay:0] [SelfPlay] 742/2500 (29%)  pos=55348  W/D/B=340/60/342  (45%/8%/46%)  d4~d7  1.6 games/s (avg 0.1)  1.4M nps  ETA 03:23:35
[2026-03-29T06:27:43.409] [INFO] [selfplay:0] [SelfPlay] 743/2500 (29%)  pos=55389  W/D/B=340/60/343  (45%/8%/46%)  d4~d7  1.5 games/s (avg 0.1)  1.4M nps  ETA 03:23:41
[2026-03-29T06:27:44.805] [INFO] [selfplay:0] [SelfPlay] 744/2500 (29%)  pos=55447  W/D/B=340/60/344  (45%/8%/46%)  d4~d7  1.4 games/s (avg 0.1)  1.4M nps  ETA 03:23:43
[2026-03-29T06:27:50.495] [INFO] [selfplay:0] [SelfPlay] 745/2500 (29%)  pos=55489  W/D/B=341/60/344  (45%/8%/46%)  d4~d7  1.3 games/s (avg 0.1)  1.4M nps  ETA 03:23:20
[2026-03-29T06:27:52.205] [INFO] [selfplay:0] [SelfPlay] 746/2500 (29%)  pos=55535  W/D/B=342/60/344  (45%/8%/46%)  d4~d7  1.1 games/s (avg 0.1)  1.4M nps  ETA 03:23:13
[2026-03-29T06:27:57.462] [INFO] [selfplay:0] [SelfPlay] 747/2500 (29%)  pos=55591  W/D/B=342/61/344  (45%/8%/46%)  d4~d7  1.0 games/s (avg 0.1)  1.4M nps  ETA 03:22:51
[2026-03-29T06:28:02.092] [INFO] [selfplay:0] [SelfPlay] 748/2500 (29%)  pos=55671  W/D/B=343/61/344  (45%/8%/45%)  d4~d7  0.9 games/s (avg 0.1)  1.4M nps  ETA 03:22:40
[2026-03-29T06:28:12.972] [INFO] [selfplay:0] [SelfPlay] 749/2500 (29%)  pos=55783  W/D/B=343/61/345  (45%/8%/46%)  d4~d7  0.8 games/s (avg 0.1)  1.4M nps  ETA 03:22:22
[2026-03-29T06:28:14.350] [INFO] [selfplay:0] [SelfPlay] 750/2500 (30%)  pos=55873  W/D/B=343/61/346  (45%/8%/46%)  d4~d7  0.7 games/s (avg 0.1)  1.4M nps  ETA 03:22:34
[2026-03-29T06:28:19.051] [INFO] [selfplay:0] [SelfPlay] 751/2500 (30%)  pos=55920  W/D/B=344/61/346  (45%/8%/46%)  d4~d7  0.7 games/s (avg 0.1)  1.4M nps  ETA 03:22:10
[2026-03-29T06:28:38.868] [INFO] [selfplay:0] [SelfPlay] 752/2500 (30%)  pos=55970  W/D/B=344/61/347  (45%/8%/46%)  d4~d7  0.6 games/s (avg 0.1)  1.4M nps  ETA 03:21:43
[2026-03-29T06:28:44.770] [INFO] [selfplay:0] [SelfPlay] 753/2500 (30%)  pos=56050  W/D/B=344/61/348  (45%/8%/46%)  d4~d7  0.6 games/s (avg 0.1)  1.4M nps  ETA 03:22:20
[2026-03-29T06:28:46.090] [INFO] [selfplay:0] [SelfPlay] 754/2500 (30%)  pos=56164  W/D/B=345/61/348  (45%/8%/46%)  d4~d7  0.5 games/s (avg 0.1)  1.4M nps  ETA 03:22:15
[2026-03-29T06:28:54.937] [INFO] [selfplay:0] [SelfPlay] 755/2500 (30%)  pos=56222  W/D/B=345/61/349  (45%/8%/46%)  d4~d7  0.6 games/s (avg 0.1)  1.4M nps  ETA 03:21:47
[2026-03-29T06:29:10.399] [INFO] [selfplay:0] [SelfPlay] 756/2500 (30%)  pos=56290  W/D/B=346/61/349  (45%/8%/46%)  d4~d7  0.5 games/s (avg 0.1)  1.4M nps  ETA 03:21:39
[2026-03-29T06:29:13.587] [INFO] [selfplay:0] [SelfPlay] 757/2500 (30%)  pos=56472  W/D/B=346/62/349  (45%/8%/46%)  d4~d7  0.4 games/s (avg 0.1)  1.3M nps  ETA 03:22:03
[2026-03-29T06:29:18.723] [INFO] [selfplay:0] [SelfPlay] 758/2500 (30%)  pos=56496  W/D/B=346/62/350  (45%/8%/46%)  d4~d7  0.4 games/s (avg 0.1)  1.3M nps  ETA 03:21:46
[2026-03-29T06:29:25.726] [INFO] [selfplay:0] [SelfPlay] 759/2500 (30%)  pos=56506  W/D/B=347/62/350  (45%/8%/46%)  d4~d7  0.4 games/s (avg 0.1)  1.3M nps  ETA 03:21:33
[2026-03-29T06:29:29.364] [INFO] [selfplay:0] [SelfPlay] 760/2500 (30%)  pos=56732  W/D/B=347/63/350  (45%/8%/46%)  d4~d7  0.3 games/s (avg 0.1)  1.3M nps  ETA 03:21:30
[2026-03-29T06:29:33.596] [INFO] [selfplay:0] [SelfPlay] 761/2500 (30%)  pos=56764  W/D/B=348/63/350  (45%/8%/45%)  d4~d7  0.3 games/s (avg 0.1)  1.3M nps  ETA 03:21:13
[2026-03-29T06:29:34.842] [INFO] [selfplay:0] [SelfPlay] 762/2500 (30%)  pos=56856  W/D/B=348/63/351  (45%/8%/46%)  d4~d7  0.3 games/s (avg 0.1)  1.3M nps  ETA 03:21:04
[2026-03-29T06:29:37.903] [INFO] [selfplay:0] [SelfPlay] 763/2500 (30%)  pos=56896  W/D/B=348/63/352  (45%/8%/46%)  d4~d7  0.4 games/s (avg 0.1)  1.3M nps  ETA 03:20:42
[2026-03-29T06:29:39.453] [INFO] [selfplay:0] [SelfPlay] 764/2500 (30%)  pos=56943  W/D/B=348/63/353  (45%/8%/46%)  d4~d7  0.4 games/s (avg 0.1)  1.3M nps  ETA 03:20:29
[2026-03-29T06:29:45.874] [INFO] [selfplay:0] [SelfPlay] 765/2500 (30%)  pos=56981  W/D/B=348/63/354  (45%/8%/46%)  d4~d7  0.4 games/s (avg 0.1)  1.3M nps  ETA 03:20:04
[2026-03-29T06:29:52.281] [INFO] [selfplay:0] [SelfPlay] 766/2500 (30%)  pos=56984  W/D/B=349/63/354  (45%/8%/46%)  d4~d7  0.4 games/s (avg 0.1)  1.3M nps  ETA 03:19:56
[2026-03-29T06:30:02.951] [INFO] [selfplay:0] [SelfPlay] 767/2500 (30%)  pos=57031  W/D/B=350/63/354  (45%/8%/46%)  d4~d7  0.3 games/s (avg 0.1)  1.3M nps  ETA 03:19:43
[2026-03-29T06:30:04.056] [INFO] [selfplay:0] [SelfPlay] 768/2500 (30%)  pos=57078  W/D/B=350/63/355  (45%/8%/46%)  d4~d7  0.3 games/s (avg 0.1)  1.3M nps  ETA 03:19:55
[2026-03-29T06:30:05.449] [INFO] [selfplay:0] [SelfPlay] 769/2500 (30%)  pos=57202  W/D/B=351/63/355  (45%/8%/46%)  d4~d7  0.4 games/s (avg 0.1)  1.3M nps  ETA 03:19:35
[2026-03-29T06:30:13.753] [INFO] [selfplay:0] [SelfPlay] 770/2500 (30%)  pos=57268  W/D/B=352/63/355  (45%/8%/46%)  d4~d7  0.4 games/s (avg 0.1)  1.3M nps  ETA 03:19:08
[2026-03-29T06:30:21.709] [INFO] [selfplay:0] [SelfPlay] 771/2500 (30%)  pos=57338  W/D/B=352/63/356  (45%/8%/46%)  d4~d7  0.4 games/s (avg 0.1)  1.3M nps  ETA 03:19:05
[2026-03-29T06:30:25.473] [INFO] [selfplay:0] [SelfPlay] 772/2500 (30%)  pos=57379  W/D/B=352/63/357  (45%/8%/46%)  d4~d7  0.4 games/s (avg 0.1)  1.3M nps  ETA 03:19:05
[2026-03-29T06:30:30.193] [INFO] [selfplay:0] [SelfPlay] 773/2500 (30%)  pos=57506  W/D/B=352/63/358  (45%/8%/46%)  d4~d7  0.3 games/s (avg 0.1)  1.3M nps  ETA 03:18:49
[2026-03-29T06:30:30.528] [INFO] [selfplay:0] [SelfPlay] 774/2500 (30%)  pos=57530  W/D/B=352/63/359  (45%/8%/46%)  d4~d7  0.3 games/s (avg 0.1)  1.3M nps  ETA 03:18:42
[2026-03-29T06:30:38.083] [INFO] [selfplay:0] [SelfPlay] 775/2500 (31%)  pos=57637  W/D/B=353/63/359  (45%/8%/46%)  d4~d7  0.7 games/s (avg 0.1)  1.3M nps  ETA 03:18:13
[2026-03-29T06:30:42.727] [INFO] [selfplay:0] [SelfPlay] 776/2500 (31%)  pos=57743  W/D/B=353/63/360  (45%/8%/46%)  d4~d7  0.6 games/s (avg 0.1)  1.3M nps  ETA 03:18:10
[2026-03-29T06:30:47.997] [INFO] [selfplay:0] [SelfPlay] 777/2500 (31%)  pos=57841  W/D/B=354/63/360  (45%/8%/46%)  d4~d7  0.6 games/s (avg 0.1)  1.3M nps  ETA 03:17:59
[2026-03-29T06:30:48.298] [INFO] [selfplay:0] [SelfPlay] 778/2500 (31%)  pos=57882  W/D/B=355/63/360  (45%/8%/46%)  d4~d7  0.5 games/s (avg 0.1)  1.3M nps  ETA 03:17:53
[2026-03-29T06:30:55.659] [INFO] [selfplay:0] [SelfPlay] 779/2500 (31%)  pos=58055  W/D/B=356/63/360  (45%/8%/46%)  d4~d7  0.9 games/s (avg 0.1)  1.3M nps  ETA 03:17:24
[2026-03-29T06:30:56.801] [INFO] [selfplay:0] [SelfPlay] 780/2500 (31%)  pos=58155  W/D/B=357/63/360  (45%/8%/46%)  d4~d7  0.8 games/s (avg 0.1)  1.3M nps  ETA 03:17:25
[2026-03-29T06:31:00.029] [INFO] [selfplay:0] [SelfPlay] 781/2500 (31%)  pos=58156  W/D/B=358/63/360  (45%/8%/46%)  d4~d7  0.8 games/s (avg 0.1)  1.3M nps  ETA 03:17:03
[2026-03-29T06:31:02.253] [INFO] [selfplay:0] [SelfPlay] 782/2500 (31%)  pos=58210  W/D/B=358/63/361  (45%/8%/46%)  d4~d7  0.7 games/s (avg 0.1)  1.3M nps  ETA 03:16:49
[2026-03-29T06:31:07.450] [INFO] [selfplay:0] [SelfPlay] 783/2500 (31%)  pos=58306  W/D/B=358/63/362  (45%/8%/46%)  d4~d7  0.7 games/s (avg 0.1)  1.3M nps  ETA 03:16:29
[2026-03-29T06:31:13.493] [INFO] [selfplay:0] [SelfPlay] 784/2500 (31%)  pos=58349  W/D/B=359/63/362  (45%/8%/46%)  d4~d7  0.6 games/s (avg 0.1)  1.3M nps  ETA 03:16:18
[2026-03-29T06:31:22.869] [INFO] [selfplay:0] [SelfPlay] 785/2500 (31%)  pos=58378  W/D/B=359/63/363  (45%/8%/46%)  d4~d7  0.6 games/s (avg 0.1)  1.3M nps  ETA 03:16:05
[2026-03-29T06:31:31.402] [INFO] [selfplay:0] [SelfPlay] 786/2500 (31%)  pos=58471  W/D/B=360/63/363  (45%/8%/46%)  d4~d7  0.5 games/s (avg 0.1)  1.3M nps  ETA 03:16:06
[2026-03-29T06:31:37.921] [INFO] [selfplay:0] [SelfPlay] 787/2500 (31%)  pos=58545  W/D/B=361/63/363  (45%/8%/46%)  d4~d7  0.4 games/s (avg 0.1)  1.3M nps  ETA 03:16:03
[2026-03-29T06:31:47.643] [INFO] [selfplay:0] [SelfPlay] 788/2500 (31%)  pos=58611  W/D/B=361/63/364  (45%/7%/46%)  d4~d7  0.4 games/s (avg 0.1)  1.3M nps  ETA 03:15:53
[2026-03-29T06:31:59.246] [INFO] [selfplay:0] [SelfPlay] 789/2500 (31%)  pos=58686  W/D/B=362/63/364  (45%/7%/46%)  d4~d7  0.3 games/s (avg 0.1)  1.3M nps  ETA 03:15:51
[2026-03-29T06:32:16.920] [INFO] [selfplay:0] [SelfPlay] 790/2500 (31%)  pos=58829  W/D/B=362/63/365  (45%/7%/46%)  d4~d7  0.3 games/s (avg 0.1)  1.3M nps  ETA 03:15:47
[2026-03-29T06:32:17.692] [INFO] [selfplay:0] [SelfPlay] 791/2500 (31%)  pos=58943  W/D/B=362/63/366  (45%/7%/46%)  d4~d7  0.3 games/s (avg 0.1)  1.3M nps  ETA 03:16:21
[2026-03-29T06:32:20.078] [INFO] [selfplay:0] [SelfPlay] 792/2500 (31%)  pos=59027  W/D/B=362/64/366  (45%/8%/46%)  d4~d7  0.4 games/s (avg 0.1)  1.3M nps  ETA 03:16:00
[2026-03-29T06:32:21.236] [INFO] [selfplay:0] [SelfPlay] 793/2500 (31%)  pos=59032  W/D/B=363/64/366  (45%/8%/46%)  d4~d7  0.4 games/s (avg 0.1)  1.3M nps  ETA 03:15:44
[2026-03-29T06:32:42.142] [INFO] [selfplay:0] [SelfPlay] 794/2500 (31%)  pos=59150  W/D/B=363/65/366  (45%/8%/46%)  d4~d7  0.5 games/s (avg 0.1)  1.3M nps  ETA 03:15:05
[2026-03-29T06:32:53.975] [INFO] [selfplay:0] [SelfPlay] 795/2500 (31%)  pos=59175  W/D/B=364/65/366  (45%/8%/46%)  d4~d7  0.5 games/s (avg 0.1)  1.3M nps  ETA 03:15:37
[2026-03-29T06:33:04.574] [INFO] [selfplay:0] [SelfPlay] 796/2500 (31%)  pos=59267  W/D/B=365/65/366  (45%/8%/45%)  d4~d7  0.4 games/s (avg 0.1)  1.3M nps  ETA 03:15:42
[2026-03-29T06:33:15.906] [INFO] [selfplay:0] [SelfPlay] 797/2500 (31%)  pos=59316  W/D/B=365/65/367  (45%/8%/46%)  d4~d7  0.4 games/s (avg 0.1)  1.3M nps  ETA 03:15:43
[2026-03-29T06:33:27.617] [INFO] [selfplay:0] [SelfPlay] 798/2500 (31%)  pos=59359  W/D/B=365/66/367  (45%/8%/45%)  d4~d7  0.3 games/s (avg 0.1)  1.3M nps  ETA 03:15:44
[2026-03-29T06:33:31.361] [INFO] [selfplay:0] [SelfPlay] 799/2500 (31%)  pos=59457  W/D/B=366/66/367  (45%/8%/45%)  d4~d7  0.3 games/s (avg 0.1)  1.3M nps  ETA 03:15:57
[2026-03-29T06:33:45.467] [INFO] [selfplay:0] [SelfPlay] 800/2500 (32%)  pos=59575  W/D/B=366/66/368  (45%/8%/46%)  d4~d7  0.3 games/s (avg 0.1)  1.3M nps  ETA 03:15:32
[2026-03-29T06:33:52.060] [INFO] [selfplay:0] [SelfPlay] 801/2500 (32%)  pos=59620  W/D/B=367/66/368  (45%/8%/45%)  d4~d7  0.2 games/s (avg 0.1)  1.3M nps  ETA 03:15:47
[2026-03-29T06:34:20.548] [INFO] [selfplay:0] [SelfPlay] 802/2500 (32%)  pos=59708  W/D/B=368/66/368  (45%/8%/45%)  d4~d7  0.2 games/s (avg 0.1)  1.3M nps  ETA 03:15:19
[2026-03-29T06:34:27.669] [INFO] [selfplay:0] [SelfPlay] 803/2500 (32%)  pos=59776  W/D/B=369/66/368  (45%/8%/45%)  d4~d7  0.2 games/s (avg 0.1)  1.3M nps  ETA 03:16:19
[2026-03-29T06:34:36.631] [INFO] [selfplay:0] [SelfPlay] 804/2500 (32%)  pos=59925  W/D/B=369/66/369  (45%/8%/45%)  d4~d7  0.2 games/s (avg 0.1)  1.3M nps  ETA 03:16:10
[2026-03-29T06:34:37.789] [INFO] [selfplay:0] [SelfPlay] 805/2500 (32%)  pos=60018  W/D/B=370/66/369  (45%/8%/45%)  d4~d7  0.2 games/s (avg 0.1)  1.3M nps  ETA 03:16:15
[2026-03-29T06:34:40.836] [INFO] [selfplay:0] [SelfPlay] 806/2500 (32%)  pos=60112  W/D/B=371/66/369  (46%/8%/45%)  d4~d7  0.3 games/s (avg 0.1)  1.3M nps  ETA 03:15:54
[2026-03-29T06:34:41.021] [INFO] [selfplay:0] [SelfPlay] 807/2500 (32%)  pos=60218  W/D/B=371/67/369  (45%/8%/45%)  d4~d7  0.3 games/s (avg 0.1)  1.3M nps  ETA 03:15:42
[2026-03-29T06:34:45.760] [INFO] [selfplay:0] [SelfPlay] 808/2500 (32%)  pos=60243  W/D/B=371/67/370  (45%/8%/45%)  d4~d7  1.1 games/s (avg 0.1)  1.3M nps  ETA 03:15:16
[2026-03-29T06:34:47.555] [INFO] [selfplay:0] [SelfPlay] 809/2500 (32%)  pos=60299  W/D/B=371/67/371  (45%/8%/45%)  d4~d7  0.9 games/s (avg 0.1)  1.3M nps  ETA 03:15:07
[2026-03-29T06:34:52.498] [INFO] [selfplay:0] [SelfPlay] 810/2500 (32%)  pos=60392  W/D/B=372/67/371  (45%/8%/45%)  d4~d7  0.9 games/s (avg 0.1)  1.3M nps  ETA 03:14:48
[2026-03-29T06:35:00.578] [INFO] [selfplay:0] [SelfPlay] 811/2500 (32%)  pos=60494  W/D/B=373/67/371  (45%/8%/45%)  d4~d7  0.8 games/s (avg 0.1)  1.3M nps  ETA 03:14:32
[2026-03-29T06:35:04.032] [INFO] [selfplay:0] [SelfPlay] 812/2500 (32%)  pos=60499  W/D/B=374/67/371  (46%/8%/45%)  d4~d7  0.7 games/s (avg 0.1)  1.3M nps  ETA 03:14:33
[2026-03-29T06:35:05.509] [INFO] [selfplay:0] [SelfPlay] 813/2500 (32%)  pos=60526  W/D/B=374/67/372  (46%/8%/45%)  d4~d7  0.6 games/s (avg 0.1)  1.3M nps  ETA 03:14:21
[2026-03-29T06:35:10.097] [INFO] [selfplay:0] [SelfPlay] 814/2500 (32%)  pos=60564  W/D/B=375/67/372  (46%/8%/45%)  d4~d7  0.6 games/s (avg 0.1)  1.3M nps  ETA 03:13:59
[2026-03-29T06:35:17.718] [INFO] [selfplay:0] [SelfPlay] 815/2500 (32%)  pos=60582  W/D/B=376/67/372  (46%/8%/45%)  d4~d7  0.6 games/s (avg 0.1)  1.3M nps  ETA 03:13:44
[2026-03-29T06:35:18.775] [INFO] [selfplay:0] [SelfPlay] 816/2500 (32%)  pos=60692  W/D/B=376/67/373  (46%/8%/45%)  d4~d7  0.5 games/s (avg 0.1)  1.3M nps  ETA 03:13:46
[2026-03-29T06:35:24.400] [INFO] [selfplay:0] [SelfPlay] 817/2500 (32%)  pos=60741  W/D/B=376/67/374  (46%/8%/45%)  d4~d7  0.6 games/s (avg 0.1)  1.3M nps  ETA 03:13:23
[2026-03-29T06:35:35.982] [INFO] [selfplay:0] [SelfPlay] 818/2500 (32%)  pos=60793  W/D/B=377/67/374  (46%/8%/45%)  d4~d7  0.5 games/s (avg 0.1)  1.3M nps  ETA 03:13:06
[2026-03-29T06:35:36.629] [INFO] [selfplay:0] [SelfPlay] 819/2500 (32%)  pos=60835  W/D/B=378/67/374  (46%/8%/45%)  d4~d7  0.4 games/s (avg 0.1)  1.3M nps  ETA 03:13:20
[2026-03-29T06:35:39.817] [INFO] [selfplay:0] [SelfPlay] 820/2500 (32%)  pos=60844  W/D/B=378/67/375  (46%/8%/45%)  d4~d7  0.6 games/s (avg 0.1)  1.3M nps  ETA 03:12:58
[2026-03-29T06:35:55.190] [INFO] [selfplay:0] [SelfPlay] 821/2500 (32%)  pos=60911  W/D/B=379/67/375  (46%/8%/45%)  d4~d7  0.6 games/s (avg 0.1)  1.3M nps  ETA 03:12:32
[2026-03-29T06:35:56.939] [INFO] [selfplay:0] [SelfPlay] 822/2500 (32%)  pos=60983  W/D/B=380/67/375  (46%/8%/45%)  d4~d7  0.5 games/s (avg 0.1)  1.3M nps  ETA 03:12:55
[2026-03-29T06:36:00.093] [INFO] [selfplay:0] [SelfPlay] 823/2500 (32%)  pos=61004  W/D/B=381/67/375  (46%/8%/45%)  d4~d7  0.5 games/s (avg 0.1)  1.3M nps  ETA 03:12:37
[2026-03-29T06:36:01.011] [INFO] [selfplay:0] [SelfPlay] 824/2500 (32%)  pos=61116  W/D/B=382/67/375  (46%/8%/45%)  d4~d7  0.5 games/s (avg 0.1)  1.3M nps  ETA 03:12:25
[2026-03-29T06:36:18.806] [INFO] [selfplay:0] [SelfPlay] 825/2500 (33%)  pos=61182  W/D/B=383/67/375  (46%/8%/45%)  d4~d7  0.6 games/s (avg 0.1)  1.3M nps  ETA 03:11:48
[2026-03-29T06:36:25.189] [INFO] [selfplay:0] [SelfPlay] 826/2500 (33%)  pos=61218  W/D/B=383/67/376  (46%/8%/45%)  d4~d7  0.5 games/s (avg 0.1)  1.3M nps  ETA 03:12:16
[2026-03-29T06:36:35.680] [INFO] [selfplay:0] [SelfPlay] 827/2500 (33%)  pos=61223  W/D/B=384/67/376  (46%/8%/45%)  d4~d7  0.5 games/s (avg 0.1)  1.3M nps  ETA 03:12:03
[2026-03-29T06:36:38.708] [INFO] [selfplay:0] [SelfPlay] 828/2500 (33%)  pos=61311  W/D/B=385/67/376  (46%/8%/45%)  d4~d7  0.4 games/s (avg 0.1)  1.3M nps  ETA 03:12:11
[2026-03-29T06:36:46.321] [INFO] [selfplay:0] [SelfPlay] 829/2500 (33%)  pos=61343  W/D/B=386/67/376  (46%/8%/45%)  d4~d7  0.4 games/s (avg 0.1)  1.3M nps  ETA 03:11:52
[2026-03-29T06:36:49.464] [INFO] [selfplay:0] [SelfPlay] 830/2500 (33%)  pos=61442  W/D/B=386/67/377  (46%/8%/45%)  d4~d7  0.4 games/s (avg 0.1)  1.3M nps  ETA 03:11:51
[2026-03-29T06:36:52.687] [INFO] [selfplay:0] [SelfPlay] 831/2500 (33%)  pos=61457  W/D/B=386/67/378  (46%/8%/45%)  d4~d7  0.4 games/s (avg 0.1)  1.3M nps  ETA 03:11:36
[2026-03-29T06:37:00.906] [INFO] [selfplay:0] [SelfPlay] 832/2500 (33%)  pos=61520  W/D/B=386/67/379  (46%/8%/45%)  d4~d7  0.3 games/s (avg 0.1)  1.3M nps  ETA 03:11:17
[2026-03-29T06:37:05.255] [INFO] [selfplay:0] [SelfPlay] 833/2500 (33%)  pos=61640  W/D/B=386/67/380  (46%/8%/45%)  d4~d7  0.3 games/s (avg 0.1)  1.3M nps  ETA 03:11:17
[2026-03-29T06:37:13.714] [INFO] [selfplay:0] [SelfPlay] 834/2500 (33%)  pos=61679  W/D/B=386/67/381  (46%/8%/45%)  d4~d7  0.3 games/s (avg 0.1)  1.3M nps  ETA 03:11:00
[2026-03-29T06:37:15.575] [INFO] [selfplay:0] [SelfPlay] 835/2500 (33%)  pos=61871  W/D/B=386/68/381  (46%/8%/45%)  d4~d7  0.3 games/s (avg 0.1)  1.3M nps  ETA 03:11:03
[2026-03-29T06:37:18.344] [INFO] [selfplay:0] [SelfPlay] 836/2500 (33%)  pos=61915  W/D/B=386/68/382  (46%/8%/45%)  d4~d7  0.3 games/s (avg 0.1)  1.3M nps  ETA 03:10:47
[2026-03-29T06:37:19.755] [INFO] [selfplay:0] [SelfPlay] 837/2500 (33%)  pos=61950  W/D/B=387/68/382  (46%/8%/45%)  d4~d7  0.3 games/s (avg 0.1)  1.3M nps  ETA 03:10:31
[2026-03-29T06:37:27.604] [INFO] [selfplay:0] [SelfPlay] 838/2500 (33%)  pos=62010  W/D/B=388/68/382  (46%/8%/45%)  d4~d7  0.4 games/s (avg 0.1)  1.3M nps  ETA 03:10:08
[2026-03-29T06:37:28.744] [INFO] [selfplay:0] [SelfPlay] 839/2500 (33%)  pos=62068  W/D/B=388/68/383  (46%/8%/45%)  d4~d7  0.3 games/s (avg 0.1)  1.3M nps  ETA 03:10:10
[2026-03-29T06:37:37.560] [INFO] [selfplay:0] [SelfPlay] 840/2500 (33%)  pos=62094  W/D/B=389/68/383  (46%/8%/45%)  d4~d7  0.4 games/s (avg 0.1)  1.3M nps  ETA 03:09:44
[2026-03-29T06:37:47.751] [INFO] [selfplay:0] [SelfPlay] 841/2500 (33%)  pos=62125  W/D/B=389/68/384  (46%/8%/45%)  d4~d7  0.4 games/s (avg 0.1)  1.3M nps  ETA 03:09:40
[2026-03-29T06:37:57.494] [INFO] [selfplay:0] [SelfPlay] 842/2500 (33%)  pos=62159  W/D/B=390/68/384  (46%/8%/45%)  d4~d7  0.3 games/s (avg 0.1)  1.3M nps  ETA 03:09:40
[2026-03-29T06:37:57.580] [INFO] [selfplay:0] [SelfPlay] 843/2500 (33%)  pos=62219  W/D/B=390/68/385  (46%/8%/45%)  d4~d7  0.3 games/s (avg 0.1)  1.3M nps  ETA 03:09:47
[2026-03-29T06:38:53.596] [INFO] [selfplay:0] [SelfPlay] 844/2500 (33%)  pos=62264  W/D/B=390/68/386  (46%/8%/45%)  d4~d7  2.0 games/s (avg 0.1)  1.3M nps  ETA 03:08:32
[2026-03-29T06:39:04.220] [INFO] [selfplay:0] [SelfPlay] 845/2500 (33%)  pos=62340  W/D/B=391/68/386  (46%/8%/45%)  d4~d7  1.8 games/s (avg 0.1)  1.3M nps  ETA 03:10:47
[2026-03-29T06:39:05.419] [INFO] [selfplay:0] [SelfPlay] 846/2500 (33%)  pos=62499  W/D/B=391/69/386  (46%/8%/45%)  d4~d7  1.7 games/s (avg 0.1)  1.3M nps  ETA 03:10:57
[2026-03-29T06:39:06.388] [INFO] [selfplay:0] [SelfPlay] 847/2500 (33%)  pos=62530  W/D/B=392/69/386  (46%/8%/45%)  d4~d7  1.6 games/s (avg 0.1)  1.3M nps  ETA 03:10:39
[2026-03-29T06:39:09.077] [INFO] [selfplay:0] [SelfPlay] 848/2500 (33%)  pos=62552  W/D/B=392/69/387  (46%/8%/45%)  d4~d7  1.5 games/s (avg 0.1)  1.3M nps  ETA 03:10:18
[2026-03-29T06:39:21.291] [INFO] [selfplay:0] [SelfPlay] 849/2500 (33%)  pos=62751  W/D/B=392/70/387  (46%/8%/45%)  d4~d7  1.3 games/s (avg 0.1)  1.3M nps  ETA 03:09:54
[2026-03-29T06:39:23.482] [INFO] [selfplay:0] [SelfPlay] 850/2500 (34%)  pos=62760  W/D/B=393/70/387  (46%/8%/45%)  d4~d7  1.2 games/s (avg 0.1)  1.3M nps  ETA 03:10:07
[2026-03-29T06:39:29.526] [INFO] [selfplay:0] [SelfPlay] 851/2500 (34%)  pos=62843  W/D/B=394/70/387  (46%/8%/45%)  d4~d7  1.1 games/s (avg 0.1)  1.3M nps  ETA 03:09:47
[2026-03-29T06:39:30.156] [INFO] [selfplay:0] [SelfPlay] 852/2500 (34%)  pos=62904  W/D/B=394/70/388  (46%/8%/45%)  d4~d7  1.0 games/s (avg 0.1)  1.3M nps  ETA 03:09:44
[2026-03-29T06:39:31.456] [INFO] [selfplay:0] [SelfPlay] 853/2500 (34%)  pos=62961  W/D/B=395/70/388  (46%/8%/45%)  d4~d7  1.1 games/s (avg 0.1)  1.3M nps  ETA 03:09:25
[2026-03-29T06:39:37.410] [INFO] [selfplay:0] [SelfPlay] 854/2500 (34%)  pos=63075  W/D/B=396/70/388  (46%/8%/45%)  d4~d7  1.0 games/s (avg 0.1)  1.3M nps  ETA 03:09:02
[2026-03-29T06:39:50.325] [INFO] [selfplay:0] [SelfPlay] 855/2500 (34%)  pos=63110  W/D/B=396/70/389  (46%/8%/45%)  d4~d7  0.9 games/s (avg 0.1)  1.3M nps  ETA 03:08:46
[2026-03-29T06:39:50.649] [INFO] [selfplay:0] [SelfPlay] 856/2500 (34%)  pos=63313  W/D/B=396/71/389  (46%/8%/45%)  d4~d7  0.8 games/s (avg 0.1)  1.3M nps  ETA 03:09:03
[2026-03-29T06:39:56.784] [INFO] [selfplay:0] [SelfPlay] 857/2500 (34%)  pos=63417  W/D/B=397/71/389  (46%/8%/45%)  d4~d7  1.2 games/s (avg 0.1)  1.3M nps  ETA 03:08:38
[2026-03-29T06:40:24.798] [INFO] [selfplay:0] [SelfPlay] 858/2500 (34%)  pos=63508  W/D/B=397/71/390  (46%/8%/45%)  d4~d7  1.0 games/s (avg 0.1)  1.3M nps  ETA 03:08:08
[2026-03-29T06:40:29.846] [INFO] [selfplay:0] [SelfPlay] 859/2500 (34%)  pos=63564  W/D/B=397/71/391  (46%/8%/45%)  d4~d7  0.9 games/s (avg 0.1)  1.3M nps  ETA 03:09:04
[2026-03-29T06:40:52.169] [INFO] [selfplay:0] [SelfPlay] 860/2500 (34%)  pos=63621  W/D/B=398/71/391  (46%/8%/45%)  d4~d7  0.8 games/s (avg 0.1)  1.3M nps  ETA 03:08:37
[2026-03-29T06:40:53.390] [INFO] [selfplay:0] [SelfPlay] 861/2500 (34%)  pos=63758  W/D/B=398/71/392  (46%/8%/45%)  d4~d7  0.8 games/s (avg 0.1)  1.3M nps  ETA 03:09:20
[2026-03-29T06:40:58.341] [INFO] [selfplay:0] [SelfPlay] 862/2500 (34%)  pos=63785  W/D/B=398/71/393  (46%/8%/45%)  d4~d7  0.8 games/s (avg 0.1)  1.3M nps  ETA 03:08:59
[2026-03-29T06:40:58.751] [INFO] [selfplay:0] [SelfPlay] 863/2500 (34%)  pos=63809  W/D/B=398/71/394  (46%/8%/45%)  d4~d7  0.7 games/s (avg 0.1)  1.3M nps  ETA 03:08:52
[2026-03-29T06:41:14.997] [INFO] [selfplay:0] [SelfPlay] 864/2500 (34%)  pos=63833  W/D/B=399/71/394  (46%/8%/45%)  d4~d7  1.0 games/s (avg 0.1)  1.3M nps  ETA 03:08:18
[2026-03-29T06:41:15.275] [INFO] [selfplay:0] [SelfPlay] 865/2500 (34%)  pos=63925  W/D/B=400/71/394  (46%/8%/45%)  d4~d7  0.9 games/s (avg 0.1)  1.3M nps  ETA 03:08:44
[2026-03-29T06:41:19.089] [INFO] [selfplay:0] [SelfPlay] 866/2500 (34%)  pos=63991  W/D/B=400/71/395  (46%/8%/45%)  d4~d7  1.3 games/s (avg 0.1)  1.3M nps  ETA 03:08:21
[2026-03-29T06:41:22.162] [INFO] [selfplay:0] [SelfPlay] 867/2500 (34%)  pos=64177  W/D/B=401/71/395  (46%/8%/45%)  d4~d7  1.1 games/s (avg 0.1)  1.3M nps  ETA 03:08:09
[2026-03-29T06:41:27.533] [INFO] [selfplay:0] [SelfPlay] 868/2500 (34%)  pos=64294  W/D/B=401/71/396  (46%/8%/45%)  d4~d7  1.0 games/s (avg 0.1)  1.3M nps  ETA 03:07:53
[2026-03-29T06:41:28.120] [INFO] [selfplay:0] [SelfPlay] 869/2500 (34%)  pos=64376  W/D/B=402/71/396  (46%/8%/45%)  d4~d7  0.9 games/s (avg 0.1)  1.3M nps  ETA 03:07:47
[2026-03-29T06:41:37.494] [INFO] [selfplay:0] [SelfPlay] 870/2500 (34%)  pos=64483  W/D/B=402/71/397  (46%/8%/45%)  d4~d7  1.0 games/s (avg 0.1)  1.3M nps  ETA 03:07:20
[2026-03-29T06:41:38.237] [INFO] [selfplay:0] [SelfPlay] 871/2500 (34%)  pos=64590  W/D/B=402/71/398  (46%/8%/45%)  d4~d7  0.9 games/s (avg 0.1)  1.3M nps  ETA 03:07:26
[2026-03-29T06:41:49.661] [INFO] [selfplay:0] [SelfPlay] 872/2500 (34%)  pos=64679  W/D/B=402/71/399  (46%/8%/45%)  d4~d7  0.9 games/s (avg 0.1)  1.3M nps  ETA 03:06:57
[2026-03-29T06:41:50.950] [INFO] [selfplay:0] [SelfPlay] 873/2500 (34%)  pos=64787  W/D/B=403/71/399  (46%/8%/45%)  d4~d7  0.9 games/s (avg 0.1)  1.3M nps  ETA 03:07:09
[2026-03-29T06:42:02.567] [INFO] [selfplay:0] [SelfPlay] 874/2500 (34%)  pos=64821  W/D/B=404/71/399  (46%/8%/45%)  d4~d7  0.9 games/s (avg 0.1)  1.3M nps  ETA 03:06:41
[2026-03-29T06:42:04.225] [INFO] [selfplay:0] [SelfPlay] 875/2500 (35%)  pos=64948  W/D/B=405/71/399  (46%/8%/45%)  d4~d7  0.7 games/s (avg 0.1)  1.3M nps  ETA 03:06:54
[2026-03-29T06:42:28.492] [INFO] [selfplay:0] [SelfPlay] 876/2500 (35%)  pos=65015  W/D/B=405/71/400  (46%/8%/45%)  d4~d7  0.7 games/s (avg 0.1)  1.3M nps  ETA 03:06:14
[2026-03-29T06:42:43.274] [INFO] [selfplay:0] [SelfPlay] 877/2500 (35%)  pos=65112  W/D/B=405/71/401  (46%/8%/45%)  d4~d7  0.7 games/s (avg 0.1)  1.3M nps  ETA 03:06:48
[2026-03-29T06:42:46.655] [INFO] [selfplay:0] [SelfPlay] 878/2500 (35%)  pos=65170  W/D/B=406/71/401  (46%/8%/45%)  d4~d7  0.6 games/s (avg 0.1)  1.3M nps  ETA 03:07:07
[2026-03-29T06:42:53.917] [INFO] [selfplay:0] [SelfPlay] 879/2500 (35%)  pos=65213  W/D/B=407/71/401  (46%/8%/45%)  d4~d7  0.5 games/s (avg 0.1)  1.3M nps  ETA 03:06:51
[2026-03-29T06:42:55.950] [INFO] [selfplay:0] [SelfPlay] 880/2500 (35%)  pos=65399  W/D/B=407/72/401  (46%/8%/45%)  d4~d7  0.5 games/s (avg 0.1)  1.3M nps  ETA 03:06:49
[2026-03-29T06:43:00.998] [INFO] [selfplay:0] [SelfPlay] 881/2500 (35%)  pos=65492  W/D/B=408/72/401  (46%/8%/45%)  d4~d7  0.5 games/s (avg 0.1)  1.3M nps  ETA 03:06:30
[2026-03-29T06:43:20.616] [INFO] [selfplay:0] [SelfPlay] 882/2500 (35%)  pos=65574  W/D/B=408/72/402  (46%/8%/45%)  d4~d7  0.4 games/s (avg 0.1)  1.3M nps  ETA 03:06:05
[2026-03-29T06:43:24.194] [INFO] [selfplay:0] [SelfPlay] 883/2500 (35%)  pos=65626  W/D/B=408/72/403  (46%/8%/45%)  d4~d7  0.4 games/s (avg 0.1)  1.3M nps  ETA 03:06:38
[2026-03-29T06:43:26.289] [INFO] [selfplay:0] [SelfPlay] 884/2500 (35%)  pos=65702  W/D/B=408/72/404  (46%/8%/45%)  d4~d7  0.4 games/s (avg 0.1)  1.3M nps  ETA 03:06:26
[2026-03-29T06:43:26.909] [INFO] [selfplay:0] [SelfPlay] 885/2500 (35%)  pos=65774  W/D/B=408/72/405  (46%/8%/45%)  d4~d7  0.4 games/s (avg 0.1)  1.3M nps  ETA 03:06:12
[2026-03-29T06:43:29.563] [INFO] [selfplay:0] [SelfPlay] 886/2500 (35%)  pos=65866  W/D/B=409/72/405  (46%/8%/45%)  d4~d7  0.6 games/s (avg 0.1)  1.3M nps  ETA 03:05:51
[2026-03-29T06:43:30.877] [INFO] [selfplay:0] [SelfPlay] 887/2500 (35%)  pos=65906  W/D/B=410/72/405  (46%/8%/45%)  d4~d7  0.5 games/s (avg 0.1)  1.3M nps  ETA 03:05:39
[2026-03-29T06:43:38.295] [INFO] [selfplay:0] [SelfPlay] 888/2500 (35%)  pos=65980  W/D/B=411/72/405  (46%/8%/45%)  d4~d7  0.6 games/s (avg 0.1)  1.3M nps  ETA 03:05:16
[2026-03-29T06:43:38.495] [INFO] [selfplay:0] [SelfPlay] 889/2500 (35%)  pos=66065  W/D/B=411/72/406  (46%/8%/45%)  d4~d7  0.5 games/s (avg 0.1)  1.3M nps  ETA 03:05:17
[2026-03-29T06:43:53.125] [INFO] [selfplay:0] [SelfPlay] 890/2500 (35%)  pos=66165  W/D/B=412/72/406  (46%/8%/45%)  d4~d7  1.2 games/s (avg 0.1)  1.3M nps  ETA 03:04:43
[2026-03-29T06:43:59.148] [INFO] [selfplay:0] [SelfPlay] 891/2500 (35%)  pos=66277  W/D/B=412/73/406  (46%/8%/45%)  d4~d7  1.1 games/s (avg 0.1)  1.3M nps  ETA 03:04:59
[2026-03-29T06:43:59.535] [INFO] [selfplay:0] [SelfPlay] 892/2500 (35%)  pos=66374  W/D/B=413/73/406  (46%/8%/45%)  d4~d7  1.0 games/s (avg 0.1)  1.3M nps  ETA 03:04:56
[2026-03-29T06:44:21.722] [INFO] [selfplay:0] [SelfPlay] 893/2500 (35%)  pos=66437  W/D/B=413/73/407  (46%/8%/45%)  d4~d7  1.2 games/s (avg 0.1)  1.3M nps  ETA 03:04:15
[2026-03-29T06:44:22.824] [INFO] [selfplay:0] [SelfPlay] 894/2500 (35%)  pos=66571  W/D/B=414/73/407  (46%/8%/45%)  d4~d7  1.1 games/s (avg 0.1)  1.3M nps  ETA 03:04:57
[2026-03-29T06:44:24.404] [INFO] [selfplay:0] [SelfPlay] 895/2500 (35%)  pos=66693  W/D/B=414/73/408  (46%/8%/45%)  d4~d7  1.1 games/s (avg 0.1)  1.3M nps  ETA 03:04:40
[2026-03-29T06:44:54.596] [INFO] [selfplay:0] [SelfPlay] 896/2500 (35%)  pos=66740  W/D/B=414/73/409  (46%/8%/45%)  d4~d7  1.0 games/s (avg 0.1)  1.3M nps  ETA 03:03:53
[2026-03-29T06:45:05.484] [INFO] [selfplay:0] [SelfPlay] 897/2500 (35%)  pos=66853  W/D/B=415/73/409  (46%/8%/45%)  d4~d7  0.9 games/s (avg 0.1)  1.3M nps  ETA 03:04:49
[2026-03-29T06:45:06.087] [INFO] [selfplay:0] [SelfPlay] 898/2500 (35%)  pos=66936  W/D/B=415/73/410  (46%/8%/45%)  d4~d7  0.9 games/s (avg 0.1)  1.3M nps  ETA 03:04:58
[2026-03-29T06:45:06.527] [INFO] [selfplay:0] [SelfPlay] 899/2500 (35%)  pos=66997  W/D/B=416/73/410  (46%/8%/45%)  d4~d7  1.0 games/s (avg 0.1)  1.3M nps  ETA 03:04:41
[2026-03-29T06:45:12.990] [INFO] [selfplay:0] [SelfPlay] 900/2500 (36%)  pos=67037  W/D/B=416/73/411  (46%/8%/45%)  d4~d7  1.2 games/s (avg 0.1)  1.3M nps  ETA 03:04:16
[2026-03-29T06:45:15.852] [INFO] [selfplay:0] [SelfPlay] 901/2500 (36%)  pos=67074  W/D/B=416/73/412  (46%/8%/45%)  d4~d7  1.0 games/s (avg 0.1)  1.3M nps  ETA 03:04:12
[2026-03-29T06:45:19.955] [INFO] [selfplay:0] [SelfPlay] 902/2500 (36%)  pos=67168  W/D/B=416/73/413  (46%/8%/45%)  d4~d7  0.9 games/s (avg 0.1)  1.3M nps  ETA 03:03:57
[2026-03-29T06:45:26.833] [INFO] [selfplay:0] [SelfPlay] 903/2500 (36%)  pos=67281  W/D/B=417/73/413  (46%/8%/45%)  d4~d7  0.8 games/s (avg 0.1)  1.3M nps  ETA 03:03:42
[2026-03-29T06:45:27.015] [INFO] [selfplay:0] [SelfPlay] 904/2500 (36%)  pos=67325  W/D/B=418/73/413  (46%/8%/45%)  d4~d7  0.7 games/s (avg 0.1)  1.3M nps  ETA 03:03:42
[2026-03-29T06:45:30.431] [INFO] [selfplay:0] [SelfPlay] 905/2500 (36%)  pos=67443  W/D/B=419/73/413  (46%/8%/45%)  d4~d7  1.4 games/s (avg 0.1)  1.3M nps  ETA 03:03:20
[2026-03-29T06:45:38.150] [INFO] [selfplay:0] [SelfPlay] 906/2500 (36%)  pos=67561  W/D/B=419/73/414  (46%/8%/45%)  d4~d7  1.3 games/s (avg 0.1)  1.3M nps  ETA 03:03:02
[2026-03-29T06:45:41.479] [INFO] [selfplay:0] [SelfPlay] 907/2500 (36%)  pos=67681  W/D/B=419/73/415  (46%/8%/45%)  d4~d7  1.1 games/s (avg 0.1)  1.3M nps  ETA 03:03:02
[2026-03-29T06:46:05.487] [INFO] [selfplay:0] [SelfPlay] 908/2500 (36%)  pos=67752  W/D/B=419/73/416  (46%/8%/45%)  d4~d7  1.0 games/s (avg 0.1)  1.3M nps  ETA 03:02:28
[2026-03-29T06:46:17.587] [INFO] [selfplay:0] [SelfPlay] 909/2500 (36%)  pos=67815  W/D/B=419/73/417  (46%/8%/45%)  d4~d7  0.9 games/s (avg 0.1)  1.3M nps  ETA 03:03:02
[2026-03-29T06:46:32.216] [INFO] [selfplay:0] [SelfPlay] 910/2500 (36%)  pos=67873  W/D/B=419/73/418  (46%/8%/45%)  d4~d7  0.8 games/s (avg 0.1)  1.3M nps  ETA 03:03:03
[2026-03-29T06:46:40.357] [INFO] [selfplay:0] [SelfPlay] 911/2500 (36%)  pos=67962  W/D/B=419/73/419  (45%/8%/45%)  d4~d7  0.8 games/s (avg 0.1)  1.3M nps  ETA 03:03:15
[2026-03-29T06:47:01.509] [INFO] [selfplay:0] [SelfPlay] 912/2500 (36%)  pos=68018  W/D/B=420/73/419  (46%/8%/45%)  d4~d7  0.7 games/s (avg 0.1)  1.3M nps  ETA 03:02:58
[2026-03-29T06:47:29.841] [INFO] [selfplay:0] [SelfPlay] 913/2500 (36%)  pos=68095  W/D/B=420/73/420  (46%/7%/46%)  d4~d7  0.6 games/s (avg 0.1)  1.3M nps  ETA 03:03:07
[2026-03-29T06:47:40.250] [INFO] [selfplay:0] [SelfPlay] 914/2500 (36%)  pos=68143  W/D/B=420/73/421  (45%/7%/46%)  d4~d7  0.6 games/s (avg 0.1)  1.3M nps  ETA 03:03:57
[2026-03-29T06:47:44.999] [INFO] [selfplay:0] [SelfPlay] 915/2500 (36%)  pos=68183  W/D/B=420/73/422  (45%/7%/46%)  d4~d7  0.5 games/s (avg 0.1)  1.3M nps  ETA 03:04:01
[2026-03-29T06:47:47.216] [INFO] [selfplay:0] [SelfPlay] 916/2500 (36%)  pos=68259  W/D/B=420/73/423  (45%/7%/46%)  d4~d7  0.5 games/s (avg 0.1)  1.3M nps  ETA 03:03:53
[2026-03-29T06:47:50.202] [INFO] [selfplay:0] [SelfPlay] 917/2500 (36%)  pos=68380  W/D/B=421/73/423  (45%/7%/46%)  d4~d7  0.5 games/s (avg 0.1)  1.3M nps  ETA 03:03:37
[2026-03-29T06:47:51.106] [INFO] [selfplay:0] [SelfPlay] 918/2500 (36%)  pos=68493  W/D/B=421/74/423  (45%/8%/46%)  d4~d7  0.4 games/s (avg 0.1)  1.3M nps  ETA 03:03:25
[2026-03-29T06:48:02.143] [INFO] [selfplay:0] [SelfPlay] 919/2500 (36%)  pos=68522  W/D/B=421/74/424  (45%/8%/46%)  d4~d7  0.5 games/s (avg 0.1)  1.3M nps  ETA 03:02:57
[2026-03-29T06:48:05.553] [INFO] [selfplay:0] [SelfPlay] 920/2500 (36%)  pos=68615  W/D/B=421/74/425  (45%/8%/46%)  d4~d7  0.5 games/s (avg 0.1)  1.3M nps  ETA 03:03:04
[2026-03-29T06:48:08.528] [INFO] [selfplay:0] [SelfPlay] 921/2500 (36%)  pos=68649  W/D/B=421/74/426  (45%/8%/46%)  d4~d7  0.4 games/s (avg 0.1)  1.3M nps  ETA 03:02:53
[2026-03-29T06:48:08.693] [INFO] [selfplay:0] [SelfPlay] 922/2500 (36%)  pos=68777  W/D/B=421/74/427  (45%/8%/46%)  d4~d7  0.4 games/s (avg 0.1)  1.3M nps  ETA 03:02:41
[2026-03-29T06:48:18.757] [INFO] [selfplay:0] [SelfPlay] 923/2500 (36%)  pos=69013  W/D/B=421/75/427  (45%/8%/46%)  d4~d7  1.3 games/s (avg 0.1)  1.3M nps  ETA 03:02:13
[2026-03-29T06:48:30.689] [INFO] [selfplay:0] [SelfPlay] 924/2500 (36%)  pos=69219  W/D/B=421/76/427  (45%/8%/46%)  d4~d7  1.2 games/s (avg 0.1)  1.3M nps  ETA 03:02:09
[2026-03-29T06:48:35.844] [INFO] [selfplay:0] [SelfPlay] 925/2500 (37%)  pos=69224  W/D/B=422/76/427  (45%/8%/46%)  d4~d7  1.1 games/s (avg 0.1)  1.3M nps  ETA 03:02:18
[2026-03-29T06:48:39.604] [INFO] [selfplay:0] [SelfPlay] 926/2500 (37%)  pos=69378  W/D/B=422/77/427  (45%/8%/46%)  d4~d7  1.0 games/s (avg 0.1)  1.3M nps  ETA 03:02:09
[2026-03-29T06:48:56.338] [INFO] [selfplay:0] [SelfPlay] 927/2500 (37%)  pos=69412  W/D/B=422/77/428  (45%/8%/46%)  d4~d7  0.8 games/s (avg 0.1)  1.3M nps  ETA 03:01:45
[2026-03-29T06:49:06.205] [INFO] [selfplay:0] [SelfPlay] 928/2500 (37%)  pos=69442  W/D/B=423/77/428  (45%/8%/46%)  d4~d7  0.8 games/s (avg 0.1)  1.3M nps  ETA 03:02:00
[2026-03-29T06:49:19.845] [INFO] [selfplay:0] [SelfPlay] 929/2500 (37%)  pos=69499  W/D/B=423/77/429  (45%/8%/46%)  d4~d7  0.7 games/s (avg 0.1)  1.3M nps  ETA 03:01:54
[2026-03-29T06:49:31.330] [INFO] [selfplay:0] [SelfPlay] 930/2500 (37%)  pos=69578  W/D/B=424/77/429  (45%/8%/46%)  d4~d7  0.6 games/s (avg 0.1)  1.3M nps  ETA 03:02:02
[2026-03-29T06:49:53.663] [INFO] [selfplay:0] [SelfPlay] 931/2500 (37%)  pos=69637  W/D/B=424/77/430  (45%/8%/46%)  d4~d7  0.5 games/s (avg 0.1)  1.3M nps  ETA 03:01:50
[2026-03-29T06:49:58.298] [INFO] [selfplay:0] [SelfPlay] 932/2500 (37%)  pos=69712  W/D/B=424/77/431  (45%/8%/46%)  d4~d7  0.5 games/s (avg 0.1)  1.3M nps  ETA 03:02:28
[2026-03-29T06:50:03.783] [INFO] [selfplay:0] [SelfPlay] 933/2500 (37%)  pos=69750  W/D/B=425/77/431  (45%/8%/46%)  d4~d7  0.4 games/s (avg 0.1)  1.3M nps  ETA 03:02:15
[2026-03-29T06:50:07.332] [INFO] [selfplay:0] [SelfPlay] 934/2500 (37%)  pos=69857  W/D/B=426/77/431  (45%/8%/46%)  d4~d7  0.4 games/s (avg 0.1)  1.3M nps  ETA 03:02:09
[2026-03-29T06:50:07.536] [INFO] [selfplay:0] [SelfPlay] 935/2500 (37%)  pos=69903  W/D/B=426/77/432  (45%/8%/46%)  d4~d7  0.4 games/s (avg 0.1)  1.3M nps  ETA 03:01:59
[2026-03-29T06:50:17.650] [INFO] [selfplay:0] [SelfPlay] 936/2500 (37%)  pos=69951  W/D/B=426/78/432  (45%/8%/46%)  d4~d7  1.1 games/s (avg 0.1)  1.3M nps  ETA 03:01:30
[2026-03-29T06:50:28.139] [INFO] [selfplay:0] [SelfPlay] 937/2500 (37%)  pos=70001  W/D/B=426/78/433  (45%/8%/46%)  d4~d7  1.0 games/s (avg 0.1)  1.3M nps  ETA 03:01:29
[2026-03-29T06:50:31.665] [INFO] [selfplay:0] [SelfPlay] 938/2500 (37%)  pos=70039  W/D/B=426/78/434  (45%/8%/46%)  d4~d7  0.9 games/s (avg 0.1)  1.3M nps  ETA 03:01:34
[2026-03-29T06:50:32.465] [INFO] [selfplay:0] [SelfPlay] 939/2500 (37%)  pos=70099  W/D/B=427/78/434  (45%/8%/46%)  d4~d7  0.8 games/s (avg 0.1)  1.3M nps  ETA 03:01:25
[2026-03-29T06:51:02.705] [INFO] [selfplay:0] [SelfPlay] 940/2500 (37%)  pos=70191  W/D/B=428/78/434  (45%/8%/46%)  d4~d7  0.9 games/s (avg 0.1)  1.3M nps  ETA 03:00:37
[2026-03-29T06:51:23.760] [INFO] [selfplay:0] [SelfPlay] 941/2500 (37%)  pos=70223  W/D/B=429/78/434  (45%/8%/46%)  d4~d7  0.8 games/s (avg 0.1)  1.3M nps  ETA 03:01:19
[2026-03-29T06:51:27.935] [INFO] [selfplay:0] [SelfPlay] 942/2500 (37%)  pos=70254  W/D/B=430/78/434  (45%/8%/46%)  d4~d7  0.8 games/s (avg 0.1)  1.3M nps  ETA 03:01:52
[2026-03-29T06:51:30.798] [INFO] [selfplay:0] [SelfPlay] 943/2500 (37%)  pos=70316  W/D/B=431/78/434  (45%/8%/46%)  d4~d7  0.7 games/s (avg 0.1)  1.3M nps  ETA 03:01:41
[2026-03-29T06:51:30.933] [INFO] [selfplay:0] [SelfPlay] 944/2500 (37%)  pos=70387  W/D/B=432/78/434  (45%/8%/45%)  d4~d7  0.6 games/s (avg 0.1)  1.3M nps  ETA 03:01:30
[2026-03-29T06:51:32.151] [INFO] [selfplay:0] [SelfPlay] 945/2500 (37%)  pos=70495  W/D/B=432/79/434  (45%/8%/45%)  d4~d7  1.6 games/s (avg 0.1)  1.3M nps  ETA 03:01:11
[2026-03-29T06:51:37.314] [INFO] [selfplay:0] [SelfPlay] 946/2500 (37%)  pos=70555  W/D/B=432/79/435  (45%/8%/45%)  d4~d7  1.5 games/s (avg 0.1)  1.3M nps  ETA 03:00:51
[2026-03-29T06:51:49.891] [INFO] [selfplay:0] [SelfPlay] 947/2500 (37%)  pos=70749  W/D/B=433/79/435  (45%/8%/45%)  d4~d7  1.3 games/s (avg 0.1)  1.3M nps  ETA 03:00:33
[2026-03-29T06:52:04.943] [INFO] [selfplay:0] [SelfPlay] 948/2500 (37%)  pos=70775  W/D/B=433/79/436  (45%/8%/45%)  d4~d7  1.2 games/s (avg 0.1)  1.3M nps  ETA 03:00:33
[2026-03-29T06:52:08.726] [INFO] [selfplay:0] [SelfPlay] 949/2500 (37%)  pos=70823  W/D/B=434/79/436  (45%/8%/45%)  d4~d7  1.1 games/s (avg 0.1)  1.3M nps  ETA 03:00:50
[2026-03-29T06:52:16.704] [INFO] [selfplay:0] [SelfPlay] 950/2500 (38%)  pos=70919  W/D/B=435/79/436  (45%/8%/45%)  d4~d7  1.0 games/s (avg 0.1)  1.3M nps  ETA 03:00:34
[2026-03-29T06:52:21.429] [INFO] [selfplay:0] [SelfPlay] 951/2500 (38%)  pos=71001  W/D/B=436/79/436  (45%/8%/45%)  d4~d7  0.9 games/s (avg 0.1)  1.3M nps  ETA 03:00:32
[2026-03-29T06:52:32.142] [INFO] [selfplay:0] [SelfPlay] 952/2500 (38%)  pos=71141  W/D/B=436/79/437  (45%/8%/45%)  d4~d7  0.8 games/s (avg 0.1)  1.3M nps  ETA 03:00:15
[2026-03-29T06:52:43.763] [INFO] [selfplay:0] [SelfPlay] 953/2500 (38%)  pos=71153  W/D/B=437/79/437  (45%/8%/45%)  d4~d7  0.7 games/s (avg 0.1)  1.3M nps  ETA 03:00:13
[2026-03-29T06:52:50.265] [INFO] [selfplay:0] [SelfPlay] 954/2500 (38%)  pos=71211  W/D/B=438/79/437  (45%/8%/45%)  d4~d7  0.6 games/s (avg 0.1)  1.3M nps  ETA 03:00:19
[2026-03-29T06:52:56.362] [INFO] [selfplay:0] [SelfPlay] 955/2500 (38%)  pos=71405  W/D/B=438/80/437  (45%/8%/45%)  d4~d7  0.5 games/s (avg 0.1)  1.3M nps  ETA 03:00:11
[2026-03-29T06:52:58.290] [INFO] [selfplay:0] [SelfPlay] 956/2500 (38%)  pos=71508  W/D/B=438/80/438  (45%/8%/45%)  d4~d7  0.5 games/s (avg 0.1)  1.3M nps  ETA 03:00:07
[2026-03-29T06:53:13.027] [INFO] [selfplay:0] [SelfPlay] 957/2500 (38%)  pos=71551  W/D/B=439/80/438  (45%/8%/45%)  d4~d7  0.5 games/s (avg 0.1)  1.3M nps  ETA 02:59:39
[2026-03-29T06:53:30.967] [INFO] [selfplay:0] [SelfPlay] 958/2500 (38%)  pos=71612  W/D/B=440/80/438  (45%/8%/45%)  d4~d7  0.4 games/s (avg 0.1)  1.3M nps  ETA 02:59:41
[2026-03-29T06:53:36.602] [INFO] [selfplay:0] [SelfPlay] 959/2500 (38%)  pos=71653  W/D/B=441/80/438  (45%/8%/45%)  d4~d7  0.4 games/s (avg 0.1)  1.3M nps  ETA 03:00:04
[2026-03-29T06:53:38.439] [INFO] [selfplay:0] [SelfPlay] 960/2500 (38%)  pos=71745  W/D/B=441/80/439  (45%/8%/45%)  d4~d7  0.3 games/s (avg 0.1)  1.3M nps  ETA 02:59:59
[2026-03-29T06:53:38.997] [INFO] [selfplay:0] [SelfPlay] 961/2500 (38%)  pos=71783  W/D/B=441/80/440  (45%/8%/45%)  d4~d7  0.4 games/s (avg 0.1)  1.3M nps  ETA 02:59:44
[2026-03-29T06:53:45.334] [INFO] [selfplay:0] [SelfPlay] 962/2500 (38%)  pos=71814  W/D/B=442/80/440  (45%/8%/45%)  d4~d7  0.6 games/s (avg 0.1)  1.3M nps  ETA 02:59:22
[2026-03-29T06:53:54.422] [INFO] [selfplay:0] [SelfPlay] 963/2500 (38%)  pos=72010  W/D/B=442/81/440  (45%/8%/45%)  d4~d7  0.5 games/s (avg 0.1)  1.3M nps  ETA 02:59:11
[2026-03-29T06:54:17.337] [INFO] [selfplay:0] [SelfPlay] 964/2500 (38%)  pos=72057  W/D/B=442/81/441  (45%/8%/45%)  d4~d7  0.5 games/s (avg 0.1)  1.3M nps  ETA 02:58:53
[2026-03-29T06:54:19.019] [INFO] [selfplay:0] [SelfPlay] 965/2500 (38%)  pos=72153  W/D/B=443/81/441  (45%/8%/45%)  d4~d7  0.4 games/s (avg 0.1)  1.3M nps  ETA 02:59:32
[2026-03-29T06:54:20.690] [INFO] [selfplay:0] [SelfPlay] 966/2500 (38%)  pos=72216  W/D/B=443/81/442  (45%/8%/45%)  d4~d7  0.4 games/s (avg 0.1)  1.3M nps  ETA 02:59:17
[2026-03-29T06:54:33.391] [INFO] [selfplay:0] [SelfPlay] 967/2500 (38%)  pos=72231  W/D/B=444/81/442  (45%/8%/45%)  d4~d7  0.5 games/s (avg 0.1)  1.3M nps  ETA 02:58:51
[2026-03-29T06:54:34.127] [INFO] [selfplay:0] [SelfPlay] 968/2500 (38%)  pos=72440  W/D/B=444/82/442  (45%/8%/45%)  d4~d7  0.4 games/s (avg 0.1)  1.3M nps  ETA 02:59:04
[2026-03-29T06:54:43.745] [INFO] [selfplay:0] [SelfPlay] 969/2500 (38%)  pos=72480  W/D/B=444/82/443  (45%/8%/45%)  d4~d7  0.6 games/s (avg 0.1)  1.3M nps  ETA 02:58:38
[2026-03-29T06:55:01.594] [INFO] [selfplay:0] [SelfPlay] 970/2500 (38%)  pos=72556  W/D/B=444/82/444  (45%/8%/45%)  d4~d7  0.5 games/s (avg 0.1)  1.3M nps  ETA 02:58:28
[2026-03-29T06:55:35.600] [INFO] [selfplay:0] [SelfPlay] 971/2500 (38%)  pos=72608  W/D/B=444/82/445  (45%/8%/45%)  d4~d7  0.4 games/s (avg 0.1)  1.3M nps  ETA 02:58:22
[2026-03-29T06:55:37.184] [INFO] [selfplay:0] [SelfPlay] 972/2500 (38%)  pos=72673  W/D/B=444/82/446  (45%/8%/45%)  d4~d7  0.4 games/s (avg 0.1)  1.3M nps  ETA 02:59:30
[2026-03-29T06:55:45.436] [INFO] [selfplay:0] [SelfPlay] 973/2500 (38%)  pos=72801  W/D/B=444/82/447  (45%/8%/45%)  d4~d7  0.4 games/s (avg 0.1)  1.3M nps  ETA 02:59:07
[2026-03-29T06:55:52.009] [INFO] [selfplay:0] [SelfPlay] 974/2500 (38%)  pos=72953  W/D/B=445/82/447  (45%/8%/45%)  d4~d7  0.4 games/s (avg 0.1)  1.3M nps  ETA 02:59:03
[2026-03-29T06:55:53.974] [INFO] [selfplay:0] [SelfPlay] 975/2500 (39%)  pos=73027  W/D/B=446/82/447  (45%/8%/45%)  d4~d7  0.3 games/s (avg 0.1)  1.3M nps  ETA 02:59:01
[2026-03-29T06:55:59.216] [INFO] [selfplay:0] [SelfPlay] 976/2500 (39%)  pos=73199  W/D/B=447/82/447  (45%/8%/45%)  d4~d7  0.4 games/s (avg 0.1)  1.3M nps  ETA 02:58:43
[2026-03-29T06:56:01.311] [INFO] [selfplay:0] [SelfPlay] 977/2500 (39%)  pos=73269  W/D/B=448/82/447  (45%/8%/45%)  d4~d7  0.3 games/s (avg 0.1)  1.3M nps  ETA 02:58:36
[2026-03-29T06:56:03.714] [INFO] [selfplay:0] [SelfPlay] 978/2500 (39%)  pos=73300  W/D/B=449/82/447  (45%/8%/45%)  d4~d7  0.4 games/s (avg 0.1)  1.3M nps  ETA 02:58:20
[2026-03-29T06:56:06.198] [INFO] [selfplay:0] [SelfPlay] 979/2500 (39%)  pos=73368  W/D/B=450/82/447  (45%/8%/45%)  d4~d7  0.4 games/s (avg 0.1)  1.3M nps  ETA 02:58:07
[2026-03-29T06:56:07.108] [INFO] [selfplay:0] [SelfPlay] 980/2500 (39%)  pos=73407  W/D/B=451/82/447  (46%/8%/45%)  d4~d7  0.4 games/s (avg 0.1)  1.3M nps  ETA 02:57:54
[2026-03-29T06:56:10.887] [INFO] [selfplay:0] [SelfPlay] 981/2500 (39%)  pos=73422  W/D/B=451/83/447  (45%/8%/45%)  d4~d7  0.5 games/s (avg 0.1)  1.3M nps  ETA 02:57:34
[2026-03-29T06:56:16.803] [INFO] [selfplay:0] [SelfPlay] 982/2500 (39%)  pos=73510  W/D/B=451/84/447  (45%/8%/45%)  d4~d7  0.5 games/s (avg 0.1)  1.3M nps  ETA 02:57:20
[2026-03-29T06:56:27.740] [INFO] [selfplay:0] [SelfPlay] 983/2500 (39%)  pos=73634  W/D/B=452/84/447  (45%/8%/45%)  d4~d7  0.4 games/s (avg 0.1)  1.3M nps  ETA 02:57:06
[2026-03-29T06:56:39.229] [INFO] [selfplay:0] [SelfPlay] 984/2500 (39%)  pos=73688  W/D/B=452/85/447  (45%/8%/45%)  d4~d7  0.4 games/s (avg 0.1)  1.3M nps  ETA 02:57:05
[2026-03-29T06:56:41.443] [INFO] [selfplay:0] [SelfPlay] 985/2500 (39%)  pos=73771  W/D/B=452/85/448  (45%/8%/45%)  d4~d7  0.3 games/s (avg 0.1)  1.3M nps  ETA 02:57:14
[2026-03-29T06:57:01.463] [INFO] [selfplay:0] [SelfPlay] 986/2500 (39%)  pos=73869  W/D/B=453/85/448  (45%/8%/45%)  d4~d7  0.3 games/s (avg 0.1)  1.3M nps  ETA 02:56:42
[2026-03-29T06:57:05.944] [INFO] [selfplay:0] [SelfPlay] 987/2500 (39%)  pos=73898  W/D/B=454/85/448  (45%/8%/45%)  d4~d7  0.3 games/s (avg 0.1)  1.3M nps  ETA 02:57:10
[2026-03-29T06:57:15.111] [INFO] [selfplay:0] [SelfPlay] 988/2500 (39%)  pos=73962  W/D/B=455/85/448  (46%/8%/45%)  d4~d7  0.3 games/s (avg 0.1)  1.3M nps  ETA 02:56:55
[2026-03-29T06:57:25.532] [INFO] [selfplay:0] [SelfPlay] 989/2500 (39%)  pos=73999  W/D/B=455/86/448  (46%/8%/45%)  d4~d7  0.3 games/s (avg 0.1)  1.3M nps  ETA 02:56:50
[2026-03-29T06:57:36.794] [INFO] [selfplay:0] [SelfPlay] 990/2500 (39%)  pos=74066  W/D/B=456/86/448  (46%/8%/45%)  d4~d7  0.2 games/s (avg 0.1)  1.3M nps  ETA 02:56:46
[2026-03-29T06:57:36.990] [INFO] [selfplay:0] [SelfPlay] 991/2500 (39%)  pos=74169  W/D/B=457/86/448  (46%/8%/45%)  d4~d7  0.2 games/s (avg 0.1)  1.2M nps  ETA 02:56:58
[2026-03-29T06:57:54.617] [INFO] [selfplay:0] [SelfPlay] 992/2500 (39%)  pos=74224  W/D/B=457/86/449  (46%/8%/45%)  d4~d7  0.9 games/s (avg 0.1)  1.2M nps  ETA 02:56:22
[2026-03-29T06:58:09.754] [INFO] [selfplay:0] [SelfPlay] 993/2500 (39%)  pos=74276  W/D/B=457/86/450  (46%/8%/45%)  d4~d7  0.9 games/s (avg 0.1)  1.3M nps  ETA 02:56:34
[2026-03-29T06:58:12.771] [INFO] [selfplay:0] [SelfPlay] 994/2500 (39%)  pos=74373  W/D/B=457/87/450  (45%/8%/45%)  d4~d7  0.8 games/s (avg 0.1)  1.3M nps  ETA 02:56:52
[2026-03-29T06:58:16.243] [INFO] [selfplay:0] [SelfPlay] 995/2500 (39%)  pos=74456  W/D/B=457/87/451  (45%/8%/45%)  d4~d7  0.7 games/s (avg 0.1)  1.3M nps  ETA 02:56:38
[2026-03-29T06:58:16.622] [INFO] [selfplay:0] [SelfPlay] 996/2500 (39%)  pos=74501  W/D/B=458/87/451  (45%/8%/45%)  d4~d7  0.7 games/s (avg 0.1)  1.3M nps  ETA 02:56:28
[2026-03-29T06:58:18.147] [INFO] [selfplay:0] [SelfPlay] 997/2500 (39%)  pos=74641  W/D/B=458/87/452  (45%/8%/45%)  d4~d7  1.0 games/s (avg 0.1)  1.3M nps  ETA 02:56:11
[2026-03-29T06:58:23.001] [INFO] [selfplay:0] [SelfPlay] 998/2500 (39%)  pos=74735  W/D/B=459/87/452  (45%/8%/45%)  d4~d7  0.9 games/s (avg 0.1)  1.3M nps  ETA 02:55:52
[2026-03-29T06:58:23.380] [INFO] [selfplay:0] [SelfPlay] 999/2500 (39%)  pos=74813  W/D/B=460/87/452  (46%/8%/45%)  d4~d7  0.8 games/s (avg 0.1)  1.3M nps  ETA 02:55:46
[2026-03-29T06:58:41.733] [INFO] [selfplay:0] [SelfPlay] 1000/2500 (40%)  pos=74856  W/D/B=461/87/452  (46%/8%/45%)  d4~d7  1.1 games/s (avg 0.1)  1.3M nps  ETA 02:55:10
[2026-03-29T06:59:03.715] [INFO] [selfplay:0] [SelfPlay] 1001/2500 (40%)  pos=74861  W/D/B=462/87/452  (46%/8%/45%)  d4~d7  1.0 games/s (avg 0.1)  1.3M nps  ETA 02:55:17
[2026-03-29T06:59:23.550] [INFO] [selfplay:0] [SelfPlay] 1002/2500 (40%)  pos=74907  W/D/B=463/87/452  (46%/8%/45%)  d4~d7  0.9 games/s (avg 0.1)  1.3M nps  ETA 02:55:36
[2026-03-29T06:59:24.314] [INFO] [selfplay:0] [SelfPlay] 1003/2500 (40%)  pos=75014  W/D/B=463/88/452  (46%/8%/45%)  d4~d7  0.9 games/s (avg 0.1)  1.3M nps  ETA 02:56:06
[2026-03-29T06:59:30.144] [INFO] [selfplay:0] [SelfPlay] 1004/2500 (40%)  pos=75052  W/D/B=464/88/452  (46%/8%/45%)  d4~d7  0.9 games/s (avg 0.1)  1.3M nps  ETA 02:55:44
[2026-03-29T06:59:41.235] [INFO] [selfplay:0] [SelfPlay] 1005/2500 (40%)  pos=75113  W/D/B=464/89/452  (46%/8%/44%)  d4~d7  0.8 games/s (avg 0.1)  1.3M nps  ETA 02:55:30
[2026-03-29T06:59:45.299] [INFO] [selfplay:0] [SelfPlay] 1006/2500 (40%)  pos=75272  W/D/B=464/90/452  (46%/8%/44%)  d4~d7  0.7 games/s (avg 0.1)  1.3M nps  ETA 02:55:36
[2026-03-29T06:59:50.338] [INFO] [selfplay:0] [SelfPlay] 1007/2500 (40%)  pos=75354  W/D/B=464/90/453  (46%/8%/44%)  d4~d7  0.6 games/s (avg 0.1)  1.3M nps  ETA 02:55:24
[2026-03-29T06:59:53.599] [INFO] [selfplay:0] [SelfPlay] 1008/2500 (40%)  pos=75402  W/D/B=465/90/453  (46%/8%/44%)  d4~d7  0.6 games/s (avg 0.1)  1.3M nps  ETA 02:55:15
[2026-03-29T07:00:00.922] [INFO] [selfplay:0] [SelfPlay] 1009/2500 (40%)  pos=75446  W/D/B=465/90/454  (46%/8%/44%)  d4~d7  0.5 games/s (avg 0.1)  1.3M nps  ETA 02:54:59
[2026-03-29T07:00:06.063] [INFO] [selfplay:0] [SelfPlay] 1010/2500 (40%)  pos=75488  W/D/B=465/90/455  (46%/8%/45%)  d4~d7  0.5 games/s (avg 0.1)  1.3M nps  ETA 02:54:54
[2026-03-29T07:00:18.722] [INFO] [selfplay:0] [SelfPlay] 1011/2500 (40%)  pos=75578  W/D/B=465/90/456  (45%/8%/45%)  d4~d7  0.4 games/s (avg 0.1)  1.3M nps  ETA 02:54:37
[2026-03-29T07:00:45.091] [INFO] [selfplay:0] [SelfPlay] 1012/2500 (40%)  pos=75636  W/D/B=465/90/457  (45%/8%/45%)  d4~d7  0.4 games/s (avg 0.1)  1.3M nps  ETA 02:54:25
[2026-03-29T07:00:46.191] [INFO] [selfplay:0] [SelfPlay] 1013/2500 (40%)  pos=75705  W/D/B=465/90/458  (45%/8%/45%)  d4~d7  0.3 games/s (avg 0.1)  1.2M nps  ETA 02:55:11
[2026-03-29T07:00:48.682] [INFO] [selfplay:0] [SelfPlay] 1014/2500 (40%)  pos=75764  W/D/B=466/90/458  (45%/8%/45%)  d4~d7  0.4 games/s (avg 0.1)  1.2M nps  ETA 02:54:53
[2026-03-29T07:00:58.320] [INFO] [selfplay:0] [SelfPlay] 1015/2500 (40%)  pos=75836  W/D/B=466/90/459  (45%/8%/45%)  d4~d7  0.4 games/s (avg 0.1)  1.2M nps  ETA 02:54:34
[2026-03-29T07:01:02.179] [INFO] [selfplay:0] [SelfPlay] 1016/2500 (40%)  pos=75895  W/D/B=466/90/460  (45%/8%/45%)  d4~d7  0.4 games/s (avg 0.1)  1.2M nps  ETA 02:54:35
[2026-03-29T07:01:10.495] [INFO] [selfplay:0] [SelfPlay] 1017/2500 (40%)  pos=76030  W/D/B=466/91/460  (45%/8%/45%)  d4~d7  0.3 games/s (avg 0.1)  1.2M nps  ETA 02:54:19
[2026-03-29T07:01:12.980] [INFO] [selfplay:0] [SelfPlay] 1018/2500 (40%)  pos=76099  W/D/B=467/91/460  (45%/8%/45%)  d4~d7  0.3 games/s (avg 0.1)  1.2M nps  ETA 02:54:19
[2026-03-29T07:01:40.490] [INFO] [selfplay:0] [SelfPlay] 1019/2500 (40%)  pos=76206  W/D/B=467/92/460  (45%/9%/45%)  d4~d7  0.3 games/s (avg 0.1)  1.2M nps  ETA 02:53:42
[2026-03-29T07:02:09.788] [INFO] [selfplay:0] [SelfPlay] 1020/2500 (40%)  pos=76236  W/D/B=468/92/460  (45%/9%/45%)  d4~d7  0.3 games/s (avg 0.1)  1.2M nps  ETA 02:54:01
[2026-03-29T07:02:20.991] [INFO] [selfplay:0] [SelfPlay] 1021/2500 (40%)  pos=76431  W/D/B=468/92/461  (45%/9%/45%)  d4~d7  0.2 games/s (avg 0.1)  1.2M nps  ETA 02:54:45
[2026-03-29T07:02:23.463] [INFO] [selfplay:0] [SelfPlay] 1022/2500 (40%)  pos=76534  W/D/B=469/92/461  (45%/9%/45%)  d4~d7  0.2 games/s (avg 0.1)  1.2M nps  ETA 02:54:53
[2026-03-29T07:02:23.591] [INFO] [selfplay:0] [SelfPlay] 1023/2500 (40%)  pos=76635  W/D/B=470/92/461  (45%/8%/45%)  d4~d7  0.3 games/s (avg 0.1)  1.2M nps  ETA 02:54:40
[2026-03-29T07:02:26.486] [INFO] [selfplay:0] [SelfPlay] 1024/2500 (40%)  pos=76696  W/D/B=471/92/461  (45%/8%/45%)  d4~d7  1.4 games/s (avg 0.1)  1.2M nps  ETA 02:54:22
[2026-03-29T07:02:45.004] [INFO] [selfplay:0] [SelfPlay] 1025/2500 (41%)  pos=76776  W/D/B=472/92/461  (46%/8%/44%)  d4~d7  1.2 games/s (avg 0.1)  1.2M nps  ETA 02:53:52
[2026-03-29T07:02:47.951] [INFO] [selfplay:0] [SelfPlay] 1026/2500 (41%)  pos=76890  W/D/B=473/92/461  (46%/8%/44%)  d4~d7  1.1 games/s (avg 0.1)  1.2M nps  ETA 02:54:17
[2026-03-29T07:02:58.961] [INFO] [selfplay:0] [SelfPlay] 1027/2500 (41%)  pos=76934  W/D/B=474/92/461  (46%/8%/44%)  d4~d7  1.0 games/s (avg 0.1)  1.2M nps  ETA 02:53:56
[2026-03-29T07:03:00.809] [INFO] [selfplay:0] [SelfPlay] 1028/2500 (41%)  pos=76993  W/D/B=475/92/461  (46%/8%/44%)  d4~d7  0.9 games/s (avg 0.1)  1.2M nps  ETA 02:54:04
[2026-03-29T07:03:08.404] [INFO] [selfplay:0] [SelfPlay] 1029/2500 (41%)  pos=77103  W/D/B=475/92/462  (46%/8%/44%)  d4~d7  0.9 games/s (avg 0.1)  1.2M nps  ETA 02:53:44
[2026-03-29T07:03:15.030] [INFO] [selfplay:0] [SelfPlay] 1030/2500 (41%)  pos=77191  W/D/B=475/92/463  (46%/8%/44%)  d4~d7  0.8 games/s (avg 0.1)  1.2M nps  ETA 02:53:38
[2026-03-29T07:03:21.858] [INFO] [selfplay:0] [SelfPlay] 1031/2500 (41%)  pos=77302  W/D/B=475/92/464  (46%/8%/45%)  d4~d7  0.7 games/s (avg 0.1)  1.2M nps  ETA 02:53:30
[2026-03-29T07:03:28.623] [INFO] [selfplay:0] [SelfPlay] 1032/2500 (41%)  pos=77407  W/D/B=475/92/465  (46%/8%/45%)  d4~d7  0.6 games/s (avg 0.1)  1.2M nps  ETA 02:53:23
[2026-03-29T07:03:37.568] [INFO] [selfplay:0] [SelfPlay] 1033/2500 (41%)  pos=77474  W/D/B=475/92/466  (45%/8%/45%)  d4~d7  0.5 games/s (avg 0.1)  1.2M nps  ETA 02:53:13
[2026-03-29T07:03:49.267] [INFO] [selfplay:0] [SelfPlay] 1034/2500 (41%)  pos=77575  W/D/B=475/92/467  (45%/8%/45%)  d4~d7  0.5 games/s (avg 0.1)  1.2M nps  ETA 02:53:07
[2026-03-29T07:03:54.269] [INFO] [selfplay:0] [SelfPlay] 1035/2500 (41%)  pos=77631  W/D/B=475/92/468  (45%/8%/45%)  d4~d7  0.4 games/s (avg 0.1)  1.2M nps  ETA 02:53:12
[2026-03-29T07:04:03.351] [INFO] [selfplay:0] [SelfPlay] 1036/2500 (41%)  pos=77689  W/D/B=476/92/468  (45%/8%/45%)  d4~d7  0.4 games/s (avg 0.1)  1.2M nps  ETA 02:52:58
[2026-03-29T07:04:15.491] [INFO] [selfplay:0] [SelfPlay] 1037/2500 (41%)  pos=77739  W/D/B=476/93/468  (45%/8%/45%)  d4~d7  0.3 games/s (avg 0.1)  1.2M nps  ETA 02:52:51
[2026-03-29T07:04:22.201] [INFO] [selfplay:0] [SelfPlay] 1038/2500 (41%)  pos=77797  W/D/B=476/93/469  (45%/8%/45%)  d4~d7  0.3 games/s (avg 0.1)  1.2M nps  ETA 02:52:56
[2026-03-29T07:04:33.567] [INFO] [selfplay:0] [SelfPlay] 1039/2500 (41%)  pos=77852  W/D/B=477/93/469  (45%/8%/45%)  d4~d7  0.3 games/s (avg 0.1)  1.2M nps  ETA 02:52:43
[2026-03-29T07:04:48.440] [INFO] [selfplay:0] [SelfPlay] 1040/2500 (41%)  pos=77880  W/D/B=478/93/469  (45%/8%/45%)  d4~d7  0.2 games/s (avg 0.1)  1.2M nps  ETA 02:52:40
[2026-03-29T07:04:53.436] [INFO] [selfplay:0] [SelfPlay] 1041/2500 (41%)  pos=78041  W/D/B=478/93/470  (45%/8%/45%)  d4~d7  0.2 games/s (avg 0.1)  1.2M nps  ETA 02:52:53
[2026-03-29T07:04:59.294] [INFO] [selfplay:0] [SelfPlay] 1042/2500 (41%)  pos=78089  W/D/B=479/93/470  (45%/8%/45%)  d4~d7  0.2 games/s (avg 0.1)  1.2M nps  ETA 02:52:42
[2026-03-29T07:05:01.363] [INFO] [selfplay:0] [SelfPlay] 1043/2500 (41%)  pos=78166  W/D/B=479/93/471  (45%/8%/45%)  d4~d7  0.2 games/s (avg 0.1)  1.2M nps  ETA 02:52:37
[2026-03-29T07:05:02.306] [INFO] [selfplay:0] [SelfPlay] 1044/2500 (41%)  pos=78185  W/D/B=479/93/472  (45%/8%/45%)  d4~d7  0.3 games/s (avg 0.1)  1.2M nps  ETA 02:52:24
[2026-03-29T07:05:08.315] [INFO] [selfplay:0] [SelfPlay] 1045/2500 (41%)  pos=78273  W/D/B=479/93/473  (45%/8%/45%)  d4~d7  0.4 games/s (avg 0.1)  1.2M nps  ETA 02:52:03
[2026-03-29T07:05:13.375] [INFO] [selfplay:0] [SelfPlay] 1046/2500 (41%)  pos=78330  W/D/B=479/93/474  (45%/8%/45%)  d4~d7  0.3 games/s (avg 0.1)  1.2M nps  ETA 02:51:55
[2026-03-29T07:05:25.593] [INFO] [selfplay:0] [SelfPlay] 1047/2500 (41%)  pos=78376  W/D/B=479/93/475  (45%/8%/45%)  d4~d7  0.3 games/s (avg 0.1)  1.2M nps  ETA 02:51:37
[2026-03-29T07:05:29.235] [INFO] [selfplay:0] [SelfPlay] 1048/2500 (41%)  pos=78444  W/D/B=479/93/476  (45%/8%/45%)  d4~d7  0.3 games/s (avg 0.1)  1.2M nps  ETA 02:51:47
[2026-03-29T07:05:31.348] [INFO] [selfplay:0] [SelfPlay] 1049/2500 (41%)  pos=78545  W/D/B=480/93/476  (45%/8%/45%)  d4~d7  0.3 games/s (avg 0.1)  1.2M nps  ETA 02:51:37
[2026-03-29T07:05:35.029] [INFO] [selfplay:0] [SelfPlay] 1050/2500 (42%)  pos=78607  W/D/B=481/93/476  (45%/8%/45%)  d4~d7  0.3 games/s (avg 0.1)  1.2M nps  ETA 02:51:21
[2026-03-29T07:05:55.307] [INFO] [selfplay:0] [SelfPlay] 1051/2500 (42%)  pos=78718  W/D/B=481/94/476  (45%/8%/45%)  d4~d7  0.3 games/s (avg 0.1)  1.2M nps  ETA 02:50:53
[2026-03-29T07:06:10.681] [INFO] [selfplay:0] [SelfPlay] 1052/2500 (42%)  pos=78730  W/D/B=482/94/476  (45%/8%/45%)  d4~d7  0.3 games/s (avg 0.1)  1.2M nps  ETA 02:51:08
[2026-03-29T07:06:16.761] [INFO] [selfplay:0] [SelfPlay] 1053/2500 (42%)  pos=78753  W/D/B=482/95/476  (45%/9%/45%)  d4~d7  0.2 games/s (avg 0.1)  1.2M nps  ETA 02:51:22
[2026-03-29T07:06:33.849] [INFO] [selfplay:0] [SelfPlay] 1054/2500 (42%)  pos=78864  W/D/B=483/95/476  (45%/9%/45%)  d4~d7  0.2 games/s (avg 0.1)  1.2M nps  ETA 02:51:03
[2026-03-29T07:06:46.299] [INFO] [selfplay:0] [SelfPlay] 1055/2500 (42%)  pos=78958  W/D/B=483/96/476  (45%/9%/45%)  d4~d7  0.2 games/s (avg 0.1)  1.2M nps  ETA 02:51:14
[2026-03-29T07:06:52.301] [INFO] [selfplay:0] [SelfPlay] 1056/2500 (42%)  pos=79085  W/D/B=483/97/476  (45%/9%/45%)  d4~d7  0.2 games/s (avg 0.1)  1.2M nps  ETA 02:51:20
[2026-03-29T07:07:03.431] [INFO] [selfplay:0] [SelfPlay] 1057/2500 (42%)  pos=79118  W/D/B=483/97/477  (45%/9%/45%)  d4~d7  0.2 games/s (avg 0.1)  1.2M nps  ETA 02:51:07
[2026-03-29T07:07:23.990] [INFO] [selfplay:0] [SelfPlay] 1058/2500 (42%)  pos=79156  W/D/B=484/97/477  (45%/9%/45%)  d4~d7  0.2 games/s (avg 0.1)  1.2M nps  ETA 02:50:55
[2026-03-29T07:07:40.306] [INFO] [selfplay:0] [SelfPlay] 1059/2500 (42%)  pos=79199  W/D/B=485/97/477  (45%/9%/45%)  d4~d7  0.1 games/s (avg 0.1)  1.2M nps  ETA 02:51:11
[2026-03-29T07:07:49.239] [INFO] [selfplay:0] [SelfPlay] 1060/2500 (42%)  pos=79265  W/D/B=486/97/477  (45%/9%/45%)  d4~d7  0.1 games/s (avg 0.1)  1.2M nps  ETA 02:51:23
[2026-03-29T07:07:50.966] [INFO] [selfplay:0] [SelfPlay] 1061/2500 (42%)  pos=79308  W/D/B=486/97/478  (45%/9%/45%)  d4~d7  0.1 games/s (avg 0.1)  1.2M nps  ETA 02:51:26
[2026-03-29T07:07:52.061] [INFO] [selfplay:0] [SelfPlay] 1062/2500 (42%)  pos=79386  W/D/B=486/97/479  (45%/9%/45%)  d4~d7  0.2 games/s (avg 0.1)  1.2M nps  ETA 02:51:12
[2026-03-29T07:07:52.846] [INFO] [selfplay:0] [SelfPlay] 1063/2500 (42%)  pos=79446  W/D/B=486/97/480  (45%/9%/45%)  d4~d7  0.3 games/s (avg 0.1)  1.2M nps  ETA 02:50:57
[2026-03-29T07:07:54.555] [INFO] [selfplay:0] [SelfPlay] 1064/2500 (42%)  pos=79568  W/D/B=486/98/480  (45%/9%/45%)  d4~d7  0.5 games/s (avg 0.1)  1.2M nps  ETA 02:50:40
[2026-03-29T07:08:02.603] [INFO] [selfplay:0] [SelfPlay] 1065/2500 (42%)  pos=79626  W/D/B=487/98/480  (45%/9%/45%)  d4~d7  0.5 games/s (avg 0.1)  1.2M nps  ETA 02:50:20
[2026-03-29T07:08:23.033] [INFO] [selfplay:0] [SelfPlay] 1066/2500 (42%)  pos=79668  W/D/B=487/98/481  (45%/9%/45%)  d4~d7  0.4 games/s (avg 0.1)  1.2M nps  ETA 02:50:02
[2026-03-29T07:08:37.755] [INFO] [selfplay:0] [SelfPlay] 1067/2500 (42%)  pos=79763  W/D/B=488/98/481  (45%/9%/45%)  d4~d7  0.4 games/s (avg 0.1)  1.2M nps  ETA 02:50:18
[2026-03-29T07:08:43.649] [INFO] [selfplay:0] [SelfPlay] 1068/2500 (42%)  pos=79882  W/D/B=489/98/481  (45%/9%/45%)  d4~d7  0.3 games/s (avg 0.1)  1.2M nps  ETA 02:50:30
[2026-03-29T07:08:44.840] [INFO] [selfplay:0] [SelfPlay] 1069/2500 (42%)  pos=79921  W/D/B=489/98/482  (45%/9%/45%)  d4~d7  0.3 games/s (avg 0.1)  1.2M nps  ETA 02:50:26
[2026-03-29T07:08:50.539] [INFO] [selfplay:0] [SelfPlay] 1070/2500 (42%)  pos=79955  W/D/B=490/98/482  (45%/9%/45%)  d4~d7  0.4 games/s (avg 0.1)  1.2M nps  ETA 02:50:07
[2026-03-29T07:09:01.745] [INFO] [selfplay:0] [SelfPlay] 1071/2500 (42%)  pos=80002  W/D/B=490/98/483  (45%/9%/45%)  d4~d7  0.3 games/s (avg 0.1)  1.2M nps  ETA 02:49:51
[2026-03-29T07:09:08.541] [INFO] [selfplay:0] [SelfPlay] 1072/2500 (42%)  pos=80021  W/D/B=491/98/483  (45%/9%/45%)  d4~d7  0.3 games/s (avg 0.1)  1.2M nps  ETA 02:49:55
[2026-03-29T07:09:10.443] [INFO] [selfplay:0] [SelfPlay] 1073/2500 (42%)  pos=80237  W/D/B=491/99/483  (45%/9%/45%)  d4~d7  0.3 games/s (avg 0.1)  1.2M nps  ETA 02:49:52
[2026-03-29T07:09:18.276] [INFO] [selfplay:0] [SelfPlay] 1074/2500 (42%)  pos=80267  W/D/B=491/99/484  (45%/9%/45%)  d4~d7  0.3 games/s (avg 0.1)  1.2M nps  ETA 02:49:31
[2026-03-29T07:09:39.295] [INFO] [selfplay:0] [SelfPlay] 1075/2500 (43%)  pos=80379  W/D/B=491/99/485  (45%/9%/45%)  d4~d7  0.3 games/s (avg 0.1)  1.2M nps  ETA 02:49:12
[2026-03-29T07:09:46.378] [INFO] [selfplay:0] [SelfPlay] 1076/2500 (43%)  pos=80461  W/D/B=491/99/486  (45%/9%/45%)  d4~d7  0.3 games/s (avg 0.1)  1.2M nps  ETA 02:49:37
[2026-03-29T07:09:54.317] [INFO] [selfplay:0] [SelfPlay] 1077/2500 (43%)  pos=80507  W/D/B=491/99/487  (45%/9%/45%)  d4~d7  0.2 games/s (avg 0.1)  1.2M nps  ETA 02:49:29
[2026-03-29T07:09:54.472] [INFO] [selfplay:0] [SelfPlay] 1078/2500 (43%)  pos=80547  W/D/B=492/99/487  (45%/9%/45%)  d4~d7  0.2 games/s (avg 0.1)  1.2M nps  ETA 02:49:31
[2026-03-29T07:09:55.252] [INFO] [selfplay:0] [SelfPlay] 1079/2500 (43%)  pos=80609  W/D/B=492/99/488  (45%/9%/45%)  d4~d7  1.2 games/s (avg 0.1)  1.2M nps  ETA 02:49:13
[2026-03-29T07:10:01.932] [INFO] [selfplay:0] [SelfPlay] 1080/2500 (43%)  pos=80697  W/D/B=493/99/488  (45%/9%/45%)  d4~d7  1.2 games/s (avg 0.1)  1.2M nps  ETA 02:48:52
[2026-03-29T07:10:02.917] [INFO] [selfplay:0] [SelfPlay] 1081/2500 (43%)  pos=80781  W/D/B=494/99/488  (45%/9%/45%)  d4~d7  1.0 games/s (avg 0.1)  1.2M nps  ETA 02:48:50
[2026-03-29T07:10:08.421] [INFO] [selfplay:0] [SelfPlay] 1082/2500 (43%)  pos=80851  W/D/B=495/99/488  (45%/9%/45%)  d4~d7  1.0 games/s (avg 0.1)  1.2M nps  ETA 02:48:31
[2026-03-29T07:10:11.255] [INFO] [selfplay:0] [SelfPlay] 1083/2500 (43%)  pos=80879  W/D/B=496/99/488  (45%/9%/45%)  d4~d7  0.9 games/s (avg 0.1)  1.2M nps  ETA 02:48:24
[2026-03-29T07:10:16.468] [INFO] [selfplay:0] [SelfPlay] 1084/2500 (43%)  pos=80917  W/D/B=496/99/489  (45%/9%/45%)  d4~d7  0.8 games/s (avg 0.1)  1.2M nps  ETA 02:48:09
[2026-03-29T07:10:22.876] [INFO] [selfplay:0] [SelfPlay] 1085/2500 (43%)  pos=81009  W/D/B=497/99/489  (45%/9%/45%)  d4~d7  0.7 games/s (avg 0.1)  1.2M nps  ETA 02:47:57
[2026-03-29T07:10:27.698] [INFO] [selfplay:0] [SelfPlay] 1086/2500 (43%)  pos=81061  W/D/B=497/100/489  (45%/9%/45%)  d4~d7  0.6 games/s (avg 0.1)  1.2M nps  ETA 02:47:51
[2026-03-29T07:10:31.983] [INFO] [selfplay:0] [SelfPlay] 1087/2500 (43%)  pos=81096  W/D/B=497/100/490  (45%/9%/45%)  d4~d7  0.6 games/s (avg 0.1)  1.2M nps  ETA 02:47:42
[2026-03-29T07:10:34.208] [INFO] [selfplay:0] [SelfPlay] 1088/2500 (43%)  pos=81146  W/D/B=498/100/490  (45%/9%/45%)  d4~d7  0.5 games/s (avg 0.1)  1.2M nps  ETA 02:47:33
[2026-03-29T07:10:40.752] [INFO] [selfplay:0] [SelfPlay] 1089/2500 (43%)  pos=81243  W/D/B=498/101/490  (45%/9%/44%)  d4~d7  0.5 games/s (avg 0.1)  1.2M nps  ETA 02:47:15
[2026-03-29T07:10:51.950] [INFO] [selfplay:0] [SelfPlay] 1090/2500 (43%)  pos=81394  W/D/B=498/101/491  (45%/9%/45%)  d4~d7  0.5 games/s (avg 0.1)  1.2M nps  ETA 02:47:03
[2026-03-29T07:10:53.484] [INFO] [selfplay:0] [SelfPlay] 1091/2500 (43%)  pos=81487  W/D/B=498/101/492  (45%/9%/45%)  d4~d7  0.4 games/s (avg 0.1)  1.2M nps  ETA 02:47:11
[2026-03-29T07:10:57.799] [INFO] [selfplay:0] [SelfPlay] 1092/2500 (43%)  pos=81542  W/D/B=499/101/492  (45%/9%/45%)  d4~d7  0.4 games/s (avg 0.1)  1.2M nps  ETA 02:46:53
[2026-03-29T07:10:58.904] [INFO] [selfplay:0] [SelfPlay] 1093/2500 (43%)  pos=81617  W/D/B=499/101/493  (45%/9%/45%)  d4~d7  0.4 games/s (avg 0.1)  1.2M nps  ETA 02:46:46
[2026-03-29T07:10:59.706] [INFO] [selfplay:0] [SelfPlay] 1094/2500 (43%)  pos=81667  W/D/B=500/101/493  (45%/9%/45%)  d4~d7  0.5 games/s (avg 0.1)  1.2M nps  ETA 02:46:31
[2026-03-29T07:11:23.116] [INFO] [selfplay:0] [SelfPlay] 1095/2500 (43%)  pos=81808  W/D/B=500/101/494  (45%/9%/45%)  d4~d7  0.6 games/s (avg 0.1)  1.2M nps  ETA 02:45:54
[2026-03-29T07:11:26.426] [INFO] [selfplay:0] [SelfPlay] 1096/2500 (43%)  pos=81878  W/D/B=501/101/494  (45%/9%/45%)  d4~d7  0.6 games/s (avg 0.1)  1.2M nps  ETA 02:46:28
[2026-03-29T07:11:26.532] [INFO] [selfplay:0] [SelfPlay] 1097/2500 (43%)  pos=81938  W/D/B=501/101/495  (45%/9%/45%)  d4~d7  0.5 games/s (avg 0.1)  1.2M nps  ETA 02:46:19
[2026-03-29T07:11:55.344] [INFO] [selfplay:0] [SelfPlay] 1098/2500 (43%)  pos=81988  W/D/B=502/101/495  (45%/9%/45%)  d4~d7  1.8 games/s (avg 0.1)  1.2M nps  ETA 02:45:34
[2026-03-29T07:11:58.320] [INFO] [selfplay:0] [SelfPlay] 1099/2500 (43%)  pos=82032  W/D/B=502/101/496  (45%/9%/45%)  d4~d7  1.7 games/s (avg 0.1)  1.2M nps  ETA 02:46:20
[2026-03-29T07:12:23.030] [INFO] [selfplay:0] [SelfPlay] 1100/2500 (44%)  pos=82107  W/D/B=503/101/496  (45%/9%/45%)  d4~d7  1.5 games/s (avg 0.1)  1.2M nps  ETA 02:45:46
[2026-03-29T07:12:26.880] [INFO] [selfplay:0] [SelfPlay] 1101/2500 (44%)  pos=82164  W/D/B=503/101/497  (45%/9%/45%)  d4~d7  1.4 games/s (avg 0.1)  1.2M nps  ETA 02:46:22
[2026-03-29T07:12:36.888] [INFO] [selfplay:0] [SelfPlay] 1102/2500 (44%)  pos=82287  W/D/B=503/101/498  (45%/9%/45%)  d4~d7  1.2 games/s (avg 0.1)  1.2M nps  ETA 02:46:05
[2026-03-29T07:12:58.186] [INFO] [selfplay:0] [SelfPlay] 1103/2500 (44%)  pos=82361  W/D/B=504/101/498  (45%/9%/45%)  d4~d7  1.1 games/s (avg 0.1)  1.2M nps  ETA 02:45:50
[2026-03-29T07:13:08.458] [INFO] [selfplay:0] [SelfPlay] 1104/2500 (44%)  pos=82415  W/D/B=504/101/499  (45%/9%/45%)  d4~d7  1.0 games/s (avg 0.1)  1.2M nps  ETA 02:46:12
[2026-03-29T07:13:09.291] [INFO] [selfplay:0] [SelfPlay] 1105/2500 (44%)  pos=82472  W/D/B=505/101/499  (45%/9%/45%)  d4~d7  1.0 games/s (avg 0.1)  1.2M nps  ETA 02:46:18
[2026-03-29T07:13:10.296] [INFO] [selfplay:0] [SelfPlay] 1106/2500 (44%)  pos=82526  W/D/B=505/101/500  (45%/9%/45%)  d4~d7  1.0 games/s (avg 0.1)  1.2M nps  ETA 02:46:03
[2026-03-29T07:13:13.770] [INFO] [selfplay:0] [SelfPlay] 1107/2500 (44%)  pos=82532  W/D/B=506/101/500  (45%/9%/45%)  d4~d7  1.0 games/s (avg 0.1)  1.2M nps  ETA 02:45:45
[2026-03-29T07:13:18.016] [INFO] [selfplay:0] [SelfPlay] 1108/2500 (44%)  pos=82614  W/D/B=506/101/501  (45%/9%/45%)  d4~d7  0.9 games/s (avg 0.1)  1.2M nps  ETA 02:45:33
[2026-03-29T07:13:26.232] [INFO] [selfplay:0] [SelfPlay] 1109/2500 (44%)  pos=82689  W/D/B=506/101/502  (45%/9%/45%)  d4~d7  0.8 games/s (avg 0.1)  1.2M nps  ETA 02:45:19
[2026-03-29T07:13:42.839] [INFO] [selfplay:0] [SelfPlay] 1110/2500 (44%)  pos=82772  W/D/B=506/101/503  (45%/9%/45%)  d4~d7  0.7 games/s (avg 0.1)  1.2M nps  ETA 02:45:04
[2026-03-29T07:13:44.443] [INFO] [selfplay:0] [SelfPlay] 1111/2500 (44%)  pos=82862  W/D/B=507/101/503  (45%/9%/45%)  d4~d7  0.6 games/s (avg 0.1)  1.2M nps  ETA 02:45:24
[2026-03-29T07:13:56.584] [INFO] [selfplay:0] [SelfPlay] 1112/2500 (44%)  pos=82921  W/D/B=507/101/504  (45%/9%/45%)  d4~d7  0.6 games/s (avg 0.1)  1.2M nps  ETA 02:44:58
[2026-03-29T07:14:02.051] [INFO] [selfplay:0] [SelfPlay] 1113/2500 (44%)  pos=83008  W/D/B=507/101/505  (45%/9%/45%)  d4~d7  0.6 games/s (avg 0.1)  1.2M nps  ETA 02:45:05
[2026-03-29T07:14:05.761] [INFO] [selfplay:0] [SelfPlay] 1114/2500 (44%)  pos=83021  W/D/B=507/101/506  (45%/9%/45%)  d4~d7  0.5 games/s (avg 0.1)  1.2M nps  ETA 02:44:57
[2026-03-29T07:14:23.377] [INFO] [selfplay:0] [SelfPlay] 1115/2500 (44%)  pos=83076  W/D/B=507/101/507  (45%/9%/45%)  d4~d7  0.5 games/s (avg 0.1)  1.2M nps  ETA 02:44:33
[2026-03-29T07:14:28.888] [INFO] [selfplay:0] [SelfPlay] 1116/2500 (44%)  pos=83138  W/D/B=507/101/508  (45%/9%/45%)  d4~d7  0.4 games/s (avg 0.1)  1.2M nps  ETA 02:44:50
[2026-03-29T07:14:36.683] [INFO] [selfplay:0] [SelfPlay] 1117/2500 (44%)  pos=83228  W/D/B=508/101/508  (45%/9%/45%)  d4~d7  0.4 games/s (avg 0.1)  1.2M nps  ETA 02:44:38
[2026-03-29T07:14:54.051] [INFO] [selfplay:0] [SelfPlay] 1118/2500 (44%)  pos=83297  W/D/B=508/101/509  (45%/9%/45%)  d4~d7  0.3 games/s (avg 0.1)  1.2M nps  ETA 02:44:23
[2026-03-29T07:14:56.016] [INFO] [selfplay:0] [SelfPlay] 1119/2500 (44%)  pos=83351  W/D/B=508/101/510  (45%/9%/45%)  d4~d7  0.3 games/s (avg 0.1)  1.2M nps  ETA 02:44:44
[2026-03-29T07:15:06.550] [INFO] [selfplay:0] [SelfPlay] 1120/2500 (44%)  pos=83378  W/D/B=509/101/510  (45%/9%/45%)  d4~d7  0.3 games/s (avg 0.1)  1.2M nps  ETA 02:44:22
[2026-03-29T07:15:08.633] [INFO] [selfplay:0] [SelfPlay] 1121/2500 (44%)  pos=83451  W/D/B=509/101/511  (45%/9%/45%)  d4~d7  0.3 games/s (avg 0.1)  1.2M nps  ETA 02:44:27
[2026-03-29T07:15:20.809] [INFO] [selfplay:0] [SelfPlay] 1122/2500 (44%)  pos=83492  W/D/B=509/101/512  (45%/9%/45%)  d4~d7  0.3 games/s (avg 0.1)  1.2M nps  ETA 02:44:04
[2026-03-29T07:15:31.202] [INFO] [selfplay:0] [SelfPlay] 1123/2500 (44%)  pos=83507  W/D/B=510/101/512  (45%/8%/45%)  d4~d7  0.3 games/s (avg 0.1)  1.2M nps  ETA 02:44:05
[2026-03-29T07:15:37.122] [INFO] [selfplay:0] [SelfPlay] 1124/2500 (44%)  pos=83570  W/D/B=511/101/512  (45%/8%/45%)  d4~d7  0.3 games/s (avg 0.1)  1.2M nps  ETA 02:44:05
[2026-03-29T07:15:40.259] [INFO] [selfplay:0] [SelfPlay] 1125/2500 (45%)  pos=83696  W/D/B=512/101/512  (45%/8%/45%)  d4~d7  0.2 games/s (avg 0.1)  1.2M nps  ETA 02:44:00
[2026-03-29T07:15:49.071] [INFO] [selfplay:0] [SelfPlay] 1126/2500 (45%)  pos=83770  W/D/B=513/101/512  (45%/8%/45%)  d4~d7  0.3 games/s (avg 0.1)  1.2M nps  ETA 02:43:42
[2026-03-29T07:15:52.963] [INFO] [selfplay:0] [SelfPlay] 1127/2500 (45%)  pos=83830  W/D/B=513/101/513  (45%/8%/45%)  d4~d7  0.2 games/s (avg 0.1)  1.2M nps  ETA 02:43:42
[2026-03-29T07:15:53.393] [INFO] [selfplay:0] [SelfPlay] 1128/2500 (45%)  pos=83905  W/D/B=513/101/514  (45%/8%/45%)  d4~d7  0.2 games/s (avg 0.1)  1.2M nps  ETA 02:43:34
[2026-03-29T07:15:57.081] [INFO] [selfplay:0] [SelfPlay] 1129/2500 (45%)  pos=83940  W/D/B=514/101/514  (45%/8%/45%)  d4~d7  0.5 games/s (avg 0.1)  1.2M nps  ETA 02:43:15
[2026-03-29T07:15:59.711] [INFO] [selfplay:0] [SelfPlay] 1130/2500 (45%)  pos=84051  W/D/B=515/101/514  (45%/8%/45%)  d4~d7  0.5 games/s (avg 0.1)  1.2M nps  ETA 02:43:05
[2026-03-29T07:16:17.773] [INFO] [selfplay:0] [SelfPlay] 1131/2500 (45%)  pos=84130  W/D/B=515/101/515  (45%/8%/45%)  d4~d7  0.5 games/s (avg 0.1)  1.2M nps  ETA 02:42:37
[2026-03-29T07:16:28.866] [INFO] [selfplay:0] [SelfPlay] 1132/2500 (45%)  pos=84173  W/D/B=516/101/515  (45%/8%/45%)  d4~d7  0.4 games/s (avg 0.1)  1.2M nps  ETA 02:42:50
[2026-03-29T07:16:31.653] [INFO] [selfplay:0] [SelfPlay] 1133/2500 (45%)  pos=84319  W/D/B=517/101/515  (45%/8%/45%)  d4~d7  0.4 games/s (avg 0.1)  1.2M nps  ETA 02:42:56
[2026-03-29T07:16:50.652] [INFO] [selfplay:0] [SelfPlay] 1134/2500 (45%)  pos=84353  W/D/B=517/101/516  (45%/8%/45%)  d4~d7  0.4 games/s (avg 0.1)  1.2M nps  ETA 02:42:27
[2026-03-29T07:16:53.783] [INFO] [selfplay:0] [SelfPlay] 1135/2500 (45%)  pos=84445  W/D/B=517/101/517  (45%/8%/45%)  d4~d7  0.3 games/s (avg 0.1)  1.2M nps  ETA 02:42:51
[2026-03-29T07:16:57.443] [INFO] [selfplay:0] [SelfPlay] 1136/2500 (45%)  pos=84510  W/D/B=518/101/517  (45%/8%/45%)  d4~d7  0.3 games/s (avg 0.1)  1.2M nps  ETA 02:42:39
[2026-03-29T07:17:01.092] [INFO] [selfplay:0] [SelfPlay] 1137/2500 (45%)  pos=84642  W/D/B=519/101/517  (45%/8%/45%)  d4~d7  0.3 games/s (avg 0.1)  1.2M nps  ETA 02:42:26
[2026-03-29T07:17:01.815] [INFO] [selfplay:0] [SelfPlay] 1138/2500 (45%)  pos=84761  W/D/B=520/101/517  (45%/8%/45%)  d4~d7  0.3 games/s (avg 0.1)  1.2M nps  ETA 02:42:18
[2026-03-29T07:17:03.558] [INFO] [selfplay:0] [SelfPlay] 1139/2500 (45%)  pos=84811  W/D/B=520/101/518  (45%/8%/45%)  d4~d7  0.5 games/s (avg 0.1)  1.2M nps  ETA 02:42:02
[2026-03-29T07:17:05.236] [INFO] [selfplay:0] [SelfPlay] 1140/2500 (45%)  pos=84879  W/D/B=520/101/519  (45%/8%/45%)  d4~d7  0.5 games/s (avg 0.1)  1.2M nps  ETA 02:41:49
[2026-03-29T07:17:33.650] [INFO] [selfplay:0] [SelfPlay] 1141/2500 (45%)  pos=84952  W/D/B=520/101/520  (45%/8%/45%)  d4~d7  0.5 games/s (avg 0.1)  1.2M nps  ETA 02:41:08
[2026-03-29T07:17:38.998] [INFO] [selfplay:0] [SelfPlay] 1142/2500 (45%)  pos=85052  W/D/B=521/101/520  (45%/8%/45%)  d4~d7  0.5 games/s (avg 0.1)  1.2M nps  ETA 02:41:50
[2026-03-29T07:17:42.269] [INFO] [selfplay:0] [SelfPlay] 1143/2500 (45%)  pos=85245  W/D/B=521/101/521  (45%/8%/45%)  d4~d7  0.4 games/s (avg 0.1)  1.2M nps  ETA 02:41:43
[2026-03-29T07:17:42.714] [INFO] [selfplay:0] [SelfPlay] 1144/2500 (45%)  pos=85278  W/D/B=521/102/521  (45%/8%/45%)  d4~d7  0.4 games/s (avg 0.1)  1.2M nps  ETA 02:41:33
[2026-03-29T07:17:47.288] [INFO] [selfplay:0] [SelfPlay] 1145/2500 (45%)  pos=85324  W/D/B=521/102/522  (45%/8%/45%)  d4~d7  0.7 games/s (avg 0.1)  1.2M nps  ETA 02:41:15
[2026-03-29T07:17:49.059] [INFO] [selfplay:0] [SelfPlay] 1146/2500 (45%)  pos=85445  W/D/B=521/102/523  (45%/8%/45%)  d4~d7  0.6 games/s (avg 0.1)  1.2M nps  ETA 02:41:07
[2026-03-29T07:17:51.812] [INFO] [selfplay:0] [SelfPlay] 1147/2500 (45%)  pos=85475  W/D/B=522/102/523  (45%/8%/45%)  d4~d7  0.6 games/s (avg 0.1)  1.2M nps  ETA 02:40:52
[2026-03-29T07:17:52.662] [INFO] [selfplay:0] [SelfPlay] 1148/2500 (45%)  pos=85518  W/D/B=523/102/523  (45%/8%/45%)  d4~d7  0.6 games/s (avg 0.1)  1.2M nps  ETA 02:40:42
[2026-03-29T07:17:52.771] [INFO] [selfplay:0] [SelfPlay] 1149/2500 (45%)  pos=85602  W/D/B=523/102/524  (45%/8%/45%)  d4~d7  0.7 games/s (avg 0.1)  1.2M nps  ETA 02:40:28
[2026-03-29T07:17:53.437] [INFO] [selfplay:0] [SelfPlay] 1150/2500 (46%)  pos=85640  W/D/B=523/102/525  (45%/8%/45%)  d4~d7  1.9 games/s (avg 0.1)  1.2M nps  ETA 02:40:13
[2026-03-29T07:18:15.007] [INFO] [selfplay:0] [SelfPlay] 1151/2500 (46%)  pos=85719  W/D/B=523/103/525  (45%/8%/45%)  d4~d7  1.9 games/s (avg 0.1)  1.2M nps  ETA 02:39:36
[2026-03-29T07:18:43.276] [INFO] [selfplay:0] [SelfPlay] 1152/2500 (46%)  pos=85813  W/D/B=523/103/526  (45%/8%/45%)  d4~d7  1.7 games/s (avg 0.1)  1.2M nps  ETA 02:39:40
[2026-03-29T07:18:52.926] [INFO] [selfplay:0] [SelfPlay] 1153/2500 (46%)  pos=85882  W/D/B=524/103/526  (45%/8%/45%)  d4~d7  1.6 games/s (avg 0.1)  1.2M nps  ETA 02:40:16
[2026-03-29T07:19:07.969] [INFO] [selfplay:0] [SelfPlay] 1154/2500 (46%)  pos=85930  W/D/B=524/103/527  (45%/8%/45%)  d4~d7  1.5 games/s (avg 0.1)  1.2M nps  ETA 02:40:06
[2026-03-29T07:19:24.817] [INFO] [selfplay:0] [SelfPlay] 1155/2500 (46%)  pos=85997  W/D/B=524/103/528  (45%/8%/45%)  d4~d7  1.4 games/s (avg 0.1)  1.2M nps  ETA 02:40:06
[2026-03-29T07:19:31.091] [INFO] [selfplay:0] [SelfPlay] 1156/2500 (46%)  pos=86097  W/D/B=524/103/529  (45%/8%/45%)  d4~d7  1.3 games/s (avg 0.1)  1.2M nps  ETA 02:40:22
[2026-03-29T07:19:44.497] [INFO] [selfplay:0] [SelfPlay] 1157/2500 (46%)  pos=86142  W/D/B=525/103/529  (45%/8%/45%)  d4~d7  1.1 games/s (avg 0.1)  1.2M nps  ETA 02:40:06
[2026-03-29T07:19:52.491] [INFO] [selfplay:0] [SelfPlay] 1158/2500 (46%)  pos=86265  W/D/B=526/103/529  (45%/8%/45%)  d4~d7  1.0 games/s (avg 0.1)  1.2M nps  ETA 02:40:11
[2026-03-29T07:19:59.600] [INFO] [selfplay:0] [SelfPlay] 1159/2500 (46%)  pos=86354  W/D/B=527/103/529  (45%/8%/45%)  d4~d7  0.9 games/s (avg 0.1)  1.2M nps  ETA 02:40:05
[2026-03-29T07:19:59.738] [INFO] [selfplay:0] [SelfPlay] 1160/2500 (46%)  pos=86428  W/D/B=527/103/530  (45%/8%/45%)  d4~d7  0.8 games/s (avg 0.1)  1.2M nps  ETA 02:40:06
[2026-03-29T07:20:00.021] [INFO] [selfplay:0] [SelfPlay] 1161/2500 (46%)  pos=86502  W/D/B=528/103/530  (45%/8%/45%)  d4~d7  1.7 games/s (avg 0.1)  1.2M nps  ETA 02:39:51
[2026-03-29T07:20:05.662] [INFO] [selfplay:0] [SelfPlay] 1162/2500 (46%)  pos=86581  W/D/B=529/103/530  (45%/8%/45%)  d4~d7  2.0 games/s (avg 0.1)  1.2M nps  ETA 02:39:30
[2026-03-29T07:20:09.042] [INFO] [selfplay:0] [SelfPlay] 1163/2500 (46%)  pos=86724  W/D/B=529/103/531  (45%/8%/45%)  d4~d7  1.9 games/s (avg 0.1)  1.2M nps  ETA 02:39:24
[2026-03-29T07:20:18.096] [INFO] [selfplay:0] [SelfPlay] 1164/2500 (46%)  pos=86772  W/D/B=529/103/532  (45%/8%/45%)  d4~d7  1.6 games/s (avg 0.1)  1.2M nps  ETA 02:39:06
[2026-03-29T07:20:20.736] [INFO] [selfplay:0] [SelfPlay] 1165/2500 (46%)  pos=86905  W/D/B=529/103/533  (45%/8%/45%)  d4~d7  1.5 games/s (avg 0.1)  1.2M nps  ETA 02:39:07
[2026-03-29T07:20:23.019] [INFO] [selfplay:0] [SelfPlay] 1166/2500 (46%)  pos=86946  W/D/B=529/103/534  (45%/8%/45%)  d4~d7  1.3 games/s (avg 0.1)  1.2M nps  ETA 02:38:56
[2026-03-29T07:20:55.038] [INFO] [selfplay:0] [SelfPlay] 1167/2500 (46%)  pos=87104  W/D/B=530/103/534  (45%/8%/45%)  d4~d7  1.2 games/s (avg 0.1)  1.2M nps  ETA 02:38:13
[2026-03-29T07:21:07.159] [INFO] [selfplay:0] [SelfPlay] 1168/2500 (46%)  pos=87136  W/D/B=531/103/534  (45%/8%/45%)  d4~d7  1.1 games/s (avg 0.1)  1.2M nps  ETA 02:38:54
[2026-03-29T07:21:09.736] [INFO] [selfplay:0] [SelfPlay] 1169/2500 (46%)  pos=87249  W/D/B=531/103/535  (45%/8%/45%)  d4~d7  1.0 games/s (avg 0.1)  1.2M nps  ETA 02:39:02
[2026-03-29T07:21:14.188] [INFO] [selfplay:0] [SelfPlay] 1170/2500 (46%)  pos=87370  W/D/B=531/103/536  (45%/8%/45%)  d4~d7  0.9 games/s (avg 0.1)  1.2M nps  ETA 02:38:49
[2026-03-29T07:21:15.344] [INFO] [selfplay:0] [SelfPlay] 1171/2500 (46%)  pos=87452  W/D/B=531/103/537  (45%/8%/45%)  d4~d7  0.8 games/s (avg 0.1)  1.2M nps  ETA 02:38:41
[2026-03-29T07:21:15.589] [INFO] [selfplay:0] [SelfPlay] 1172/2500 (46%)  pos=87510  W/D/B=532/103/537  (45%/8%/45%)  d4~d7  0.8 games/s (avg 0.1)  1.2M nps  ETA 02:38:27
[2026-03-29T07:21:16.736] [INFO] [selfplay:0] [SelfPlay] 1173/2500 (46%)  pos=87527  W/D/B=533/103/537  (45%/8%/45%)  d4~d7  1.3 games/s (avg 0.1)  1.2M nps  ETA 02:38:12
[2026-03-29T07:21:22.107] [INFO] [selfplay:0] [SelfPlay] 1174/2500 (46%)  pos=87634  W/D/B=534/103/537  (45%/8%/45%)  d4~d7  1.3 games/s (avg 0.1)  1.2M nps  ETA 02:37:54
[2026-03-29T07:21:40.046] [INFO] [selfplay:0] [SelfPlay] 1175/2500 (47%)  pos=87675  W/D/B=535/103/537  (45%/8%/45%)  d4~d7  1.1 games/s (avg 0.1)  1.2M nps  ETA 02:37:32
[2026-03-29T07:21:45.920] [INFO] [selfplay:0] [SelfPlay] 1176/2500 (47%)  pos=87786  W/D/B=535/104/537  (45%/8%/45%)  d4~d7  1.0 games/s (avg 0.1)  1.2M nps  ETA 02:37:49
[2026-03-29T07:22:06.968] [INFO] [selfplay:0] [SelfPlay] 1177/2500 (47%)  pos=87858  W/D/B=536/104/537  (45%/8%/45%)  d4~d7  0.9 games/s (avg 0.1)  1.2M nps  ETA 02:37:26
[2026-03-29T07:22:13.150] [INFO] [selfplay:0] [SelfPlay] 1178/2500 (47%)  pos=87949  W/D/B=537/104/537  (45%/8%/45%)  d4~d7  0.8 games/s (avg 0.1)  1.2M nps  ETA 02:37:49
[2026-03-29T07:22:13.822] [INFO] [selfplay:0] [SelfPlay] 1179/2500 (47%)  pos=87995  W/D/B=538/104/537  (45%/8%/45%)  d4~d7  0.7 games/s (avg 0.1)  1.2M nps  ETA 02:37:46
[2026-03-29T07:22:25.132] [INFO] [selfplay:0] [SelfPlay] 1180/2500 (47%)  pos=88106  W/D/B=539/104/537  (45%/8%/45%)  d4~d7  0.8 games/s (avg 0.1)  1.2M nps  ETA 02:37:21
[2026-03-29T07:22:27.249] [INFO] [selfplay:0] [SelfPlay] 1181/2500 (47%)  pos=88164  W/D/B=539/104/538  (45%/8%/45%)  d4~d7  0.7 games/s (avg 0.1)  1.2M nps  ETA 02:37:28
[2026-03-29T07:23:03.772] [INFO] [selfplay:0] [SelfPlay] 1182/2500 (47%)  pos=88223  W/D/B=539/104/539  (45%/8%/45%)  d4~d7  0.7 games/s (avg 0.1)  1.2M nps  ETA 02:36:40
[2026-03-29T07:23:06.532] [INFO] [selfplay:0] [SelfPlay] 1183/2500 (47%)  pos=88278  W/D/B=539/104/540  (45%/8%/45%)  d4~d7  0.6 games/s (avg 0.1)  1.2M nps  ETA 02:37:41
[2026-03-29T07:23:11.371] [INFO] [selfplay:0] [SelfPlay] 1184/2500 (47%)  pos=88384  W/D/B=540/104/540  (45%/8%/45%)  d4~d7  0.6 games/s (avg 0.1)  1.2M nps  ETA 02:37:25
[2026-03-29T07:23:12.935] [INFO] [selfplay:0] [SelfPlay] 1185/2500 (47%)  pos=88432  W/D/B=540/104/541  (45%/8%/45%)  d4~d7  0.5 games/s (avg 0.1)  1.2M nps  ETA 02:37:19
[2026-03-29T07:23:19.756] [INFO] [selfplay:0] [SelfPlay] 1186/2500 (47%)  pos=88530  W/D/B=540/104/542  (45%/8%/45%)  d4~d7  0.6 games/s (avg 0.1)  1.2M nps  ETA 02:37:00
[2026-03-29T07:23:22.693] [INFO] [selfplay:0] [SelfPlay] 1187/2500 (47%)  pos=88634  W/D/B=541/104/542  (45%/8%/45%)  d4~d7  0.5 games/s (avg 0.1)  1.2M nps  ETA 02:36:57
[2026-03-29T07:23:26.346] [INFO] [selfplay:0] [SelfPlay] 1188/2500 (47%)  pos=88755  W/D/B=542/104/542  (45%/8%/45%)  d4~d7  0.5 games/s (avg 0.1)  1.2M nps  ETA 02:36:45
[2026-03-29T07:23:30.053] [INFO] [selfplay:0] [SelfPlay] 1189/2500 (47%)  pos=88787  W/D/B=542/104/543  (45%/8%/45%)  d4~d7  0.4 games/s (avg 0.1)  1.2M nps  ETA 02:36:33
[2026-03-29T07:23:39.777] [INFO] [selfplay:0] [SelfPlay] 1190/2500 (47%)  pos=88885  W/D/B=542/104/544  (45%/8%/45%)  d4~d7  0.4 games/s (avg 0.1)  1.2M nps  ETA 02:36:16
[2026-03-29T07:23:45.846] [INFO] [selfplay:0] [SelfPlay] 1191/2500 (47%)  pos=89049  W/D/B=542/105/544  (45%/8%/45%)  d4~d7  0.4 games/s (avg 0.1)  1.2M nps  ETA 02:36:15
[2026-03-29T07:24:00.263] [INFO] [selfplay:0] [SelfPlay] 1192/2500 (47%)  pos=89107  W/D/B=542/105/545  (45%/8%/45%)  d4~d7  0.3 games/s (avg 0.1)  1.2M nps  ETA 02:35:59
[2026-03-29T07:24:03.857] [INFO] [selfplay:0] [SelfPlay] 1193/2500 (47%)  pos=89196  W/D/B=543/105/545  (45%/8%/45%)  d4~d7  0.3 games/s (avg 0.1)  1.2M nps  ETA 02:36:10
[2026-03-29T07:24:08.660] [INFO] [selfplay:0] [SelfPlay] 1194/2500 (47%)  pos=89254  W/D/B=544/105/545  (45%/8%/45%)  d4~d7  0.3 games/s (avg 0.1)  1.2M nps  ETA 02:35:58
[2026-03-29T07:24:19.206] [INFO] [selfplay:0] [SelfPlay] 1195/2500 (47%)  pos=89384  W/D/B=545/105/545  (45%/8%/45%)  d4~d7  0.3 games/s (avg 0.1)  1.2M nps  ETA 02:35:43
[2026-03-29T07:24:21.938] [INFO] [selfplay:0] [SelfPlay] 1196/2500 (47%)  pos=89442  W/D/B=545/105/546  (45%/8%/45%)  d4~d7  0.3 games/s (avg 0.1)  1.2M nps  ETA 02:35:47
[2026-03-29T07:24:28.771] [INFO] [selfplay:0] [SelfPlay] 1197/2500 (47%)  pos=89520  W/D/B=545/105/547  (45%/8%/45%)  d4~d7  0.3 games/s (avg 0.1)  1.2M nps  ETA 02:35:31
[2026-03-29T07:24:31.002] [INFO] [selfplay:0] [SelfPlay] 1198/2500 (47%)  pos=89556  W/D/B=545/105/548  (45%/8%/45%)  d4~d7  0.3 games/s (avg 0.1)  1.2M nps  ETA 02:35:28
[2026-03-29T07:24:34.832] [INFO] [selfplay:0] [SelfPlay] 1199/2500 (47%)  pos=89659  W/D/B=545/105/549  (45%/8%/45%)  d4~d7  0.3 games/s (avg 0.1)  1.2M nps  ETA 02:35:14
[2026-03-29T07:24:46.963] [INFO] [selfplay:0] [SelfPlay] 1200/2500 (48%)  pos=89715  W/D/B=546/105/549  (45%/8%/45%)  d4~d7  0.3 games/s (avg 0.1)  1.2M nps  ETA 02:34:55
[2026-03-29T07:24:47.415] [INFO] [selfplay:0] [SelfPlay] 1201/2500 (48%)  pos=89719  W/D/B=546/105/550  (45%/8%/45%)  d4~d7  0.2 games/s (avg 0.1)  1.2M nps  ETA 02:35:05
[2026-03-29T07:24:52.042] [INFO] [selfplay:0] [SelfPlay] 1202/2500 (48%)  pos=89830  W/D/B=547/105/550  (45%/8%/45%)  d4~d7  0.5 games/s (avg 0.1)  1.2M nps  ETA 02:34:46
[2026-03-29T07:24:56.344] [INFO] [selfplay:0] [SelfPlay] 1203/2500 (48%)  pos=89934  W/D/B=548/105/550  (45%/8%/45%)  d4~d7  0.5 games/s (avg 0.1)  1.2M nps  ETA 02:34:37
[2026-03-29T07:24:59.343] [INFO] [selfplay:0] [SelfPlay] 1204/2500 (48%)  pos=90043  W/D/B=549/105/550  (45%/8%/45%)  d4~d7  0.5 games/s (avg 0.1)  1.2M nps  ETA 02:34:27
[2026-03-29T07:25:04.175] [INFO] [selfplay:0] [SelfPlay] 1205/2500 (48%)  pos=90077  W/D/B=550/105/550  (45%/8%/45%)  d4~d7  0.4 games/s (avg 0.1)  1.2M nps  ETA 02:34:14
[2026-03-29T07:25:07.214] [INFO] [selfplay:0] [SelfPlay] 1206/2500 (48%)  pos=90163  W/D/B=550/105/551  (45%/8%/45%)  d4~d7  0.4 games/s (avg 0.1)  1.2M nps  ETA 02:34:06
[2026-03-29T07:25:10.980] [INFO] [selfplay:0] [SelfPlay] 1207/2500 (48%)  pos=90278  W/D/B=551/105/551  (45%/8%/45%)  d4~d7  0.4 games/s (avg 0.1)  1.2M nps  ETA 02:33:54
[2026-03-29T07:25:30.177] [INFO] [selfplay:0] [SelfPlay] 1208/2500 (48%)  pos=90367  W/D/B=551/105/552  (45%/8%/45%)  d4~d7  0.4 games/s (avg 0.1)  1.2M nps  ETA 02:33:28
[2026-03-29T07:25:33.433] [INFO] [selfplay:0] [SelfPlay] 1209/2500 (48%)  pos=90375  W/D/B=551/105/553  (45%/8%/45%)  d4~d7  0.3 games/s (avg 0.1)  1.2M nps  ETA 02:33:50
[2026-03-29T07:25:35.601] [INFO] [selfplay:0] [SelfPlay] 1210/2500 (48%)  pos=90452  W/D/B=552/105/553  (45%/8%/45%)  d4~d7  0.3 games/s (avg 0.1)  1.2M nps  ETA 02:33:38
[2026-03-29T07:26:01.949] [INFO] [selfplay:0] [SelfPlay] 1211/2500 (48%)  pos=90495  W/D/B=553/105/553  (45%/8%/45%)  d4~d7  0.3 games/s (avg 0.1)  1.2M nps  ETA 02:33:03
[2026-03-29T07:26:08.023] [INFO] [selfplay:0] [SelfPlay] 1212/2500 (48%)  pos=90614  W/D/B=554/105/553  (45%/8%/45%)  d4~d7  0.3 games/s (avg 0.1)  1.2M nps  ETA 02:33:36
[2026-03-29T07:26:17.305] [INFO] [selfplay:0] [SelfPlay] 1213/2500 (48%)  pos=90716  W/D/B=554/106/553  (45%/8%/45%)  d4~d7  0.3 games/s (avg 0.1)  1.2M nps  ETA 02:33:25
[2026-03-29T07:26:23.317] [INFO] [selfplay:0] [SelfPlay] 1214/2500 (48%)  pos=90775  W/D/B=554/106/554  (45%/8%/45%)  d4~d7  0.3 games/s (avg 0.1)  1.2M nps  ETA 02:33:23
[2026-03-29T07:26:26.085] [INFO] [selfplay:0] [SelfPlay] 1215/2500 (48%)  pos=90807  W/D/B=554/106/555  (45%/8%/45%)  d4~d7  0.2 games/s (avg 0.1)  1.2M nps  ETA 02:33:18
[2026-03-29T07:26:38.180] [INFO] [selfplay:0] [SelfPlay] 1216/2500 (48%)  pos=90887  W/D/B=554/107/555  (45%/8%/45%)  d4~d7  0.3 games/s (avg 0.1)  1.2M nps  ETA 02:32:57
[2026-03-29T07:26:38.184] [INFO] [selfplay:0] [SelfPlay] 1217/2500 (48%)  pos=90966  W/D/B=554/107/556  (45%/8%/45%)  d4~d7  0.2 games/s (avg 0.1)  1.2M nps  ETA 02:33:07
[2026-03-29T07:26:42.011] [INFO] [selfplay:0] [SelfPlay] 1218/2500 (48%)  pos=91033  W/D/B=555/107/556  (45%/8%/45%)  d4~d7  37.5 games/s (avg 0.1)  1.2M nps  ETA 02:32:48
[2026-03-29T07:26:42.448] [INFO] [selfplay:0] [SelfPlay] 1219/2500 (48%)  pos=91131  W/D/B=555/107/557  (45%/8%/45%)  d4~d7  34.7 games/s (avg 0.1)  1.2M nps  ETA 02:32:41
[2026-03-29T07:26:45.634] [INFO] [selfplay:0] [SelfPlay] 1220/2500 (48%)  pos=91232  W/D/B=555/107/558  (45%/8%/45%)  d4~d7  32.1 games/s (avg 0.1)  1.2M nps  ETA 02:32:23
[2026-03-29T07:26:47.996] [INFO] [selfplay:0] [SelfPlay] 1221/2500 (48%)  pos=91320  W/D/B=555/107/559  (45%/8%/45%)  d4~d7  29.7 games/s (avg 0.1)  1.2M nps  ETA 02:32:14
[2026-03-29T07:26:52.043] [INFO] [selfplay:0] [SelfPlay] 1222/2500 (48%)  pos=91371  W/D/B=555/107/560  (45%/8%/45%)  d4~d7  27.5 games/s (avg 0.1)  1.2M nps  ETA 02:32:00
[2026-03-29T07:27:18.938] [INFO] [selfplay:0] [SelfPlay] 1223/2500 (48%)  pos=91434  W/D/B=555/107/561  (45%/8%/45%)  d4~d7  25.4 games/s (avg 0.1)  1.2M nps  ETA 02:31:26
[2026-03-29T07:27:26.688] [INFO] [selfplay:0] [SelfPlay] 1224/2500 (48%)  pos=91495  W/D/B=556/107/561  (45%/8%/45%)  d4~d7  23.5 games/s (avg 0.1)  1.2M nps  ETA 02:31:59
[2026-03-29T07:27:32.771] [INFO] [selfplay:0] [SelfPlay] 1225/2500 (49%)  pos=91533  W/D/B=556/107/562  (45%/8%/45%)  d4~d7  21.7 games/s (avg 0.1)  1.2M nps  ETA 02:31:54
[2026-03-29T07:27:46.200] [INFO] [selfplay:0] [SelfPlay] 1226/2500 (49%)  pos=91594  W/D/B=557/107/562  (45%/8%/45%)  d4~d7  20.1 games/s (avg 0.1)  1.2M nps  ETA 02:31:39
[2026-03-29T07:27:48.090] [INFO] [selfplay:0] [SelfPlay] 1227/2500 (49%)  pos=91783  W/D/B=557/108/562  (45%/8%/45%)  d4~d7  18.6 games/s (avg 0.1)  1.2M nps  ETA 02:31:49
[2026-03-29T07:28:00.961] [INFO] [selfplay:0] [SelfPlay] 1228/2500 (49%)  pos=91917  W/D/B=558/108/562  (45%/8%/45%)  d4~d7  17.2 games/s (avg 0.1)  1.2M nps  ETA 02:31:26
[2026-03-29T07:28:03.878] [INFO] [selfplay:0] [SelfPlay] 1229/2500 (49%)  pos=92008  W/D/B=559/108/562  (45%/8%/45%)  d4~d7  15.9 games/s (avg 0.1)  1.2M nps  ETA 02:31:35
[2026-03-29T07:28:09.293] [INFO] [selfplay:0] [SelfPlay] 1230/2500 (49%)  pos=92189  W/D/B=559/108/563  (45%/8%/45%)  d4~d7  14.7 games/s (avg 0.1)  1.2M nps  ETA 02:31:21
[2026-03-29T07:28:19.145] [INFO] [selfplay:0] [SelfPlay] 1231/2500 (49%)  pos=92268  W/D/B=560/108/563  (45%/8%/45%)  d4~d7  13.6 games/s (avg 0.1)  1.2M nps  ETA 02:31:07
[2026-03-29T07:28:20.569] [INFO] [selfplay:0] [SelfPlay] 1232/2500 (49%)  pos=92340  W/D/B=561/108/563  (45%/8%/45%)  d4~d7  12.6 games/s (avg 0.1)  1.2M nps  ETA 02:31:11
[2026-03-29T07:28:21.007] [INFO] [selfplay:0] [SelfPlay] 1233/2500 (49%)  pos=92447  W/D/B=561/109/563  (45%/8%/45%)  d4~d7  11.7 games/s (avg 0.1)  1.2M nps  ETA 02:31:00
[2026-03-29T07:28:29.357] [INFO] [selfplay:0] [SelfPlay] 1234/2500 (49%)  pos=92501  W/D/B=561/109/564  (45%/8%/45%)  d4~d7  10.2 games/s (avg 0.1)  1.2M nps  ETA 02:30:38
[2026-03-29T07:28:44.847] [INFO] [selfplay:0] [SelfPlay] 1235/2500 (49%)  pos=92595  W/D/B=561/110/564  (45%/8%/45%)  d4~d7  9.5 games/s (avg 0.1)  1.2M nps  ETA 02:30:24
[2026-03-29T07:29:07.942] [INFO] [selfplay:0] [SelfPlay] 1236/2500 (49%)  pos=92697  W/D/B=561/110/565  (45%/8%/45%)  d4~d7  8.8 games/s (avg 0.1)  1.2M nps  ETA 02:30:18
[2026-03-29T07:29:13.784] [INFO] [selfplay:0] [SelfPlay] 1237/2500 (49%)  pos=92812  W/D/B=561/110/566  (45%/8%/45%)  d4~d7  8.1 games/s (avg 0.1)  1.2M nps  ETA 02:30:44
[2026-03-29T07:29:36.773] [INFO] [selfplay:0] [SelfPlay] 1238/2500 (49%)  pos=92872  W/D/B=561/110/567  (45%/8%/45%)  d4~d7  7.5 games/s (avg 0.1)  1.2M nps  ETA 02:30:19
[2026-03-29T07:29:39.978] [INFO] [selfplay:0] [SelfPlay] 1239/2500 (49%)  pos=92949  W/D/B=562/110/567  (45%/8%/45%)  d4~d7  6.9 games/s (avg 0.1)  1.2M nps  ETA 02:30:48
[2026-03-29T07:29:50.488] [INFO] [selfplay:0] [SelfPlay] 1240/2500 (49%)  pos=92960  W/D/B=563/110/567  (45%/8%/45%)  d4~d7  6.4 games/s (avg 0.1)  1.2M nps  ETA 02:30:29
[2026-03-29T07:30:13.941] [INFO] [selfplay:0] [SelfPlay] 1241/2500 (49%)  pos=93196  W/D/B=563/111/567  (45%/8%/45%)  d4~d7  5.9 games/s (avg 0.1)  1.2M nps  ETA 02:30:12
[2026-03-29T07:30:14.615] [INFO] [selfplay:0] [SelfPlay] 1242/2500 (49%)  pos=93246  W/D/B=563/111/568  (45%/8%/45%)  d4~d7  5.5 games/s (avg 0.1)  1.2M nps  ETA 02:30:44
[2026-03-29T07:30:26.422] [INFO] [selfplay:0] [SelfPlay] 1243/2500 (49%)  pos=93413  W/D/B=563/111/569  (45%/8%/45%)  d4~d7  4.9 games/s (avg 0.1)  1.2M nps  ETA 02:30:20
[2026-03-29T07:30:28.555] [INFO] [selfplay:0] [SelfPlay] 1244/2500 (49%)  pos=93447  W/D/B=564/111/569  (45%/8%/45%)  d4~d7  4.5 games/s (avg 0.1)  1.2M nps  ETA 02:30:26
[2026-03-29T07:30:35.473] [INFO] [selfplay:0] [SelfPlay] 1245/2500 (49%)  pos=93593  W/D/B=565/111/569  (45%/8%/45%)  d4~d7  3.9 games/s (avg 0.1)  1.2M nps  ETA 02:30:10
[2026-03-29T07:30:36.724] [INFO] [selfplay:0] [SelfPlay] 1246/2500 (49%)  pos=93679  W/D/B=565/111/570  (45%/8%/45%)  d4~d7  3.6 games/s (avg 0.1)  1.2M nps  ETA 02:30:07
[2026-03-29T07:30:47.505] [INFO] [selfplay:0] [SelfPlay] 1247/2500 (49%)  pos=93750  W/D/B=565/111/571  (45%/8%/45%)  d4~d7  3.2 games/s (avg 0.1)  1.2M nps  ETA 02:29:46
[2026-03-29T07:30:54.288] [INFO] [selfplay:0] [SelfPlay] 1248/2500 (49%)  pos=93836  W/D/B=565/111/572  (45%/8%/45%)  d4~d7  3.0 games/s (avg 0.1)  1.2M nps  ETA 02:29:45
[2026-03-29T07:31:00.282] [INFO] [selfplay:0] [SelfPlay] 1249/2500 (49%)  pos=93874  W/D/B=565/111/573  (45%/8%/45%)  d4~d7  2.7 games/s (avg 0.1)  1.2M nps  ETA 02:29:39
[2026-03-29T07:31:01.761] [INFO] [selfplay:0] [SelfPlay] 1250/2500 (50%)  pos=93926  W/D/B=565/111/574  (45%/8%/45%)  d4~d7  2.5 games/s (avg 0.1)  1.2M nps  ETA 02:29:34
[2026-03-29T07:31:06.508] [INFO] [selfplay:0] [SelfPlay] 1251/2500 (50%)  pos=93927  W/D/B=566/111/574  (45%/8%/45%)  d4~d7  2.3 games/s (avg 0.1)  1.2M nps  ETA 02:29:19
[2026-03-29T07:31:12.041] [INFO] [selfplay:0] [SelfPlay] 1252/2500 (50%)  pos=94026  W/D/B=566/111/575  (45%/8%/45%)  d4~d7  2.1 games/s (avg 0.1)  1.2M nps  ETA 02:29:08
[2026-03-29T07:31:15.398] [INFO] [selfplay:0] [SelfPlay] 1253/2500 (50%)  pos=94101  W/D/B=567/111/575  (45%/8%/45%)  d4~d7  1.9 games/s (avg 0.1)  1.2M nps  ETA 02:29:02
[2026-03-29T07:31:16.439] [INFO] [selfplay:0] [SelfPlay] 1254/2500 (50%)  pos=94203  W/D/B=567/111/576  (45%/8%/45%)  d4~d7  1.7 games/s (avg 0.1)  1.2M nps  ETA 02:28:53
[2026-03-29T07:31:18.768] [INFO] [selfplay:0] [SelfPlay] 1255/2500 (50%)  pos=94272  W/D/B=567/111/577  (45%/8%/45%)  d4~d7  1.6 games/s (avg 0.1)  1.2M nps  ETA 02:28:38
[2026-03-29T07:31:20.253] [INFO] [selfplay:0] [SelfPlay] 1256/2500 (50%)  pos=94355  W/D/B=568/111/577  (45%/8%/45%)  d4~d7  1.4 games/s (avg 0.1)  1.2M nps  ETA 02:28:28
[2026-03-29T07:31:20.833] [INFO] [selfplay:0] [SelfPlay] 1257/2500 (50%)  pos=94421  W/D/B=568/111/578  (45%/8%/45%)  d4~d7  1.3 games/s (avg 0.1)  1.2M nps  ETA 02:28:15
[2026-03-29T07:31:23.109] [INFO] [selfplay:0] [SelfPlay] 1258/2500 (50%)  pos=94487  W/D/B=569/111/578  (45%/8%/45%)  d4~d7  1.4 games/s (avg 0.1)  1.2M nps  ETA 02:28:00
[2026-03-29T07:31:35.992] [INFO] [selfplay:0] [SelfPlay] 1259/2500 (50%)  pos=94523  W/D/B=570/111/578  (45%/8%/45%)  d4~d7  1.2 games/s (avg 0.1)  1.2M nps  ETA 02:27:37
[2026-03-29T07:31:38.609] [INFO] [selfplay:0] [SelfPlay] 1260/2500 (50%)  pos=94627  W/D/B=570/112/578  (45%/8%/45%)  d4~d7  1.1 games/s (avg 0.1)  1.2M nps  ETA 02:27:46
[2026-03-29T07:32:17.627] [INFO] [selfplay:0] [SelfPlay] 1261/2500 (50%)  pos=94787  W/D/B=570/112/579  (45%/8%/45%)  d4~d7  1.0 games/s (avg 0.1)  1.2M nps  ETA 02:26:58
[2026-03-29T07:32:36.134] [INFO] [selfplay:0] [SelfPlay] 1262/2500 (50%)  pos=94850  W/D/B=570/112/580  (45%/8%/45%)  d4~d7  0.9 games/s (avg 0.1)  1.2M nps  ETA 02:27:43
[2026-03-29T07:32:49.388] [INFO] [selfplay:0] [SelfPlay] 1263/2500 (50%)  pos=94880  W/D/B=571/112/580  (45%/8%/45%)  d4~d7  0.9 games/s (avg 0.1)  1.2M nps  ETA 02:27:52
[2026-03-29T07:32:50.856] [INFO] [selfplay:0] [SelfPlay] 1264/2500 (50%)  pos=94928  W/D/B=571/112/581  (45%/8%/45%)  d4~d7  0.8 games/s (avg 0.1)  1.2M nps  ETA 02:28:02
[2026-03-29T07:32:57.434] [INFO] [selfplay:0] [SelfPlay] 1265/2500 (50%)  pos=95025  W/D/B=571/112/582  (45%/8%/46%)  d4~d7  0.8 games/s (avg 0.1)  1.2M nps  ETA 02:27:45
[2026-03-29T07:33:09.436] [INFO] [selfplay:0] [SelfPlay] 1266/2500 (50%)  pos=95129  W/D/B=572/112/582  (45%/8%/45%)  d4~d7  0.7 games/s (avg 0.1)  1.2M nps  ETA 02:27:32
[2026-03-29T07:33:11.046] [INFO] [selfplay:0] [SelfPlay] 1267/2500 (50%)  pos=95218  W/D/B=573/112/582  (45%/8%/45%)  d4~d7  0.6 games/s (avg 0.1)  1.2M nps  ETA 02:27:39
[2026-03-29T07:33:16.741] [INFO] [selfplay:0] [SelfPlay] 1268/2500 (50%)  pos=95240  W/D/B=574/112/582  (45%/8%/45%)  d4~d7  0.6 games/s (avg 0.1)  1.2M nps  ETA 02:27:22
[2026-03-29T07:33:22.092] [INFO] [selfplay:0] [SelfPlay] 1269/2500 (50%)  pos=95331  W/D/B=575/112/582  (45%/8%/45%)  d4~d7  0.5 games/s (avg 0.1)  1.2M nps  ETA 02:27:15
[2026-03-29T07:33:27.853] [INFO] [selfplay:0] [SelfPlay] 1270/2500 (50%)  pos=95376  W/D/B=576/112/582  (45%/8%/45%)  d4~d7  0.5 games/s (avg 0.1)  1.2M nps  ETA 02:27:05
[2026-03-29T07:33:49.500] [INFO] [selfplay:0] [SelfPlay] 1271/2500 (50%)  pos=95487  W/D/B=577/112/582  (45%/8%/45%)  d4~d7  0.4 games/s (avg 0.1)  1.2M nps  ETA 02:26:41
[2026-03-29T07:33:55.017] [INFO] [selfplay:0] [SelfPlay] 1272/2500 (50%)  pos=95614  W/D/B=578/112/582  (45%/8%/45%)  d4~d7  0.4 games/s (avg 0.1)  1.2M nps  ETA 02:27:03
[2026-03-29T07:34:05.471] [INFO] [selfplay:0] [SelfPlay] 1273/2500 (50%)  pos=95708  W/D/B=579/112/582  (45%/8%/45%)  d4~d7  0.4 games/s (avg 0.1)  1.2M nps  ETA 02:26:50
[2026-03-29T07:34:23.786] [INFO] [selfplay:0] [SelfPlay] 1274/2500 (50%)  pos=95773  W/D/B=580/112/582  (45%/8%/45%)  d4~d7  0.3 games/s (avg 0.1)  1.2M nps  ETA 02:26:37
[2026-03-29T07:34:25.553] [INFO] [selfplay:0] [SelfPlay] 1275/2500 (51%)  pos=95889  W/D/B=580/112/583  (45%/8%/45%)  d4~d7  0.3 games/s (avg 0.1)  1.2M nps  ETA 02:26:58
[2026-03-29T07:34:26.788] [INFO] [selfplay:0] [SelfPlay] 1276/2500 (51%)  pos=95987  W/D/B=580/112/584  (45%/8%/45%)  d4~d7  0.3 games/s (avg 0.1)  1.2M nps  ETA 02:26:46
[2026-03-29T07:34:33.104] [INFO] [selfplay:0] [SelfPlay] 1277/2500 (51%)  pos=96078  W/D/B=581/112/584  (45%/8%/45%)  d4~d7  0.4 games/s (avg 0.1)  1.2M nps  ETA 02:26:28
[2026-03-29T07:34:38.888] [INFO] [selfplay:0] [SelfPlay] 1278/2500 (51%)  pos=96208  W/D/B=581/112/585  (45%/8%/45%)  d4~d7  0.4 games/s (avg 0.1)  1.2M nps  ETA 02:26:20
[2026-03-29T07:34:38.922] [INFO] [selfplay:0] [SelfPlay] 1279/2500 (51%)  pos=96304  W/D/B=581/113/585  (45%/8%/45%)  d4~d7  0.3 games/s (avg 0.1)  1.2M nps  ETA 02:26:18
[2026-03-29T07:34:43.408] [INFO] [selfplay:0] [SelfPlay] 1280/2500 (51%)  pos=96342  W/D/B=581/113/586  (45%/8%/45%)  d4~d7  4.6 games/s (avg 0.1)  1.2M nps  ETA 02:26:00
[2026-03-29T07:34:51.683] [INFO] [selfplay:0] [SelfPlay] 1281/2500 (51%)  pos=96362  W/D/B=581/113/587  (45%/8%/45%)  d4~d7  4.2 games/s (avg 0.1)  1.2M nps  ETA 02:25:45
[2026-03-29T07:35:01.797] [INFO] [selfplay:0] [SelfPlay] 1282/2500 (51%)  pos=96397  W/D/B=582/113/587  (45%/8%/45%)  d4~d7  3.9 games/s (avg 0.1)  1.2M nps  ETA 02:25:38
[2026-03-29T07:35:11.643] [INFO] [selfplay:0] [SelfPlay] 1283/2500 (51%)  pos=96453  W/D/B=582/113/588  (45%/8%/45%)  d4~d7  3.6 games/s (avg 0.1)  1.2M nps  ETA 02:25:34
[2026-03-29T07:35:15.819] [INFO] [selfplay:0] [SelfPlay] 1284/2500 (51%)  pos=96533  W/D/B=582/113/589  (45%/8%/45%)  d4~d7  3.4 games/s (avg 0.1)  1.2M nps  ETA 02:25:35
[2026-03-29T07:35:16.305] [INFO] [selfplay:0] [SelfPlay] 1285/2500 (51%)  pos=96610  W/D/B=582/113/590  (45%/8%/45%)  d4~d7  3.1 games/s (avg 0.1)  1.2M nps  ETA 02:25:29
[2026-03-29T07:35:21.042] [INFO] [selfplay:0] [SelfPlay] 1286/2500 (51%)  pos=96662  W/D/B=582/113/591  (45%/8%/45%)  d4~d7  2.9 games/s (avg 0.1)  1.2M nps  ETA 02:25:10
[2026-03-29T07:35:31.419] [INFO] [selfplay:0] [SelfPlay] 1287/2500 (51%)  pos=96779  W/D/B=582/114/591  (45%/8%/45%)  d4~d7  2.7 games/s (avg 0.1)  1.2M nps  ETA 02:24:56
[2026-03-29T07:35:33.066] [INFO] [selfplay:0] [SelfPlay] 1288/2500 (51%)  pos=96844  W/D/B=583/114/591  (45%/8%/45%)  d4~d7  2.5 games/s (avg 0.1)  1.2M nps  ETA 02:25:00
[2026-03-29T07:35:52.991] [INFO] [selfplay:0] [SelfPlay] 1289/2500 (51%)  pos=96882  W/D/B=584/114/591  (45%/8%/45%)  d4~d7  2.2 games/s (avg 0.1)  1.2M nps  ETA 02:24:29
[2026-03-29T07:35:54.126] [INFO] [selfplay:0] [SelfPlay] 1290/2500 (51%)  pos=97002  W/D/B=585/114/591  (45%/8%/45%)  d4~d7  2.1 games/s (avg 0.1)  1.2M nps  ETA 02:24:53
[2026-03-29T07:35:55.482] [INFO] [selfplay:0] [SelfPlay] 1291/2500 (51%)  pos=97119  W/D/B=586/114/591  (45%/8%/45%)  d4~d7  1.9 games/s (avg 0.1)  1.2M nps  ETA 02:24:40
[2026-03-29T07:36:00.982] [INFO] [selfplay:0] [SelfPlay] 1292/2500 (51%)  pos=97186  W/D/B=586/114/592  (45%/8%/45%)  d4~d7  1.7 games/s (avg 0.1)  1.2M nps  ETA 02:24:23
[2026-03-29T07:36:13.032] [INFO] [selfplay:0] [SelfPlay] 1293/2500 (51%)  pos=97250  W/D/B=586/114/593  (45%/8%/45%)  d4~d7  1.5 games/s (avg 0.1)  1.2M nps  ETA 02:24:08
[2026-03-29T07:36:32.254] [INFO] [selfplay:0] [SelfPlay] 1294/2500 (51%)  pos=97306  W/D/B=586/114/594  (45%/8%/45%)  d4~d7  1.4 games/s (avg 0.1)  1.2M nps  ETA 02:23:58
[2026-03-29T07:36:37.011] [INFO] [selfplay:0] [SelfPlay] 1295/2500 (51%)  pos=97445  W/D/B=586/114/595  (45%/8%/45%)  d4~d7  1.3 games/s (avg 0.1)  1.2M nps  ETA 02:24:16
[2026-03-29T07:36:38.861] [INFO] [selfplay:0] [SelfPlay] 1296/2500 (51%)  pos=97607  W/D/B=586/114/596  (45%/8%/45%)  d4~d7  1.1 games/s (avg 0.1)  1.2M nps  ETA 02:24:10
[2026-03-29T07:36:41.864] [INFO] [selfplay:0] [SelfPlay] 1297/2500 (51%)  pos=97701  W/D/B=587/114/596  (45%/8%/45%)  d4~d7  1.0 games/s (avg 0.1)  1.2M nps  ETA 02:23:57
[2026-03-29T07:36:56.043] [INFO] [selfplay:0] [SelfPlay] 1298/2500 (51%)  pos=97794  W/D/B=588/114/596  (45%/8%/45%)  d4~d7  0.9 games/s (avg 0.1)  1.2M nps  ETA 02:23:35
[2026-03-29T07:37:01.909] [INFO] [selfplay:0] [SelfPlay] 1299/2500 (51%)  pos=97835  W/D/B=588/114/597  (45%/8%/45%)  d4~d7  0.9 games/s (avg 0.1)  1.2M nps  ETA 02:23:42
[2026-03-29T07:37:05.568] [INFO] [selfplay:0] [SelfPlay] 1300/2500 (52%)  pos=97888  W/D/B=588/114/598  (45%/8%/46%)  d4~d7  0.8 games/s (avg 0.1)  1.2M nps  ETA 02:23:36
[2026-03-29T07:37:09.145] [INFO] [selfplay:0] [SelfPlay] 1301/2500 (52%)  pos=97965  W/D/B=588/114/599  (45%/8%/46%)  d4~d7  0.7 games/s (avg 0.1)  1.2M nps  ETA 02:23:26
[2026-03-29T07:37:23.897] [INFO] [selfplay:0] [SelfPlay] 1302/2500 (52%)  pos=97983  W/D/B=588/115/599  (45%/8%/46%)  d4~d7  0.6 games/s (avg 0.1)  1.2M nps  ETA 02:23:04
[2026-03-29T07:37:25.611] [INFO] [selfplay:0] [SelfPlay] 1303/2500 (52%)  pos=97988  W/D/B=588/115/600  (45%/8%/46%)  d4~d7  0.5 games/s (avg 0.1)  1.2M nps  ETA 02:23:16
[2026-03-29T07:37:32.434] [INFO] [selfplay:0] [SelfPlay] 1304/2500 (52%)  pos=98009  W/D/B=589/115/600  (45%/8%/46%)  d4~d7  0.5 games/s (avg 0.1)  1.2M nps  ETA 02:23:00
[2026-03-29T07:37:41.962] [INFO] [selfplay:0] [SelfPlay] 1305/2500 (52%)  pos=98061  W/D/B=590/115/600  (45%/8%/45%)  d4~d7  0.5 games/s (avg 0.1)  1.2M nps  ETA 02:22:49
[2026-03-29T07:37:48.792] [INFO] [selfplay:0] [SelfPlay] 1306/2500 (52%)  pos=98133  W/D/B=590/115/601  (45%/8%/46%)  d4~d7  0.4 games/s (avg 0.1)  1.2M nps  ETA 02:22:47
[2026-03-29T07:37:54.154] [INFO] [selfplay:0] [SelfPlay] 1307/2500 (52%)  pos=98231  W/D/B=590/115/602  (45%/8%/46%)  d4~d7  0.4 games/s (avg 0.1)  1.2M nps  ETA 02:22:41
[2026-03-29T07:38:18.254] [INFO] [selfplay:0] [SelfPlay] 1308/2500 (52%)  pos=98356  W/D/B=590/116/602  (45%/8%/46%)  d4~d7  0.4 games/s (avg 0.1)  1.2M nps  ETA 02:22:13
[2026-03-29T07:38:22.655] [INFO] [selfplay:0] [SelfPlay] 1309/2500 (52%)  pos=98428  W/D/B=591/116/602  (45%/8%/45%)  d4~d7  0.3 games/s (avg 0.1)  1.2M nps  ETA 02:22:41
[2026-03-29T07:38:30.389] [INFO] [selfplay:0] [SelfPlay] 1310/2500 (52%)  pos=98458  W/D/B=592/116/602  (45%/8%/45%)  d4~d7  0.3 games/s (avg 0.1)  1.2M nps  ETA 02:22:29
[2026-03-29T07:38:42.008] [INFO] [selfplay:0] [SelfPlay] 1311/2500 (52%)  pos=98531  W/D/B=592/117/602  (45%/8%/45%)  d4~d7  0.3 games/s (avg 0.1)  1.2M nps  ETA 02:22:17
[2026-03-29T07:38:42.924] [INFO] [selfplay:0] [SelfPlay] 1312/2500 (52%)  pos=98573  W/D/B=593/117/602  (45%/8%/45%)  d4~d7  0.2 games/s (avg 0.1)  1.2M nps  ETA 02:22:25
[2026-03-29T07:38:46.818] [INFO] [selfplay:0] [SelfPlay] 1313/2500 (52%)  pos=98659  W/D/B=594/117/602  (45%/8%/45%)  d4~d7  0.4 games/s (avg 0.1)  1.2M nps  ETA 02:22:09
[2026-03-29T07:38:49.854] [INFO] [selfplay:0] [SelfPlay] 1314/2500 (52%)  pos=98716  W/D/B=594/118/602  (45%/8%/45%)  d4~d7  0.4 games/s (avg 0.1)  1.2M nps  ETA 02:22:00
[2026-03-29T07:39:00.843] [INFO] [selfplay:0] [SelfPlay] 1315/2500 (52%)  pos=98771  W/D/B=595/118/602  (45%/8%/45%)  d4~d7  0.3 games/s (avg 0.1)  1.2M nps  ETA 02:21:41
[2026-03-29T07:39:06.665] [INFO] [selfplay:0] [SelfPlay] 1316/2500 (52%)  pos=98857  W/D/B=595/119/602  (45%/9%/45%)  d4~d7  0.3 games/s (avg 0.1)  1.2M nps  ETA 02:21:42
[2026-03-29T07:39:14.144] [INFO] [selfplay:0] [SelfPlay] 1317/2500 (52%)  pos=98931  W/D/B=596/119/602  (45%/9%/45%)  d4~d7  0.3 games/s (avg 0.1)  1.2M nps  ETA 02:21:33
[2026-03-29T07:39:15.358] [INFO] [selfplay:0] [SelfPlay] 1318/2500 (52%)  pos=99023  W/D/B=597/119/602  (45%/9%/45%)  d4~d7  0.3 games/s (avg 0.1)  1.2M nps  ETA 02:21:32
[2026-03-29T07:39:18.265] [INFO] [selfplay:0] [SelfPlay] 1319/2500 (52%)  pos=99166  W/D/B=597/119/603  (45%/9%/45%)  d4~d7  0.4 games/s (avg 0.1)  1.2M nps  ETA 02:21:17
[2026-03-29T07:39:52.863] [INFO] [selfplay:0] [SelfPlay] 1320/2500 (52%)  pos=99286  W/D/B=597/119/604  (45%/9%/45%)  d4~d7  0.3 games/s (avg 0.1)  1.2M nps  ETA 02:20:34
[2026-03-29T07:40:03.180] [INFO] [selfplay:0] [SelfPlay] 1321/2500 (52%)  pos=99461  W/D/B=598/119/604  (45%/9%/45%)  d4~d7  0.3 games/s (avg 0.1)  1.2M nps  ETA 02:21:17
[2026-03-29T07:40:05.285] [INFO] [selfplay:0] [SelfPlay] 1322/2500 (52%)  pos=99532  W/D/B=598/119/605  (45%/9%/45%)  d4~d7  0.3 games/s (avg 0.1)  1.2M nps  ETA 02:21:20
[2026-03-29T07:40:09.215] [INFO] [selfplay:0] [SelfPlay] 1323/2500 (52%)  pos=99589  W/D/B=599/119/605  (45%/8%/45%)  d4~d7  0.3 games/s (avg 0.1)  1.2M nps  ETA 02:21:06
[2026-03-29T07:40:14.671] [INFO] [selfplay:0] [SelfPlay] 1324/2500 (52%)  pos=99697  W/D/B=599/119/606  (45%/8%/45%)  d4~d7  0.3 games/s (avg 0.1)  1.2M nps  ETA 02:20:54
[2026-03-29T07:40:22.979] [INFO] [selfplay:0] [SelfPlay] 1325/2500 (53%)  pos=99745  W/D/B=600/119/606  (45%/8%/45%)  d4~d7  0.3 games/s (avg 0.1)  1.2M nps  ETA 02:20:44
[2026-03-29T07:41:07.154] [INFO] [selfplay:0] [SelfPlay] 1326/2500 (53%)  pos=99981  W/D/B=600/120/606  (45%/9%/45%)  d4~d7  0.3 games/s (avg 0.1)  1.2M nps  ETA 02:20:01
[2026-03-29T07:41:08.837] [INFO] [selfplay:0] [SelfPlay] 1327/2500 (53%)  pos=100038  W/D/B=600/121/606  (45%/9%/45%)  d4~d7  0.2 games/s (avg 0.1)  1.2M nps  ETA 02:21:09
[2026-03-29T07:41:16.709] [INFO] [selfplay:0] [SelfPlay] 1328/2500 (53%)  pos=100133  W/D/B=600/121/607  (45%/9%/45%)  d4~d7  0.3 games/s (avg 0.1)  1.2M nps  ETA 02:20:51
[2026-03-29T07:41:16.969] [INFO] [selfplay:0] [SelfPlay] 1329/2500 (53%)  pos=100191  W/D/B=600/121/608  (45%/9%/45%)  d4~d7  0.3 games/s (avg 0.1)  1.2M nps  ETA 02:20:52
[2026-03-29T07:41:18.905] [INFO] [selfplay:0] [SelfPlay] 1330/2500 (53%)  pos=100243  W/D/B=601/121/608  (45%/9%/45%)  d4~d7  0.8 games/s (avg 0.1)  1.2M nps  ETA 02:20:37
[2026-03-29T07:41:20.010] [INFO] [selfplay:0] [SelfPlay] 1331/2500 (53%)  pos=100319  W/D/B=602/121/608  (45%/9%/45%)  d4~d7  0.8 games/s (avg 0.1)  1.2M nps  ETA 02:20:26
[2026-03-29T07:41:32.094] [INFO] [selfplay:0] [SelfPlay] 1332/2500 (53%)  pos=100385  W/D/B=603/121/608  (45%/9%/45%)  d4~d7  0.8 games/s (avg 0.1)  1.2M nps  ETA 02:20:02
[2026-03-29T07:41:43.327] [INFO] [selfplay:0] [SelfPlay] 1333/2500 (53%)  pos=100465  W/D/B=603/121/609  (45%/9%/45%)  d4~d7  0.7 games/s (avg 0.1)  1.2M nps  ETA 02:20:00
[2026-03-29T07:41:47.242] [INFO] [selfplay:0] [SelfPlay] 1334/2500 (53%)  pos=100504  W/D/B=603/121/610  (45%/9%/45%)  d4~d7  0.6 games/s (avg 0.1)  1.2M nps  ETA 02:20:04
[2026-03-29T07:41:47.280] [INFO] [selfplay:0] [SelfPlay] 1335/2500 (53%)  pos=100560  W/D/B=603/121/611  (45%/9%/45%)  d4~d7  0.5 games/s (avg 0.1)  1.2M nps  ETA 02:19:58
[2026-03-29T07:41:50.515] [INFO] [selfplay:0] [SelfPlay] 1336/2500 (53%)  pos=100626  W/D/B=604/121/611  (45%/9%/45%)  d4~d7  4.4 games/s (avg 0.1)  1.2M nps  ETA 02:19:41
[2026-03-29T07:41:50.962] [INFO] [selfplay:0] [SelfPlay] 1337/2500 (53%)  pos=100628  W/D/B=605/121/611  (45%/9%/45%)  d4~d7  4.1 games/s (avg 0.1)  1.2M nps  ETA 02:19:33
[2026-03-29T07:42:04.245] [INFO] [selfplay:0] [SelfPlay] 1338/2500 (53%)  pos=100691  W/D/B=606/121/611  (45%/9%/45%)  d4~d7  3.8 games/s (avg 0.1)  1.2M nps  ETA 02:19:08
[2026-03-29T07:42:12.508] [INFO] [selfplay:0] [SelfPlay] 1339/2500 (53%)  pos=100716  W/D/B=606/121/612  (45%/9%/45%)  d4~d7  3.5 games/s (avg 0.1)  1.2M nps  ETA 02:19:11
[2026-03-29T07:42:40.850] [INFO] [selfplay:0] [SelfPlay] 1340/2500 (53%)  pos=100763  W/D/B=606/121/613  (45%/9%/45%)  d4~d7  3.3 games/s (avg 0.1)  1.2M nps  ETA 02:18:43
[2026-03-29T07:42:51.540] [INFO] [selfplay:0] [SelfPlay] 1341/2500 (53%)  pos=100999  W/D/B=606/122/613  (45%/9%/45%)  d4~d7  3.0 games/s (avg 0.1)  1.2M nps  ETA 02:19:13
[2026-03-29T07:42:55.916] [INFO] [selfplay:0] [SelfPlay] 1342/2500 (53%)  pos=101070  W/D/B=606/122/614  (45%/9%/45%)  d4~d7  2.8 games/s (avg 0.1)  1.2M nps  ETA 02:19:14
[2026-03-29T07:43:03.492] [INFO] [selfplay:0] [SelfPlay] 1343/2500 (53%)  pos=101133  W/D/B=606/123/614  (45%/9%/45%)  d4~d7  2.6 games/s (avg 0.1)  1.2M nps  ETA 02:19:03
[2026-03-29T07:43:09.581] [INFO] [selfplay:0] [SelfPlay] 1344/2500 (53%)  pos=101186  W/D/B=606/123/615  (45%/9%/45%)  d4~d7  2.4 games/s (avg 0.1)  1.2M nps  ETA 02:18:56
[2026-03-29T07:43:15.994] [INFO] [selfplay:0] [SelfPlay] 1345/2500 (53%)  pos=101236  W/D/B=607/123/615  (45%/9%/45%)  d4~d7  2.2 games/s (avg 0.1)  1.2M nps  ETA 02:18:48
[2026-03-29T07:43:17.841] [INFO] [selfplay:0] [SelfPlay] 1346/2500 (53%)  pos=101323  W/D/B=608/123/615  (45%/9%/45%)  d4~d7  2.0 games/s (avg 0.1)  1.2M nps  ETA 02:18:45
[2026-03-29T07:43:22.194] [INFO] [selfplay:0] [SelfPlay] 1347/2500 (53%)  pos=101325  W/D/B=609/123/615  (45%/9%/45%)  d4~d7  1.8 games/s (avg 0.1)  1.2M nps  ETA 02:18:31
[2026-03-29T07:43:25.551] [INFO] [selfplay:0] [SelfPlay] 1348/2500 (53%)  pos=101346  W/D/B=610/123/615  (45%/9%/45%)  d4~d7  1.6 games/s (avg 0.1)  1.2M nps  ETA 02:18:22
[2026-03-29T07:43:31.764] [INFO] [selfplay:0] [SelfPlay] 1349/2500 (53%)  pos=101466  W/D/B=610/123/616  (45%/9%/45%)  d4~d7  1.4 games/s (avg 0.1)  1.2M nps  ETA 02:18:09
[2026-03-29T07:43:32.596] [INFO] [selfplay:0] [SelfPlay] 1350/2500 (54%)  pos=101518  W/D/B=611/123/616  (45%/9%/45%)  d4~d7  1.2 games/s (avg 0.1)  1.2M nps  ETA 02:18:06
[2026-03-29T07:43:51.780] [INFO] [selfplay:0] [SelfPlay] 1351/2500 (54%)  pos=101750  W/D/B=611/124/616  (45%/9%/45%)  d4~d7  1.2 games/s (avg 0.1)  1.2M nps  ETA 02:17:35
[2026-03-29T07:44:08.299] [INFO] [selfplay:0] [SelfPlay] 1352/2500 (54%)  pos=101802  W/D/B=612/124/616  (45%/9%/45%)  d4~d7  1.1 games/s (avg 0.1)  1.2M nps  ETA 02:17:41
[2026-03-29T07:44:09.211] [INFO] [selfplay:0] [SelfPlay] 1353/2500 (54%)  pos=101861  W/D/B=612/124/617  (45%/9%/45%)  d4~d7  1.0 games/s (avg 0.1)  1.2M nps  ETA 02:17:57
[2026-03-29T07:44:15.869] [INFO] [selfplay:0] [SelfPlay] 1354/2500 (54%)  pos=101922  W/D/B=613/124/617  (45%/9%/45%)  d4~d7  1.0 games/s (avg 0.1)  1.2M nps  ETA 02:17:38
[2026-03-29T07:44:19.932] [INFO] [selfplay:0] [SelfPlay] 1355/2500 (54%)  pos=101986  W/D/B=614/124/617  (45%/9%/45%)  d4~d7  0.9 games/s (avg 0.1)  1.2M nps  ETA 02:17:33
[2026-03-29T07:44:25.231] [INFO] [selfplay:0] [SelfPlay] 1356/2500 (54%)  pos=102070  W/D/B=614/124/618  (45%/9%/45%)  d4~d7  0.8 games/s (avg 0.1)  1.2M nps  ETA 02:17:22
[2026-03-29T07:44:54.648] [INFO] [selfplay:0] [SelfPlay] 1357/2500 (54%)  pos=102194  W/D/B=614/124/619  (45%/9%/45%)  d4~d7  0.7 games/s (avg 0.1)  1.2M nps  ETA 02:16:49
[2026-03-29T07:44:59.050] [INFO] [selfplay:0] [SelfPlay] 1358/2500 (54%)  pos=102220  W/D/B=615/124/619  (45%/9%/45%)  d4~d7  0.7 games/s (avg 0.1)  1.2M nps  ETA 02:17:26
[2026-03-29T07:45:18.747] [INFO] [selfplay:0] [SelfPlay] 1359/2500 (54%)  pos=102294  W/D/B=616/124/619  (45%/9%/45%)  d4~d7  0.6 games/s (avg 0.1)  1.2M nps  ETA 02:17:00
[2026-03-29T07:45:19.673] [INFO] [selfplay:0] [SelfPlay] 1360/2500 (54%)  pos=102339  W/D/B=616/124/620  (45%/9%/45%)  d4~d7  0.6 games/s (avg 0.1)  1.2M nps  ETA 02:17:23
[2026-03-29T07:45:23.162] [INFO] [selfplay:0] [SelfPlay] 1361/2500 (54%)  pos=102390  W/D/B=617/124/620  (45%/9%/45%)  d4~d7  0.6 games/s (avg 0.1)  1.2M nps  ETA 02:17:08
[2026-03-29T07:45:32.065] [INFO] [selfplay:0] [SelfPlay] 1362/2500 (54%)  pos=102450  W/D/B=617/124/621  (45%/9%/45%)  d4~d7  0.6 games/s (avg 0.1)  1.2M nps  ETA 02:16:52
[2026-03-29T07:45:32.172] [INFO] [selfplay:0] [SelfPlay] 1363/2500 (54%)  pos=102603  W/D/B=618/124/621  (45%/9%/45%)  d4~d7  0.5 games/s (avg 0.1)  1.2M nps  ETA 02:16:55
[2026-03-29T07:45:35.887] [INFO] [selfplay:0] [SelfPlay] 1364/2500 (54%)  pos=102606  W/D/B=619/124/621  (45%/9%/45%)  d4~d7  1.8 games/s (avg 0.1)  1.2M nps  ETA 02:16:38
[2026-03-29T07:45:37.577] [INFO] [selfplay:0] [SelfPlay] 1365/2500 (54%)  pos=102665  W/D/B=619/124/622  (45%/9%/45%)  d4~d7  1.6 games/s (avg 0.1)  1.2M nps  ETA 02:16:30
[2026-03-29T07:45:43.141] [INFO] [selfplay:0] [SelfPlay] 1366/2500 (54%)  pos=102713  W/D/B=620/124/622  (45%/9%/45%)  d4~d7  1.4 games/s (avg 0.1)  1.2M nps  ETA 02:16:15
[2026-03-29T07:45:51.757] [INFO] [selfplay:0] [SelfPlay] 1367/2500 (54%)  pos=102880  W/D/B=621/124/622  (45%/9%/45%)  d4~d7  1.3 games/s (avg 0.1)  1.2M nps  ETA 02:16:02
[2026-03-29T07:45:57.198] [INFO] [selfplay:0] [SelfPlay] 1368/2500 (54%)  pos=102932  W/D/B=622/124/622  (45%/9%/45%)  d4~d7  1.2 games/s (avg 0.1)  1.2M nps  ETA 02:16:00
[2026-03-29T07:46:24.092] [INFO] [selfplay:0] [SelfPlay] 1369/2500 (54%)  pos=102984  W/D/B=623/124/622  (45%/9%/45%)  d4~d7  1.0 games/s (avg 0.1)  1.2M nps  ETA 02:15:30
[2026-03-29T07:46:31.935] [INFO] [selfplay:0] [SelfPlay] 1370/2500 (54%)  pos=103057  W/D/B=623/124/623  (45%/9%/45%)  d4~d7  0.9 games/s (avg 0.1)  1.2M nps  ETA 02:15:58
[2026-03-29T07:46:34.041] [INFO] [selfplay:0] [SelfPlay] 1371/2500 (54%)  pos=103114  W/D/B=623/124/624  (45%/9%/45%)  d4~d7  0.8 games/s (avg 0.1)  1.2M nps  ETA 02:15:57
[2026-03-29T07:46:48.403] [INFO] [selfplay:0] [SelfPlay] 1372/2500 (54%)  pos=103139  W/D/B=623/124/625  (45%/9%/45%)  d4~d7  0.8 games/s (avg 0.1)  1.2M nps  ETA 02:15:33
[2026-03-29T07:46:51.225] [INFO] [selfplay:0] [SelfPlay] 1373/2500 (54%)  pos=103192  W/D/B=623/124/626  (45%/9%/45%)  d4~d7  0.7 games/s (avg 0.1)  1.2M nps  ETA 02:15:43
[2026-03-29T07:46:59.799] [INFO] [selfplay:0] [SelfPlay] 1374/2500 (54%)  pos=103288  W/D/B=623/124/627  (45%/9%/45%)  d4~d7  0.7 games/s (avg 0.1)  1.2M nps  ETA 02:15:26
[2026-03-29T07:47:03.359] [INFO] [selfplay:0] [SelfPlay] 1375/2500 (55%)  pos=103388  W/D/B=624/124/627  (45%/9%/45%)  d4~d7  0.6 games/s (avg 0.1)  1.2M nps  ETA 02:15:26
[2026-03-29T07:47:17.288] [INFO] [selfplay:0] [SelfPlay] 1376/2500 (55%)  pos=103443  W/D/B=624/124/628  (45%/9%/45%)  d4~d7  0.5 games/s (avg 0.1)  1.2M nps  ETA 02:15:05
[2026-03-29T07:47:36.435] [INFO] [selfplay:0] [SelfPlay] 1377/2500 (55%)  pos=103610  W/D/B=624/124/629  (45%/9%/45%)  d4~d7  0.5 games/s (avg 0.1)  1.2M nps  ETA 02:14:58
[2026-03-29T07:47:48.541] [INFO] [selfplay:0] [SelfPlay] 1378/2500 (55%)  pos=103730  W/D/B=624/124/630  (45%/8%/45%)  d4~d7  0.4 games/s (avg 0.1)  1.2M nps  ETA 02:15:08
[2026-03-29T07:47:51.188] [INFO] [selfplay:0] [SelfPlay] 1379/2500 (55%)  pos=103822  W/D/B=624/124/631  (45%/8%/45%)  d4~d7  0.4 games/s (avg 0.1)  1.2M nps  ETA 02:15:14
[2026-03-29T07:48:08.028] [INFO] [selfplay:0] [SelfPlay] 1380/2500 (55%)  pos=103912  W/D/B=625/124/631  (45%/8%/45%)  d4~d7  0.4 games/s (avg 0.1)  1.2M nps  ETA 02:14:48
[2026-03-29T07:48:10.187] [INFO] [selfplay:0] [SelfPlay] 1381/2500 (55%)  pos=104027  W/D/B=625/124/632  (45%/8%/45%)  d4~d7  0.3 games/s (avg 0.1)  1.2M nps  ETA 02:15:04
[2026-03-29T07:48:19.879] [INFO] [selfplay:0] [SelfPlay] 1382/2500 (55%)  pos=104066  W/D/B=626/124/632  (45%/8%/45%)  d4~d7  0.3 games/s (avg 0.1)  1.2M nps  ETA 02:14:45
[2026-03-29T07:48:23.589] [INFO] [selfplay:0] [SelfPlay] 1383/2500 (55%)  pos=104166  W/D/B=627/124/632  (45%/8%/45%)  d4~d7  0.3 games/s (avg 0.1)  1.2M nps  ETA 02:14:45
[2026-03-29T07:48:54.262] [INFO] [selfplay:0] [SelfPlay] 1384/2500 (55%)  pos=104273  W/D/B=627/125/632  (45%/9%/45%)  d4~d7  0.3 games/s (avg 0.1)  1.2M nps  ETA 02:14:09
[2026-03-29T07:48:57.629] [INFO] [selfplay:0] [SelfPlay] 1385/2500 (55%)  pos=104312  W/D/B=627/125/633  (45%/9%/45%)  d4~d7  0.3 games/s (avg 0.1)  1.2M nps  ETA 02:14:47
[2026-03-29T07:49:02.184] [INFO] [selfplay:0] [SelfPlay] 1386/2500 (55%)  pos=104434  W/D/B=627/126/633  (45%/9%/45%)  d4~d7  0.3 games/s (avg 0.1)  1.2M nps  ETA 02:14:36
[2026-03-29T07:49:15.752] [INFO] [selfplay:0] [SelfPlay] 1387/2500 (55%)  pos=104551  W/D/B=628/126/633  (45%/9%/45%)  d4~d7  0.3 games/s (avg 0.1)  1.2M nps  ETA 02:14:17
[2026-03-29T07:49:24.633] [INFO] [selfplay:0] [SelfPlay] 1388/2500 (55%)  pos=104618  W/D/B=628/126/634  (45%/9%/45%)  d4~d7  0.2 games/s (avg 0.1)  1.2M nps  ETA 02:14:20
[2026-03-29T07:49:30.340] [INFO] [selfplay:0] [SelfPlay] 1389/2500 (55%)  pos=104747  W/D/B=629/126/634  (45%/9%/45%)  d4~d7  0.2 games/s (avg 0.1)  1.2M nps  ETA 02:14:18
[2026-03-29T07:49:32.935] [INFO] [selfplay:0] [SelfPlay] 1390/2500 (55%)  pos=104831  W/D/B=630/126/634  (45%/9%/45%)  d4~d7  0.2 games/s (avg 0.1)  1.2M nps  ETA 02:14:11
[2026-03-29T07:49:33.984] [INFO] [selfplay:0] [SelfPlay] 1391/2500 (55%)  pos=104894  W/D/B=630/126/635  (45%/9%/45%)  d4~d7  0.2 games/s (avg 0.1)  1.2M nps  ETA 02:14:02
[2026-03-29T07:49:38.382] [INFO] [selfplay:0] [SelfPlay] 1392/2500 (55%)  pos=104995  W/D/B=630/127/635  (45%/9%/45%)  d4~d7  0.3 games/s (avg 0.1)  1.2M nps  ETA 02:13:47
[2026-03-29T07:49:41.854] [INFO] [selfplay:0] [SelfPlay] 1393/2500 (55%)  pos=105060  W/D/B=630/127/636  (45%/9%/45%)  d4~d7  0.3 games/s (avg 0.1)  1.2M nps  ETA 02:13:38
[2026-03-29T07:49:46.727] [INFO] [selfplay:0] [SelfPlay] 1394/2500 (55%)  pos=105135  W/D/B=631/127/636  (45%/9%/45%)  d4~d7  0.3 games/s (avg 0.1)  1.2M nps  ETA 02:13:27
[2026-03-29T07:49:48.953] [INFO] [selfplay:0] [SelfPlay] 1395/2500 (55%)  pos=105257  W/D/B=631/128/636  (45%/9%/45%)  d4~d7  0.3 games/s (avg 0.1)  1.2M nps  ETA 02:13:20
[2026-03-29T07:49:56.245] [INFO] [selfplay:0] [SelfPlay] 1396/2500 (55%)  pos=105325  W/D/B=632/128/636  (45%/9%/45%)  d4~d7  0.3 games/s (avg 0.1)  1.2M nps  ETA 02:13:04
[2026-03-29T07:49:59.703] [INFO] [selfplay:0] [SelfPlay] 1397/2500 (55%)  pos=105453  W/D/B=633/128/636  (45%/9%/45%)  d4~d7  0.3 games/s (avg 0.1)  1.2M nps  ETA 02:13:00
[2026-03-29T07:50:15.963] [INFO] [selfplay:0] [SelfPlay] 1398/2500 (55%)  pos=105502  W/D/B=634/128/636  (45%/9%/45%)  d4~d7  0.3 games/s (avg 0.1)  1.2M nps  ETA 02:12:38
[2026-03-29T07:50:19.527] [INFO] [selfplay:0] [SelfPlay] 1399/2500 (55%)  pos=105593  W/D/B=634/128/637  (45%/9%/45%)  d4~d7  0.3 games/s (avg 0.1)  1.2M nps  ETA 02:12:51
[2026-03-29T07:50:21.083] [INFO] [selfplay:0] [SelfPlay] 1400/2500 (56%)  pos=105642  W/D/B=634/128/638  (45%/9%/45%)  d4~d7  0.3 games/s (avg 0.1)  1.2M nps  ETA 02:12:41
[2026-03-29T07:50:36.479] [INFO] [selfplay:0] [SelfPlay] 1401/2500 (56%)  pos=105770  W/D/B=635/128/638  (45%/9%/45%)  d4~d7  0.3 games/s (avg 0.1)  1.2M nps  ETA 02:12:17
[2026-03-29T07:50:37.718] [INFO] [selfplay:0] [SelfPlay] 1402/2500 (56%)  pos=105844  W/D/B=635/128/639  (45%/9%/45%)  d4~d7  0.3 games/s (avg 0.1)  1.2M nps  ETA 02:12:29
[2026-03-29T07:50:42.097] [INFO] [selfplay:0] [SelfPlay] 1403/2500 (56%)  pos=105897  W/D/B=635/128/640  (45%/9%/45%)  d4~d7  0.4 games/s (avg 0.1)  1.2M nps  ETA 02:12:15
[2026-03-29T07:50:57.147] [INFO] [selfplay:0] [SelfPlay] 1404/2500 (56%)  pos=106006  W/D/B=636/128/640  (45%/9%/45%)  d4~d7  0.3 games/s (avg 0.1)  1.2M nps  ETA 02:11:55
[2026-03-29T07:51:02.178] [INFO] [selfplay:0] [SelfPlay] 1405/2500 (56%)  pos=106084  W/D/B=637/128/640  (45%/9%/45%)  d4~d7  0.3 games/s (avg 0.1)  1.2M nps  ETA 02:12:03
[2026-03-29T07:51:06.185] [INFO] [selfplay:0] [SelfPlay] 1406/2500 (56%)  pos=106180  W/D/B=637/128/641  (45%/9%/45%)  d4~d7  0.3 games/s (avg 0.1)  1.2M nps  ETA 02:11:55
[2026-03-29T07:51:07.497] [INFO] [selfplay:0] [SelfPlay] 1407/2500 (56%)  pos=106216  W/D/B=637/128/642  (45%/9%/45%)  d4~d7  0.3 games/s (avg 0.1)  1.2M nps  ETA 02:11:49
[2026-03-29T07:51:22.473] [INFO] [selfplay:0] [SelfPlay] 1408/2500 (56%)  pos=106225  W/D/B=638/128/642  (45%/9%/45%)  d4~d7  0.4 games/s (avg 0.1)  1.2M nps  ETA 02:11:23
[2026-03-29T07:51:26.381] [INFO] [selfplay:0] [SelfPlay] 1409/2500 (56%)  pos=106287  W/D/B=638/129/642  (45%/9%/45%)  d4~d7  0.3 games/s (avg 0.1)  1.2M nps  ETA 02:11:33
[2026-03-29T07:51:35.408] [INFO] [selfplay:0] [SelfPlay] 1410/2500 (56%)  pos=106423  W/D/B=639/129/642  (45%/9%/45%)  d4~d7  0.3 games/s (avg 0.1)  1.2M nps  ETA 02:11:18
[2026-03-29T07:51:36.684] [INFO] [selfplay:0] [SelfPlay] 1411/2500 (56%)  pos=106485  W/D/B=640/129/642  (45%/9%/45%)  d4~d7  0.3 games/s (avg 0.1)  1.2M nps  ETA 02:11:19
[2026-03-29T07:51:46.411] [INFO] [selfplay:0] [SelfPlay] 1412/2500 (56%)  pos=106551  W/D/B=640/129/643  (45%/9%/45%)  d4~d7  0.3 games/s (avg 0.1)  1.2M nps  ETA 02:11:00
[2026-03-29T07:51:49.864] [INFO] [selfplay:0] [SelfPlay] 1413/2500 (56%)  pos=106589  W/D/B=641/129/643  (45%/9%/45%)  d4~d7  0.3 games/s (avg 0.1)  1.2M nps  ETA 02:11:00
[2026-03-29T07:51:53.249] [INFO] [selfplay:0] [SelfPlay] 1414/2500 (56%)  pos=106623  W/D/B=642/129/643  (45%/9%/45%)  d4~d7  0.3 games/s (avg 0.1)  1.2M nps  ETA 02:10:51
[2026-03-29T07:52:02.049] [INFO] [selfplay:0] [SelfPlay] 1415/2500 (56%)  pos=106683  W/D/B=642/129/644  (45%/9%/45%)  d4~d7  0.3 games/s (avg 0.1)  1.2M nps  ETA 02:10:34
[2026-03-29T07:52:04.967] [INFO] [selfplay:0] [SelfPlay] 1416/2500 (56%)  pos=106716  W/D/B=643/129/644  (45%/9%/45%)  d4~d7  0.3 games/s (avg 0.1)  1.2M nps  ETA 02:10:34
[2026-03-29T07:52:10.897] [INFO] [selfplay:0] [SelfPlay] 1417/2500 (56%)  pos=106793  W/D/B=644/129/644  (45%/9%/45%)  d4~d7  0.3 games/s (avg 0.1)  1.2M nps  ETA 02:10:21
[2026-03-29T07:52:11.918] [INFO] [selfplay:0] [SelfPlay] 1418/2500 (56%)  pos=106876  W/D/B=644/129/645  (45%/9%/45%)  d4~d7  0.3 games/s (avg 0.1)  1.2M nps  ETA 02:10:18
[2026-03-29T07:52:30.526] [INFO] [selfplay:0] [SelfPlay] 1419/2500 (56%)  pos=106958  W/D/B=645/129/645  (45%/9%/45%)  d4~d7  0.4 games/s (avg 0.1)  1.2M nps  ETA 02:09:49
[2026-03-29T07:52:41.936] [INFO] [selfplay:0] [SelfPlay] 1420/2500 (56%)  pos=107072  W/D/B=646/129/645  (45%/9%/45%)  d4~d7  0.3 games/s (avg 0.1)  1.2M nps  ETA 02:09:56
[2026-03-29T07:52:48.118] [INFO] [selfplay:0] [SelfPlay] 1421/2500 (56%)  pos=107251  W/D/B=647/129/645  (45%/9%/45%)  d4~d7  0.3 games/s (avg 0.1)  1.2M nps  ETA 02:09:58
[2026-03-29T07:52:59.984] [INFO] [selfplay:0] [SelfPlay] 1422/2500 (56%)  pos=107349  W/D/B=647/129/646  (45%/9%/45%)  d4~d7  0.3 games/s (avg 0.1)  1.2M nps  ETA 02:09:44
[2026-03-29T07:53:06.321] [INFO] [selfplay:0] [SelfPlay] 1423/2500 (56%)  pos=107379  W/D/B=647/129/647  (45%/9%/45%)  d4~d7  0.2 games/s (avg 0.1)  1.2M nps  ETA 02:09:46
[2026-03-29T07:53:14.157] [INFO] [selfplay:0] [SelfPlay] 1424/2500 (56%)  pos=107435  W/D/B=647/129/648  (45%/9%/45%)  d4~d7  0.2 games/s (avg 0.1)  1.2M nps  ETA 02:09:36
[2026-03-29T07:53:20.882] [INFO] [selfplay:0] [SelfPlay] 1425/2500 (57%)  pos=107625  W/D/B=647/130/648  (45%/9%/45%)  d4~d7  0.2 games/s (avg 0.1)  1.2M nps  ETA 02:09:31
[2026-03-29T07:53:21.209] [INFO] [selfplay:0] [SelfPlay] 1426/2500 (57%)  pos=107737  W/D/B=647/130/649  (45%/9%/45%)  d4~d7  0.2 games/s (avg 0.1)  1.2M nps  ETA 02:09:30
[2026-03-29T07:53:26.399] [INFO] [selfplay:0] [SelfPlay] 1427/2500 (57%)  pos=107907  W/D/B=648/130/649  (45%/9%/45%)  d4~d7  0.6 games/s (avg 0.1)  1.2M nps  ETA 02:09:13
[2026-03-29T07:53:27.518] [INFO] [selfplay:0] [SelfPlay] 1428/2500 (57%)  pos=107955  W/D/B=648/130/650  (45%/9%/45%)  d4~d7  0.6 games/s (avg 0.1)  1.2M nps  ETA 02:09:08
[2026-03-29T07:53:31.775] [INFO] [selfplay:0] [SelfPlay] 1429/2500 (57%)  pos=108022  W/D/B=649/130/650  (45%/9%/45%)  d4~d7  0.6 games/s (avg 0.1)  1.2M nps  ETA 02:08:52
[2026-03-29T07:53:32.309] [INFO] [selfplay:0] [SelfPlay] 1430/2500 (57%)  pos=108095  W/D/B=649/130/651  (45%/9%/45%)  d4~d7  0.6 games/s (avg 0.1)  1.2M nps  ETA 02:08:48
[2026-03-29T07:53:33.068] [INFO] [selfplay:0] [SelfPlay] 1431/2500 (57%)  pos=108189  W/D/B=650/130/651  (45%/9%/45%)  d4~d7  0.8 games/s (avg 0.1)  1.2M nps  ETA 02:08:34
[2026-03-29T07:53:33.172] [INFO] [selfplay:0] [SelfPlay] 1432/2500 (57%)  pos=108231  W/D/B=651/130/651  (45%/9%/45%)  d4~d7  0.8 games/s (avg 0.1)  1.2M nps  ETA 02:08:23
[2026-03-29T07:53:37.286] [INFO] [selfplay:0] [SelfPlay] 1433/2500 (57%)  pos=108331  W/D/B=651/131/651  (45%/9%/45%)  d4~d7  2.2 games/s (avg 0.1)  1.2M nps  ETA 02:08:07
[2026-03-29T07:53:40.106] [INFO] [selfplay:0] [SelfPlay] 1434/2500 (57%)  pos=108446  W/D/B=652/131/651  (45%/9%/45%)  d4~d7  1.9 games/s (avg 0.1)  1.2M nps  ETA 02:07:58
[2026-03-29T07:54:08.281] [INFO] [selfplay:0] [SelfPlay] 1435/2500 (57%)  pos=108575  W/D/B=652/132/651  (45%/9%/45%)  d4~d7  1.6 games/s (avg 0.1)  1.2M nps  ETA 02:07:23
[2026-03-29T07:54:14.069] [INFO] [selfplay:0] [SelfPlay] 1436/2500 (57%)  pos=108703  W/D/B=653/132/651  (45%/9%/45%)  d4~d7  1.5 games/s (avg 0.1)  1.2M nps  ETA 02:07:53
[2026-03-29T07:54:17.746] [INFO] [selfplay:0] [SelfPlay] 1437/2500 (57%)  pos=108779  W/D/B=653/132/652  (45%/9%/45%)  d4~d7  1.3 games/s (avg 0.1)  1.2M nps  ETA 02:07:47
[2026-03-29T07:54:22.108] [INFO] [selfplay:0] [SelfPlay] 1438/2500 (57%)  pos=108842  W/D/B=653/132/653  (45%/9%/45%)  d4~d7  1.2 games/s (avg 0.1)  1.2M nps  ETA 02:07:37
[2026-03-29T07:54:25.189] [INFO] [selfplay:0] [SelfPlay] 1439/2500 (57%)  pos=108873  W/D/B=653/132/654  (45%/9%/45%)  d4~d7  1.0 games/s (avg 0.1)  1.2M nps  ETA 02:07:29
[2026-03-29T07:54:29.051] [INFO] [selfplay:0] [SelfPlay] 1440/2500 (57%)  pos=108928  W/D/B=653/132/655  (45%/9%/45%)  d4~d7  0.9 games/s (avg 0.1)  1.2M nps  ETA 02:07:18
[2026-03-29T07:54:29.335] [INFO] [selfplay:0] [SelfPlay] 1441/2500 (57%)  pos=108998  W/D/B=653/132/656  (45%/9%/45%)  d4~d7  0.8 games/s (avg 0.1)  1.2M nps  ETA 02:07:12
[2026-03-29T07:54:33.949] [INFO] [selfplay:0] [SelfPlay] 1442/2500 (57%)  pos=109042  W/D/B=654/132/656  (45%/9%/45%)  d4~d7  1.2 games/s (avg 0.1)  1.2M nps  ETA 02:06:55
[2026-03-29T07:54:38.516] [INFO] [selfplay:0] [SelfPlay] 1443/2500 (57%)  pos=109112  W/D/B=655/132/656  (45%/9%/45%)  d4~d7  1.1 games/s (avg 0.1)  1.2M nps  ETA 02:06:46
[2026-03-29T07:54:40.548] [INFO] [selfplay:0] [SelfPlay] 1444/2500 (57%)  pos=109317  W/D/B=655/133/656  (45%/9%/45%)  d4~d7  0.9 games/s (avg 0.1)  1.2M nps  ETA 02:06:38
[2026-03-29T07:54:51.165] [INFO] [selfplay:0] [SelfPlay] 1445/2500 (57%)  pos=109338  W/D/B=656/133/656  (45%/9%/45%)  d4~d7  0.9 games/s (avg 0.1)  1.2M nps  ETA 02:06:20
[2026-03-29T07:54:58.377] [INFO] [selfplay:0] [SelfPlay] 1446/2500 (57%)  pos=109444  W/D/B=656/133/657  (45%/9%/45%)  d4~d7  0.8 games/s (avg 0.1)  1.2M nps  ETA 02:06:19
[2026-03-29T07:55:11.056] [INFO] [selfplay:0] [SelfPlay] 1447/2500 (57%)  pos=109530  W/D/B=657/133/657  (45%/9%/45%)  d4~d7  0.7 games/s (avg 0.1)  1.2M nps  ETA 02:06:06
[2026-03-29T07:55:22.806] [INFO] [selfplay:0] [SelfPlay] 1448/2500 (57%)  pos=109568  W/D/B=657/133/658  (45%/9%/45%)  d4~d7  0.6 games/s (avg 0.1)  1.2M nps  ETA 02:06:03
[2026-03-29T07:55:27.446] [INFO] [selfplay:0] [SelfPlay] 1449/2500 (57%)  pos=109639  W/D/B=658/133/658  (45%/9%/45%)  d4~d7  0.5 games/s (avg 0.1)  1.2M nps  ETA 02:06:07
[2026-03-29T07:55:42.407] [INFO] [selfplay:0] [SelfPlay] 1450/2500 (58%)  pos=109786  W/D/B=659/133/658  (45%/9%/45%)  d4~d7  0.5 games/s (avg 0.1)  1.2M nps  ETA 02:05:47
[2026-03-29T07:55:49.597] [INFO] [selfplay:0] [SelfPlay] 1451/2500 (58%)  pos=109823  W/D/B=660/133/658  (45%/9%/45%)  d4~d7  0.4 games/s (avg 0.1)  1.2M nps  ETA 02:05:53
[2026-03-29T07:56:08.757] [INFO] [selfplay:0] [SelfPlay] 1452/2500 (58%)  pos=109990  W/D/B=661/133/658  (45%/9%/45%)  d4~d7  0.4 games/s (avg 0.1)  1.2M nps  ETA 02:05:35
[2026-03-29T07:56:11.099] [INFO] [selfplay:0] [SelfPlay] 1453/2500 (58%)  pos=110061  W/D/B=662/133/658  (45%/9%/45%)  d4~d7  0.3 games/s (avg 0.1)  1.2M nps  ETA 02:05:53
[2026-03-29T07:56:22.167] [INFO] [selfplay:0] [SelfPlay] 1454/2500 (58%)  pos=110241  W/D/B=663/133/658  (45%/9%/45%)  d4~d7  0.3 games/s (avg 0.1)  1.2M nps  ETA 02:05:33
[2026-03-29T07:56:31.572] [INFO] [selfplay:0] [SelfPlay] 1455/2500 (58%)  pos=110331  W/D/B=664/133/658  (45%/9%/45%)  d4~d7  0.3 games/s (avg 0.1)  1.2M nps  ETA 02:05:30
[2026-03-29T07:56:33.774] [INFO] [selfplay:0] [SelfPlay] 1456/2500 (58%)  pos=110408  W/D/B=664/133/659  (45%/9%/45%)  d4~d7  0.3 games/s (avg 0.1)  1.2M nps  ETA 02:05:32
[2026-03-29T07:56:41.907] [INFO] [selfplay:0] [SelfPlay] 1457/2500 (58%)  pos=110524  W/D/B=665/133/659  (45%/9%/45%)  d4~d7  0.3 games/s (avg 0.1)  1.2M nps  ETA 02:05:15
[2026-03-29T07:56:48.361] [INFO] [selfplay:0] [SelfPlay] 1458/2500 (58%)  pos=110589  W/D/B=665/133/660  (45%/9%/45%)  d4~d7  0.3 games/s (avg 0.1)  1.2M nps  ETA 02:05:11
[2026-03-29T07:56:49.351] [INFO] [selfplay:0] [SelfPlay] 1459/2500 (58%)  pos=110809  W/D/B=665/134/660  (45%/9%/45%)  d4~d7  0.3 games/s (avg 0.1)  1.2M nps  ETA 02:05:08
[2026-03-29T07:56:55.757] [INFO] [selfplay:0] [SelfPlay] 1460/2500 (58%)  pos=110917  W/D/B=666/134/660  (45%/9%/45%)  d4~d7  0.4 games/s (avg 0.1)  1.2M nps  ETA 02:04:50
[2026-03-29T07:57:21.035] [INFO] [selfplay:0] [SelfPlay] 1461/2500 (58%)  pos=110984  W/D/B=667/134/660  (45%/9%/45%)  d4~d7  0.3 games/s (avg 0.1)  1.2M nps  ETA 02:04:25
[2026-03-29T07:57:22.564] [INFO] [selfplay:0] [SelfPlay] 1462/2500 (58%)  pos=111050  W/D/B=668/134/660  (45%/9%/45%)  d4~d7  0.3 games/s (avg 0.1)  1.2M nps  ETA 02:04:53
[2026-03-29T07:57:29.834] [INFO] [selfplay:0] [SelfPlay] 1463/2500 (58%)  pos=111103  W/D/B=668/134/661  (45%/9%/45%)  d4~d7  0.3 games/s (avg 0.1)  1.2M nps  ETA 02:04:37
[2026-03-29T07:57:30.105] [INFO] [selfplay:0] [SelfPlay] 1464/2500 (58%)  pos=111223  W/D/B=669/134/661  (45%/9%/45%)  d4~d7  0.3 games/s (avg 0.1)  1.2M nps  ETA 02:04:37
[2026-03-29T07:57:42.327] [INFO] [selfplay:0] [SelfPlay] 1465/2500 (58%)  pos=111232  W/D/B=670/134/661  (45%/9%/45%)  d4~d7  0.8 games/s (avg 0.1)  1.2M nps  ETA 02:04:13
[2026-03-29T07:57:44.603] [INFO] [selfplay:0] [SelfPlay] 1466/2500 (58%)  pos=111261  W/D/B=670/134/662  (45%/9%/45%)  d4~d7  0.8 games/s (avg 0.1)  1.2M nps  ETA 02:04:18
[2026-03-29T07:57:59.055] [INFO] [selfplay:0] [SelfPlay] 1467/2500 (58%)  pos=111337  W/D/B=670/134/663  (45%/9%/45%)  d4~d7  0.7 games/s (avg 0.1)  1.2M nps  ETA 02:03:56
[2026-03-29T07:58:02.662] [INFO] [selfplay:0] [SelfPlay] 1468/2500 (58%)  pos=111404  W/D/B=671/134/663  (45%/9%/45%)  d4~d7  0.7 games/s (avg 0.1)  1.2M nps  ETA 02:04:04
[2026-03-29T07:58:17.272] [INFO] [selfplay:0] [SelfPlay] 1469/2500 (58%)  pos=111465  W/D/B=672/134/663  (45%/9%/45%)  d4~d7  0.6 games/s (avg 0.1)  1.2M nps  ETA 02:03:44
[2026-03-29T07:58:20.424] [INFO] [selfplay:0] [SelfPlay] 1470/2500 (58%)  pos=111637  W/D/B=672/135/663  (45%/9%/45%)  d4~d7  0.5 games/s (avg 0.1)  1.2M nps  ETA 02:03:53
[2026-03-29T07:58:23.401] [INFO] [selfplay:0] [SelfPlay] 1471/2500 (58%)  pos=111752  W/D/B=672/135/664  (45%/9%/45%)  d4~d7  0.5 games/s (avg 0.1)  1.2M nps  ETA 02:03:43
[2026-03-29T07:58:26.577] [INFO] [selfplay:0] [SelfPlay] 1472/2500 (58%)  pos=111841  W/D/B=672/136/664  (45%/9%/45%)  d4~d7  0.5 games/s (avg 0.1)  1.2M nps  ETA 02:03:32
[2026-03-29T07:58:30.157] [INFO] [selfplay:0] [SelfPlay] 1473/2500 (58%)  pos=111889  W/D/B=672/136/665  (45%/9%/45%)  d4~d7  0.4 games/s (avg 0.1)  1.2M nps  ETA 02:03:23
[2026-03-29T07:58:32.527] [INFO] [selfplay:0] [SelfPlay] 1474/2500 (58%)  pos=111934  W/D/B=673/136/665  (45%/9%/45%)  d4~d7  0.4 games/s (avg 0.1)  1.2M nps  ETA 02:03:14
[2026-03-29T07:58:40.336] [INFO] [selfplay:0] [SelfPlay] 1475/2500 (59%)  pos=111986  W/D/B=674/136/665  (45%/9%/45%)  d4~d7  0.4 games/s (avg 0.1)  1.2M nps  ETA 02:02:58
[2026-03-29T07:58:42.690] [INFO] [selfplay:0] [SelfPlay] 1476/2500 (59%)  pos=112037  W/D/B=674/137/665  (45%/9%/45%)  d4~d7  0.4 games/s (avg 0.1)  1.2M nps  ETA 02:02:56
[2026-03-29T07:58:49.408] [INFO] [selfplay:0] [SelfPlay] 1477/2500 (59%)  pos=112142  W/D/B=675/137/665  (45%/9%/45%)  d4~d7  0.4 games/s (avg 0.1)  1.2M nps  ETA 02:02:42
[2026-03-29T07:58:49.659] [INFO] [selfplay:0] [SelfPlay] 1478/2500 (59%)  pos=112211  W/D/B=676/137/665  (45%/9%/44%)  d4~d7  0.3 games/s (avg 0.1)  1.2M nps  ETA 02:02:40
[2026-03-29T07:58:55.291] [INFO] [selfplay:0] [SelfPlay] 1479/2500 (59%)  pos=112278  W/D/B=676/137/666  (45%/9%/45%)  d4~d7  0.9 games/s (avg 0.1)  1.2M nps  ETA 02:02:24
[2026-03-29T07:59:05.218] [INFO] [selfplay:0] [SelfPlay] 1480/2500 (59%)  pos=112304  W/D/B=677/137/666  (45%/9%/45%)  d4~d7  0.8 games/s (avg 0.1)  1.2M nps  ETA 02:02:11
[2026-03-29T07:59:28.458] [INFO] [selfplay:0] [SelfPlay] 1481/2500 (59%)  pos=112380  W/D/B=677/137/667  (45%/9%/45%)  d4~d7  0.7 games/s (avg 0.1)  1.2M nps  ETA 02:01:52
[2026-03-29T07:59:31.119] [INFO] [selfplay:0] [SelfPlay] 1482/2500 (59%)  pos=112414  W/D/B=678/137/667  (45%/9%/45%)  d4~d7  0.6 games/s (avg 0.1)  1.2M nps  ETA 02:02:16
[2026-03-29T07:59:33.825] [INFO] [selfplay:0] [SelfPlay] 1483/2500 (59%)  pos=112556  W/D/B=678/137/668  (45%/9%/45%)  d4~d7  0.6 games/s (avg 0.1)  1.2M nps  ETA 02:02:06
[2026-03-29T07:59:37.079] [INFO] [selfplay:0] [SelfPlay] 1484/2500 (59%)  pos=112615  W/D/B=679/137/668  (45%/9%/45%)  d4~d7  0.6 games/s (avg 0.1)  1.2M nps  ETA 02:01:55
[2026-03-29T07:59:43.783] [INFO] [selfplay:0] [SelfPlay] 1485/2500 (59%)  pos=112718  W/D/B=679/137/669  (45%/9%/45%)  d4~d7  0.5 games/s (avg 0.1)  1.2M nps  ETA 02:01:42
[2026-03-29T07:59:46.905] [INFO] [selfplay:0] [SelfPlay] 1486/2500 (59%)  pos=112791  W/D/B=680/137/669  (45%/9%/45%)  d4~d7  0.5 games/s (avg 0.1)  1.2M nps  ETA 02:01:38
[2026-03-29T07:59:54.981] [INFO] [selfplay:0] [SelfPlay] 1487/2500 (59%)  pos=112849  W/D/B=681/137/669  (45%/9%/44%)  d4~d7  0.4 games/s (avg 0.1)  1.2M nps  ETA 02:01:23
[2026-03-29T08:00:09.145] [INFO] [selfplay:0] [SelfPlay] 1488/2500 (59%)  pos=112883  W/D/B=681/137/670  (45%/9%/45%)  d4~d7  0.4 games/s (avg 0.1)  1.2M nps  ETA 02:01:10
[2026-03-29T08:00:21.130] [INFO] [selfplay:0] [SelfPlay] 1489/2500 (59%)  pos=112967  W/D/B=681/137/671  (45%/9%/45%)  d4~d7  0.3 games/s (avg 0.1)  1.2M nps  ETA 02:01:10
[2026-03-29T08:00:35.738] [INFO] [selfplay:0] [SelfPlay] 1490/2500 (59%)  pos=113014  W/D/B=681/137/672  (45%/9%/45%)  d4~d7  0.3 games/s (avg 0.1)  1.1M nps  ETA 02:01:03
[2026-03-29T08:00:37.016] [INFO] [selfplay:0] [SelfPlay] 1491/2500 (59%)  pos=113107  W/D/B=681/137/673  (45%/9%/45%)  d4~d7  0.3 games/s (avg 0.1)  1.1M nps  ETA 02:01:15
[2026-03-29T08:00:46.485] [INFO] [selfplay:0] [SelfPlay] 1492/2500 (59%)  pos=113134  W/D/B=681/137/674  (45%/9%/45%)  d4~d7  0.3 games/s (avg 0.1)  1.1M nps  ETA 02:00:56
[2026-03-29T08:00:48.749] [INFO] [selfplay:0] [SelfPlay] 1493/2500 (59%)  pos=113355  W/D/B=681/138/674  (45%/9%/45%)  d4~d7  0.3 games/s (avg 0.1)  1.1M nps  ETA 02:00:56
[2026-03-29T08:00:50.050] [INFO] [selfplay:0] [SelfPlay] 1494/2500 (59%)  pos=113375  W/D/B=682/138/674  (45%/9%/45%)  d4~d7  0.3 games/s (avg 0.1)  1.1M nps  ETA 02:00:47
[2026-03-29T08:00:56.126] [INFO] [selfplay:0] [SelfPlay] 1495/2500 (59%)  pos=113428  W/D/B=682/138/675  (45%/9%/45%)  d4~d7  0.4 games/s (avg 0.1)  1.1M nps  ETA 02:00:31
[2026-03-29T08:00:58.908] [INFO] [selfplay:0] [SelfPlay] 1496/2500 (59%)  pos=113549  W/D/B=682/138/676  (45%/9%/45%)  d4~d7  0.4 games/s (avg 0.1)  1.1M nps  ETA 02:00:26
[2026-03-29T08:01:06.537] [INFO] [selfplay:0] [SelfPlay] 1497/2500 (59%)  pos=113660  W/D/B=682/138/677  (45%/9%/45%)  d4~d7  0.4 games/s (avg 0.1)  1.1M nps  ETA 02:00:12
[2026-03-29T08:01:14.846] [INFO] [selfplay:0] [SelfPlay] 1498/2500 (59%)  pos=113742  W/D/B=682/138/678  (45%/9%/45%)  d4~d7  0.3 games/s (avg 0.1)  1.1M nps  ETA 02:00:04
[2026-03-29T08:01:17.041] [INFO] [selfplay:0] [SelfPlay] 1499/2500 (59%)  pos=113884  W/D/B=682/139/678  (45%/9%/45%)  d4~d7  0.3 games/s (avg 0.1)  1.1M nps  ETA 02:00:04
[2026-03-29T08:01:39.330] [INFO] [selfplay:0] [SelfPlay] 1500/2500 (60%)  pos=113982  W/D/B=683/139/678  (45%/9%/45%)  d4~d7  0.3 games/s (avg 0.1)  1.1M nps  ETA 01:59:33
[2026-03-29T08:01:41.356] [INFO] [selfplay:0] [SelfPlay] 1501/2500 (60%)  pos=114034  W/D/B=684/139/678  (45%/9%/45%)  d4~d7  0.3 games/s (avg 0.1)  1.1M nps  ETA 01:59:56
[2026-03-29T08:01:43.092] [INFO] [selfplay:0] [SelfPlay] 1502/2500 (60%)  pos=114114  W/D/B=684/139/679  (45%/9%/45%)  d4~d7  0.3 games/s (avg 0.1)  1.1M nps  ETA 01:59:45
[2026-03-29T08:01:43.798] [INFO] [selfplay:0] [SelfPlay] 1503/2500 (60%)  pos=114193  W/D/B=684/139/680  (45%/9%/45%)  d4~d7  0.4 games/s (avg 0.1)  1.1M nps  ETA 01:59:36
[2026-03-29T08:01:47.038] [INFO] [selfplay:0] [SelfPlay] 1504/2500 (60%)  pos=114251  W/D/B=685/139/680  (45%/9%/45%)  d4~d7  0.5 games/s (avg 0.1)  1.1M nps  ETA 01:59:22
[2026-03-29T08:01:52.121] [INFO] [selfplay:0] [SelfPlay] 1505/2500 (60%)  pos=114333  W/D/B=686/139/680  (45%/9%/45%)  d4~d7  0.5 games/s (avg 0.1)  1.1M nps  ETA 01:59:10
[2026-03-29T08:01:57.520] [INFO] [selfplay:0] [SelfPlay] 1506/2500 (60%)  pos=114394  W/D/B=686/139/681  (45%/9%/45%)  d4~d7  0.4 games/s (avg 0.1)  1.1M nps  ETA 01:59:02
[2026-03-29T08:02:03.899] [INFO] [selfplay:0] [SelfPlay] 1507/2500 (60%)  pos=114466  W/D/B=687/139/681  (45%/9%/45%)  d4~d7  0.4 games/s (avg 0.1)  1.1M nps  ETA 01:58:51
[2026-03-29T08:02:06.114] [INFO] [selfplay:0] [SelfPlay] 1508/2500 (60%)  pos=114520  W/D/B=688/139/681  (45%/9%/45%)  d4~d7  0.4 games/s (avg 0.1)  1.1M nps  ETA 01:58:49
[2026-03-29T08:02:07.180] [INFO] [selfplay:0] [SelfPlay] 1509/2500 (60%)  pos=114614  W/D/B=688/139/682  (45%/9%/45%)  d4~d7  0.4 games/s (avg 0.1)  1.1M nps  ETA 01:58:39
[2026-03-29T08:02:12.991] [INFO] [selfplay:0] [SelfPlay] 1510/2500 (60%)  pos=114692  W/D/B=689/139/682  (45%/9%/45%)  d4~d7  0.5 games/s (avg 0.1)  1.1M nps  ETA 01:58:23
[2026-03-29T08:02:17.782] [INFO] [selfplay:0] [SelfPlay] 1511/2500 (60%)  pos=114747  W/D/B=689/139/683  (45%/9%/45%)  d4~d7  0.4 games/s (avg 0.1)  1.1M nps  ETA 01:58:16
[2026-03-29T08:02:21.148] [INFO] [selfplay:0] [SelfPlay] 1512/2500 (60%)  pos=114802  W/D/B=689/139/684  (45%/9%/45%)  d4~d7  0.4 games/s (avg 0.1)  1.1M nps  ETA 01:58:09
[2026-03-29T08:02:26.424] [INFO] [selfplay:0] [SelfPlay] 1513/2500 (60%)  pos=114870  W/D/B=689/139/685  (45%/9%/45%)  d4~d7  0.4 games/s (avg 0.1)  1.1M nps  ETA 01:57:57
[2026-03-29T08:02:26.817] [INFO] [selfplay:0] [SelfPlay] 1514/2500 (60%)  pos=114885  W/D/B=690/139/685  (45%/9%/45%)  d4~d7  0.3 games/s (avg 0.1)  1.1M nps  ETA 01:57:53
[2026-03-29T08:02:48.385] [INFO] [selfplay:0] [SelfPlay] 1515/2500 (60%)  pos=114921  W/D/B=690/139/686  (45%/9%/45%)  d4~d7  0.7 games/s (avg 0.1)  1.1M nps  ETA 01:57:21
[2026-03-29T08:02:49.945] [INFO] [selfplay:0] [SelfPlay] 1516/2500 (60%)  pos=114990  W/D/B=690/139/687  (45%/9%/45%)  d4~d7  0.6 games/s (avg 0.1)  1.1M nps  ETA 01:57:43
[2026-03-29T08:03:03.201] [INFO] [selfplay:0] [SelfPlay] 1517/2500 (60%)  pos=115184  W/D/B=690/140/687  (45%/9%/45%)  d4~d7  0.6 games/s (avg 0.1)  1.1M nps  ETA 01:57:21
[2026-03-29T08:03:10.568] [INFO] [selfplay:0] [SelfPlay] 1518/2500 (60%)  pos=115223  W/D/B=691/140/687  (45%/9%/45%)  d4~d7  0.5 games/s (avg 0.1)  1.1M nps  ETA 01:57:23
[2026-03-29T08:03:12.565] [INFO] [selfplay:0] [SelfPlay] 1519/2500 (60%)  pos=115295  W/D/B=691/140/688  (45%/9%/45%)  d4~d7  0.5 games/s (avg 0.1)  1.1M nps  ETA 01:57:21
[2026-03-29T08:03:25.640] [INFO] [selfplay:0] [SelfPlay] 1520/2500 (60%)  pos=115395  W/D/B=691/140/689  (45%/9%/45%)  d4~d7  0.5 games/s (avg 0.1)  1.1M nps  ETA 01:57:00
[2026-03-29T08:03:36.082] [INFO] [selfplay:0] [SelfPlay] 1521/2500 (60%)  pos=115430  W/D/B=691/140/690  (45%/9%/45%)  d4~d7  0.4 games/s (avg 0.1)  1.1M nps  ETA 01:57:00
[2026-03-29T08:03:55.151] [INFO] [selfplay:0] [SelfPlay] 1522/2500 (60%)  pos=115543  W/D/B=691/140/691  (45%/9%/45%)  d4~d7  0.4 games/s (avg 0.1)  1.1M nps  ETA 01:56:45
[2026-03-29T08:03:56.881] [INFO] [selfplay:0] [SelfPlay] 1523/2500 (60%)  pos=115693  W/D/B=691/141/691  (45%/9%/45%)  d4~d7  0.3 games/s (avg 0.1)  1.1M nps  ETA 01:57:03
[2026-03-29T08:03:58.932] [INFO] [selfplay:0] [SelfPlay] 1524/2500 (60%)  pos=115800  W/D/B=691/141/692  (45%/9%/45%)  d4~d7  0.4 games/s (avg 0.1)  1.1M nps  ETA 01:56:52
[2026-03-29T08:04:01.670] [INFO] [selfplay:0] [SelfPlay] 1525/2500 (61%)  pos=115860  W/D/B=691/141/693  (45%/9%/45%)  d4~d7  0.4 games/s (avg 0.1)  1.1M nps  ETA 01:56:41
[2026-03-29T08:04:02.046] [INFO] [selfplay:0] [SelfPlay] 1526/2500 (61%)  pos=115892  W/D/B=691/141/694  (45%/9%/45%)  d4~d7  0.4 games/s (avg 0.1)  1.1M nps  ETA 01:56:34
[2026-03-29T08:04:10.226] [INFO] [selfplay:0] [SelfPlay] 1527/2500 (61%)  pos=116004  W/D/B=691/141/695  (45%/9%/45%)  d4~d7  0.7 games/s (avg 0.1)  1.1M nps  ETA 01:56:14
[2026-03-29T08:04:10.352] [INFO] [selfplay:0] [SelfPlay] 1528/2500 (61%)  pos=116014  W/D/B=692/141/695  (45%/9%/45%)  d4~d7  0.6 games/s (avg 0.1)  1.1M nps  ETA 01:56:16
[2026-03-29T08:04:13.491] [INFO] [selfplay:0] [SelfPlay] 1529/2500 (61%)  pos=116061  W/D/B=692/141/696  (45%/9%/45%)  d4~d7  1.7 games/s (avg 0.1)  1.1M nps  ETA 01:56:01
[2026-03-29T08:04:14.277] [INFO] [selfplay:0] [SelfPlay] 1530/2500 (61%)  pos=116126  W/D/B=692/141/697  (45%/9%/45%)  d4~d7  1.5 games/s (avg 0.1)  1.1M nps  ETA 01:55:53
[2026-03-29T08:04:18.685] [INFO] [selfplay:0] [SelfPlay] 1531/2500 (61%)  pos=116211  W/D/B=692/141/698  (45%/9%/45%)  d4~d7  1.5 games/s (avg 0.1)  1.1M nps  ETA 01:55:38
[2026-03-29T08:04:27.268] [INFO] [selfplay:0] [SelfPlay] 1532/2500 (61%)  pos=116259  W/D/B=693/141/698  (45%/9%/45%)  d4~d7  1.3 games/s (avg 0.1)  1.1M nps  ETA 01:55:26
[2026-03-29T08:04:43.023] [INFO] [selfplay:0] [SelfPlay] 1533/2500 (61%)  pos=116305  W/D/B=694/141/698  (45%/9%/45%)  d4~d7  1.2 games/s (avg 0.1)  1.1M nps  ETA 01:55:12
[2026-03-29T08:04:46.766] [INFO] [selfplay:0] [SelfPlay] 1534/2500 (61%)  pos=116409  W/D/B=694/141/699  (45%/9%/45%)  d4~d7  1.1 games/s (avg 0.1)  1.1M nps  ETA 01:55:22
[2026-03-29T08:04:49.441] [INFO] [selfplay:0] [SelfPlay] 1535/2500 (61%)  pos=116534  W/D/B=695/141/699  (45%/9%/45%)  d4~d7  1.0 games/s (avg 0.1)  1.1M nps  ETA 01:55:15
[2026-03-29T08:05:01.099] [INFO] [selfplay:0] [SelfPlay] 1536/2500 (61%)  pos=116567  W/D/B=695/141/700  (45%/9%/45%)  d4~d7  0.9 games/s (avg 0.1)  1.1M nps  ETA 01:54:55
[2026-03-29T08:05:05.734] [INFO] [selfplay:0] [SelfPlay] 1537/2500 (61%)  pos=116600  W/D/B=696/141/700  (45%/9%/45%)  d4~d7  0.8 games/s (avg 0.1)  1.1M nps  ETA 01:54:58
[2026-03-29T08:05:09.179] [INFO] [selfplay:0] [SelfPlay] 1538/2500 (61%)  pos=116672  W/D/B=696/141/701  (45%/9%/45%)  d4~d7  0.7 games/s (avg 0.1)  1.1M nps  ETA 01:54:51
[2026-03-29T08:05:11.722] [INFO] [selfplay:0] [SelfPlay] 1539/2500 (61%)  pos=116783  W/D/B=696/141/702  (45%/9%/45%)  d4~d7  0.7 games/s (avg 0.1)  1.1M nps  ETA 01:54:41
[2026-03-29T08:05:13.561] [INFO] [selfplay:0] [SelfPlay] 1540/2500 (61%)  pos=116869  W/D/B=697/141/702  (45%/9%/45%)  d4~d7  0.6 games/s (avg 0.1)  1.1M nps  ETA 01:54:32
[2026-03-29T08:05:16.363] [INFO] [selfplay:0] [SelfPlay] 1541/2500 (61%)  pos=116881  W/D/B=698/141/702  (45%/9%/45%)  d4~d7  0.6 games/s (avg 0.1)  1.1M nps  ETA 01:54:22
[2026-03-29T08:05:16.478] [INFO] [selfplay:0] [SelfPlay] 1542/2500 (61%)  pos=116897  W/D/B=698/142/702  (45%/9%/45%)  d4~d7  0.6 games/s (avg 0.1)  1.1M nps  ETA 01:54:14
[2026-03-29T08:05:22.145] [INFO] [selfplay:0] [SelfPlay] 1543/2500 (61%)  pos=116963  W/D/B=698/142/703  (45%/9%/45%)  d4~d7  1.8 games/s (avg 0.1)  1.1M nps  ETA 01:53:56
[2026-03-29T08:05:28.832] [INFO] [selfplay:0] [SelfPlay] 1544/2500 (61%)  pos=117003  W/D/B=698/142/704  (45%/9%/45%)  d4~d7  1.7 games/s (avg 0.1)  1.1M nps  ETA 01:53:47
[2026-03-29T08:05:33.647] [INFO] [selfplay:0] [SelfPlay] 1545/2500 (61%)  pos=117072  W/D/B=699/142/704  (45%/9%/45%)  d4~d7  1.5 games/s (avg 0.1)  1.1M nps  ETA 01:53:42
[2026-03-29T08:05:40.103] [INFO] [selfplay:0] [SelfPlay] 1546/2500 (61%)  pos=117098  W/D/B=700/142/704  (45%/9%/45%)  d4~d7  1.3 games/s (avg 0.1)  1.1M nps  ETA 01:53:32
[2026-03-29T08:05:44.548] [INFO] [selfplay:0] [SelfPlay] 1547/2500 (61%)  pos=117178  W/D/B=701/142/704  (45%/9%/45%)  d4~d7  1.2 games/s (avg 0.1)  1.1M nps  ETA 01:53:26
[2026-03-29T08:05:50.044] [INFO] [selfplay:0] [SelfPlay] 1548/2500 (61%)  pos=117199  W/D/B=702/142/704  (45%/9%/45%)  d4~d7  1.0 games/s (avg 0.1)  1.1M nps  ETA 01:53:16
[2026-03-29T08:05:52.727] [INFO] [selfplay:0] [SelfPlay] 1549/2500 (61%)  pos=117308  W/D/B=702/142/705  (45%/9%/45%)  d4~d7  0.9 games/s (avg 0.1)  1.1M nps  ETA 01:53:11
[2026-03-29T08:05:58.162] [INFO] [selfplay:0] [SelfPlay] 1550/2500 (62%)  pos=117424  W/D/B=702/143/705  (45%/9%/45%)  d4~d7  0.8 games/s (avg 0.1)  1.1M nps  ETA 01:52:59
[2026-03-29T08:05:59.314] [INFO] [selfplay:0] [SelfPlay] 1551/2500 (62%)  pos=117472  W/D/B=702/143/706  (45%/9%/45%)  d4~d7  0.7 games/s (avg 0.1)  1.1M nps  ETA 01:52:55
[2026-03-29T08:06:00.355] [INFO] [selfplay:0] [SelfPlay] 1552/2500 (62%)  pos=117541  W/D/B=702/143/707  (45%/9%/45%)  d4~d7  0.7 games/s (avg 0.1)  1.1M nps  ETA 01:52:44
[2026-03-29T08:06:04.287] [INFO] [selfplay:0] [SelfPlay] 1553/2500 (62%)  pos=117686  W/D/B=702/144/707  (45%/9%/45%)  d4~d7  0.8 games/s (avg 0.1)  1.1M nps  ETA 01:52:30
[2026-03-29T08:06:04.347] [INFO] [selfplay:0] [SelfPlay] 1554/2500 (62%)  pos=117735  W/D/B=702/144/708  (45%/9%/45%)  d4~d7  0.7 games/s (avg 0.1)  1.1M nps  ETA 01:52:25
[2026-03-29T08:06:13.261] [INFO] [selfplay:0] [SelfPlay] 1555/2500 (62%)  pos=117795  W/D/B=702/144/709  (45%/9%/45%)  d4~d7  3.1 games/s (avg 0.1)  1.1M nps  ETA 01:52:04
[2026-03-29T08:06:16.778] [INFO] [selfplay:0] [SelfPlay] 1556/2500 (62%)  pos=117807  W/D/B=702/144/710  (45%/9%/45%)  d4~d7  2.8 games/s (avg 0.1)  1.1M nps  ETA 01:52:03
[2026-03-29T08:06:31.529] [INFO] [selfplay:0] [SelfPlay] 1557/2500 (62%)  pos=117854  W/D/B=703/144/710  (45%/9%/45%)  d4~d7  2.5 games/s (avg 0.1)  1.1M nps  ETA 01:51:44
[2026-03-29T08:06:33.100] [INFO] [selfplay:0] [SelfPlay] 1558/2500 (62%)  pos=117884  W/D/B=703/144/711  (45%/9%/45%)  d4~d7  2.3 games/s (avg 0.1)  1.1M nps  ETA 01:51:54
[2026-03-29T08:06:41.624] [INFO] [selfplay:0] [SelfPlay] 1559/2500 (62%)  pos=117966  W/D/B=703/144/712  (45%/9%/45%)  d4~d7  2.0 games/s (avg 0.1)  1.1M nps  ETA 01:51:36
[2026-03-29T08:06:49.914] [INFO] [selfplay:0] [SelfPlay] 1560/2500 (62%)  pos=118117  W/D/B=704/144/712  (45%/9%/45%)  d4~d7  1.9 games/s (avg 0.1)  1.1M nps  ETA 01:51:31
[2026-03-29T08:06:52.286] [INFO] [selfplay:0] [SelfPlay] 1561/2500 (62%)  pos=118242  W/D/B=704/144/713  (45%/9%/45%)  d4~d7  1.7 games/s (avg 0.1)  1.1M nps  ETA 01:51:30
[2026-03-29T08:07:03.937] [INFO] [selfplay:0] [SelfPlay] 1562/2500 (62%)  pos=118390  W/D/B=704/145/713  (45%/9%/45%)  d4~d7  1.5 games/s (avg 0.1)  1.1M nps  ETA 01:51:10
[2026-03-29T08:07:09.066] [INFO] [selfplay:0] [SelfPlay] 1563/2500 (62%)  pos=118504  W/D/B=705/145/713  (45%/9%/45%)  d4~d7  1.4 games/s (avg 0.1)  1.1M nps  ETA 01:51:13
[2026-03-29T08:07:10.254] [INFO] [selfplay:0] [SelfPlay] 1564/2500 (62%)  pos=118570  W/D/B=705/145/714  (45%/9%/45%)  d4~d7  1.2 games/s (avg 0.1)  1.1M nps  ETA 01:51:09
[2026-03-29T08:07:20.822] [INFO] [selfplay:0] [SelfPlay] 1565/2500 (62%)  pos=118679  W/D/B=706/145/714  (45%/9%/45%)  d4~d7  1.2 games/s (avg 0.1)  1.1M nps  ETA 01:50:48
[2026-03-29T08:07:30.609] [INFO] [selfplay:0] [SelfPlay] 1566/2500 (62%)  pos=118715  W/D/B=706/145/715  (45%/9%/45%)  d4~d7  1.1 games/s (avg 0.1)  1.1M nps  ETA 01:50:44
[2026-03-29T08:07:31.844] [INFO] [selfplay:0] [SelfPlay] 1567/2500 (62%)  pos=118789  W/D/B=707/145/715  (45%/9%/45%)  d4~d7  1.0 games/s (avg 0.1)  1.1M nps  ETA 01:50:47
[2026-03-29T08:07:36.358] [INFO] [selfplay:0] [SelfPlay] 1568/2500 (62%)  pos=118877  W/D/B=708/145/715  (45%/9%/45%)  d4~d7  1.0 games/s (avg 0.1)  1.1M nps  ETA 01:50:34
[2026-03-29T08:07:41.508] [INFO] [selfplay:0] [SelfPlay] 1569/2500 (62%)  pos=118900  W/D/B=709/145/715  (45%/9%/45%)  d4~d7  0.9 games/s (avg 0.1)  1.1M nps  ETA 01:50:24
[2026-03-29T08:07:41.801] [INFO] [selfplay:0] [SelfPlay] 1570/2500 (62%)  pos=118939  W/D/B=709/145/716  (45%/9%/45%)  d4~d7  0.8 games/s (avg 0.1)  1.1M nps  ETA 01:50:20
[2026-03-29T08:07:46.313] [INFO] [selfplay:0] [SelfPlay] 1571/2500 (62%)  pos=118987  W/D/B=709/145/717  (45%/9%/45%)  d4~d7  1.2 games/s (avg 0.1)  1.1M nps  ETA 01:50:06
[2026-03-29T08:07:47.639] [INFO] [selfplay:0] [SelfPlay] 1572/2500 (62%)  pos=119064  W/D/B=709/145/718  (45%/9%/45%)  d4~d7  1.0 games/s (avg 0.1)  1.1M nps  ETA 01:49:59
[2026-03-29T08:08:29.140] [INFO] [selfplay:0] [SelfPlay] 1573/2500 (62%)  pos=119148  W/D/B=709/145/719  (45%/9%/45%)  d4~d7  1.0 games/s (avg 0.1)  1.1M nps  ETA 01:49:10
[2026-03-29T08:08:32.782] [INFO] [selfplay:0] [SelfPlay] 1574/2500 (62%)  pos=119282  W/D/B=710/145/719  (45%/9%/45%)  d4~d7  0.9 games/s (avg 0.1)  1.1M nps  ETA 01:50:00
[2026-03-29T08:08:50.410] [INFO] [selfplay:0] [SelfPlay] 1575/2500 (63%)  pos=119296  W/D/B=710/145/720  (45%/9%/45%)  d4~d7  0.8 games/s (avg 0.1)  1.1M nps  ETA 01:49:37
[2026-03-29T08:08:52.526] [INFO] [selfplay:0] [SelfPlay] 1576/2500 (63%)  pos=119425  W/D/B=710/145/721  (45%/9%/45%)  d4~d7  0.8 games/s (avg 0.1)  1.1M nps  ETA 01:49:51
[2026-03-29T08:08:53.852] [INFO] [selfplay:0] [SelfPlay] 1577/2500 (63%)  pos=119492  W/D/B=711/145/721  (45%/9%/45%)  d4~d7  0.7 games/s (avg 0.1)  1.1M nps  ETA 01:49:41
[2026-03-29T08:08:55.383] [INFO] [selfplay:0] [SelfPlay] 1578/2500 (63%)  pos=119535  W/D/B=712/145/721  (45%/9%/45%)  d4~d7  0.7 games/s (avg 0.1)  1.1M nps  ETA 01:49:32
[2026-03-29T08:08:57.772] [INFO] [selfplay:0] [SelfPlay] 1579/2500 (63%)  pos=119720  W/D/B=712/145/722  (45%/9%/45%)  d4~d7  0.7 games/s (avg 0.1)  1.1M nps  ETA 01:49:19
[2026-03-29T08:08:59.928] [INFO] [selfplay:0] [SelfPlay] 1580/2500 (63%)  pos=119841  W/D/B=712/145/723  (45%/9%/45%)  d4~d7  0.7 games/s (avg 0.1)  1.1M nps  ETA 01:49:11
[2026-03-29T08:09:07.505] [INFO] [selfplay:0] [SelfPlay] 1581/2500 (63%)  pos=119916  W/D/B=713/145/723  (45%/9%/45%)  d4~d7  0.6 games/s (avg 0.1)  1.1M nps  ETA 01:48:56
[2026-03-29T08:09:13.632] [INFO] [selfplay:0] [SelfPlay] 1582/2500 (63%)  pos=119966  W/D/B=714/145/723  (45%/9%/45%)  d4~d7  0.6 games/s (avg 0.1)  1.1M nps  ETA 01:48:49
[2026-03-29T08:09:15.459] [INFO] [selfplay:0] [SelfPlay] 1583/2500 (63%)  pos=120024  W/D/B=714/145/724  (45%/9%/45%)  d4~d7  0.5 games/s (avg 0.1)  1.1M nps  ETA 01:48:47
[2026-03-29T08:09:19.752] [INFO] [selfplay:0] [SelfPlay] 1584/2500 (63%)  pos=120233  W/D/B=714/146/724  (45%/9%/45%)  d4~d7  0.5 games/s (avg 0.1)  1.1M nps  ETA 01:48:33
[2026-03-29T08:09:27.041] [INFO] [selfplay:0] [SelfPlay] 1585/2500 (63%)  pos=120265  W/D/B=714/146/725  (45%/9%/45%)  d4~d7  0.5 games/s (avg 0.1)  1.1M nps  ETA 01:48:22
[2026-03-29T08:09:41.443] [INFO] [selfplay:0] [SelfPlay] 1586/2500 (63%)  pos=120310  W/D/B=714/146/726  (45%/9%/45%)  d4~d7  0.4 games/s (avg 0.1)  1.1M nps  ETA 01:48:08
[2026-03-29T08:10:01.101] [INFO] [selfplay:0] [SelfPlay] 1587/2500 (63%)  pos=120406  W/D/B=715/146/726  (45%/9%/45%)  d4~d7  0.4 games/s (avg 0.1)  1.1M nps  ETA 01:47:59
[2026-03-29T08:10:05.124] [INFO] [selfplay:0] [SelfPlay] 1588/2500 (63%)  pos=120501  W/D/B=716/146/726  (45%/9%/45%)  d4~d7  0.3 games/s (avg 0.1)  1.1M nps  ETA 01:48:15
[2026-03-29T08:10:06.177] [INFO] [selfplay:0] [SelfPlay] 1589/2500 (63%)  pos=120537  W/D/B=716/146/727  (45%/9%/45%)  d4~d7  0.3 games/s (avg 0.1)  1.1M nps  ETA 01:48:09
[2026-03-29T08:10:25.855] [INFO] [selfplay:0] [SelfPlay] 1590/2500 (63%)  pos=120633  W/D/B=716/146/728  (45%/9%/45%)  d4~d7  0.4 games/s (avg 0.1)  1.1M nps  ETA 01:47:40
[2026-03-29T08:10:27.673] [INFO] [selfplay:0] [SelfPlay] 1591/2500 (63%)  pos=120674  W/D/B=716/146/729  (45%/9%/45%)  d4~d7  0.4 games/s (avg 0.1)  1.1M nps  ETA 01:47:58
[2026-03-29T08:10:39.005] [INFO] [selfplay:0] [SelfPlay] 1592/2500 (63%)  pos=120754  W/D/B=716/146/730  (44%/9%/45%)  d4~d7  0.4 games/s (avg 0.1)  1.1M nps  ETA 01:47:39
[2026-03-29T08:10:42.042] [INFO] [selfplay:0] [SelfPlay] 1593/2500 (63%)  pos=120790  W/D/B=717/146/730  (45%/9%/45%)  d4~d7  0.3 games/s (avg 0.1)  1.1M nps  ETA 01:47:42
[2026-03-29T08:11:15.316] [INFO] [selfplay:0] [SelfPlay] 1594/2500 (63%)  pos=120815  W/D/B=717/146/731  (44%/9%/45%)  d4~d7  0.3 games/s (avg 0.1)  1.1M nps  ETA 01:47:02
[2026-03-29T08:11:18.455] [INFO] [selfplay:0] [SelfPlay] 1595/2500 (63%)  pos=120915  W/D/B=718/146/731  (45%/9%/45%)  d4~d7  0.3 games/s (avg 0.1)  1.1M nps  ETA 01:47:40
[2026-03-29T08:11:34.113] [INFO] [selfplay:0] [SelfPlay] 1596/2500 (63%)  pos=120972  W/D/B=719/146/731  (45%/9%/45%)  d4~d7  0.3 games/s (avg 0.1)  1.1M nps  ETA 01:47:18
[2026-03-29T08:11:35.006] [INFO] [selfplay:0] [SelfPlay] 1597/2500 (63%)  pos=121021  W/D/B=719/146/732  (45%/9%/45%)  d4~d7  0.3 games/s (avg 0.1)  1.1M nps  ETA 01:47:30
[2026-03-29T08:11:36.605] [INFO] [selfplay:0] [SelfPlay] 1598/2500 (63%)  pos=121081  W/D/B=720/146/732  (45%/9%/45%)  d4~d7  0.4 games/s (avg 0.1)  1.1M nps  ETA 01:47:19
[2026-03-29T08:11:41.093] [INFO] [selfplay:0] [SelfPlay] 1599/2500 (63%)  pos=121149  W/D/B=720/146/733  (45%/9%/45%)  d4~d7  0.4 games/s (avg 0.1)  1.1M nps  ETA 01:47:07
[2026-03-29T08:11:43.544] [INFO] [selfplay:0] [SelfPlay] 1600/2500 (64%)  pos=121230  W/D/B=721/146/733  (45%/9%/45%)  d4~d7  0.4 games/s (avg 0.1)  1.1M nps  ETA 01:46:59
[2026-03-29T08:11:43.556] [INFO] [selfplay:0] [SelfPlay] 1601/2500 (64%)  pos=121291  W/D/B=721/146/734  (45%/9%/45%)  d4~d7  0.4 games/s (avg 0.1)  1.1M nps  ETA 01:46:52
[2026-03-29T08:12:06.509] [INFO] [selfplay:0] [SelfPlay] 1602/2500 (64%)  pos=121361  W/D/B=721/146/735  (45%/9%/45%)  d4~d7  13.1 games/s (avg 0.1)  1.1M nps  ETA 01:46:19
[2026-03-29T08:12:12.286] [INFO] [selfplay:0] [SelfPlay] 1603/2500 (64%)  pos=121427  W/D/B=722/146/735  (45%/9%/45%)  d4~d7  12.1 games/s (avg 0.1)  1.1M nps  ETA 01:46:37
[2026-03-29T08:12:14.533] [INFO] [selfplay:0] [SelfPlay] 1604/2500 (64%)  pos=121503  W/D/B=723/146/735  (45%/9%/45%)  d4~d7  11.2 games/s (avg 0.1)  1.1M nps  ETA 01:46:33
[2026-03-29T08:12:22.671] [INFO] [selfplay:0] [SelfPlay] 1605/2500 (64%)  pos=121601  W/D/B=724/146/735  (45%/9%/45%)  d4~d7  10.3 games/s (avg 0.1)  1.1M nps  ETA 01:46:16
[2026-03-29T08:12:31.465] [INFO] [selfplay:0] [SelfPlay] 1606/2500 (64%)  pos=121656  W/D/B=725/146/735  (45%/9%/45%)  d4~d7  9.6 games/s (avg 0.1)  1.1M nps  ETA 01:46:10
[2026-03-29T08:12:42.779] [INFO] [selfplay:0] [SelfPlay] 1607/2500 (64%)  pos=121736  W/D/B=726/146/735  (45%/9%/45%)  d4~d7  8.8 games/s (avg 0.1)  1.1M nps  ETA 01:46:00
[2026-03-29T08:13:20.284] [INFO] [selfplay:0] [SelfPlay] 1608/2500 (64%)  pos=121808  W/D/B=727/146/735  (45%/9%/45%)  d4~d7  8.2 games/s (avg 0.1)  1.1M nps  ETA 01:45:30
[2026-03-29T08:13:26.141] [INFO] [selfplay:0] [SelfPlay] 1609/2500 (64%)  pos=121893  W/D/B=727/147/735  (45%/9%/45%)  d4~d7  7.6 games/s (avg 0.1)  1.1M nps  ETA 01:46:11
[2026-03-29T08:13:31.909] [INFO] [selfplay:0] [SelfPlay] 1610/2500 (64%)  pos=121949  W/D/B=728/147/735  (45%/9%/45%)  d4~d7  7.0 games/s (avg 0.1)  1.1M nps  ETA 01:46:03
[2026-03-29T08:13:35.331] [INFO] [selfplay:0] [SelfPlay] 1611/2500 (64%)  pos=122035  W/D/B=728/147/736  (45%/9%/45%)  d4~d7  6.5 games/s (avg 0.1)  1.1M nps  ETA 01:45:58
[2026-03-29T08:13:35.381] [INFO] [selfplay:0] [SelfPlay] 1612/2500 (64%)  pos=122143  W/D/B=728/147/737  (45%/9%/45%)  d4~d7  6.0 games/s (avg 0.1)  1.1M nps  ETA 01:45:52
[2026-03-29T08:13:41.209] [INFO] [selfplay:0] [SelfPlay] 1613/2500 (64%)  pos=122193  W/D/B=729/147/737  (45%/9%/45%)  d4~d7  8.1 games/s (avg 0.1)  1.2M nps  ETA 01:45:35
[2026-03-29T08:13:44.173] [INFO] [selfplay:0] [SelfPlay] 1614/2500 (64%)  pos=122284  W/D/B=729/147/738  (45%/9%/45%)  d4~d7  7.5 games/s (avg 0.1)  1.2M nps  ETA 01:45:30
[2026-03-29T08:13:49.685] [INFO] [selfplay:0] [SelfPlay] 1615/2500 (64%)  pos=122420  W/D/B=730/147/738  (45%/9%/45%)  d4~d7  6.9 games/s (avg 0.1)  1.2M nps  ETA 01:45:18
[2026-03-29T08:14:00.258] [INFO] [selfplay:0] [SelfPlay] 1616/2500 (64%)  pos=122452  W/D/B=730/147/739  (45%/9%/45%)  d4~d7  6.4 games/s (avg 0.1)  1.2M nps  ETA 01:45:06
[2026-03-29T08:14:03.994] [INFO] [selfplay:0] [SelfPlay] 1617/2500 (64%)  pos=122507  W/D/B=731/147/739  (45%/9%/45%)  d4~d7  5.9 games/s (avg 0.1)  1.2M nps  ETA 01:45:06
[2026-03-29T08:14:10.459] [INFO] [selfplay:0] [SelfPlay] 1618/2500 (64%)  pos=122615  W/D/B=731/147/740  (45%/9%/45%)  d4~d7  5.5 games/s (avg 0.1)  1.2M nps  ETA 01:44:55
[2026-03-29T08:14:13.783] [INFO] [selfplay:0] [SelfPlay] 1619/2500 (64%)  pos=122662  W/D/B=731/147/741  (45%/9%/45%)  d4~d7  5.1 games/s (avg 0.1)  1.2M nps  ETA 01:44:50
[2026-03-29T08:14:18.318] [INFO] [selfplay:0] [SelfPlay] 1620/2500 (64%)  pos=122688  W/D/B=731/147/742  (45%/9%/45%)  d4~d7  4.7 games/s (avg 0.1)  1.2M nps  ETA 01:44:41
[2026-03-29T08:14:25.533] [INFO] [selfplay:0] [SelfPlay] 1621/2500 (64%)  pos=122814  W/D/B=731/147/743  (45%/9%/45%)  d4~d7  4.3 games/s (avg 0.1)  1.2M nps  ETA 01:44:29
[2026-03-29T08:14:26.090] [INFO] [selfplay:0] [SelfPlay] 1622/2500 (64%)  pos=122830  W/D/B=731/147/744  (45%/9%/45%)  d4~d7  4.0 games/s (avg 0.1)  1.2M nps  ETA 01:44:28
[2026-03-29T08:14:52.958] [INFO] [selfplay:0] [SelfPlay] 1623/2500 (64%)  pos=122902  W/D/B=731/147/745  (45%/9%/45%)  d4~d7  3.7 games/s (avg 0.1)  1.2M nps  ETA 01:43:51
[2026-03-29T08:14:53.452] [INFO] [selfplay:0] [SelfPlay] 1624/2500 (64%)  pos=123022  W/D/B=731/147/746  (45%/9%/45%)  d4~d7  3.4 games/s (avg 0.1)  1.2M nps  ETA 01:44:22
[2026-03-29T08:14:56.093] [INFO] [selfplay:0] [SelfPlay] 1625/2500 (65%)  pos=123076  W/D/B=731/147/747  (44%/9%/45%)  d4~d7  3.2 games/s (avg 0.1)  1.2M nps  ETA 01:44:08
[2026-03-29T08:15:01.466] [INFO] [selfplay:0] [SelfPlay] 1626/2500 (65%)  pos=123153  W/D/B=731/147/748  (44%/9%/46%)  d4~d7  2.8 games/s (avg 0.1)  1.2M nps  ETA 01:43:56
[2026-03-29T08:15:01.754] [INFO] [selfplay:0] [SelfPlay] 1627/2500 (65%)  pos=123326  W/D/B=731/148/748  (44%/9%/45%)  d4~d7  2.6 games/s (avg 0.1)  1.2M nps  ETA 01:43:52
[2026-03-29T08:15:04.484] [INFO] [selfplay:0] [SelfPlay] 1628/2500 (65%)  pos=123379  W/D/B=732/148/748  (44%/9%/45%)  d4~d7  2.7 games/s (avg 0.1)  1.2M nps  ETA 01:43:41
[2026-03-29T08:15:06.979] [INFO] [selfplay:0] [SelfPlay] 1629/2500 (65%)  pos=123435  W/D/B=733/148/748  (44%/9%/45%)  d4~d7  2.3 games/s (avg 0.1)  1.2M nps  ETA 01:43:30
[2026-03-29T08:15:22.601] [INFO] [selfplay:0] [SelfPlay] 1630/2500 (65%)  pos=123440  W/D/B=733/148/749  (44%/9%/45%)  d4~d7  2.1 games/s (avg 0.1)  1.2M nps  ETA 01:43:07
[2026-03-29T08:15:22.621] [INFO] [selfplay:0] [SelfPlay] 1631/2500 (65%)  pos=123543  W/D/B=733/148/750  (44%/9%/45%)  d4~d7  1.9 games/s (avg 0.1)  1.2M nps  ETA 01:43:21
[2026-03-29T08:15:25.789] [INFO] [selfplay:0] [SelfPlay] 1632/2500 (65%)  pos=123607  W/D/B=733/148/751  (44%/9%/46%)  d4~d7  9.1 games/s (avg 0.1)  1.2M nps  ETA 01:43:07
[2026-03-29T08:15:32.593] [INFO] [selfplay:0] [SelfPlay] 1633/2500 (65%)  pos=123649  W/D/B=733/148/752  (44%/9%/46%)  d4~d7  8.4 games/s (avg 0.1)  1.2M nps  ETA 01:42:54
[2026-03-29T08:15:49.369] [INFO] [selfplay:0] [SelfPlay] 1634/2500 (65%)  pos=123752  W/D/B=733/148/753  (44%/9%/46%)  d4~d7  7.8 games/s (avg 0.1)  1.2M nps  ETA 01:42:37
[2026-03-29T08:15:52.380] [INFO] [selfplay:0] [SelfPlay] 1635/2500 (65%)  pos=123868  W/D/B=733/148/754  (44%/9%/46%)  d4~d7  7.2 games/s (avg 0.1)  1.2M nps  ETA 01:42:48
[2026-03-29T08:15:57.554] [INFO] [selfplay:0] [SelfPlay] 1636/2500 (65%)  pos=123902  W/D/B=734/148/754  (44%/9%/46%)  d4~d7  6.7 games/s (avg 0.1)  1.2M nps  ETA 01:42:36
[2026-03-29T08:16:01.424] [INFO] [selfplay:0] [SelfPlay] 1637/2500 (65%)  pos=123957  W/D/B=734/149/754  (44%/9%/46%)  d4~d7  6.2 games/s (avg 0.1)  1.2M nps  ETA 01:42:31
[2026-03-29T08:16:09.843] [INFO] [selfplay:0] [SelfPlay] 1638/2500 (65%)  pos=124041  W/D/B=735/149/754  (44%/9%/46%)  d4~d7  5.7 games/s (avg 0.1)  1.2M nps  ETA 01:42:16
[2026-03-29T08:16:23.217] [INFO] [selfplay:0] [SelfPlay] 1639/2500 (65%)  pos=124148  W/D/B=736/149/754  (44%/9%/46%)  d4~d7  5.3 games/s (avg 0.1)  1.2M nps  ETA 01:42:06
[2026-03-29T08:16:46.826] [INFO] [selfplay:0] [SelfPlay] 1640/2500 (65%)  pos=124239  W/D/B=737/149/754  (44%/9%/45%)  d4~d7  4.9 games/s (avg 0.1)  1.2M nps  ETA 01:41:51
[2026-03-29T08:17:00.684] [INFO] [selfplay:0] [SelfPlay] 1641/2500 (65%)  pos=124304  W/D/B=737/149/755  (44%/9%/46%)  d4~d7  4.5 games/s (avg 0.1)  1.2M nps  ETA 01:42:02
[2026-03-29T08:17:01.464] [INFO] [selfplay:0] [SelfPlay] 1642/2500 (65%)  pos=124385  W/D/B=738/149/755  (44%/9%/45%)  d4~d7  4.2 games/s (avg 0.1)  1.2M nps  ETA 01:42:13
[2026-03-29T08:17:03.927] [INFO] [selfplay:0] [SelfPlay] 1643/2500 (65%)  pos=124493  W/D/B=739/149/755  (44%/9%/45%)  d4~d7  3.7 games/s (avg 0.1)  1.2M nps  ETA 01:41:59
[2026-03-29T08:17:16.483] [INFO] [selfplay:0] [SelfPlay] 1644/2500 (65%)  pos=124539  W/D/B=740/149/755  (45%/9%/45%)  d4~d7  3.2 games/s (avg 0.1)  1.2M nps  ETA 01:41:41
[2026-03-29T08:17:26.809] [INFO] [selfplay:0] [SelfPlay] 1645/2500 (65%)  pos=124651  W/D/B=741/149/755  (45%/9%/45%)  d4~d7  3.0 games/s (avg 0.1)  1.2M nps  ETA 01:41:37
[2026-03-29T08:17:48.899] [INFO] [selfplay:0] [SelfPlay] 1646/2500 (65%)  pos=124710  W/D/B=741/149/756  (45%/9%/45%)  d4~d7  2.8 games/s (avg 0.1)  1.2M nps  ETA 01:41:21
[2026-03-29T08:17:53.175] [INFO] [selfplay:0] [SelfPlay] 1647/2500 (65%)  pos=124733  W/D/B=741/149/757  (44%/9%/45%)  d4~d7  2.6 games/s (avg 0.1)  1.2M nps  ETA 01:41:39
[2026-03-29T08:17:57.886] [INFO] [selfplay:0] [SelfPlay] 1648/2500 (65%)  pos=124969  W/D/B=741/150/757  (44%/9%/45%)  d4~d7  2.4 games/s (avg 0.1)  1.2M nps  ETA 01:41:30
[2026-03-29T08:18:04.402] [INFO] [selfplay:0] [SelfPlay] 1649/2500 (65%)  pos=125068  W/D/B=742/150/757  (44%/9%/45%)  d4~d7  2.2 games/s (avg 0.1)  1.2M nps  ETA 01:41:20
[2026-03-29T08:18:19.025] [INFO] [selfplay:0] [SelfPlay] 1650/2500 (66%)  pos=125158  W/D/B=742/150/758  (44%/9%/45%)  d4~d7  2.0 games/s (avg 0.1)  1.2M nps  ETA 01:41:04
[2026-03-29T08:18:20.833] [INFO] [selfplay:0] [SelfPlay] 1651/2500 (66%)  pos=125280  W/D/B=742/150/759  (44%/9%/45%)  d4~d7  1.9 games/s (avg 0.1)  1.2M nps  ETA 01:41:13
[2026-03-29T08:18:21.635] [INFO] [selfplay:0] [SelfPlay] 1652/2500 (66%)  pos=125348  W/D/B=742/150/760  (44%/9%/46%)  d4~d7  1.7 games/s (avg 0.1)  1.2M nps  ETA 01:41:05
[2026-03-29T08:18:24.111] [INFO] [selfplay:0] [SelfPlay] 1653/2500 (66%)  pos=125392  W/D/B=742/150/761  (44%/9%/46%)  d4~d7  1.6 games/s (avg 0.1)  1.2M nps  ETA 01:40:53
[2026-03-29T08:18:49.006] [INFO] [selfplay:0] [SelfPlay] 1654/2500 (66%)  pos=125417  W/D/B=743/150/761  (44%/9%/46%)  d4~d7  1.4 games/s (avg 0.1)  1.2M nps  ETA 01:40:21
[2026-03-29T08:18:54.092] [INFO] [selfplay:0] [SelfPlay] 1655/2500 (66%)  pos=125515  W/D/B=743/150/762  (44%/9%/46%)  d4~d7  1.3 games/s (avg 0.1)  1.2M nps  ETA 01:40:42
[2026-03-29T08:18:58.650] [INFO] [selfplay:0] [SelfPlay] 1656/2500 (66%)  pos=125617  W/D/B=743/150/763  (44%/9%/46%)  d4~d7  1.2 games/s (avg 0.1)  1.2M nps  ETA 01:40:34
[2026-03-29T08:19:12.329] [INFO] [selfplay:0] [SelfPlay] 1657/2500 (66%)  pos=125672  W/D/B=744/150/763  (44%/9%/46%)  d4~d7  1.0 games/s (avg 0.1)  1.2M nps  ETA 01:40:18
[2026-03-29T08:19:13.554] [INFO] [selfplay:0] [SelfPlay] 1658/2500 (66%)  pos=125750  W/D/B=745/150/763  (44%/9%/46%)  d4~d7  0.9 games/s (avg 0.1)  1.2M nps  ETA 01:40:25
[2026-03-29T08:19:20.472] [INFO] [selfplay:0] [SelfPlay] 1659/2500 (66%)  pos=125833  W/D/B=746/150/763  (44%/9%/45%)  d4~d7  0.9 games/s (avg 0.1)  1.2M nps  ETA 01:40:11
[2026-03-29T08:19:22.381] [INFO] [selfplay:0] [SelfPlay] 1660/2500 (66%)  pos=125999  W/D/B=747/150/763  (45%/9%/45%)  d4~d7  0.8 games/s (avg 0.1)  1.2M nps  ETA 01:40:08
[2026-03-29T08:19:28.437] [INFO] [selfplay:0] [SelfPlay] 1661/2500 (66%)  pos=126064  W/D/B=747/150/764  (44%/9%/45%)  d4~d7  0.8 games/s (avg 0.1)  1.2M nps  ETA 01:39:54
[2026-03-29T08:19:28.996] [INFO] [selfplay:0] [SelfPlay] 1662/2500 (66%)  pos=126126  W/D/B=748/150/764  (45%/9%/45%)  d4~d7  0.7 games/s (avg 0.1)  1.2M nps  ETA 01:39:51
[2026-03-29T08:19:29.694] [INFO] [selfplay:0] [SelfPlay] 1663/2500 (66%)  pos=126165  W/D/B=748/150/765  (44%/9%/46%)  d4~d7  0.8 games/s (avg 0.1)  1.2M nps  ETA 01:39:41
[2026-03-29T08:19:45.028] [INFO] [selfplay:0] [SelfPlay] 1664/2500 (66%)  pos=126279  W/D/B=749/150/765  (45%/9%/45%)  d4~d7  0.9 games/s (avg 0.1)  1.2M nps  ETA 01:39:16
[2026-03-29T08:19:52.803] [INFO] [selfplay:0] [SelfPlay] 1665/2500 (66%)  pos=126393  W/D/B=749/150/766  (44%/9%/46%)  d4~d7  0.9 games/s (avg 0.1)  1.2M nps  ETA 01:39:20
[2026-03-29T08:19:52.852] [INFO] [selfplay:0] [SelfPlay] 1666/2500 (66%)  pos=126466  W/D/B=750/150/766  (45%/9%/45%)  d4~d7  0.7 games/s (avg 0.1)  1.2M nps  ETA 01:39:21
[2026-03-29T08:20:04.563] [INFO] [selfplay:0] [SelfPlay] 1667/2500 (66%)  pos=126578  W/D/B=751/150/766  (45%/8%/45%)  d4~d7  3.7 games/s (avg 0.1)  1.2M nps  ETA 01:38:59
[2026-03-29T08:20:04.619] [INFO] [selfplay:0] [SelfPlay] 1668/2500 (66%)  pos=126609  W/D/B=751/150/767  (45%/8%/45%)  d4~d7  3.4 games/s (avg 0.1)  1.2M nps  ETA 01:39:06
[2026-03-29T08:20:11.131] [INFO] [selfplay:0] [SelfPlay] 1669/2500 (66%)  pos=126640  W/D/B=751/150/768  (44%/8%/46%)  d4~d7  5.6 games/s (avg 0.1)  1.2M nps  ETA 01:38:49
[2026-03-29T08:20:12.714] [INFO] [selfplay:0] [SelfPlay] 1670/2500 (66%)  pos=126706  W/D/B=752/150/768  (45%/8%/45%)  d4~d7  5.2 games/s (avg 0.1)  1.2M nps  ETA 01:38:46
[2026-03-29T08:20:26.796] [INFO] [selfplay:0] [SelfPlay] 1671/2500 (66%)  pos=126810  W/D/B=752/150/769  (45%/8%/46%)  d4~d7  4.5 games/s (avg 0.1)  1.2M nps  ETA 01:38:24
[2026-03-29T08:20:26.923] [INFO] [selfplay:0] [SelfPlay] 1672/2500 (66%)  pos=126853  W/D/B=753/150/769  (45%/8%/45%)  d4~d7  4.1 games/s (avg 0.1)  1.2M nps  ETA 01:38:34
[2026-03-29T08:20:28.244] [INFO] [selfplay:0] [SelfPlay] 1673/2500 (66%)  pos=126891  W/D/B=753/150/770  (45%/8%/46%)  d4~d7  4.7 games/s (avg 0.1)  1.2M nps  ETA 01:38:22
[2026-03-29T08:20:30.476] [INFO] [selfplay:0] [SelfPlay] 1674/2500 (66%)  pos=126952  W/D/B=753/150/771  (44%/8%/46%)  d4~d7  4.1 games/s (avg 0.1)  1.2M nps  ETA 01:38:11
[2026-03-29T08:20:59.262] [INFO] [selfplay:0] [SelfPlay] 1675/2500 (67%)  pos=127005  W/D/B=753/150/772  (44%/8%/46%)  d4~d7  3.6 games/s (avg 0.1)  1.2M nps  ETA 01:37:35
[2026-03-29T08:21:08.174] [INFO] [selfplay:0] [SelfPlay] 1676/2500 (67%)  pos=127100  W/D/B=754/150/772  (44%/8%/46%)  d4~d7  3.3 games/s (avg 0.1)  1.2M nps  ETA 01:37:58
[2026-03-29T08:21:19.874] [INFO] [selfplay:0] [SelfPlay] 1677/2500 (67%)  pos=127228  W/D/B=755/150/772  (45%/8%/46%)  d4~d7  3.0 games/s (avg 0.1)  1.2M nps  ETA 01:37:49
[2026-03-29T08:21:20.563] [INFO] [selfplay:0] [SelfPlay] 1678/2500 (67%)  pos=127307  W/D/B=756/150/772  (45%/8%/46%)  d4~d7  2.8 games/s (avg 0.1)  1.2M nps  ETA 01:37:55
[2026-03-29T08:21:29.938] [INFO] [selfplay:0] [SelfPlay] 1679/2500 (67%)  pos=127396  W/D/B=757/150/772  (45%/8%/45%)  d4~d7  2.6 games/s (avg 0.1)  1.2M nps  ETA 01:37:37
[2026-03-29T08:21:47.054] [INFO] [selfplay:0] [SelfPlay] 1680/2500 (67%)  pos=127479  W/D/B=758/150/772  (45%/8%/45%)  d4~d7  2.4 games/s (avg 0.1)  1.2M nps  ETA 01:37:23
[2026-03-29T08:21:47.971] [INFO] [selfplay:0] [SelfPlay] 1681/2500 (67%)  pos=127527  W/D/B=759/150/772  (45%/8%/45%)  d4~d7  2.2 games/s (avg 0.1)  1.2M nps  ETA 01:37:36
[2026-03-29T08:21:56.021] [INFO] [selfplay:0] [SelfPlay] 1682/2500 (67%)  pos=127575  W/D/B=759/150/773  (45%/8%/45%)  d4~d7  2.1 games/s (avg 0.1)  1.2M nps  ETA 01:37:19
[2026-03-29T08:22:02.807] [INFO] [selfplay:0] [SelfPlay] 1683/2500 (67%)  pos=127684  W/D/B=760/150/773  (45%/8%/45%)  d4~d7  1.9 games/s (avg 0.1)  1.2M nps  ETA 01:37:14
[2026-03-29T08:22:02.945] [INFO] [selfplay:0] [SelfPlay] 1684/2500 (67%)  pos=127725  W/D/B=760/150/774  (45%/8%/45%)  d4~d7  1.8 games/s (avg 0.1)  1.2M nps  ETA 01:37:13
[2026-03-29T08:22:16.853] [INFO] [selfplay:0] [SelfPlay] 1685/2500 (67%)  pos=127838  W/D/B=760/150/775  (45%/8%/45%)  d4~d7  2.6 games/s (avg 0.1)  1.2M nps  ETA 01:36:49
[2026-03-29T08:22:21.718] [INFO] [selfplay:0] [SelfPlay] 1686/2500 (67%)  pos=127972  W/D/B=760/150/776  (45%/8%/46%)  d4~d7  2.4 games/s (avg 0.1)  1.2M nps  ETA 01:36:54
[2026-03-29T08:22:22.696] [INFO] [selfplay:0] [SelfPlay] 1687/2500 (67%)  pos=128041  W/D/B=761/150/776  (45%/8%/45%)  d4~d7  2.2 games/s (avg 0.1)  1.2M nps  ETA 01:36:50
[2026-03-29T08:22:25.692] [INFO] [selfplay:0] [SelfPlay] 1688/2500 (67%)  pos=128114  W/D/B=762/150/776  (45%/8%/45%)  d4~d7  2.0 games/s (avg 0.1)  1.2M nps  ETA 01:36:37
[2026-03-29T08:22:38.971] [INFO] [selfplay:0] [SelfPlay] 1689/2500 (67%)  pos=128164  W/D/B=763/150/776  (45%/8%/45%)  d4~d7  1.8 games/s (avg 0.1)  1.2M nps  ETA 01:36:18
[2026-03-29T08:23:16.398] [INFO] [selfplay:0] [SelfPlay] 1690/2500 (67%)  pos=128249  W/D/B=763/150/777  (45%/8%/45%)  d4~d7  1.6 games/s (avg 0.1)  1.2M nps  ETA 01:35:50
[2026-03-29T08:23:28.530] [INFO] [selfplay:0] [SelfPlay] 1691/2500 (67%)  pos=128342  W/D/B=763/150/778  (45%/8%/46%)  d4~d7  1.5 games/s (avg 0.1)  1.2M nps  ETA 01:36:22
[2026-03-29T08:23:31.327] [INFO] [selfplay:0] [SelfPlay] 1692/2500 (67%)  pos=128398  W/D/B=763/150/779  (45%/8%/46%)  d4~d7  1.4 games/s (avg 0.1)  1.2M nps  ETA 01:36:27
[2026-03-29T08:23:33.198] [INFO] [selfplay:0] [SelfPlay] 1693/2500 (67%)  pos=128520  W/D/B=763/150/780  (45%/8%/46%)  d4~d7  1.2 games/s (avg 0.1)  1.2M nps  ETA 01:36:18
[2026-03-29T08:23:36.758] [INFO] [selfplay:0] [SelfPlay] 1694/2500 (67%)  pos=128756  W/D/B=763/151/780  (45%/8%/46%)  d4~d7  1.1 games/s (avg 0.1)  1.2M nps  ETA 01:36:07
[2026-03-29T08:23:37.287] [INFO] [selfplay:0] [SelfPlay] 1695/2500 (67%)  pos=128832  W/D/B=764/151/780  (45%/8%/46%)  d4~d7  1.0 games/s (avg 0.1)  1.2M nps  ETA 01:36:02
[2026-03-29T08:23:49.368] [INFO] [selfplay:0] [SelfPlay] 1696/2500 (67%)  pos=128916  W/D/B=764/151/781  (45%/8%/46%)  d4~d7  1.1 games/s (avg 0.1)  1.2M nps  ETA 01:35:40
[2026-03-29T08:24:00.511] [INFO] [selfplay:0] [SelfPlay] 1697/2500 (67%)  pos=129150  W/D/B=764/152/781  (45%/8%/46%)  d4~d7  1.1 games/s (avg 0.1)  1.2M nps  ETA 01:35:36
[2026-03-29T08:24:12.564] [INFO] [selfplay:0] [SelfPlay] 1698/2500 (67%)  pos=129212  W/D/B=765/152/781  (45%/8%/45%)  d4~d7  1.0 games/s (avg 0.1)  1.2M nps  ETA 01:35:28
[2026-03-29T08:24:17.038] [INFO] [selfplay:0] [SelfPlay] 1699/2500 (67%)  pos=129275  W/D/B=765/152/782  (45%/8%/46%)  d4~d7  0.9 games/s (avg 0.1)  1.2M nps  ETA 01:35:33
[2026-03-29T08:24:22.023] [INFO] [selfplay:0] [SelfPlay] 1700/2500 (68%)  pos=129354  W/D/B=766/152/782  (45%/8%/46%)  d4~d7  0.8 games/s (avg 0.1)  1.2M nps  ETA 01:35:23
[2026-03-29T08:24:22.194] [INFO] [selfplay:0] [SelfPlay] 1701/2500 (68%)  pos=129466  W/D/B=767/152/782  (45%/8%/45%)  d4~d7  0.7 games/s (avg 0.1)  1.2M nps  ETA 01:35:20
[2026-03-29T08:24:26.157] [INFO] [selfplay:0] [SelfPlay] 1702/2500 (68%)  pos=129580  W/D/B=768/152/782  (45%/8%/45%)  d4~d7  1.5 games/s (avg 0.1)  1.2M nps  ETA 01:35:06
[2026-03-29T08:24:49.457] [INFO] [selfplay:0] [SelfPlay] 1703/2500 (68%)  pos=129665  W/D/B=768/153/782  (45%/8%/45%)  d4~d7  1.3 games/s (avg 0.1)  1.2M nps  ETA 01:34:38
[2026-03-29T08:24:58.402] [INFO] [selfplay:0] [SelfPlay] 1704/2500 (68%)  pos=129786  W/D/B=768/154/782  (45%/9%/45%)  d4~d7  1.2 games/s (avg 0.1)  1.2M nps  ETA 01:34:52
[2026-03-29T08:24:59.457] [INFO] [selfplay:0] [SelfPlay] 1705/2500 (68%)  pos=129933  W/D/B=768/155/782  (45%/9%/45%)  d4~d7  1.1 games/s (avg 0.1)  1.2M nps  ETA 01:34:54
[2026-03-29T08:25:00.377] [INFO] [selfplay:0] [SelfPlay] 1706/2500 (68%)  pos=129995  W/D/B=769/155/782  (45%/9%/45%)  d4~d7  1.1 games/s (avg 0.1)  1.2M nps  ETA 01:34:44
[2026-03-29T08:25:03.746] [INFO] [selfplay:0] [SelfPlay] 1707/2500 (68%)  pos=130142  W/D/B=769/155/783  (45%/9%/45%)  d4~d7  1.1 games/s (avg 0.1)  1.2M nps  ETA 01:34:31
[2026-03-29T08:25:04.859] [INFO] [selfplay:0] [SelfPlay] 1708/2500 (68%)  pos=130179  W/D/B=769/155/784  (45%/9%/45%)  d4~d7  1.0 games/s (avg 0.1)  1.2M nps  ETA 01:34:25
[2026-03-29T08:25:09.478] [INFO] [selfplay:0] [SelfPlay] 1709/2500 (68%)  pos=130213  W/D/B=769/155/785  (44%/9%/45%)  d4~d7  1.0 games/s (avg 0.1)  1.2M nps  ETA 01:34:12
[2026-03-29T08:25:21.954] [INFO] [selfplay:0] [SelfPlay] 1710/2500 (68%)  pos=130323  W/D/B=769/155/786  (44%/9%/45%)  d4~d7  0.8 games/s (avg 0.1)  1.2M nps  ETA 01:33:55
[2026-03-29T08:25:23.389] [INFO] [selfplay:0] [SelfPlay] 1711/2500 (68%)  pos=130434  W/D/B=769/155/787  (44%/9%/45%)  d4~d7  0.8 games/s (avg 0.1)  1.2M nps  ETA 01:34:02
[2026-03-29T08:25:27.997] [INFO] [selfplay:0] [SelfPlay] 1712/2500 (68%)  pos=130568  W/D/B=769/155/788  (44%/9%/46%)  d4~d7  0.8 games/s (avg 0.1)  1.2M nps  ETA 01:33:48
[2026-03-29T08:25:31.652] [INFO] [selfplay:0] [SelfPlay] 1713/2500 (68%)  pos=130660  W/D/B=769/155/789  (44%/9%/46%)  d4~d7  0.7 games/s (avg 0.1)  1.2M nps  ETA 01:33:41
[2026-03-29T08:25:34.411] [INFO] [selfplay:0] [SelfPlay] 1714/2500 (68%)  pos=130745  W/D/B=769/155/790  (44%/9%/46%)  d4~d7  0.6 games/s (avg 0.1)  1.2M nps  ETA 01:33:34
[2026-03-29T08:25:41.027] [INFO] [selfplay:0] [SelfPlay] 1715/2500 (68%)  pos=130851  W/D/B=770/155/790  (44%/9%/46%)  d4~d7  0.6 games/s (avg 0.1)  1.2M nps  ETA 01:33:20
[2026-03-29T08:25:47.235] [INFO] [selfplay:0] [SelfPlay] 1716/2500 (68%)  pos=130901  W/D/B=770/156/790  (44%/9%/46%)  d4~d7  0.5 games/s (avg 0.1)  1.2M nps  ETA 01:33:14
[2026-03-29T08:26:11.677] [INFO] [selfplay:0] [SelfPlay] 1717/2500 (68%)  pos=130929  W/D/B=771/156/790  (44%/9%/46%)  d4~d7  0.5 games/s (avg 0.1)  1.2M nps  ETA 01:32:47
[2026-03-29T08:26:17.532] [INFO] [selfplay:0] [SelfPlay] 1718/2500 (68%)  pos=131006  W/D/B=771/157/790  (44%/9%/45%)  d4~d7  0.4 games/s (avg 0.1)  1.2M nps  ETA 01:33:08
[2026-03-29T08:26:18.408] [INFO] [selfplay:0] [SelfPlay] 1719/2500 (68%)  pos=131159  W/D/B=772/157/790  (44%/9%/45%)  d4~d7  0.4 games/s (avg 0.1)  1.2M nps  ETA 01:33:04
[2026-03-29T08:26:26.512] [INFO] [selfplay:0] [SelfPlay] 1720/2500 (68%)  pos=131213  W/D/B=772/157/791  (44%/9%/45%)  d4~d7  0.5 games/s (avg 0.1)  1.2M nps  ETA 01:32:47
[2026-03-29T08:26:30.628] [INFO] [selfplay:0] [SelfPlay] 1721/2500 (68%)  pos=131350  W/D/B=772/157/792  (44%/9%/46%)  d4~d7  0.4 games/s (avg 0.1)  1.2M nps  ETA 01:32:43
[2026-03-29T08:26:38.288] [INFO] [selfplay:0] [SelfPlay] 1722/2500 (68%)  pos=131400  W/D/B=773/157/792  (44%/9%/45%)  d4~d7  0.4 games/s (avg 0.1)  1.2M nps  ETA 01:32:33
[2026-03-29T08:26:47.289] [INFO] [selfplay:0] [SelfPlay] 1723/2500 (68%)  pos=131418  W/D/B=773/157/793  (44%/9%/46%)  d4~d7  0.4 games/s (avg 0.1)  1.2M nps  ETA 01:32:24
[2026-03-29T08:26:47.694] [INFO] [selfplay:0] [SelfPlay] 1724/2500 (68%)  pos=131493  W/D/B=774/157/793  (44%/9%/45%)  d4~d7  0.3 games/s (avg 0.1)  1.2M nps  ETA 01:32:26
[2026-03-29T08:26:48.374] [INFO] [selfplay:0] [SelfPlay] 1725/2500 (69%)  pos=131647  W/D/B=775/157/793  (44%/9%/45%)  d4~d7  0.7 games/s (avg 0.1)  1.2M nps  ETA 01:32:16
[2026-03-29T08:26:57.854] [INFO] [selfplay:0] [SelfPlay] 1726/2500 (69%)  pos=131723  W/D/B=775/157/794  (44%/9%/46%)  d4~d7  0.8 games/s (avg 0.1)  1.2M nps  ETA 01:31:56
[2026-03-29T08:27:03.793] [INFO] [selfplay:0] [SelfPlay] 1727/2500 (69%)  pos=131769  W/D/B=776/157/794  (44%/9%/45%)  d4~d7  0.7 games/s (avg 0.1)  1.2M nps  ETA 01:31:54
[2026-03-29T08:27:15.913] [INFO] [selfplay:0] [SelfPlay] 1728/2500 (69%)  pos=131902  W/D/B=776/157/795  (44%/9%/46%)  d4~d7  0.6 games/s (avg 0.1)  1.2M nps  ETA 01:31:41
[2026-03-29T08:27:18.991] [INFO] [selfplay:0] [SelfPlay] 1729/2500 (69%)  pos=131940  W/D/B=776/157/796  (44%/9%/46%)  d4~d7  0.5 games/s (avg 0.1)  1.2M nps  ETA 01:31:45
[2026-03-29T08:27:38.765] [INFO] [selfplay:0] [SelfPlay] 1730/2500 (69%)  pos=132009  W/D/B=776/157/797  (44%/9%/46%)  d4~d7  0.5 games/s (avg 0.1)  1.2M nps  ETA 01:31:19
[2026-03-29T08:27:57.609] [INFO] [selfplay:0] [SelfPlay] 1731/2500 (69%)  pos=132088  W/D/B=776/157/798  (44%/9%/46%)  d4~d7  0.4 games/s (avg 0.1)  1.2M nps  ETA 01:31:18
[2026-03-29T08:28:04.589] [INFO] [selfplay:0] [SelfPlay] 1732/2500 (69%)  pos=132145  W/D/B=776/157/799  (44%/9%/46%)  d4~d7  0.4 games/s (avg 0.1)  1.2M nps  ETA 01:31:28
[2026-03-29T08:28:07.324] [INFO] [selfplay:0] [SelfPlay] 1733/2500 (69%)  pos=132221  W/D/B=776/157/800  (44%/9%/46%)  d4~d7  0.3 games/s (avg 0.1)  1.2M nps  ETA 01:31:26
[2026-03-29T08:28:11.280] [INFO] [selfplay:0] [SelfPlay] 1734/2500 (69%)  pos=132267  W/D/B=776/157/801  (44%/9%/46%)  d4~d7  0.3 games/s (avg 0.1)  1.2M nps  ETA 01:31:15
[2026-03-29T08:28:16.860] [INFO] [selfplay:0] [SelfPlay] 1735/2500 (69%)  pos=132314  W/D/B=777/157/801  (44%/9%/46%)  d4~d7  0.3 games/s (avg 0.1)  1.2M nps  ETA 01:31:04
[2026-03-29T08:28:17.966] [INFO] [selfplay:0] [SelfPlay] 1736/2500 (69%)  pos=132432  W/D/B=778/157/801  (44%/9%/46%)  d4~d7  0.3 games/s (avg 0.1)  1.2M nps  ETA 01:31:02
[2026-03-29T08:28:28.403] [INFO] [selfplay:0] [SelfPlay] 1737/2500 (69%)  pos=132437  W/D/B=778/157/802  (44%/9%/46%)  d4~d7  0.4 games/s (avg 0.1)  1.2M nps  ETA 01:30:43
[2026-03-29T08:28:38.437] [INFO] [selfplay:0] [SelfPlay] 1738/2500 (69%)  pos=132482  W/D/B=778/157/803  (44%/9%/46%)  d4~d7  0.4 games/s (avg 0.1)  1.2M nps  ETA 01:30:37
[2026-03-29T08:28:48.218] [INFO] [selfplay:0] [SelfPlay] 1739/2500 (69%)  pos=132570  W/D/B=778/157/804  (44%/9%/46%)  d4~d7  0.3 games/s (avg 0.1)  1.2M nps  ETA 01:30:31
[2026-03-29T08:28:51.374] [INFO] [selfplay:0] [SelfPlay] 1740/2500 (69%)  pos=132613  W/D/B=779/157/804  (44%/9%/46%)  d4~d7  0.3 games/s (avg 0.1)  1.2M nps  ETA 01:30:32
[2026-03-29T08:28:59.837] [INFO] [selfplay:0] [SelfPlay] 1741/2500 (69%)  pos=132658  W/D/B=780/157/804  (44%/9%/46%)  d4~d7  0.3 games/s (avg 0.1)  1.2M nps  ETA 01:30:17
[2026-03-29T08:29:09.528] [INFO] [selfplay:0] [SelfPlay] 1742/2500 (69%)  pos=132679  W/D/B=780/157/805  (44%/9%/46%)  d4~d7  0.3 games/s (avg 0.1)  1.2M nps  ETA 01:30:11
[2026-03-29T08:29:10.472] [INFO] [selfplay:0] [SelfPlay] 1743/2500 (69%)  pos=132772  W/D/B=781/157/805  (44%/9%/46%)  d4~d7  0.2 games/s (avg 0.1)  1.2M nps  ETA 01:30:13
[2026-03-29T08:29:13.175] [INFO] [selfplay:0] [SelfPlay] 1744/2500 (69%)  pos=132778  W/D/B=781/157/806  (44%/9%/46%)  d4~d7  0.4 games/s (avg 0.1)  1.2M nps  ETA 01:30:01
[2026-03-29T08:29:29.055] [INFO] [selfplay:0] [SelfPlay] 1745/2500 (69%)  pos=132907  W/D/B=781/157/807  (44%/8%/46%)  d4~d7  0.4 games/s (avg 0.1)  1.2M nps  ETA 01:29:39
[2026-03-29T08:29:36.223] [INFO] [selfplay:0] [SelfPlay] 1746/2500 (69%)  pos=132979  W/D/B=781/158/807  (44%/9%/46%)  d4~d7  0.3 games/s (avg 0.1)  1.2M nps  ETA 01:29:44
[2026-03-29T08:29:42.395] [INFO] [selfplay:0] [SelfPlay] 1747/2500 (69%)  pos=133041  W/D/B=781/158/808  (44%/9%/46%)  d4~d7  0.3 games/s (avg 0.1)  1.2M nps  ETA 01:29:38
[2026-03-29T08:29:46.743] [INFO] [selfplay:0] [SelfPlay] 1748/2500 (69%)  pos=133156  W/D/B=781/158/809  (44%/9%/46%)  d4~d7  0.3 games/s (avg 0.1)  1.2M nps  ETA 01:29:32
[2026-03-29T08:29:47.195] [INFO] [selfplay:0] [SelfPlay] 1749/2500 (69%)  pos=133180  W/D/B=782/158/809  (44%/9%/46%)  d4~d7  0.3 games/s (avg 0.1)  1.2M nps  ETA 01:29:28
[2026-03-29T08:29:49.031] [INFO] [selfplay:0] [SelfPlay] 1750/2500 (70%)  pos=133284  W/D/B=783/158/809  (44%/9%/46%)  d4~d7  0.6 games/s (avg 0.1)  1.2M nps  ETA 01:29:16
[2026-03-29T08:29:50.283] [INFO] [selfplay:0] [SelfPlay] 1751/2500 (70%)  pos=133362  W/D/B=783/158/810  (44%/9%/46%)  d4~d7  0.6 games/s (avg 0.1)  1.2M nps  ETA 01:29:08
[2026-03-29T08:29:53.969] [INFO] [selfplay:0] [SelfPlay] 1752/2500 (70%)  pos=133479  W/D/B=784/158/810  (44%/9%/46%)  d4~d7  0.6 games/s (avg 0.1)  1.2M nps  ETA 01:28:55
[2026-03-29T08:29:54.434] [INFO] [selfplay:0] [SelfPlay] 1753/2500 (70%)  pos=133535  W/D/B=784/158/811  (44%/9%/46%)  d4~d7  0.5 games/s (avg 0.1)  1.2M nps  ETA 01:28:51
[2026-03-29T08:30:09.413] [INFO] [selfplay:0] [SelfPlay] 1754/2500 (70%)  pos=133614  W/D/B=784/158/812  (44%/9%/46%)  d4~d7  0.8 games/s (avg 0.1)  1.2M nps  ETA 01:28:26
[2026-03-29T08:30:12.390] [INFO] [selfplay:0] [SelfPlay] 1755/2500 (70%)  pos=133668  W/D/B=785/158/812  (44%/9%/46%)  d4~d7  0.7 games/s (avg 0.1)  1.2M nps  ETA 01:28:34
[2026-03-29T08:30:19.305] [INFO] [selfplay:0] [SelfPlay] 1756/2500 (70%)  pos=133696  W/D/B=786/158/812  (44%/8%/46%)  d4~d7  0.7 games/s (avg 0.1)  1.2M nps  ETA 01:28:21
[2026-03-29T08:30:22.349] [INFO] [selfplay:0] [SelfPlay] 1757/2500 (70%)  pos=133724  W/D/B=786/158/813  (44%/8%/46%)  d4~d7  0.6 games/s (avg 0.1)  1.2M nps  ETA 01:28:18
[2026-03-29T08:30:28.571] [INFO] [selfplay:0] [SelfPlay] 1758/2500 (70%)  pos=133920  W/D/B=786/159/813  (44%/9%/46%)  d4~d7  0.5 games/s (avg 0.1)  1.2M nps  ETA 01:28:05
[2026-03-29T08:30:29.662] [INFO] [selfplay:0] [SelfPlay] 1759/2500 (70%)  pos=133967  W/D/B=786/159/814  (44%/9%/46%)  d4~d7  0.5 games/s (avg 0.1)  1.2M nps  ETA 01:28:03
[2026-03-29T08:30:50.080] [INFO] [selfplay:0] [SelfPlay] 1760/2500 (70%)  pos=134023  W/D/B=786/159/815  (44%/9%/46%)  d4~d7  0.6 games/s (avg 0.1)  1.2M nps  ETA 01:27:35
[2026-03-29T08:30:51.372] [INFO] [selfplay:0] [SelfPlay] 1761/2500 (70%)  pos=134074  W/D/B=786/159/816  (44%/9%/46%)  d4~d7  0.5 games/s (avg 0.1)  1.2M nps  ETA 01:27:52
[2026-03-29T08:30:57.574] [INFO] [selfplay:0] [SelfPlay] 1762/2500 (70%)  pos=134144  W/D/B=786/159/817  (44%/9%/46%)  d4~d7  0.6 games/s (avg 0.1)  1.2M nps  ETA 01:27:36
[2026-03-29T08:30:59.356] [INFO] [selfplay:0] [SelfPlay] 1763/2500 (70%)  pos=134220  W/D/B=786/159/818  (44%/9%/46%)  d4~d7  0.5 games/s (avg 0.1)  1.2M nps  ETA 01:27:35
[2026-03-29T08:31:04.291] [INFO] [selfplay:0] [SelfPlay] 1764/2500 (70%)  pos=134340  W/D/B=786/160/818  (44%/9%/46%)  d4~d7  0.5 games/s (avg 0.1)  1.2M nps  ETA 01:27:22
[2026-03-29T08:31:05.374] [INFO] [selfplay:0] [SelfPlay] 1765/2500 (70%)  pos=134425  W/D/B=787/160/818  (44%/9%/46%)  d4~d7  0.5 games/s (avg 0.1)  1.2M nps  ETA 01:27:18
[2026-03-29T08:31:08.070] [INFO] [selfplay:0] [SelfPlay] 1766/2500 (70%)  pos=134541  W/D/B=787/161/818  (44%/9%/46%)  d4~d7  0.5 games/s (avg 0.1)  1.2M nps  ETA 01:27:06
[2026-03-29T08:31:24.401] [INFO] [selfplay:0] [SelfPlay] 1767/2500 (70%)  pos=134684  W/D/B=788/161/818  (44%/9%/46%)  d4~d7  0.5 games/s (avg 0.1)  1.2M nps  ETA 01:26:44
[2026-03-29T08:31:25.574] [INFO] [selfplay:0] [SelfPlay] 1768/2500 (70%)  pos=134726  W/D/B=789/161/818  (44%/9%/46%)  d4~d7  0.4 games/s (avg 0.1)  1.2M nps  ETA 01:26:55
[2026-03-29T08:31:29.176] [INFO] [selfplay:0] [SelfPlay] 1769/2500 (70%)  pos=134787  W/D/B=789/161/819  (44%/9%/46%)  d4~d7  0.5 games/s (avg 0.1)  1.2M nps  ETA 01:26:44
[2026-03-29T08:31:37.428] [INFO] [selfplay:0] [SelfPlay] 1770/2500 (70%)  pos=134821  W/D/B=789/161/820  (44%/9%/46%)  d4~d7  0.5 games/s (avg 0.1)  1.2M nps  ETA 01:26:30
[2026-03-29T08:31:51.974] [INFO] [selfplay:0] [SelfPlay] 1771/2500 (70%)  pos=134894  W/D/B=790/161/820  (44%/9%/46%)  d4~d7  0.4 games/s (avg 0.1)  1.2M nps  ETA 01:26:17
[2026-03-29T08:31:53.280] [INFO] [selfplay:0] [SelfPlay] 1772/2500 (70%)  pos=134996  W/D/B=791/161/820  (44%/9%/46%)  d4~d7  0.4 games/s (avg 0.1)  1.2M nps  ETA 01:26:27
[2026-03-29T08:31:53.937] [INFO] [selfplay:0] [SelfPlay] 1773/2500 (70%)  pos=135091  W/D/B=792/161/820  (44%/9%/46%)  d4~d7  0.4 games/s (avg 0.1)  1.2M nps  ETA 01:26:17
[2026-03-29T08:32:03.403] [INFO] [selfplay:0] [SelfPlay] 1774/2500 (70%)  pos=135250  W/D/B=792/161/821  (44%/9%/46%)  d4~d7  0.6 games/s (avg 0.1)  1.2M nps  ETA 01:25:59
[2026-03-29T08:32:13.046] [INFO] [selfplay:0] [SelfPlay] 1775/2500 (71%)  pos=135266  W/D/B=793/161/821  (44%/9%/46%)  d4~d7  0.5 games/s (avg 0.1)  1.2M nps  ETA 01:25:52
[2026-03-29T08:32:19.693] [INFO] [selfplay:0] [SelfPlay] 1776/2500 (71%)  pos=135355  W/D/B=793/161/822  (44%/9%/46%)  d4~d7  0.5 games/s (avg 0.1)  1.2M nps  ETA 01:25:49
[2026-03-29T08:32:21.438] [INFO] [selfplay:0] [SelfPlay] 1777/2500 (71%)  pos=135478  W/D/B=793/162/822  (44%/9%/46%)  d4~d7  0.4 games/s (avg 0.1)  1.2M nps  ETA 01:25:48
[2026-03-29T08:32:34.890] [INFO] [selfplay:0] [SelfPlay] 1778/2500 (71%)  pos=135509  W/D/B=793/162/823  (44%/9%/46%)  d4~d7  0.4 games/s (avg 0.1)  1.2M nps  ETA 01:25:26
[2026-03-29T08:32:37.607] [INFO] [selfplay:0] [SelfPlay] 1779/2500 (71%)  pos=135546  W/D/B=793/162/824  (44%/9%/46%)  d4~d7  0.4 games/s (avg 0.1)  1.2M nps  ETA 01:25:32
[2026-03-29T08:32:43.836] [INFO] [selfplay:0] [SelfPlay] 1780/2500 (71%)  pos=135609  W/D/B=793/162/825  (44%/9%/46%)  d4~d7  0.4 games/s (avg 0.1)  1.2M nps  ETA 01:25:20
[2026-03-29T08:32:51.751] [INFO] [selfplay:0] [SelfPlay] 1781/2500 (71%)  pos=135675  W/D/B=794/162/825  (44%/9%/46%)  d4~d7  0.3 games/s (avg 0.1)  1.2M nps  ETA 01:25:11
[2026-03-29T08:32:52.078] [INFO] [selfplay:0] [SelfPlay] 1782/2500 (71%)  pos=135710  W/D/B=794/162/826  (44%/9%/46%)  d4~d7  0.3 games/s (avg 0.1)  1.2M nps  ETA 01:25:12
[2026-03-29T08:32:55.318] [INFO] [selfplay:0] [SelfPlay] 1783/2500 (71%)  pos=135877  W/D/B=795/162/826  (44%/9%/46%)  d4~d7  0.7 games/s (avg 0.1)  1.2M nps  ETA 01:24:59
[2026-03-29T08:33:01.108] [INFO] [selfplay:0] [SelfPlay] 1784/2500 (71%)  pos=136084  W/D/B=795/163/826  (44%/9%/46%)  d4~d7  0.7 games/s (avg 0.1)  1.2M nps  ETA 01:24:47
[2026-03-29T08:33:16.962] [INFO] [selfplay:0] [SelfPlay] 1785/2500 (71%)  pos=136146  W/D/B=796/163/826  (44%/9%/46%)  d4~d7  0.6 games/s (avg 0.1)  1.2M nps  ETA 01:24:30
[2026-03-29T08:33:25.676] [INFO] [selfplay:0] [SelfPlay] 1786/2500 (71%)  pos=136220  W/D/B=796/163/827  (44%/9%/46%)  d4~d7  0.5 games/s (avg 0.1)  1.2M nps  ETA 01:24:33
[2026-03-29T08:33:30.269] [INFO] [selfplay:0] [SelfPlay] 1787/2500 (71%)  pos=136309  W/D/B=797/163/827  (44%/9%/46%)  d4~d7  0.5 games/s (avg 0.1)  1.2M nps  ETA 01:24:32
[2026-03-29T08:33:45.798] [INFO] [selfplay:0] [SelfPlay] 1788/2500 (71%)  pos=136345  W/D/B=798/163/827  (44%/9%/46%)  d4~d7  0.4 games/s (avg 0.1)  1.2M nps  ETA 01:24:11
[2026-03-29T08:33:48.029] [INFO] [selfplay:0] [SelfPlay] 1789/2500 (71%)  pos=136416  W/D/B=798/164/827  (44%/9%/46%)  d4~d7  0.4 games/s (avg 0.1)  1.2M nps  ETA 01:24:22
[2026-03-29T08:33:49.181] [INFO] [selfplay:0] [SelfPlay] 1790/2500 (71%)  pos=136486  W/D/B=798/164/828  (44%/9%/46%)  d4~d7  0.4 games/s (avg 0.1)  1.2M nps  ETA 01:24:14
[2026-03-29T08:34:01.943] [INFO] [selfplay:0] [SelfPlay] 1791/2500 (71%)  pos=136574  W/D/B=798/164/829  (44%/9%/46%)  d4~d7  0.4 games/s (avg 0.1)  1.2M nps  ETA 01:23:52
[2026-03-29T08:34:03.651] [INFO] [selfplay:0] [SelfPlay] 1792/2500 (71%)  pos=136612  W/D/B=798/164/830  (44%/9%/46%)  d4~d7  0.4 games/s (avg 0.1)  1.2M nps  ETA 01:23:58
[2026-03-29T08:34:24.840] [INFO] [selfplay:0] [SelfPlay] 1793/2500 (71%)  pos=136668  W/D/B=799/164/830  (44%/9%/46%)  d4~d7  0.4 games/s (avg 0.1)  1.2M nps  ETA 01:23:30
[2026-03-29T08:34:25.430] [INFO] [selfplay:0] [SelfPlay] 1794/2500 (71%)  pos=136764  W/D/B=800/164/830  (44%/9%/46%)  d4~d7  0.4 games/s (avg 0.1)  1.2M nps  ETA 01:23:49
[2026-03-29T08:34:35.403] [INFO] [selfplay:0] [SelfPlay] 1795/2500 (71%)  pos=136891  W/D/B=800/164/831  (44%/9%/46%)  d4~d7  0.6 games/s (avg 0.1)  1.2M nps  ETA 01:23:30
[2026-03-29T08:34:51.491] [INFO] [selfplay:0] [SelfPlay] 1796/2500 (71%)  pos=136975  W/D/B=800/164/832  (44%/9%/46%)  d4~d7  0.5 games/s (avg 0.1)  1.2M nps  ETA 01:23:18
[2026-03-29T08:34:55.201] [INFO] [selfplay:0] [SelfPlay] 1797/2500 (71%)  pos=137019  W/D/B=801/164/832  (44%/9%/46%)  d4~d7  0.4 games/s (avg 0.1)  1.2M nps  ETA 01:23:26
[2026-03-29T08:34:56.702] [INFO] [selfplay:0] [SelfPlay] 1798/2500 (71%)  pos=137058  W/D/B=802/164/832  (44%/9%/46%)  d4~d7  0.4 games/s (avg 0.1)  1.2M nps  ETA 01:23:20
[2026-03-29T08:34:57.962] [INFO] [selfplay:0] [SelfPlay] 1799/2500 (71%)  pos=137089  W/D/B=803/164/832  (44%/9%/46%)  d4~d7  0.4 games/s (avg 0.1)  1.2M nps  ETA 01:23:11
[2026-03-29T08:35:00.627] [INFO] [selfplay:0] [SelfPlay] 1800/2500 (72%)  pos=137099  W/D/B=803/164/833  (44%/9%/46%)  d4~d7  0.5 games/s (avg 0.1)  1.2M nps  ETA 01:23:00
[2026-03-29T08:35:01.484] [INFO] [selfplay:0] [SelfPlay] 1801/2500 (72%)  pos=137192  W/D/B=803/164/834  (44%/9%/46%)  d4~d7  0.5 games/s (avg 0.1)  1.2M nps  ETA 01:22:54
[2026-03-29T08:35:04.058] [INFO] [selfplay:0] [SelfPlay] 1802/2500 (72%)  pos=137258  W/D/B=804/164/834  (44%/9%/46%)  d4~d7  0.6 games/s (avg 0.1)  1.2M nps  ETA 01:22:41
[2026-03-29T08:35:25.979] [INFO] [selfplay:0] [SelfPlay] 1803/2500 (72%)  pos=137316  W/D/B=804/164/835  (44%/9%/46%)  d4~d7  0.6 games/s (avg 0.1)  1.2M nps  ETA 01:22:14
[2026-03-29T08:35:40.694] [INFO] [selfplay:0] [SelfPlay] 1804/2500 (72%)  pos=137352  W/D/B=805/164/835  (44%/9%/46%)  d4~d7  0.5 games/s (avg 0.1)  1.2M nps  ETA 01:22:19
[2026-03-29T08:35:41.334] [INFO] [selfplay:0] [SelfPlay] 1805/2500 (72%)  pos=137472  W/D/B=805/164/836  (44%/9%/46%)  d4~d7  0.4 games/s (avg 0.1)  1.2M nps  ETA 01:22:30
[2026-03-29T08:35:55.067] [INFO] [selfplay:0] [SelfPlay] 1806/2500 (72%)  pos=137545  W/D/B=805/164/837  (44%/9%/46%)  d4~d7  0.6 games/s (avg 0.1)  1.2M nps  ETA 01:22:06
[2026-03-29T08:35:56.297] [INFO] [selfplay:0] [SelfPlay] 1807/2500 (72%)  pos=137627  W/D/B=805/164/838  (44%/9%/46%)  d4~d7  0.5 games/s (avg 0.1)  1.2M nps  ETA 01:22:15
[2026-03-29T08:35:56.719] [INFO] [selfplay:0] [SelfPlay] 1808/2500 (72%)  pos=137771  W/D/B=805/165/838  (44%/9%/46%)  d4~d7  0.6 games/s (avg 0.1)  1.2M nps  ETA 01:22:05
[2026-03-29T08:36:04.424] [INFO] [selfplay:0] [SelfPlay] 1809/2500 (72%)  pos=137847  W/D/B=805/165/839  (44%/9%/46%)  d4~d7  0.8 games/s (avg 0.1)  1.2M nps  ETA 01:21:50
[2026-03-29T08:36:17.706] [INFO] [selfplay:0] [SelfPlay] 1810/2500 (72%)  pos=137903  W/D/B=805/165/840  (44%/9%/46%)  d4~d7  0.7 games/s (avg 0.1)  1.2M nps  ETA 01:21:36
[2026-03-29T08:36:22.839] [INFO] [selfplay:0] [SelfPlay] 1811/2500 (72%)  pos=137905  W/D/B=806/165/840  (44%/9%/46%)  d4~d7  0.6 games/s (avg 0.1)  1.2M nps  ETA 01:21:40
[2026-03-29T08:36:23.878] [INFO] [selfplay:0] [SelfPlay] 1812/2500 (72%)  pos=138038  W/D/B=806/166/840  (44%/9%/46%)  d4~d7  0.6 games/s (avg 0.1)  1.2M nps  ETA 01:21:36
[2026-03-29T08:36:26.550] [INFO] [selfplay:0] [SelfPlay] 1813/2500 (72%)  pos=138074  W/D/B=807/166/840  (44%/9%/46%)  d4~d7  0.6 games/s (avg 0.1)  1.2M nps  ETA 01:21:25
[2026-03-29T08:36:31.983] [INFO] [selfplay:0] [SelfPlay] 1814/2500 (72%)  pos=138099  W/D/B=807/167/840  (44%/9%/46%)  d4~d7  0.6 games/s (avg 0.1)  1.2M nps  ETA 01:21:13
[2026-03-29T08:36:38.438] [INFO] [selfplay:0] [SelfPlay] 1815/2500 (72%)  pos=138104  W/D/B=808/167/840  (44%/9%/46%)  d4~d7  0.5 games/s (avg 0.1)  1.2M nps  ETA 01:21:05
[2026-03-29T08:36:47.046] [INFO] [selfplay:0] [SelfPlay] 1816/2500 (72%)  pos=138156  W/D/B=809/167/840  (44%/9%/46%)  d4~d7  0.5 games/s (avg 0.1)  1.2M nps  ETA 01:20:55
[2026-03-29T08:36:54.704] [INFO] [selfplay:0] [SelfPlay] 1817/2500 (72%)  pos=138222  W/D/B=809/167/841  (44%/9%/46%)  d4~d7  0.4 games/s (avg 0.1)  1.2M nps  ETA 01:20:49
[2026-03-29T08:37:00.693] [INFO] [selfplay:0] [SelfPlay] 1818/2500 (72%)  pos=138287  W/D/B=810/167/841  (44%/9%/46%)  d4~d7  0.4 games/s (avg 0.1)  1.2M nps  ETA 01:20:44
[2026-03-29T08:37:17.306] [INFO] [selfplay:0] [SelfPlay] 1819/2500 (72%)  pos=138304  W/D/B=810/167/842  (44%/9%/46%)  d4~d7  0.3 games/s (avg 0.1)  1.2M nps  ETA 01:20:27
[2026-03-29T08:37:19.201] [INFO] [selfplay:0] [SelfPlay] 1820/2500 (72%)  pos=138345  W/D/B=811/167/842  (44%/9%/46%)  d4~d7  0.3 games/s (avg 0.1)  1.2M nps  ETA 01:20:37
[2026-03-29T08:37:19.466] [INFO] [selfplay:0] [SelfPlay] 1821/2500 (72%)  pos=138485  W/D/B=812/167/842  (44%/9%/46%)  d4~d7  0.3 games/s (avg 0.1)  1.2M nps  ETA 01:20:30
[2026-03-29T08:37:20.459] [INFO] [selfplay:0] [SelfPlay] 1822/2500 (72%)  pos=138556  W/D/B=812/168/842  (44%/9%/46%)  d4~d7  0.9 games/s (avg 0.1)  1.2M nps  ETA 01:20:20
[2026-03-29T08:37:21.792] [INFO] [selfplay:0] [SelfPlay] 1823/2500 (72%)  pos=138594  W/D/B=812/168/843  (44%/9%/46%)  d4~d7  0.9 games/s (avg 0.1)  1.2M nps  ETA 01:20:09
[2026-03-29T08:37:35.427] [INFO] [selfplay:0] [SelfPlay] 1824/2500 (72%)  pos=138647  W/D/B=813/168/843  (44%/9%/46%)  d4~d7  0.9 games/s (avg 0.1)  1.2M nps  ETA 01:19:49
[2026-03-29T08:37:48.406] [INFO] [selfplay:0] [SelfPlay] 1825/2500 (73%)  pos=138696  W/D/B=813/168/844  (44%/9%/46%)  d4~d7  0.8 games/s (avg 0.1)  1.2M nps  ETA 01:19:44
[2026-03-29T08:37:53.299] [INFO] [selfplay:0] [SelfPlay] 1826/2500 (73%)  pos=138775  W/D/B=813/168/845  (44%/9%/46%)  d4~d7  0.7 games/s (avg 0.1)  1.2M nps  ETA 01:19:47
[2026-03-29T08:38:21.510] [INFO] [selfplay:0] [SelfPlay] 1827/2500 (73%)  pos=138828  W/D/B=813/168/846  (44%/9%/46%)  d4~d7  0.7 games/s (avg 0.1)  1.2M nps  ETA 01:19:16
[2026-03-29T08:38:29.312] [INFO] [selfplay:0] [SelfPlay] 1828/2500 (73%)  pos=138862  W/D/B=814/168/846  (44%/9%/46%)  d4~d7  0.6 games/s (avg 0.1)  1.2M nps  ETA 01:19:37
[2026-03-29T08:38:31.693] [INFO] [selfplay:0] [SelfPlay] 1829/2500 (73%)  pos=138988  W/D/B=814/168/847  (44%/9%/46%)  d4~d7  0.5 games/s (avg 0.1)  1.2M nps  ETA 01:19:35
[2026-03-29T08:38:51.003] [INFO] [selfplay:0] [SelfPlay] 1830/2500 (73%)  pos=139045  W/D/B=815/168/847  (44%/9%/46%)  d4~d7  0.5 games/s (avg 0.1)  1.2M nps  ETA 01:19:10
[2026-03-29T08:39:01.739] [INFO] [selfplay:0] [SelfPlay] 1831/2500 (73%)  pos=139104  W/D/B=815/168/848  (44%/9%/46%)  d4~d7  0.4 games/s (avg 0.1)  1.2M nps  ETA 01:19:16
[2026-03-29T08:39:05.019] [INFO] [selfplay:0] [SelfPlay] 1832/2500 (73%)  pos=139154  W/D/B=816/168/848  (44%/9%/46%)  d4~d7  0.4 games/s (avg 0.1)  1.2M nps  ETA 01:19:18
[2026-03-29T08:39:07.312] [INFO] [selfplay:0] [SelfPlay] 1833/2500 (73%)  pos=139191  W/D/B=817/168/848  (44%/9%/46%)  d4~d7  0.4 games/s (avg 0.1)  1.2M nps  ETA 01:19:10
[2026-03-29T08:39:08.350] [INFO] [selfplay:0] [SelfPlay] 1834/2500 (73%)  pos=139276  W/D/B=818/168/848  (44%/9%/46%)  d4~d7  0.4 games/s (avg 0.1)  1.2M nps  ETA 01:19:02
[2026-03-29T08:39:16.303] [INFO] [selfplay:0] [SelfPlay] 1835/2500 (73%)  pos=139344  W/D/B=818/168/849  (44%/9%/46%)  d4~d7  0.5 games/s (avg 0.1)  1.2M nps  ETA 01:18:46
[2026-03-29T08:39:39.419] [INFO] [selfplay:0] [SelfPlay] 1836/2500 (73%)  pos=139420  W/D/B=819/168/849  (44%/9%/46%)  d4~d7  0.4 games/s (avg 0.1)  1.2M nps  ETA 01:18:24
[2026-03-29T08:39:44.585] [INFO] [selfplay:0] [SelfPlay] 1837/2500 (73%)  pos=139516  W/D/B=820/168/849  (44%/9%/46%)  d4~d7  0.4 games/s (avg 0.1)  1.2M nps  ETA 01:18:40
[2026-03-29T08:39:46.245] [INFO] [selfplay:0] [SelfPlay] 1838/2500 (73%)  pos=139553  W/D/B=821/168/849  (44%/9%/46%)  d4~d7  0.3 games/s (avg 0.1)  1.2M nps  ETA 01:18:37
[2026-03-29T08:39:48.234] [INFO] [selfplay:0] [SelfPlay] 1839/2500 (73%)  pos=139573  W/D/B=822/168/849  (44%/9%/46%)  d4~d7  0.4 games/s (avg 0.1)  1.2M nps  ETA 01:18:27
[2026-03-29T08:39:52.099] [INFO] [selfplay:0] [SelfPlay] 1840/2500 (73%)  pos=139622  W/D/B=822/168/850  (44%/9%/46%)  d4~d7  0.4 games/s (avg 0.1)  1.2M nps  ETA 01:18:16
[2026-03-29T08:39:53.375] [INFO] [selfplay:0] [SelfPlay] 1841/2500 (73%)  pos=139675  W/D/B=822/168/851  (44%/9%/46%)  d4~d7  0.4 games/s (avg 0.1)  1.2M nps  ETA 01:18:11
[2026-03-29T08:39:55.442] [INFO] [selfplay:0] [SelfPlay] 1842/2500 (73%)  pos=139805  W/D/B=822/168/852  (44%/9%/46%)  d4~d7  0.4 games/s (avg 0.1)  1.2M nps  ETA 01:18:01
[2026-03-29T08:40:12.184] [INFO] [selfplay:0] [SelfPlay] 1843/2500 (73%)  pos=139935  W/D/B=823/168/852  (44%/9%/46%)  d4~d7  0.4 games/s (avg 0.1)  1.2M nps  ETA 01:17:37
[2026-03-29T08:40:16.611] [INFO] [selfplay:0] [SelfPlay] 1844/2500 (73%)  pos=139994  W/D/B=823/168/853  (44%/9%/46%)  d4~d7  0.4 games/s (avg 0.1)  1.2M nps  ETA 01:17:45
[2026-03-29T08:40:19.138] [INFO] [selfplay:0] [SelfPlay] 1845/2500 (73%)  pos=140172  W/D/B=823/169/853  (44%/9%/46%)  d4~d7  0.4 games/s (avg 0.1)  1.2M nps  ETA 01:17:40
[2026-03-29T08:40:38.396] [INFO] [selfplay:0] [SelfPlay] 1846/2500 (73%)  pos=140217  W/D/B=824/169/853  (44%/9%/46%)  d4~d7  0.4 games/s (avg 0.1)  1.2M nps  ETA 01:17:14
[2026-03-29T08:40:42.556] [INFO] [selfplay:0] [SelfPlay] 1847/2500 (73%)  pos=140302  W/D/B=825/169/853  (44%/9%/46%)  d4~d7  0.3 games/s (avg 0.1)  1.2M nps  ETA 01:17:25
[2026-03-29T08:40:46.265] [INFO] [selfplay:0] [SelfPlay] 1848/2500 (73%)  pos=140340  W/D/B=825/169/854  (44%/9%/46%)  d4~d7  0.3 games/s (avg 0.1)  1.2M nps  ETA 01:17:19
[2026-03-29T08:40:51.539] [INFO] [selfplay:0] [SelfPlay] 1849/2500 (73%)  pos=140377  W/D/B=825/169/855  (44%/9%/46%)  d4~d7  0.3 games/s (avg 0.1)  1.2M nps  ETA 01:17:09
[2026-03-29T08:41:05.001] [INFO] [selfplay:0] [SelfPlay] 1850/2500 (74%)  pos=140461  W/D/B=825/169/856  (44%/9%/46%)  d4~d7  0.3 games/s (avg 0.1)  1.2M nps  ETA 01:16:52
[2026-03-29T08:41:18.035] [INFO] [selfplay:0] [SelfPlay] 1851/2500 (74%)  pos=140524  W/D/B=825/169/857  (44%/9%/46%)  d4~d7  0.3 games/s (avg 0.1)  1.2M nps  ETA 01:16:48
[2026-03-29T08:41:20.764] [INFO] [selfplay:0] [SelfPlay] 1852/2500 (74%)  pos=140540  W/D/B=826/169/857  (44%/9%/46%)  d4~d7  0.2 games/s (avg 0.1)  1.1M nps  ETA 01:16:53
[2026-03-29T08:41:20.948] [INFO] [selfplay:0] [SelfPlay] 1853/2500 (74%)  pos=140610  W/D/B=827/169/857  (44%/9%/46%)  d4~d7  0.2 games/s (avg 0.1)  1.1M nps  ETA 01:16:47
[2026-03-29T08:41:36.947] [INFO] [selfplay:0] [SelfPlay] 1854/2500 (74%)  pos=140671  W/D/B=828/169/857  (44%/9%/46%)  d4~d7  1.0 games/s (avg 0.1)  1.1M nps  ETA 01:16:22
[2026-03-29T08:41:45.786] [INFO] [selfplay:0] [SelfPlay] 1855/2500 (74%)  pos=140750  W/D/B=829/169/857  (44%/9%/46%)  d4~d7  0.9 games/s (avg 0.1)  1.1M nps  ETA 01:16:25
[2026-03-29T08:41:51.044] [INFO] [selfplay:0] [SelfPlay] 1856/2500 (74%)  pos=140773  W/D/B=830/169/857  (44%/9%/46%)  d4~d7  0.8 games/s (avg 0.1)  1.1M nps  ETA 01:16:22
[2026-03-29T08:42:01.627] [INFO] [selfplay:0] [SelfPlay] 1857/2500 (74%)  pos=140829  W/D/B=831/169/857  (44%/9%/46%)  d4~d7  0.7 games/s (avg 0.1)  1.1M nps  ETA 01:16:09
[2026-03-29T08:42:01.798] [INFO] [selfplay:0] [SelfPlay] 1858/2500 (74%)  pos=140905  W/D/B=831/170/857  (44%/9%/46%)  d4~d7  0.6 games/s (avg 0.1)  1.1M nps  ETA 01:16:14
[2026-03-29T08:42:10.058] [INFO] [selfplay:0] [SelfPlay] 1859/2500 (74%)  pos=140936  W/D/B=832/170/857  (44%/9%/46%)  d4~d7  1.4 games/s (avg 0.1)  1.1M nps  ETA 01:15:56
[2026-03-29T08:42:19.033] [INFO] [selfplay:0] [SelfPlay] 1860/2500 (74%)  pos=140971  W/D/B=833/170/857  (44%/9%/46%)  d4~d7  1.3 games/s (avg 0.1)  1.1M nps  ETA 01:15:48
[2026-03-29T08:42:23.913] [INFO] [selfplay:0] [SelfPlay] 1861/2500 (74%)  pos=141039  W/D/B=833/170/858  (44%/9%/46%)  d4~d7  1.2 games/s (avg 0.1)  1.2M nps  ETA 01:15:46
[2026-03-29T08:42:31.220] [INFO] [selfplay:0] [SelfPlay] 1862/2500 (74%)  pos=141081  W/D/B=833/170/859  (44%/9%/46%)  d4~d7  1.1 games/s (avg 0.1)  1.2M nps  ETA 01:15:36
[2026-03-29T08:42:41.663] [INFO] [selfplay:0] [SelfPlay] 1863/2500 (74%)  pos=141106  W/D/B=833/170/860  (44%/9%/46%)  d4~d7  0.9 games/s (avg 0.1)  1.1M nps  ETA 01:15:25
[2026-03-29T08:42:55.977] [INFO] [selfplay:0] [SelfPlay] 1864/2500 (74%)  pos=141219  W/D/B=833/171/860  (44%/9%/46%)  d4~d7  0.8 games/s (avg 0.1)  1.1M nps  ETA 01:15:16
[2026-03-29T08:42:57.933] [INFO] [selfplay:0] [SelfPlay] 1865/2500 (74%)  pos=141246  W/D/B=833/171/861  (44%/9%/46%)  d4~d7  0.7 games/s (avg 0.1)  1.1M nps  ETA 01:15:23
[2026-03-29T08:43:08.822] [INFO] [selfplay:0] [SelfPlay] 1866/2500 (74%)  pos=141261  W/D/B=834/171/861  (44%/9%/46%)  d4~d7  0.7 games/s (avg 0.1)  1.1M nps  ETA 01:15:05
[2026-03-29T08:43:14.616] [INFO] [selfplay:0] [SelfPlay] 1867/2500 (74%)  pos=141340  W/D/B=835/171/861  (44%/9%/46%)  d4~d7  0.6 games/s (avg 0.1)  1.1M nps  ETA 01:15:05
[2026-03-29T08:43:16.530] [INFO] [selfplay:0] [SelfPlay] 1868/2500 (74%)  pos=141444  W/D/B=835/171/862  (44%/9%/46%)  d4~d7  0.5 games/s (avg 0.1)  1.1M nps  ETA 01:15:02
[2026-03-29T08:43:26.193] [INFO] [selfplay:0] [SelfPlay] 1869/2500 (74%)  pos=141679  W/D/B=835/172/862  (44%/9%/46%)  d4~d7  0.5 games/s (avg 0.1)  1.1M nps  ETA 01:14:44
[2026-03-29T08:43:29.974] [INFO] [selfplay:0] [SelfPlay] 1870/2500 (74%)  pos=141719  W/D/B=835/172/863  (44%/9%/46%)  d4~d7  0.5 games/s (avg 0.1)  1.1M nps  ETA 01:14:44
[2026-03-29T08:43:47.381] [INFO] [selfplay:0] [SelfPlay] 1871/2500 (74%)  pos=141786  W/D/B=835/172/864  (44%/9%/46%)  d4~d7  0.4 games/s (avg 0.1)  1.1M nps  ETA 01:14:23
[2026-03-29T08:43:49.612] [INFO] [selfplay:0] [SelfPlay] 1872/2500 (74%)  pos=141848  W/D/B=835/172/865  (44%/9%/46%)  d4~d7  0.4 games/s (avg 0.1)  1.1M nps  ETA 01:14:33
[2026-03-29T08:43:49.869] [INFO] [selfplay:0] [SelfPlay] 1873/2500 (74%)  pos=141962  W/D/B=835/172/866  (44%/9%/46%)  d4~d7  0.4 games/s (avg 0.1)  1.1M nps  ETA 01:14:27
[2026-03-29T08:43:52.577] [INFO] [selfplay:0] [SelfPlay] 1874/2500 (74%)  pos=142055  W/D/B=835/172/867  (44%/9%/46%)  d4~d7  0.9 games/s (avg 0.1)  1.1M nps  ETA 01:14:15
[2026-03-29T08:43:53.986] [INFO] [selfplay:0] [SelfPlay] 1875/2500 (75%)  pos=142110  W/D/B=835/172/868  (44%/9%/46%)  d4~d7  0.8 games/s (avg 0.1)  1.1M nps  ETA 01:14:08
[2026-03-29T08:44:01.791] [INFO] [selfplay:0] [SelfPlay] 1876/2500 (75%)  pos=142178  W/D/B=835/172/869  (44%/9%/46%)  d4~d7  0.8 games/s (avg 0.1)  1.1M nps  ETA 01:13:52
[2026-03-29T08:44:32.264] [INFO] [selfplay:0] [SelfPlay] 1877/2500 (75%)  pos=142244  W/D/B=835/172/870  (44%/9%/46%)  d4~d7  0.7 games/s (avg 0.1)  1.1M nps  ETA 01:13:23
[2026-03-29T08:44:35.809] [INFO] [selfplay:0] [SelfPlay] 1878/2500 (75%)  pos=142303  W/D/B=835/172/871  (44%/9%/46%)  d4~d7  0.7 games/s (avg 0.1)  1.1M nps  ETA 01:13:50
[2026-03-29T08:44:48.916] [INFO] [selfplay:0] [SelfPlay] 1879/2500 (75%)  pos=142397  W/D/B=836/172/871  (44%/9%/46%)  d4~d7  0.6 games/s (avg 0.1)  1.1M nps  ETA 01:13:33
[2026-03-29T08:44:49.119] [INFO] [selfplay:0] [SelfPlay] 1880/2500 (75%)  pos=142534  W/D/B=837/172/871  (44%/9%/46%)  d4~d7  0.5 games/s (avg 0.1)  1.1M nps  ETA 01:13:40
[2026-03-29T08:44:52.087] [INFO] [selfplay:0] [SelfPlay] 1881/2500 (75%)  pos=142600  W/D/B=838/172/871  (44%/9%/46%)  d4~d7  1.2 games/s (avg 0.1)  1.1M nps  ETA 01:13:28
[2026-03-29T08:44:54.222] [INFO] [selfplay:0] [SelfPlay] 1882/2500 (75%)  pos=142621  W/D/B=839/172/871  (44%/9%/46%)  d4~d7  1.1 games/s (avg 0.1)  1.1M nps  ETA 01:13:21
[2026-03-29T08:45:04.405] [INFO] [selfplay:0] [SelfPlay] 1883/2500 (75%)  pos=142669  W/D/B=840/172/871  (44%/9%/46%)  d4~d7  1.0 games/s (avg 0.1)  1.1M nps  ETA 01:13:04
[2026-03-29T08:45:21.874] [INFO] [selfplay:0] [SelfPlay] 1884/2500 (75%)  pos=142704  W/D/B=841/172/871  (44%/9%/46%)  d4~d7  0.8 games/s (avg 0.1)  1.1M nps  ETA 01:12:50
[2026-03-29T08:45:27.490] [INFO] [selfplay:0] [SelfPlay] 1885/2500 (75%)  pos=142738  W/D/B=841/172/872  (44%/9%/46%)  d4~d7  0.8 games/s (avg 0.1)  1.1M nps  ETA 01:12:59
[2026-03-29T08:45:36.035] [INFO] [selfplay:0] [SelfPlay] 1886/2500 (75%)  pos=142789  W/D/B=842/172/872  (44%/9%/46%)  d4~d7  0.7 games/s (avg 0.1)  1.1M nps  ETA 01:12:47
[2026-03-29T08:45:44.574] [INFO] [selfplay:0] [SelfPlay] 1887/2500 (75%)  pos=142952  W/D/B=842/172/873  (44%/9%/46%)  d4~d7  0.6 games/s (avg 0.1)  1.1M nps  ETA 01:12:41
[2026-03-29T08:45:46.958] [INFO] [selfplay:0] [SelfPlay] 1888/2500 (75%)  pos=143017  W/D/B=842/172/874  (44%/9%/46%)  d4~d7  0.5 games/s (avg 0.1)  1.1M nps  ETA 01:12:41
[2026-03-29T08:45:57.577] [INFO] [selfplay:0] [SelfPlay] 1889/2500 (75%)  pos=143056  W/D/B=843/172/874  (44%/9%/46%)  d4~d7  0.5 games/s (avg 0.1)  1.1M nps  ETA 01:12:23
[2026-03-29T08:45:59.478] [INFO] [selfplay:0] [SelfPlay] 1890/2500 (75%)  pos=143152  W/D/B=843/172/875  (44%/9%/46%)  d4~d7  0.4 games/s (avg 0.1)  1.1M nps  ETA 01:12:27
[2026-03-29T08:46:07.629] [INFO] [selfplay:0] [SelfPlay] 1891/2500 (75%)  pos=143245  W/D/B=844/172/875  (44%/9%/46%)  d4~d7  0.5 games/s (avg 0.1)  1.1M nps  ETA 01:12:10
[2026-03-29T08:46:09.234] [INFO] [selfplay:0] [SelfPlay] 1892/2500 (75%)  pos=143344  W/D/B=845/172/875  (44%/9%/46%)  d4~d7  0.4 games/s (avg 0.1)  1.1M nps  ETA 01:12:12
[2026-03-29T08:46:18.202] [INFO] [selfplay:0] [SelfPlay] 1893/2500 (75%)  pos=143389  W/D/B=845/172/876  (44%/9%/46%)  d4~d7  0.4 games/s (avg 0.1)  1.1M nps  ETA 01:11:55
[2026-03-29T08:46:25.896] [INFO] [selfplay:0] [SelfPlay] 1894/2500 (75%)  pos=143392  W/D/B=846/172/876  (44%/9%/46%)  d4~d7  0.4 games/s (avg 0.1)  1.1M nps  ETA 01:11:49
[2026-03-29T08:46:28.868] [INFO] [selfplay:0] [SelfPlay] 1895/2500 (75%)  pos=143553  W/D/B=846/172/877  (44%/9%/46%)  d4~d7  0.4 games/s (avg 0.1)  1.1M nps  ETA 01:11:47
[2026-03-29T08:46:39.222] [INFO] [selfplay:0] [SelfPlay] 1896/2500 (75%)  pos=143650  W/D/B=847/172/877  (44%/9%/46%)  d4~d7  0.4 games/s (avg 0.1)  1.1M nps  ETA 01:11:32
[2026-03-29T08:46:47.974] [INFO] [selfplay:0] [SelfPlay] 1897/2500 (75%)  pos=143708  W/D/B=847/172/878  (44%/9%/46%)  d4~d7  0.3 games/s (avg 0.1)  1.1M nps  ETA 01:11:27
[2026-03-29T08:46:53.905] [INFO] [selfplay:0] [SelfPlay] 1898/2500 (75%)  pos=143829  W/D/B=847/173/878  (44%/9%/46%)  d4~d7  0.3 games/s (avg 0.1)  1.1M nps  ETA 01:11:23
[2026-03-29T08:46:58.259] [INFO] [selfplay:0] [SelfPlay] 1899/2500 (75%)  pos=143859  W/D/B=847/173/879  (44%/9%/46%)  d4~d7  0.3 games/s (avg 0.1)  1.1M nps  ETA 01:11:18
[2026-03-29T08:46:58.772] [INFO] [selfplay:0] [SelfPlay] 1900/2500 (76%)  pos=144035  W/D/B=847/174/879  (44%/9%/46%)  d4~d7  0.3 games/s (avg 0.1)  1.1M nps  ETA 01:11:13
[2026-03-29T08:46:59.065] [INFO] [selfplay:0] [SelfPlay] 1901/2500 (76%)  pos=144165  W/D/B=847/174/880  (44%/9%/46%)  d4~d7  0.5 games/s (avg 0.1)  1.1M nps  ETA 01:11:04
[2026-03-29T08:47:12.509] [INFO] [selfplay:0] [SelfPlay] 1902/2500 (76%)  pos=144226  W/D/B=848/174/880  (44%/9%/46%)  d4~d7  0.9 games/s (avg 0.1)  1.1M nps  ETA 01:10:42
[2026-03-29T08:47:27.217] [INFO] [selfplay:0] [SelfPlay] 1903/2500 (76%)  pos=144229  W/D/B=848/174/881  (44%/9%/46%)  d4~d7  0.9 games/s (avg 0.1)  1.1M nps  ETA 01:10:35
[2026-03-29T08:47:32.664] [INFO] [selfplay:0] [SelfPlay] 1904/2500 (76%)  pos=144280  W/D/B=848/174/882  (44%/9%/46%)  d4~d7  0.8 games/s (avg 0.1)  1.1M nps  ETA 01:10:39
[2026-03-29T08:47:36.501] [INFO] [selfplay:0] [SelfPlay] 1905/2500 (76%)  pos=144447  W/D/B=848/174/883  (44%/9%/46%)  d4~d7  0.7 games/s (avg 0.1)  1.1M nps  ETA 01:10:35
[2026-03-29T08:47:36.622] [INFO] [selfplay:0] [SelfPlay] 1906/2500 (76%)  pos=144523  W/D/B=849/174/883  (44%/9%/46%)  d4~d7  0.6 games/s (avg 0.1)  1.1M nps  ETA 01:10:28
[2026-03-29T08:47:38.214] [INFO] [selfplay:0] [SelfPlay] 1907/2500 (76%)  pos=144565  W/D/B=849/174/884  (44%/9%/46%)  d4~d7  1.8 games/s (avg 0.1)  1.1M nps  ETA 01:10:19
[2026-03-29T08:47:41.070] [INFO] [selfplay:0] [SelfPlay] 1908/2500 (76%)  pos=144623  W/D/B=849/174/885  (44%/9%/46%)  d4~d7  1.6 games/s (avg 0.1)  1.1M nps  ETA 01:10:08
[2026-03-29T08:47:44.811] [INFO] [selfplay:0] [SelfPlay] 1909/2500 (76%)  pos=144688  W/D/B=849/174/886  (44%/9%/46%)  d4~d7  1.4 games/s (avg 0.1)  1.1M nps  ETA 01:09:59
[2026-03-29T08:47:49.189] [INFO] [selfplay:0] [SelfPlay] 1910/2500 (76%)  pos=144714  W/D/B=849/174/887  (44%/9%/46%)  d4~d7  1.2 games/s (avg 0.1)  1.1M nps  ETA 01:09:51
[2026-03-29T08:48:00.969] [INFO] [selfplay:0] [SelfPlay] 1911/2500 (76%)  pos=144761  W/D/B=850/174/887  (44%/9%/46%)  d4~d7  1.1 games/s (avg 0.1)  1.1M nps  ETA 01:09:35
[2026-03-29T08:48:05.720] [INFO] [selfplay:0] [SelfPlay] 1912/2500 (76%)  pos=144881  W/D/B=850/174/888  (44%/9%/46%)  d4~d7  1.0 games/s (avg 0.1)  1.1M nps  ETA 01:09:36
[2026-03-29T08:48:08.248] [INFO] [selfplay:0] [SelfPlay] 1913/2500 (76%)  pos=144954  W/D/B=850/174/889  (44%/9%/46%)  d4~d7  0.9 games/s (avg 0.1)  1.1M nps  ETA 01:09:31
[2026-03-29T08:48:15.842] [INFO] [selfplay:0] [SelfPlay] 1914/2500 (76%)  pos=145093  W/D/B=851/174/889  (44%/9%/46%)  d4~d7  0.8 games/s (avg 0.1)  1.1M nps  ETA 01:09:17
[2026-03-29T08:48:17.317] [INFO] [selfplay:0] [SelfPlay] 1915/2500 (76%)  pos=145231  W/D/B=852/174/889  (44%/9%/46%)  d4~d7  0.7 games/s (avg 0.1)  1.1M nps  ETA 01:09:17
[2026-03-29T08:48:21.199] [INFO] [selfplay:0] [SelfPlay] 1916/2500 (76%)  pos=145317  W/D/B=853/174/889  (44%/9%/46%)  d4~d7  0.7 games/s (avg 0.1)  1.1M nps  ETA 01:09:05
[2026-03-29T08:48:27.859] [INFO] [selfplay:0] [SelfPlay] 1917/2500 (76%)  pos=145409  W/D/B=854/174/889  (44%/9%/46%)  d4~d7  0.6 games/s (avg 0.1)  1.1M nps  ETA 01:08:54
[2026-03-29T08:48:54.039] [INFO] [selfplay:0] [SelfPlay] 1918/2500 (76%)  pos=145537  W/D/B=854/174/890  (44%/9%/46%)  d4~d7  0.6 games/s (avg 0.1)  1.1M nps  ETA 01:08:28
[2026-03-29T08:49:17.657] [INFO] [selfplay:0] [SelfPlay] 1919/2500 (76%)  pos=145556  W/D/B=854/174/891  (44%/9%/46%)  d4~d7  0.5 games/s (avg 0.1)  1.1M nps  ETA 01:08:28
[2026-03-29T08:49:32.485] [INFO] [selfplay:0] [SelfPlay] 1920/2500 (76%)  pos=145792  W/D/B=854/175/891  (44%/9%/46%)  d4~d7  0.5 games/s (avg 0.1)  1.1M nps  ETA 01:08:36
[2026-03-29T08:49:43.617] [INFO] [selfplay:0] [SelfPlay] 1921/2500 (76%)  pos=145883  W/D/B=855/175/891  (44%/9%/46%)  d4~d7  0.4 games/s (avg 0.1)  1.1M nps  ETA 01:08:33
[2026-03-29T08:49:55.249] [INFO] [selfplay:0] [SelfPlay] 1922/2500 (76%)  pos=145949  W/D/B=855/175/892  (44%/9%/46%)  d4~d7  0.4 games/s (avg 0.1)  1.1M nps  ETA 01:08:29
[2026-03-29T08:50:01.895] [INFO] [selfplay:0] [SelfPlay] 1923/2500 (76%)  pos=146066  W/D/B=855/175/893  (44%/9%/46%)  d4~d7  0.3 games/s (avg 0.1)  1.1M nps  ETA 01:08:27
[2026-03-29T08:50:11.712] [EVENT] [selfplay:0] [SKIP] Skipping current phase...
[2026-03-29T08:50:11.992] [INFO] [selfplay:0] [SelfPlay] 1924/2500 (76%)  pos=146135  W/D/B=856/175/893  (44%/9%/46%)  d4~d7  0.3 games/s (avg 0.1)  1.1M nps  ETA 01:08:16
[2026-03-29T08:50:14.998] [INFO] [selfplay:0] [Game] #1915 D(deaddraw) ply=158 eval=-3 pos=145 d8
[2026-03-29T08:50:15.071] [INFO] [selfplay:0] [INFO] Process terminated -- phase skipped by user.
[2026-03-29T08:50:15.071] [EVENT] [selfplay:12] PHASE_END success=true elapsed_sec=13732.0
[2026-03-29T08:50:19.660] [EVENT] [selfplay:0] [SKIP] Self-play skipped — using partial data
[2026-03-29T08:50:19.672] [INFO] [selfplay:0]   Using Stockfish-labeled data: C:\Users\chris\pyproj\my_env\Projects\ChessEngine\x64\Release\assets\training_data_sf.bin
[2026-03-29T08:50:19.681] [INFO] [selfplay:0]   Replay buffer: gen 11 (weight 0.0678)
[2026-03-29T08:50:19.681] [INFO] [selfplay:0]   Replay buffer: gen 10 (weight 0.0542)
[2026-03-29T08:50:19.682] [INFO] [selfplay:0]   Replay buffer: gen 9 (weight 0.0434)
[2026-03-29T08:50:19.683] [INFO] [selfplay:0]   Replay buffer: gen 8 (weight 0.0347)
[2026-03-29T08:50:19.684] [INFO] [selfplay:0]   Replay buffer: gen 7 (weight 0.0278)
[2026-03-29T08:50:19.684] [INFO] [selfplay:0]   Replay buffer: gen 6 (weight 0.0222)
[2026-03-29T08:50:19.692] [EVENT] [training:12] PHASE_START epochs=4 batch=2048 lr=0.0001
[2026-03-29T08:50:19.693] [CMD] [training:0] [CMD] py -3.10 -u "C:\Users\chris\pyproj\my_env\Projects\ChessEngine\x64\Release\train_nnue.py" --data "C:\Users\chris\pyproj\my_env\Projects\ChessEngine\x64\Release\assets\training_data_sf.bin" --extra-data "C:\Users\chris\pyproj\my_env\Projects\ChessEngine\x64\Release\assets\selfplay_gen11.bin" 0.0678 --extra-data "C:\Users\chris\pyproj\my_env\Projects\ChessEngine\x64\Release\assets\selfplay_gen10.bin" 0.0542 --extra-data "C:\Users\chris\pyproj\my_env\Projects\ChessEngine\x64\Release\assets\selfplay_gen9.bin" 0.0434 --extra-data "C:\Users\chris\pyproj\my_env\Projects\ChessEngine\x64\Release\assets\selfplay_gen8.bin" 0.0347 --extra-data "C:\Users\chris\pyproj\my_env\Projects\ChessEngine\x64\Release\assets\selfplay_gen7.bin" 0.0278 --extra-data "C:\Users\chris\pyproj\my_env\Projects\ChessEngine\x64\Release\assets\selfplay_gen6.bin" 0.0222 --max-positions 400000 --epochs 4 --batch-size 2048 --lr 0.0001 --lr-min 0.00001 --weight-decay 0.005 --dropout 0.3 --grad-clip 1.0 --grad-accum 4 --warmup-steps 100 --draw-weight 0.3 --mate-boost 10.0 --early-stop 3 --wdl-alpha 0.3 --wdl-draw-elo 50.0 --enhanced --plot --cosine-lr --no-cosine-restarts --swa --swa-start 3 --label-smoothing 0.03 --extra-data "C:\Users\chris\pyproj\my_env\Projects\ChessEngine\x64\Release\assets\training_data_draws.bin" 0.3 --load-weights "C:\Users\chris\pyproj\my_env\Projects\ChessEngine\x64\Release\assets\nnue_weights_gen11.bin" --output "C:\Users\chris\pyproj\my_env\Projects\ChessEngine\x64\Release\assets\nnue_weights.bin"
[2026-03-29T08:50:29.312] [INFO] [training:0] === Enhanced mode v3: warmup=100, grad_accum=4, SWA=ON, label_smooth=0.03, filter_eval=1000.0, eval_soft_cap=800.0, draw_weight=0.3x, wdl_alpha=0.3, wdl_draw_elo=50.0, cosine_decay ===
[2026-03-29T08:50:29.312] [INFO] [training:0] Using device: CPU (optimized)
[2026-03-29T08:50:29.358] [INFO] [training:0]   CPU threads: 16
[2026-03-29T08:50:29.431] [INFO] [training:0]   --max-positions: distributing 400,000 budget across 8 sources by ratio
[2026-03-29T08:50:29.431] [INFO] [training:0]     training_data_sf.bin: 29,687,570 -> 192,000 (ratio 45.0%)
[2026-03-29T08:50:29.431] [INFO] [training:0]     selfplay_gen10.bin: 92,355 -> 23,130 (ratio 5.4%)
[2026-03-29T08:50:29.431] [INFO] [training:0]     selfplay_gen9.bin: 132,776 -> 18,521 (ratio 4.3%)
[2026-03-29T08:50:29.431] [INFO] [training:0]     selfplay_gen8.bin: 68,276 -> 14,808 (ratio 3.5%)
[2026-03-29T08:50:29.431] [INFO] [training:0]     selfplay_gen7.bin: 68,956 -> 11,864 (ratio 2.8%)
[2026-03-29T08:50:29.431] [INFO] [training:0]     selfplay_gen6.bin: 72,623 -> 9,474 (ratio 2.2%)
[2026-03-29T08:50:29.431] [INFO] [training:0]     training_data_draws.bin: 35,143,613 -> 128,029 (ratio 30.0%)
[2026-03-29T08:50:29.431] [INFO] [training:0] Datasets:             8 sources (ratio-based sampling)
[2026-03-29T08:50:29.431] [INFO] [training:0]   - training_data_sf.bin                     ratio=45.0%  pos=192,000
[2026-03-29T08:50:29.431] [INFO] [training:0]   - selfplay_gen11.bin                       ratio=6.8%  pos=2,171
[2026-03-29T08:50:29.431] [INFO] [training:0]   - selfplay_gen10.bin                       ratio=5.4%  pos=23,130
[2026-03-29T08:50:29.431] [INFO] [training:0]   - selfplay_gen9.bin                        ratio=4.3%  pos=18,521
[2026-03-29T08:50:29.431] [INFO] [training:0]   - selfplay_gen8.bin                        ratio=3.5%  pos=14,808
[2026-03-29T08:50:29.431] [INFO] [training:0]   - selfplay_gen7.bin                        ratio=2.8%  pos=11,864
[2026-03-29T08:50:29.431] [INFO] [training:0]   - selfplay_gen6.bin                        ratio=2.2%  pos=9,474
[2026-03-29T08:50:29.431] [INFO] [training:0]   - training_data_draws.bin                  ratio=30.0%  pos=128,029
[2026-03-29T08:50:29.431] [INFO] [training:0]   Total positions: 399,997
[2026-03-29T08:50:29.432] [INFO] [training:0]   Mode: PRELOAD (full dataset fits in RAM)
[2026-03-29T08:50:33.433] [INFO] [training:0]   torch.compile:     ENABLED (reduce-overhead mode)
[2026-03-29T08:50:33.501] [INFO] [training:0] Weights loaded from C:\Users\chris\pyproj\my_env\Projects\ChessEngine\x64\Release\assets\nnue_weights_gen11.bin
[2026-03-29T08:50:33.505] [INFO] [training:0] Loaded existing weights from C:\Users\chris\pyproj\my_env\Projects\ChessEngine\x64\Release\assets\nnue_weights_gen11.bin
[2026-03-29T08:50:33.505] [INFO] [training:0]   Fresh optimizer (--load-weights skips old optimizer state)
[2026-03-29T08:50:33.505] [INFO] [training:0] ============================================================
[2026-03-29T08:50:33.505] [INFO] [training:0] Training Configuration:
[2026-03-29T08:50:33.505] [INFO] [training:0]   Positions:         399,997
[2026-03-29T08:50:33.505] [INFO] [training:0]   Batch size:        2048 (effective: 8192 with grad accum x4)
[2026-03-29T08:50:33.505] [INFO] [training:0]   Epochs:            4
[2026-03-29T08:50:33.506] [INFO] [training:0]   Learning rate:     0.0001
[2026-03-29T08:50:33.506] [INFO] [training:0]   LR schedule:       Cosine Decay (T_max=2, warmup_epochs~2)
[2026-03-29T08:50:33.506] [INFO] [training:0]   LR min:            1e-05
[2026-03-29T08:50:33.506] [INFO] [training:0]   LR warmup:         100 optimizer steps
[2026-03-29T08:50:33.506] [INFO] [training:0]   Lambda (eval/res): 0.5
[2026-03-29T08:50:33.506] [INFO] [training:0]   Eval scale:        400.0
[2026-03-29T08:50:33.506] [INFO] [training:0]   Phase balanced:    True
[2026-03-29T08:50:33.506] [INFO] [training:0]   Early stop:        3 epochs
[2026-03-29T08:50:33.506] [INFO] [training:0]   Weight decay:      0.005
[2026-03-29T08:50:33.506] [INFO] [training:0]   Dropout:           0.3
[2026-03-29T08:50:33.506] [INFO] [training:0]   Grad accumulation: 4x
[2026-03-29T08:50:33.506] [INFO] [training:0]   Label smoothing:   0.03
[2026-03-29T08:50:33.506] [INFO] [training:0]   SWA:               ON (start epoch 3)
[2026-03-29T08:50:33.506] [INFO] [training:0]   Filter eval max:   1000.0
[2026-03-29T08:50:33.506] [INFO] [training:0]   Eval soft-cap:     800.0
[2026-03-29T08:50:33.506] [INFO] [training:0]   Draw weight:       0.3x
[2026-03-29T08:50:33.506] [INFO] [training:0]   Mate boost:        10.0x
[2026-03-29T08:50:33.506] [INFO] [training:0]   Async prefetch:    N/A (preload mode)
[2026-03-29T08:50:33.506] [INFO] [training:0]   WDL CE loss:       ON (alpha=0.3, lambda=0.5 (from --lam), draw_elo=50.0)
[2026-03-29T08:50:33.506] [INFO] [training:0]   Activation:        SCReLU (squared clipped ReLU)
[2026-03-29T08:50:33.506] [INFO] [training:0]   Architecture:      40960->512->128->64->WDL(3)x3heads
[2026-03-29T08:50:33.506] [INFO] [training:0]   Grad clip norm:    1.0
[2026-03-29T08:50:33.506] [INFO] [training:0]   Streaming:         False
[2026-03-29T08:50:33.506] [INFO] [training:0]   Datasets:          8 sources (ratio-based sampling)
[2026-03-29T08:50:33.506] [INFO] [training:0]     - training_data_sf.bin            ratio=45.0%  pos=192,000
[2026-03-29T08:50:33.506] [INFO] [training:0]     - selfplay_gen11.bin              ratio=6.8%  pos=2,171
[2026-03-29T08:50:33.506] [INFO] [training:0]     - selfplay_gen10.bin              ratio=5.4%  pos=23,130
[2026-03-29T08:50:33.506] [INFO] [training:0]     - selfplay_gen9.bin               ratio=4.3%  pos=18,521
[2026-03-29T08:50:33.506] [INFO] [training:0]     - selfplay_gen8.bin               ratio=3.5%  pos=14,808
[2026-03-29T08:50:33.506] [INFO] [training:0]     - selfplay_gen7.bin               ratio=2.8%  pos=11,864
[2026-03-29T08:50:33.506] [INFO] [training:0]     - selfplay_gen6.bin               ratio=2.2%  pos=9,474
[2026-03-29T08:50:33.506] [INFO] [training:0]     - training_data_draws.bin         ratio=30.0%  pos=128,029
[2026-03-29T08:50:33.506] [INFO] [training:0] ============================================================
[2026-03-29T08:50:33.506] [INFO] [training:0]   Multi-dataset preload: ratios will be applied during epoch sampling.
[2026-03-29T08:50:33.506] [INFO] [training:0]   Loading 8 datasets sequentially...
[2026-03-29T08:50:33.506] [INFO] [training:0] Loading positions from C:\Users\chris\pyproj\my_env\Projects\ChessEngine\x64\Release\assets\training_data_sf.bin...
[2026-03-29T08:50:33.506] [INFO] [training:0]   Total positions: 29,687,570 � using offset-cache fast path (avoids reading 1415 MB into RAM)
[2026-03-29T08:50:33.506] [INFO] [training:0] Scanning C:\Users\chris\pyproj\my_env\Projects\ChessEngine\x64\Release\assets\training_data_sf.bin for position offsets...
[2026-03-29T08:50:33.528] [INFO] [training:0]   Cache stale or corrupt, rebuilding...
[2026-03-29T08:50:33.528] [INFO] [training:0]   Building offset index (first time, may take several minutes)...
[2026-03-29T08:50:33.528] [INFO] [training:0]   Total positions: 29,687,570 (header: versioned)
[2026-03-29T08:50:54.235] [INFO] [training:0]   Scan complete: 29,687,570 positions indexed.[K
[2026-03-29T08:50:55.780] [INFO] [training:0]   Saved offset cache: 226.5 MB (C:\Users\chris\pyproj\my_env\Projects\ChessEngine\x64\Release\assets\training_data_sf.bin.offidx)
[2026-03-29T08:50:57.936] [INFO] [training:0]   Sampled 192,000 from 29,687,570 positions (reservoir)
[2026-03-29T08:50:58.877] [INFO] [training:0]     Parsed 150,000/192,000 positions (230898 pos/s,
[2026-03-29T08:50:58.877] [INFO] [training:0]   Parsed 192,000 positions in 0.9s (211,997 pos/s)
[2026-03-29T08:50:58.877] [INFO] [training:0]   Vectorized HalfKAv2 conversion (192,000 positions)...
[2026-03-29T08:50:59.584] [INFO] [training:0]   HalfKAv2 conversion: 0.7s (271,404 pos/s)
[2026-03-29T08:50:59.619] [INFO] [training:0]   Converting to tensors...
[2026-03-29T08:50:59.619] [INFO] [training:0] Phase distribution: Opening=54,690, Middlegame=61,903, Endgame=67,123
[2026-03-29T08:50:59.621] [INFO] [training:0]   [training_data_sf.bin] loaded: 183,716 positions
[2026-03-29T08:50:59.737] [INFO] [training:0] Loading positions from C:\Users\chris\pyproj\my_env\Projects\ChessEngine\x64\Release\assets\selfplay_gen11.bin...
[2026-03-29T08:50:59.737] [INFO] [training:0]   Total positions: 2,171 (header: versioned)
[2026-03-29T08:50:59.743] [INFO] [training:0]   Parsed 2,137 positions in 0.0s (305,287 pos/s)          
[2026-03-29T08:50:59.744] [INFO] [training:0]   Filtered: 34 extreme-eval positions removed, 2,137 kept
[2026-03-29T08:50:59.865] [INFO] [training:0]   Vectorized HalfKAv2 conversion (2,137 positions)...
[2026-03-29T08:50:59.988] [INFO] [training:0]   HalfKAv2 conversion: 0.1s (17,332 pos/s)
[2026-03-29T08:50:59.988] [INFO] [training:0]   Converting to tensors...
[2026-03-29T08:50:59.988] [INFO] [training:0] Phase distribution: Opening=260, Middlegame=730, Endgame=1,147
[2026-03-29T08:50:59.988] [INFO] [training:0]   [selfplay_gen11.bin] loaded: 2,137 positions
[2026-03-29T08:51:00.107] [INFO] [training:0] Loading positions from C:\Users\chris\pyproj\my_env\Projects\ChessEngine\x64\Release\assets\selfplay_gen10.bin...
[2026-03-29T08:51:00.108] [INFO] [training:0]   Total positions: 92,355 � using offset-cache fast path (avoids reading 4 MB into RAM)
[2026-03-29T08:51:00.108] [INFO] [training:0] Scanning C:\Users\chris\pyproj\my_env\Projects\ChessEngine\x64\Release\assets\selfplay_gen10.bin for position offsets...
[2026-03-29T08:51:00.124] [INFO] [training:0]   Loaded cached index: 92,355 offsets (C:\Users\chris\pyproj\my_env\Projects\ChessEngine\x64\Release\assets\selfplay_gen10.bin.offidx)
[2026-03-29T08:51:00.126] [INFO] [training:0]   Sampled 23,130 from 92,355 positions (reservoir)
[2026-03-29T08:51:00.226] [INFO] [training:0]   Parsed 23,130 positions in 0.1s (234,600 pos/s)
[2026-03-29T08:51:00.226] [INFO] [training:0]   Vectorized HalfKAv2 conversion (23,130 positions)...
[2026-03-29T08:51:00.401] [INFO] [training:0]   HalfKAv2 conversion: 0.2s (131,773 pos/s)
[2026-03-29T08:51:00.404] [INFO] [training:0]   Converting to tensors...
[2026-03-29T08:51:00.404] [INFO] [training:0] Phase distribution: Opening=2,690, Middlegame=10,441, Endgame=9,327
[2026-03-29T08:51:00.405] [INFO] [training:0]   [selfplay_gen10.bin] loaded: 22,458 positions
[2026-03-29T08:51:00.535] [INFO] [training:0] Loading positions from C:\Users\chris\pyproj\my_env\Projects\ChessEngine\x64\Release\assets\selfplay_gen9.bin...
[2026-03-29T08:51:00.536] [INFO] [training:0]   Total positions: 132,776 � using offset-cache fast path (avoids reading 6 MB into RAM)
[2026-03-29T08:51:00.536] [INFO] [training:0] Scanning C:\Users\chris\pyproj\my_env\Projects\ChessEngine\x64\Release\assets\selfplay_gen9.bin for position offsets...
[2026-03-29T08:51:00.555] [INFO] [training:0]   Loaded cached index: 132,776 offsets (C:\Users\chris\pyproj\my_env\Projects\ChessEngine\x64\Release\assets\selfplay_gen9.bin.offidx)
[2026-03-29T08:51:00.558] [INFO] [training:0]   Sampled 18,521 from 132,776 positions (reservoir)
[2026-03-29T08:51:00.650] [INFO] [training:0]   Parsed 18,521 positions in 0.1s (200,901 pos/s)
[2026-03-29T08:51:00.650] [INFO] [training:0]   Vectorized HalfKAv2 conversion (18,521 positions)...
[2026-03-29T08:51:00.802] [INFO] [training:0]   HalfKAv2 conversion: 0.2s (122,200 pos/s)
[2026-03-29T08:51:00.805] [INFO] [training:0]   Converting to tensors...
[2026-03-29T08:51:00.805] [INFO] [training:0] Phase distribution: Opening=2,404, Middlegame=8,704, Endgame=6,863
[2026-03-29T08:51:00.805] [INFO] [training:0]   [selfplay_gen9.bin] loaded: 17,971 positions
[2026-03-29T08:51:00.928] [INFO] [training:0] Loading positions from C:\Users\chris\pyproj\my_env\Projects\ChessEngine\x64\Release\assets\selfplay_gen8.bin...
[2026-03-29T08:51:00.928] [INFO] [training:0]   Total positions: 68,276 � using offset-cache fast path (avoids reading 3 MB into RAM)
[2026-03-29T08:51:00.928] [INFO] [training:0] Scanning C:\Users\chris\pyproj\my_env\Projects\ChessEngine\x64\Release\assets\selfplay_gen8.bin for position offsets...
[2026-03-29T08:51:00.942] [INFO] [training:0]   Loaded cached index: 68,276 offsets (C:\Users\chris\pyproj\my_env\Projects\ChessEngine\x64\Release\assets\selfplay_gen8.bin.offidx)
[2026-03-29T08:51:00.943] [INFO] [training:0]   Sampled 14,808 from 68,276 positions (reservoir)
[2026-03-29T08:51:01.002] [INFO] [training:0]   Parsed 14,808 positions in 0.1s (259,433 pos/s)
[2026-03-29T08:51:01.002] [INFO] [training:0]   Vectorized HalfKAv2 conversion (14,808 positions)...
[2026-03-29T08:51:01.146] [INFO] [training:0]   HalfKAv2 conversion: 0.1s (102,759 pos/s)
[2026-03-29T08:51:01.148] [INFO] [training:0]   Converting to tensors...
[2026-03-29T08:51:01.148] [INFO] [training:0] Phase distribution: Opening=1,723, Middlegame=6,740, Endgame=5,903
[2026-03-29T08:51:01.148] [INFO] [training:0]   [selfplay_gen8.bin] loaded: 14,366 positions
[2026-03-29T08:51:01.262] [INFO] [training:0] Loading positions from C:\Users\chris\pyproj\my_env\Projects\ChessEngine\x64\Release\assets\selfplay_gen7.bin...
[2026-03-29T08:51:01.262] [INFO] [training:0]   Total positions: 68,956 � using offset-cache fast path (avoids reading 3 MB into RAM)
[2026-03-29T08:51:01.262] [INFO] [training:0] Scanning C:\Users\chris\pyproj\my_env\Projects\ChessEngine\x64\Release\assets\selfplay_gen7.bin for position offsets...
[2026-03-29T08:51:01.277] [INFO] [training:0]   Loaded cached index: 68,956 offsets (C:\Users\chris\pyproj\my_env\Projects\ChessEngine\x64\Release\assets\selfplay_gen7.bin.offidx)
[2026-03-29T08:51:01.279] [INFO] [training:0]   Sampled 11,864 from 68,956 positions (reservoir)
[2026-03-29T08:51:01.333] [INFO] [training:0]   Parsed 11,864 positions in 0.1s (219,701 pos/s)
[2026-03-29T08:51:01.333] [INFO] [training:0]   Vectorized HalfKAv2 conversion (11,864 positions)...
[2026-03-29T08:51:01.489] [INFO] [training:0]   HalfKAv2 conversion: 0.2s (76,041 pos/s)
[2026-03-29T08:51:01.491] [INFO] [training:0]   Converting to tensors...
[2026-03-29T08:51:01.492] [INFO] [training:0] Phase distribution: Opening=1,453, Middlegame=5,307, Endgame=4,736
[2026-03-29T08:51:01.492] [INFO] [training:0]   [selfplay_gen7.bin] loaded: 11,496 positions
[2026-03-29T08:51:01.622] [INFO] [training:0] Loading positions from C:\Users\chris\pyproj\my_env\Projects\ChessEngine\x64\Release\assets\selfplay_gen6.bin...
[2026-03-29T08:51:01.623] [INFO] [training:0]   Total positions: 72,623 � using offset-cache fast path (avoids reading 3 MB into RAM)
[2026-03-29T08:51:01.623] [INFO] [training:0] Scanning C:\Users\chris\pyproj\my_env\Projects\ChessEngine\x64\Release\assets\selfplay_gen6.bin for position offsets...
[2026-03-29T08:51:01.639] [INFO] [training:0]   Loaded cached index: 72,623 offsets (C:\Users\chris\pyproj\my_env\Projects\ChessEngine\x64\Release\assets\selfplay_gen6.bin.offidx)
[2026-03-29T08:51:01.640] [INFO] [training:0]   Sampled 9,474 from 72,623 positions (reservoir)
[2026-03-29T08:51:01.682] [INFO] [training:0]   Parsed 9,474 positions in 0.0s (233,363 pos/s)
[2026-03-29T08:51:01.682] [INFO] [training:0]   Vectorized HalfKAv2 conversion (9,474 positions)...
[2026-03-29T08:51:01.825] [INFO] [training:0]   HalfKAv2 conversion: 0.1s (65,739 pos/s)
[2026-03-29T08:51:01.827] [INFO] [training:0]   Converting to tensors...
[2026-03-29T08:51:01.827] [INFO] [training:0] Phase distribution: Opening=1,026, Middlegame=3,779, Endgame=4,393
[2026-03-29T08:51:01.828] [INFO] [training:0]   [selfplay_gen6.bin] loaded: 9,198 positions
[2026-03-29T08:51:01.944] [INFO] [training:0] Loading positions from C:\Users\chris\pyproj\my_env\Projects\ChessEngine\x64\Release\assets\training_data_draws.bin...
[2026-03-29T08:51:01.944] [INFO] [training:0]   Total positions: 35,143,613 � using offset-cache fast path (avoids reading 1675 MB into RAM)
[2026-03-29T08:51:01.945] [INFO] [training:0] Scanning C:\Users\chris\pyproj\my_env\Projects\ChessEngine\x64\Release\assets\training_data_draws.bin for position offsets...
[2026-03-29T08:51:03.372] [INFO] [training:0]   Loaded cached index: 35,143,613 offsets (C:\Users\chris\pyproj\my_env\Projects\ChessEngine\x64\Release\assets\training_data_draws.bin.offidx)
[2026-03-29T08:51:05.806] [INFO] [training:0]   Sampled 128,029 from 35,143,613 positions (reservoir)
[2026-03-29T08:51:15.689] [INFO] [training:0]     Parsed 100,000/128,029 positions (13576 pos/s,
[2026-03-29T08:51:15.689] [INFO] [training:0]   Parsed 128,029 positions in 9.8s (13,003 pos/s)
[2026-03-29T08:51:15.689] [INFO] [training:0]   Vectorized HalfKAv2 conversion (128,029 positions)...
[2026-03-29T08:51:16.291] [INFO] [training:0]   HalfKAv2 conversion: 0.6s (212,672 pos/s)
[2026-03-29T08:51:16.292] [INFO] [training:0]   Converting to tensors...
[2026-03-29T08:51:16.292] [INFO] [training:0] Phase distribution: Opening=42,604, Middlegame=35,187, Endgame=50,238
[2026-03-29T08:51:16.293] [INFO] [training:0]   [training_data_draws.bin] loaded: 128,029 positions
[2026-03-29T08:51:16.538] [INFO] [training:0]   Train positions: 350,434
[2026-03-29T08:51:16.538] [INFO] [training:0]   Val positions:   38,937
[2026-03-29T08:51:16.856] [INFO] [training:0]   Phase-balanced samples: 404,430 (from 350,434 train)
[2026-03-29T08:55:41.717] [INFO] [training:0]   Ep 1 | Batch 172/172 (100%) | Loss: 0.198182
[2026-03-29T08:56:17.676] [INFO] [training:0] ----------------------------------------------------------------------
[2026-03-29T08:56:17.676] [INFO] [training:0]   Epoch    1/4 | Train: 0.198182 (rebalanced) | Val: 0.338181 * | LR: 0.000043 | Acc: 0.6178
[2026-03-29T08:56:17.677] [METRIC] [training:12] EPOCH epoch=1 train_loss=0.19818200 val_loss=0.33818100 lr=4.300000e-05 acc=0.6178
[2026-03-29T08:56:17.677] [INFO] [training:0]   Time: 4m24s | Elapsed: 4m25s | 1,330 pos/s
[2026-03-29T08:56:17.677] [INFO] [training:0]   Phase loss -> Opening: 0.349987  Middlegame: 0.340118  Endgame: 0.327959
[2026-03-29T08:56:18.998] [INFO] [training:0] Weights saved to C:\Users\chris\pyproj\my_env\Projects\ChessEngine\x64\Release\assets\nnue_weights.bin
[2026-03-29T08:56:21.250] [INFO] [training:0] Checkpoint saved to C:\Users\chris\pyproj\my_env\Projects\ChessEngine\x64\Release\assets\nnue_weights_checkpoint.pt
[2026-03-29T09:00:08.499] [INFO] [training:0]   Ep 2 | Batch 172/172 (100%) | Loss: 0.185887
[2026-03-29T09:00:35.597] [INFO] [training:0] ----------------------------------------------------------------------
[2026-03-29T09:00:35.597] [INFO] [training:0]   Epoch    2/4 | Train: 0.185887 (rebalanced) | Val: 0.337188 * | LR: 0.000086 | Acc: 0.5882
[2026-03-29T09:00:35.598] [METRIC] [training:12] EPOCH epoch=2 train_loss=0.18588700 val_loss=0.33718800 lr=8.600000e-05 acc=0.5882
[2026-03-29T09:00:35.598] [INFO] [training:0]   Time: 3m47s | Elapsed: 8m51s | 1,550 pos/s
[2026-03-29T09:00:35.598] [INFO] [training:0]   Phase loss -> Opening: 0.350632  Middlegame: 0.338425  Endgame: 0.326412
[2026-03-29T09:00:37.192] [INFO] [training:0] Weights saved to C:\Users\chris\pyproj\my_env\Projects\ChessEngine\x64\Release\assets\nnue_weights.bin
[2026-03-29T09:00:39.757] [INFO] [training:0] Checkpoint saved to C:\Users\chris\pyproj\my_env\Projects\ChessEngine\x64\Release\assets\nnue_weights_checkpoint.pt
[2026-03-29T09:04:40.677] [INFO] [training:0]   Ep 3 | Batch 172/172 (100%) | Loss: 0.177718
[2026-03-29T09:05:08.948] [INFO] [training:0] ----------------------------------------------------------------------
[2026-03-29T09:05:08.948] [INFO] [training:0]   Epoch    3/4 | Train: 0.177718 (rebalanced) | Val: 0.336826 * | LR: 0.000055 | Acc: 0.5932
[2026-03-29T09:05:08.949] [METRIC] [training:12] EPOCH epoch=3 train_loss=0.17771800 val_loss=0.33682600 lr=5.500000e-05 acc=0.5932
[2026-03-29T09:05:08.949] [INFO] [training:0]   Time: 4m00s | Elapsed: 13m24s | 1,462 pos/s [SWA]
[2026-03-29T09:05:08.949] [INFO] [training:0]   Phase loss -> Opening: 0.348535  Middlegame: 0.336524  Endgame: 0.328668
[2026-03-29T09:05:10.572] [INFO] [training:0] Weights saved to C:\Users\chris\pyproj\my_env\Projects\ChessEngine\x64\Release\assets\nnue_weights.bin
[2026-03-29T09:05:13.938] [INFO] [training:0] Checkpoint saved to C:\Users\chris\pyproj\my_env\Projects\ChessEngine\x64\Release\assets\nnue_weights_checkpoint.pt
[2026-03-29T09:09:24.974] [INFO] [training:0]   Ep 4 | Batch 172/172 (100%) | Loss: 0.174575
[2026-03-29T09:09:52.166] [INFO] [training:0] ----------------------------------------------------------------------
[2026-03-29T09:09:52.166] [INFO] [training:0]   Epoch    4/4 | Train: 0.174575 (rebalanced) | Val: 0.336229 * | LR: 0.000010 | Acc: 0.5958
[2026-03-29T09:09:52.166] [METRIC] [training:12] EPOCH epoch=4 train_loss=0.17457500 val_loss=0.33622900 lr=1.000000e-05 acc=0.5958
[2026-03-29T09:09:52.166] [INFO] [training:0]   Time: 4m11s | Elapsed: 18m08s | 1,403 pos/s [SWA]
[2026-03-29T09:09:52.166] [INFO] [training:0]   Phase loss -> Opening: 0.347846  Middlegame: 0.335458  Endgame: 0.328554
[2026-03-29T09:09:53.520] [INFO] [training:0] Weights saved to C:\Users\chris\pyproj\my_env\Projects\ChessEngine\x64\Release\assets\nnue_weights.bin
[2026-03-29T09:09:55.973] [INFO] [training:0] Checkpoint saved to C:\Users\chris\pyproj\my_env\Projects\ChessEngine\x64\Release\assets\nnue_weights_checkpoint.pt
[2026-03-29T09:09:55.973] [INFO] [training:0] Applying SWA averaged weights (2 snapshots)...
[2026-03-29T09:09:56.012] [INFO] [training:0]   SWA: Applied averaged weights (2 snapshots)
[2026-03-29T09:09:57.847] [INFO] [training:0] Weights saved to C:\Users\chris\pyproj\my_env\Projects\ChessEngine\x64\Release\assets\nnue_weights_swa.bin
[2026-03-29T09:09:57.847] [INFO] [training:0]   SWA weights saved to C:\Users\chris\pyproj\my_env\Projects\ChessEngine\x64\Release\assets\nnue_weights_swa.bin
[2026-03-29T09:09:57.848] [INFO] [training:0]   Best validation weights remain at C:\Users\chris\pyproj\my_env\Projects\ChessEngine\x64\Release\assets\nnue_weights.bin
[2026-03-29T09:09:57.848] [INFO] [training:0] ============================================================
[2026-03-29T09:09:57.848] [INFO] [training:0] Training complete!
[2026-03-29T09:09:57.848] [INFO] [training:0]   Total time:  18m41s
[2026-03-29T09:09:57.848] [INFO] [training:0]   Best loss:   0.336229
[2026-03-29T09:09:57.848] [INFO] [training:0]   Weights:     C:\Users\chris\pyproj\my_env\Projects\ChessEngine\x64\Release\assets\nnue_weights.bin
[2026-03-29T09:09:57.848] [INFO] [training:0]   SWA applied: Yes (2 snapshots averaged)
[2026-03-29T09:09:57.848] [INFO] [training:0] ============================================================
[2026-03-29T09:10:00.775] [INFO] [training:0] Progress graph saved to .\training progress\training_progress.png
[2026-03-29T09:10:02.478] [EVENT] [training:12] PHASE_END success=true elapsed_sec=1182.0
[2026-03-29T09:10:02.557] [INFO] [training:0]   SWA weights archived to nnue_weights_swa_gen12.bin
[2026-03-29T09:10:02.559] [EVENT] [swa_match:12] PHASE_START games=100
[2026-03-29T09:10:02.560] [INFO] [swa_match:0] [SWA] Running best-of-two: Best-Val vs SWA (100 games)
[2026-03-29T09:10:02.560] [CMD] [swa_match:0] [CMD] py -3 "C:\Users\chris\pyproj\my_env\Projects\ChessEngine\x64\Release\assets\swa_match.py" "C:\Users\chris\pyproj\my_env\Projects\ChessEngine\x64\Release\ChessEngine.exe" "C:\Users\chris\pyproj\my_env\Projects\ChessEngine\x64\Release\assets\nnue_weights_swa_gen12.bin" "C:\Users\chris\pyproj\my_env\Projects\ChessEngine\x64\Release\assets\nnue_weights_gen12.bin" 100 8
[2026-03-29T09:10:17.387] [INFO] [swa_match:0] [SWA] 10/100: +2 =7 -1
[2026-03-29T09:10:31.544] [INFO] [swa_match:0] [SWA] 20/100: +5 =12 -3
[2026-03-29T09:10:45.528] [INFO] [swa_match:0] [SWA] 30/100: +8 =16 -6
[2026-03-29T09:10:59.862] [INFO] [swa_match:0] [SWA] 40/100: +11 =20 -9
[2026-03-29T09:11:13.788] [INFO] [swa_match:0] [SWA] 50/100: +13 =26 -11
[2026-03-29T09:11:27.746] [INFO] [swa_match:0] [SWA] 60/100: +15 =33 -12
[2026-03-29T09:11:40.934] [INFO] [swa_match:0] [SWA] 70/100: +18 =38 -14
[2026-03-29T09:11:54.585] [INFO] [swa_match:0] [SWA] 80/100: +21 =42 -17
[2026-03-29T09:12:08.418] [INFO] [swa_match:0] [SWA] 90/100: +24 =46 -20
[2026-03-29T09:12:21.499] [INFO] [swa_match:0] [SWA] 100/100: +26 =52 -22
[2026-03-29T09:12:21.499] [INFO] [swa_match:0] [SWA] Final: +26 =52 -22 SWA_ELO: 13
[2026-03-29T09:12:21.518] [EVENT] [swa_match:12] PHASE_END success=true elapsed_sec=138.0
[2026-03-29T09:12:21.518] [METRIC] [swa:12] ELO_RESULT elo=+13 wins=0 draws=0 losses=0
[2026-03-29T09:12:21.518] [INFO] [swa_match:0] [SWA] SWA wins by +13 ELO — promoting SWA weights for gen 12
[2026-03-29T09:12:21.568] [EVENT] [pipeline:12] GEN_SUMMARY gen=12 train_loss=0.17457500 val_loss=0.33622900 elo=+0 elapsed_sec=15059.0
[2026-03-29T09:12:22.738] [INFO] [swa_match:1] --- Generation 13 ---
[2026-03-29T09:12:22.740] [EVENT] [selfplay:13] PHASE_START games=2500 depth=8 workers=12
[2026-03-29T09:12:22.740] [CMD] [selfplay:1] [CMD] "C:\Users\chris\pyproj\my_env\Projects\ChessEngine\x64\Release\ChessEngine.exe" --generate --games 2500 --depth 8 --mixed-depth-ratio 0.400000 --mixed-depth-low 4 --depth-shuffle --depth-shuffle-bias 2.0 --workers 12 --output "C:\Users\chris\pyproj\my_env\Projects\ChessEngine\x64\Release\assets\selfplay_gen13.bin" --weights "C:\Users\chris\pyproj\my_env\Projects\ChessEngine\x64\Release\assets\nnue_weights_gen12.bin" --openings "C:\Users\chris\pyproj\my_env\Projects\ChessEngine\x64\Release\assets\openings.txt" --game-time-limit 720 --resign-cp 500 --contempt 20 --maxplies 250 --draw-cp 0 --resign-count 4 --draw-count 8 --draw-min-ply 50 --draw-adj-moves 10 --draw-adj-threshold 6 --draw-adj-min-move 60 --opening-plies 6 --opening-temp 2.0 --softmax-plies 12 --softmax-temp 0.7 --root-noise 0.05 --record-min-ply 14 --record-max-eval 2000
[2026-03-29T09:12:23.308] [INFO] [selfplay:1] [SelfPlay] Loaded 2000 opening positions from C:\Users\chris\pyproj\my_env\Projects\ChessEngine\x64\Release\assets\openings.txt
[2026-03-29T09:12:23.308] [INFO] [selfplay:1] [SelfPlay] Starting 2500 games  depth=8  movetime=0ms  workers=12  output=C:\Users\chris\pyproj\my_env\Projects\ChessEngine\x64\Release\assets\selfplay_gen13.bin  openings=2000  contempt=20  openingTemp=2  softmaxPlies=12  softmaxTemp=0.7  rootNoise=0.05  recordMinPly=14  depthShuffle=[d4..d7] bias=2 (40% shuffled)
[2026-03-29T09:12:27.264] [INFO] [selfplay:1] [SelfPlay] 1/2500 (0%)  pos=1  W/D/B=1/0/0  (100%/0%/0%)  d4~d7  1.0 games/s (avg 1.0)  60.1K nps  ETA 00:40:35        
[2026-03-29T09:12:44.281] [INFO] [selfplay:1] [SelfPlay] 2/2500 (0%)  pos=80  W/D/B=1/0/1  (50%/0%/50%)  d4~d7  0.9 games/s (avg 0.5)  78.7K nps  ETA 01:22:03       
[2026-03-29T09:12:48.257] [INFO] [selfplay:1] [SelfPlay] 3/2500 (0%)  pos=184  W/D/B=1/0/2  (33%/0%/66%)  d4~d7  0.9 games/s (avg 0.1)  366.6K nps  ETA 04:50:52     
[2026-03-29T09:12:52.076] [INFO] [selfplay:1] [SelfPlay] 4/2500 (0%)  pos=247  W/D/B=1/1/2  (25%/25%/50%)  d4~d7  0.8 games/s (avg 0.2)  373.7K nps  ETA 04:19:24    
[2026-03-29T09:12:54.827] [INFO] [selfplay:1] [SelfPlay] 5/2500 (0%)  pos=308  W/D/B=1/1/3  (20%/20%/60%)  d4~d7  0.7 games/s (avg 0.2)  400.7K nps  ETA 03:59:12    
[2026-03-29T09:12:56.991] [INFO] [selfplay:1] [SelfPlay] 6/2500 (0%)  pos=320  W/D/B=2/1/3  (33%/16%/50%)  d4~d7  0.6 games/s (avg 0.2)  370.2K nps  ETA 03:38:19    
[2026-03-29T09:13:00.092] [INFO] [selfplay:1] [SelfPlay] 7/2500 (0%)  pos=426  W/D/B=2/1/4  (28%/14%/57%)  d4~d7  0.6 games/s (avg 0.2)  447.1K nps  ETA 03:19:52    
[2026-03-29T09:13:02.264] [INFO] [selfplay:1] [SelfPlay] 8/2500 (0%)  pos=442  W/D/B=2/1/5  (25%/12%/62%)  d4~d7  0.6 games/s (avg 0.2)  414.4K nps  ETA 03:10:56    
[2026-03-29T09:13:11.540] [INFO] [selfplay:1] [SelfPlay] 9/2500 (0%)  pos=503  W/D/B=2/1/6  (22%/11%/66%)  d4~d7  0.6 games/s (avg 0.2)  395.9K nps  ETA 02:59:32    
[2026-03-29T09:13:12.018] [INFO] [selfplay:1] [SelfPlay] 10/2500 (0%)  pos=593  W/D/B=2/1/7  (20%/10%/70%)  d4~d7  0.5 games/s (avg 0.2)  370.2K nps  ETA 03:20:09   
[2026-03-29T09:13:12.540] [INFO] [selfplay:1] [SelfPlay] 11/2500 (0%)  pos=673  W/D/B=3/1/7  (27%/9%/63%)  d4~d7  0.7 games/s (avg 0.2)  452.8K nps  ETA 03:03:40    
[2026-03-29T09:13:15.283] [INFO] [selfplay:1] [SelfPlay] 12/2500 (0%)  pos=696  W/D/B=4/1/7  (33%/8%/58%)  d4~d7  0.9 games/s (avg 0.2)  530.5K nps  ETA 02:50:05    
[2026-03-29T09:13:20.493] [INFO] [selfplay:1] [SelfPlay] 13/2500 (0%)  pos=797  W/D/B=5/1/7  (38%/7%/53%)  d4~d7  0.8 games/s (avg 0.3)  495.9K nps  ETA 02:45:37    
[2026-03-29T09:13:24.107] [INFO] [selfplay:1] [SelfPlay] 14/2500 (0%)  pos=805  W/D/B=5/1/8  (35%/7%/57%)  d4~d7  0.7 games/s (avg 0.2)  462.8K nps  ETA 02:49:11    
[2026-03-29T09:13:24.257] [INFO] [selfplay:1] [SelfPlay] 15/2500 (0%)  pos=891  W/D/B=5/1/9  (33%/6%/60%)  d4~d7  0.7 games/s (avg 0.2)  454.1K nps  ETA 02:47:52    
[2026-03-29T09:13:25.080] [INFO] [selfplay:1] [SelfPlay] 16/2500 (0%)  pos=946  W/D/B=5/1/10  (31%/6%/62%)  d4~d7  1.6 games/s (avg 0.3)  532.6K nps  ETA 02:37:41   
[2026-03-29T09:13:28.872] [INFO] [selfplay:1] [SelfPlay] 17/2500 (0%)  pos=1022  W/D/B=6/1/10  (35%/5%/58%)  d4~d7  1.5 games/s (avg 0.3)  536.4K nps  ETA 02:30:18  
[2026-03-29T09:13:36.821] [INFO] [selfplay:1] [SelfPlay] 18/2500 (0%)  pos=1258  W/D/B=6/2/10  (33%/11%/55%)  d4~d7  1.3 games/s (avg 0.3)  501.5K nps  ETA 02:30:32 
[2026-03-29T09:13:46.469] [INFO] [selfplay:1] [SelfPlay] 19/2500 (0%)  pos=1494  W/D/B=6/3/10  (31%/15%/52%)  d4~d7  1.2 games/s (avg 0.3)  518.3K nps  ETA 02:39:49 
[2026-03-29T09:13:46.959] [INFO] [selfplay:1] [SelfPlay] 20/2500 (0%)  pos=1620  W/D/B=6/3/11  (30%/15%/55%)  d4~d7  1.1 games/s (avg 0.2)  522.8K nps  ETA 02:51:51 
[2026-03-29T09:13:54.843] [INFO] [selfplay:1] [SelfPlay] 21/2500 (0%)  pos=1752  W/D/B=7/3/11  (33%/14%/52%)  d4~d7  1.3 games/s (avg 0.3)  588.7K nps  ETA 02:44:26 
[2026-03-29T09:13:55.914] [INFO] [selfplay:1] [SelfPlay] 22/2500 (0%)  pos=1815  W/D/B=7/3/12  (31%/13%/54%)  d4~d7  1.2 games/s (avg 0.2)  675.3K nps  ETA 02:51:49 
[2026-03-29T09:14:08.222] [INFO] [selfplay:1] [SelfPlay] 23/2500 (0%)  pos=1830  W/D/B=8/3/12  (34%/13%/52%)  d4~d7  1.1 games/s (avg 0.2)  672.0K nps  ETA 02:46:01 
[2026-03-29T09:14:09.923] [INFO] [selfplay:1] [SelfPlay] 24/2500 (0%)  pos=1953  W/D/B=9/3/12  (37%/12%/50%)  d4~d7  1.1 games/s (avg 0.2)  726.3K nps  ETA 03:00:21 
[2026-03-29T09:14:11.646] [INFO] [selfplay:1] [SelfPlay] 25/2500 (1%)  pos=2078  W/D/B=10/3/12  (40%/12%/48%)  d4~d7  1.0 games/s (avg 0.2)  814.0K nps  ETA 02:55:52
[2026-03-29T09:14:13.098] [INFO] [selfplay:1] [SelfPlay] 26/2500 (1%)  pos=2303  W/D/B=10/4/12  (38%/15%/46%)  d4~d7  0.9 games/s (avg 0.2)  820.6K nps  ETA 02:51:47
[2026-03-29T09:14:15.325] [INFO] [selfplay:1] [SelfPlay] 27/2500 (1%)  pos=2417  W/D/B=10/4/13  (37%/14%/48%)  d4~d7  0.9 games/s (avg 0.2)  873.8K nps  ETA 02:47:32
[2026-03-29T09:14:24.945] [INFO] [selfplay:1] [SelfPlay] 28/2500 (1%)  pos=2452  W/D/B=10/4/14  (35%/14%/50%)  d4~d7  0.8 games/s (avg 0.2)  897.4K nps  ETA 02:44:40
[2026-03-29T09:14:26.749] [INFO] [selfplay:1] [SelfPlay] 29/2500 (1%)  pos=2570  W/D/B=11/4/14  (37%/13%/48%)  d4~d7  0.7 games/s (avg 0.2)  873.1K nps  ETA 02:52:42
[2026-03-29T09:14:28.038] [INFO] [selfplay:1] [SelfPlay] 30/2500 (1%)  pos=2647  W/D/B=11/4/15  (36%/13%/50%)  d4~d7  0.7 games/s (avg 0.2)  939.4K nps  ETA 02:49:22
[2026-03-29T09:14:40.571] [INFO] [selfplay:1] [SelfPlay] 31/2500 (1%)  pos=2762  W/D/B=11/4/16  (35%/12%/51%)  d4~d7  0.7 games/s (avg 0.2)  926.2K nps  ETA 02:45:21
[2026-03-29T09:14:41.690] [INFO] [selfplay:1] [SelfPlay] 32/2500 (1%)  pos=2800  W/D/B=11/4/17  (34%/12%/53%)  d4~d7  0.6 games/s (avg 0.2)  802.0K nps  ETA 02:56:25
[2026-03-29T09:14:45.744] [INFO] [selfplay:1] [SelfPlay] 33/2500 (1%)  pos=2921  W/D/B=11/4/18  (33%/12%/54%)  d4~d7  0.7 games/s (avg 0.2)  816.9K nps  ETA 02:52:21
[2026-03-29T09:14:55.884] [INFO] [selfplay:1] [SelfPlay] 34/2500 (1%)  pos=2966  W/D/B=11/4/19  (32%/11%/55%)  d4~d7  0.6 games/s (avg 0.2)  791.8K nps  ETA 02:52:00
[2026-03-29T09:14:58.136] [INFO] [selfplay:1] [SelfPlay] 35/2500 (1%)  pos=2998  W/D/B=11/4/20  (31%/11%/57%)  d4~d7  0.5 games/s (avg 0.2)  735.2K nps  ETA 02:59:03
[2026-03-29T09:14:58.317] [INFO] [selfplay:1] [SelfPlay] 36/2500 (1%)  pos=3067  W/D/B=12/4/20  (33%/11%/55%)  d4~d7  0.5 games/s (avg 0.2)  729.2K nps  ETA 02:56:36
[2026-03-29T09:15:00.317] [INFO] [selfplay:1] [SelfPlay] 37/2500 (1%)  pos=3132  W/D/B=12/4/21  (32%/10%/56%)  d4~d7  1.3 games/s (avg 0.2)  752.7K nps  ETA 02:51:56
[2026-03-29T09:15:05.879] [INFO] [selfplay:1] [SelfPlay] 38/2500 (1%)  pos=3146  W/D/B=12/4/22  (31%/10%/57%)  d4~d7  1.1 games/s (avg 0.2)  739.6K nps  ETA 02:49:27
[2026-03-29T09:15:08.853] [INFO] [selfplay:1] [SelfPlay] 39/2500 (1%)  pos=3214  W/D/B=13/4/22  (33%/10%/56%)  d4~d7  1.0 games/s (avg 0.2)  714.0K nps  ETA 02:50:55
[2026-03-29T09:15:18.733] [INFO] [selfplay:1] [SelfPlay] 40/2500 (1%)  pos=3252  W/D/B=13/4/23  (32%/10%/57%)  d4~d7  0.9 games/s (avg 0.2)  747.9K nps  ETA 02:49:30
[2026-03-29T09:15:21.293] [INFO] [selfplay:1] [SelfPlay] 41/2500 (1%)  pos=3304  W/D/B=14/4/23  (34%/9%/56%)  d4~d7  0.8 games/s (avg 0.2)  736.3K nps  ETA 02:55:19 
[2026-03-29T09:15:27.105] [INFO] [selfplay:1] [SelfPlay] 42/2500 (1%)  pos=3370  W/D/B=15/4/23  (35%/9%/54%)  d4~d7  0.7 games/s (avg 0.2)  752.5K nps  ETA 02:53:30 
[2026-03-29T09:15:33.851] [INFO] [selfplay:1] [SelfPlay] 43/2500 (1%)  pos=3470  W/D/B=15/4/24  (34%/9%/55%)  d4~d7  0.6 games/s (avg 0.2)  759.9K nps  ETA 02:54:55 
[2026-03-29T09:15:40.691] [INFO] [selfplay:1] [SelfPlay] 44/2500 (1%)  pos=3562  W/D/B=15/5/24  (34%/11%/54%)  d4~d7  0.6 games/s (avg 0.2)  746.6K nps  ETA 02:57:08
[2026-03-29T09:15:46.694] [INFO] [selfplay:1] [SelfPlay] 45/2500 (1%)  pos=3676  W/D/B=15/6/24  (33%/13%/53%)  d4~d7  0.5 games/s (avg 0.2)  715.0K nps  ETA 02:59:22
[2026-03-29T09:15:51.653] [INFO] [selfplay:1] [SelfPlay] 46/2500 (1%)  pos=3739  W/D/B=15/6/25  (32%/13%/54%)  d4~d7  0.5 games/s (avg 0.2)  722.7K nps  ETA 03:00:45
[2026-03-29T09:15:56.028] [INFO] [selfplay:1] [SelfPlay] 47/2500 (1%)  pos=3821  W/D/B=16/6/25  (34%/12%/53%)  d4~d7  0.4 games/s (avg 0.2)  718.9K nps  ETA 03:01:09
[2026-03-29T09:15:59.275] [INFO] [selfplay:1] [SelfPlay] 48/2500 (1%)  pos=3875  W/D/B=16/6/26  (33%/12%/54%)  d4~d7  0.4 games/s (avg 0.2)  720.5K nps  ETA 03:01:03
[2026-03-29T09:16:00.760] [INFO] [selfplay:1] [SelfPlay] 49/2500 (1%)  pos=3991  W/D/B=17/6/26  (34%/12%/53%)  d4~d7  0.4 games/s (avg 0.2)  757.1K nps  ETA 03:00:00
[2026-03-29T09:16:03.060] [INFO] [selfplay:1] [SelfPlay] 50/2500 (2%)  pos=4070  W/D/B=17/6/27  (34%/12%/54%)  d4~d7  0.4 games/s (avg 0.2)  755.8K nps  ETA 02:57:33
[2026-03-29T09:16:13.462] [INFO] [selfplay:1] [SelfPlay] 51/2500 (2%)  pos=4133  W/D/B=18/6/27  (35%/11%/52%)  d4~d7  0.4 games/s (avg 0.2)  760.4K nps  ETA 02:55:41
[2026-03-29T09:16:22.792] [INFO] [selfplay:1] [SelfPlay] 52/2500 (2%)  pos=4255  W/D/B=18/6/28  (34%/11%/53%)  d4~d7  0.4 games/s (avg 0.2)  722.2K nps  ETA 03:00:25
[2026-03-29T09:16:27.008] [INFO] [selfplay:1] [SelfPlay] 53/2500 (2%)  pos=4351  W/D/B=18/6/29  (33%/11%/54%)  d4~d7  0.3 games/s (avg 0.2)  730.4K nps  ETA 03:04:12
[2026-03-29T09:16:28.041] [INFO] [selfplay:1] [SelfPlay] 54/2500 (2%)  pos=4372  W/D/B=18/6/30  (33%/11%/55%)  d4~d7  0.3 games/s (avg 0.2)  722.0K nps  ETA 03:03:57
[2026-03-29T09:16:30.899] [INFO] [selfplay:1] [SelfPlay] 55/2500 (2%)  pos=4486  W/D/B=18/6/31  (32%/10%/56%)  d4~d7  0.4 games/s (avg 0.2)  739.2K nps  ETA 03:01:16
[2026-03-29T09:16:38.631] [INFO] [selfplay:1] [SelfPlay] 56/2500 (2%)  pos=4535  W/D/B=19/6/31  (33%/10%/55%)  d4~d7  0.4 games/s (avg 0.2)  730.8K nps  ETA 02:59:57
[2026-03-29T09:16:38.793] [INFO] [selfplay:1] [SelfPlay] 57/2500 (2%)  pos=4632  W/D/B=20/6/31  (35%/10%/54%)  d4~d7  0.4 games/s (avg 0.2)  732.8K nps  ETA 03:02:23
[2026-03-29T09:16:44.176] [INFO] [selfplay:1] [SelfPlay] 58/2500 (2%)  pos=4685  W/D/B=20/6/32  (34%/10%/55%)  d4~d7  1.2 games/s (avg 0.2)  734.5K nps  ETA 02:59:11
[2026-03-29T09:16:44.380] [INFO] [selfplay:1] [SelfPlay] 59/2500 (2%)  pos=4733  W/D/B=20/7/32  (33%/11%/54%)  d4~d7  1.1 games/s (avg 0.2)  717.3K nps  ETA 02:59:51
[2026-03-29T09:16:47.669] [INFO] [selfplay:1] [SelfPlay] 60/2500 (2%)  pos=4799  W/D/B=20/7/33  (33%/11%/55%)  d4~d7  1.7 games/s (avg 0.2)  728.2K nps  ETA 02:56:53
[2026-03-29T09:17:11.444] [INFO] [selfplay:1] [SelfPlay] 61/2500 (2%)  pos=4895  W/D/B=21/7/33  (34%/11%/54%)  d4~d7  1.5 games/s (avg 0.2)  739.0K nps  ETA 02:55:46
[2026-03-29T09:17:13.636] [INFO] [selfplay:1] [SelfPlay] 62/2500 (2%)  pos=4995  W/D/B=22/7/33  (35%/11%/53%)  d4~d7  1.3 games/s (avg 0.2)  768.5K nps  ETA 03:08:48
[2026-03-29T09:17:15.728] [INFO] [selfplay:1] [SelfPlay] 63/2500 (2%)  pos=5089  W/D/B=23/7/33  (36%/11%/52%)  d4~d7  1.2 games/s (avg 0.2)  777.5K nps  ETA 03:07:08
[2026-03-29T09:17:24.112] [INFO] [selfplay:1] [SelfPlay] 64/2500 (2%)  pos=5145  W/D/B=24/7/33  (37%/10%/51%)  d4~d7  1.1 games/s (avg 0.2)  790.6K nps  ETA 03:05:22
[2026-03-29T09:17:25.587] [INFO] [selfplay:1] [SelfPlay] 65/2500 (2%)  pos=5227  W/D/B=25/7/33  (38%/10%/50%)  d4~d7  1.0 games/s (avg 0.2)  773.4K nps  ETA 03:07:46
[2026-03-29T09:17:36.976] [INFO] [selfplay:1] [SelfPlay] 66/2500 (2%)  pos=5324  W/D/B=25/7/34  (37%/10%/51%)  d4~d7  0.9 games/s (avg 0.2)  794.6K nps  ETA 03:05:36
[2026-03-29T09:17:37.343] [INFO] [selfplay:1] [SelfPlay] 67/2500 (2%)  pos=5349  W/D/B=25/7/35  (37%/10%/52%)  d4~d7  0.8 games/s (avg 0.2)  803.5K nps  ETA 03:09:49
[2026-03-29T09:17:43.618] [INFO] [selfplay:1] [SelfPlay] 68/2500 (2%)  pos=5352  W/D/B=26/7/35  (38%/10%/51%)  d4~d7  1.1 games/s (avg 0.2)  805.4K nps  ETA 03:07:05
[2026-03-29T09:17:46.530] [INFO] [selfplay:1] [SelfPlay] 69/2500 (2%)  pos=5470  W/D/B=27/7/35  (39%/10%/50%)  d4~d7  1.0 games/s (avg 0.2)  800.5K nps  ETA 03:08:02
[2026-03-29T09:17:46.954] [INFO] [selfplay:1] [SelfPlay] 70/2500 (2%)  pos=5587  W/D/B=27/7/36  (38%/10%/51%)  d4~d7  0.9 games/s (avg 0.2)  818.6K nps  ETA 03:07:00
[2026-03-29T09:17:51.564] [INFO] [selfplay:1] [SelfPlay] 71/2500 (2%)  pos=5694  W/D/B=27/7/37  (38%/9%/52%)  d4~d7  1.1 games/s (avg 0.2)  837.2K nps  ETA 03:04:27 
[2026-03-29T09:17:56.248] [INFO] [selfplay:1] [SelfPlay] 72/2500 (2%)  pos=5903  W/D/B=27/8/37  (37%/11%/51%)  d4~d7  1.0 games/s (avg 0.2)  826.0K nps  ETA 03:04:25
[2026-03-29T09:18:10.978] [INFO] [selfplay:1] [SelfPlay] 73/2500 (2%)  pos=5989  W/D/B=28/8/37  (38%/10%/50%)  d4~d7  0.9 games/s (avg 0.2)  820.1K nps  ETA 03:04:14
[2026-03-29T09:18:13.669] [INFO] [selfplay:1] [SelfPlay] 74/2500 (2%)  pos=6071  W/D/B=29/8/37  (39%/10%/50%)  d4~d7  0.8 games/s (avg 0.2)  853.4K nps  ETA 03:09:54
[2026-03-29T09:18:13.897] [INFO] [selfplay:1] [SelfPlay] 75/2500 (3%)  pos=6092  W/D/B=29/8/38  (38%/10%/50%)  d4~d7  0.7 games/s (avg 0.2)  848.4K nps  ETA 03:08:48
[2026-03-29T09:18:15.667] [INFO] [selfplay:1] [SelfPlay] 76/2500 (3%)  pos=6175  W/D/B=30/8/38  (39%/10%/50%)  d4~d7  1.3 games/s (avg 0.2)  862.2K nps  ETA 03:06:19
[2026-03-29T09:18:16.962] [INFO] [selfplay:1] [SelfPlay] 77/2500 (3%)  pos=6275  W/D/B=30/8/39  (38%/10%/50%)  d4~d7  1.2 games/s (avg 0.2)  880.2K nps  ETA 03:04:46
[2026-03-29T09:18:20.420] [INFO] [selfplay:1] [SelfPlay] 78/2500 (3%)  pos=6410  W/D/B=30/8/40  (38%/10%/51%)  d4~d7  1.1 games/s (avg 0.2)  896.5K nps  ETA 03:02:57
[2026-03-29T09:18:23.277] [INFO] [selfplay:1] [SelfPlay] 79/2500 (3%)  pos=6491  W/D/B=31/8/40  (39%/10%/50%)  d4~d7  1.0 games/s (avg 0.2)  893.2K nps  ETA 03:02:21
[2026-03-29T09:18:24.075] [INFO] [selfplay:1] [SelfPlay] 80/2500 (3%)  pos=6665  W/D/B=32/8/40  (40%/10%/50%)  d4~d7  0.9 games/s (avg 0.2)  886.2K nps  ETA 03:01:28
[2026-03-29T09:18:25.615] [INFO] [selfplay:1] [SelfPlay] 81/2500 (3%)  pos=6751  W/D/B=32/8/41  (39%/9%/50%)  d4~d7  0.9 games/s (avg 0.2)  886.8K nps  ETA 02:59:32 
[2026-03-29T09:18:28.686] [INFO] [selfplay:1] [SelfPlay] 82/2500 (3%)  pos=6863  W/D/B=33/8/41  (40%/9%/50%)  d4~d7  0.9 games/s (avg 0.2)  884.2K nps  ETA 02:58:00 
[2026-03-29T09:18:30.952] [INFO] [selfplay:1] [SelfPlay] 83/2500 (3%)  pos=6934  W/D/B=33/8/42  (39%/9%/50%)  d4~d7  0.8 games/s (avg 0.2)  883.4K nps  ETA 02:57:17 
[2026-03-29T09:18:41.036] [INFO] [selfplay:1] [SelfPlay] 84/2500 (3%)  pos=6979  W/D/B=33/8/43  (39%/9%/51%)  d4~d7  0.8 games/s (avg 0.2)  877.7K nps  ETA 02:56:04 
[2026-03-29T09:18:44.481] [INFO] [selfplay:1] [SelfPlay] 85/2500 (3%)  pos=7019  W/D/B=34/8/43  (40%/9%/50%)  d4~d7  0.7 games/s (avg 0.2)  855.7K nps  ETA 02:58:47 
[2026-03-29T09:18:46.913] [INFO] [selfplay:1] [SelfPlay] 86/2500 (3%)  pos=7052  W/D/B=35/8/43  (40%/9%/50%)  d4~d7  0.6 games/s (avg 0.2)  862.1K nps  ETA 02:58:17 
[2026-03-29T09:18:47.554] [INFO] [selfplay:1] [SelfPlay] 87/2500 (3%)  pos=7103  W/D/B=35/8/44  (40%/9%/50%)  d4~d7  0.6 games/s (avg 0.2)  860.4K nps  ETA 02:57:18 
[2026-03-29T09:18:58.944] [INFO] [selfplay:1] [SelfPlay] 88/2500 (3%)  pos=7226  W/D/B=36/8/44  (40%/9%/50%)  d4~d7  0.7 games/s (avg 0.2)  863.1K nps  ETA 02:55:20 
[2026-03-29T09:19:01.590] [INFO] [selfplay:1] [Game] #95 W(resign) ply=85 eval=+2500 pos=68 d
[2026-03-29T09:19:01.590] [INFO] [selfplay:1] [INFO] Process terminated -- pipeline stopped by user.
[2026-03-29T09:19:01.590] [EVENT] [selfplay:13] PHASE_END success=false elapsed_sec=398.0
[2026-03-29T09:19:01.590] [ERROR] [selfplay:1] [ERR] Self-play failed gen 13
[2026-03-29T09:19:01.590] [INFO] [selfplay:1] === Pipeline stopped ===
[2026-03-29T09:19:01.590] [EVENT] [pipeline:0] PIPELINE_END stopped=true total_elapsed_sec=15459.0 completed_gens=1
# ── END OF LOG ── 2026-03-29T09:19:01.590
