# NNUE Training Runner - Structured Log
# Format: [TIMESTAMP] [LEVEL] [PHASE:GEN] message
# Structured events use KEY=VALUE pairs after the tag
# Levels: INFO, WARN, ERROR, EVENT, METRIC, CONFIG, CMD
# Generated: 2026-03-28T01:17:44.548
#
# â”€â”€ HOW TO READ THIS LOG â”€â”€
# Lines starting with [EVENT] mark pipeline milestones (start/stop/phase transitions)
# Lines starting with [METRIC] contain numeric training data points
# Lines starting with [ERROR] or [WARN] flag issues to investigate
# Lines starting with [CONFIG] dump the full configuration used
# Lines starting with [CMD] show exact command lines executed
# Lines starting with [INFO] are general informational messages
#
[2026-03-28T01:17:44.577] [INFO] [swa_match:0] [LOG] Writing structured log to: C:\Users\chris\pyproj\my_env\Projects\ChessEngine\x64\Release\assets\logs\training_run_20260328_011744.log
[2026-03-28T01:17:44.577] [EVENT] [pipeline:0] PIPELINE_START first_gen=4 last_gen=5 total_gens=2
[2026-03-28T01:17:44.577] [CONFIG] [pipeline:0] generations=2 startGen=3 gamesPerGen=500 epochsPerGen=8 batchSize=2048 lr=0.0004 weightDecay=0.0005 dropout=0.2 labelSmooth=0.01 gradAccum=4 warmupSteps=500 drawWeight=0.3 mateBoost=10 splRatio=0.15 frcMix=0 replayWindow=4 replayDecay=0.7 workers=12 depth=7 mixedDepthLow=0 mixedDepthRatio=0 maxPositions=100000 earlyStop=7 cosineLr=true cosineT0=0 swa=true swaStart=5 drawPct=0 wdlAlpha=0.3 wdlDrawElo=50 eloValidate=false eloGames=100 swaGames=100 overfitDetect=true resignCp=500 contemptCp=20 maxPlies=250 drawCp=0 exeName=ChessEngine.exe pyScript=train_nnue.py dataDir=assets
[2026-03-28T01:17:44.577] [INFO] [swa_match:0] --- Generation 4 ---
[2026-03-28T01:17:44.578] [EVENT] [selfplay:4] PHASE_START games=500 depth=7 workers=12
[2026-03-28T01:17:44.578] [CMD] [selfplay:0] [CMD] "C:\Users\chris\pyproj\my_env\Projects\ChessEngine\x64\Release\ChessEngine.exe" --generate --games 500 --depth 7 --workers 12 --output "C:\Users\chris\pyproj\my_env\Projects\ChessEngine\x64\Release\assets\selfplay_gen4.bin" --weights "C:\Users\chris\pyproj\my_env\Projects\ChessEngine\x64\Release\assets\nnue_weights_gen3.bin" --openings "C:\Users\chris\pyproj\my_env\Projects\ChessEngine\x64\Release\assets\openings.txt" --game-time-limit 480 --resigncp 500 --contempt 20 --maxplies 250 --drawcp 0
[2026-03-28T01:17:45.124] [INFO] [selfplay:0] [SelfPlay] Loaded 2000 opening positions from C:\Users\chris\pyproj\my_env\Projects\ChessEngine\x64\Release\assets\openings.txt
[2026-03-28T01:17:45.124] [INFO] [selfplay:0] [SelfPlay] Starting 500 games  depth=7  movetime=0ms  workers=12  output=C:\Users\chris\pyproj\my_env\Projects\ChessEngine\x64\Release\assets\selfplay_gen4.bin  openings=2000  contempt=20  openingTemp=1.5  softmaxPlies=8  softmaxTemp=0.5  recordMinPly=10
[2026-03-28T01:18:13.805] [INFO] [selfplay:0] [SelfPlay] 1/500 (0%)  pos=57  W/D/B=1/0/0  (100%/0%/0%)  d7  0.0 games/s (avg 0.0)  51.9K nps  ETA 03:09:45           
[2026-03-28T01:18:13.874] [INFO] [selfplay:0] [SelfPlay] 2/500 (0%)  pos=78  W/D/B=1/0/1  (50%/0%/50%)  d7  0.1 games/s (avg 0.1)  93.4K nps  ETA 01:59:01           
[2026-03-28T01:18:16.187] [INFO] [selfplay:0] [SelfPlay] 3/500 (0%)  pos=79  W/D/B=2/0/1  (66%/0%/33%)  d7  2.2 games/s (avg 0.1)  93.3K nps  ETA 01:19:19           
[2026-03-28T01:18:16.893] [INFO] [selfplay:0] [SelfPlay] 4/500 (0%)  pos=189  W/D/B=3/0/1  (75%/0%/25%)  d7  2.0 games/s (avg 0.1)  139.4K nps  ETA 01:04:11         
[2026-03-28T01:18:20.949] [INFO] [selfplay:0] [SelfPlay] 5/500 (1%)  pos=333  W/D/B=4/0/1  (80%/0%/20%)  d7  1.9 games/s (avg 0.2)  189.1K nps  ETA 00:52:21         
[2026-03-28T01:18:23.343] [INFO] [selfplay:0] [SelfPlay] 6/500 (1%)  pos=448  W/D/B=5/0/1  (83%/0%/16%)  d7  1.6 games/s (avg 0.2)  224.0K nps  ETA 00:49:06         
[2026-03-28T01:18:24.731] [INFO] [selfplay:0] [SelfPlay] 7/500 (1%)  pos=629  W/D/B=5/0/2  (71%/0%/28%)  d7  1.4 games/s (avg 0.2)  264.0K nps  ETA 00:44:50         
[2026-03-28T01:18:26.259] [INFO] [selfplay:0] [SelfPlay] 8/500 (1%)  pos=765  W/D/B=5/0/3  (62%/0%/37%)  d7  1.3 games/s (avg 0.2)  307.9K nps  ETA 00:40:33         
[2026-03-28T01:18:34.121] [INFO] [selfplay:0] [SelfPlay] 9/500 (1%)  pos=867  W/D/B=6/0/3  (66%/0%/33%)  d7  1.2 games/s (avg 0.2)  346.8K nps  ETA 00:37:17         
[2026-03-28T01:18:34.924] [INFO] [selfplay:0] [SelfPlay] 10/500 (2%)  pos=1000  W/D/B=7/0/3  (70%/0%/30%)  d7  1.1 games/s (avg 0.2)  318.4K nps  ETA 00:39:59       
[2026-03-28T01:18:39.283] [INFO] [selfplay:0] [SelfPlay] 11/500 (2%)  pos=1082  W/D/B=7/0/4  (63%/0%/36%)  d7  1.1 games/s (avg 0.2)  365.1K nps  ETA 00:36:48       
[2026-03-28T01:18:42.561] [INFO] [selfplay:0] [SelfPlay] 12/500 (2%)  pos=1272  W/D/B=8/0/4  (66%/0%/33%)  d7  1.0 games/s (avg 0.2)  387.3K nps  ETA 00:36:39       
[2026-03-28T01:18:44.696] [INFO] [selfplay:0] [SelfPlay] 13/500 (2%)  pos=1347  W/D/B=9/0/4  (69%/0%/30%)  d7  0.9 games/s (avg 0.2)  390.5K nps  ETA 00:35:49       
[2026-03-28T01:18:50.004] [INFO] [selfplay:0] [SelfPlay] 14/500 (2%)  pos=1471  W/D/B=9/1/4  (64%/7%/28%)  d7  0.8 games/s (avg 0.2)  428.6K nps  ETA 00:34:22       
[2026-03-28T01:18:56.735] [INFO] [selfplay:0] [SelfPlay] 15/500 (3%)  pos=1549  W/D/B=10/1/4  (66%/6%/26%)  d7  0.7 games/s (avg 0.2)  445.4K nps  ETA 00:34:50      
[2026-03-28T01:18:57.986] [INFO] [selfplay:0] [SelfPlay] 16/500 (3%)  pos=1602  W/D/B=11/1/4  (68%/6%/25%)  d7  0.6 games/s (avg 0.2)  425.7K nps  ETA 00:36:05      
[2026-03-28T01:19:01.737] [INFO] [selfplay:0] [SelfPlay] 17/500 (3%)  pos=1670  W/D/B=12/1/4  (70%/5%/23%)  d7  0.7 games/s (avg 0.2)  445.9K nps  ETA 00:34:26      
[2026-03-28T01:19:04.042] [INFO] [selfplay:0] [SelfPlay] 18/500 (3%)  pos=1745  W/D/B=13/1/4  (72%/5%/22%)  d7  0.6 games/s (avg 0.2)  452.2K nps  ETA 00:34:09      
[2026-03-28T01:19:05.845] [INFO] [selfplay:0] [SelfPlay] 19/500 (3%)  pos=1792  W/D/B=13/1/5  (68%/5%/26%)  d7  0.6 games/s (avg 0.2)  466.6K nps  ETA 00:33:15      
[2026-03-28T01:19:13.359] [INFO] [selfplay:0] [SelfPlay] 20/500 (4%)  pos=1856  W/D/B=14/1/5  (70%/5%/25%)  d7  0.6 games/s (avg 0.2)  481.3K nps  ETA 00:32:09      
[2026-03-28T01:19:19.115] [INFO] [selfplay:0] [SelfPlay] 21/500 (4%)  pos=1992  W/D/B=15/1/5  (71%/4%/23%)  d7  0.5 games/s (avg 0.2)  465.1K nps  ETA 00:33:27      
[2026-03-28T01:19:20.546] [INFO] [selfplay:0] [SelfPlay] 22/500 (4%)  pos=2081  W/D/B=15/1/6  (68%/4%/27%)  d7  0.5 games/s (avg 0.2)  459.8K nps  ETA 00:34:00      
[2026-03-28T01:19:30.090] [INFO] [selfplay:0] [SelfPlay] 23/500 (4%)  pos=2140  W/D/B=16/1/6  (69%/4%/26%)  d7  0.5 games/s (avg 0.2)  475.9K nps  ETA 00:32:49      
[2026-03-28T01:19:30.283] [INFO] [selfplay:0] [SelfPlay] 24/500 (4%)  pos=2225  W/D/B=16/1/7  (66%/4%/29%)  d7  0.4 games/s (avg 0.2)  454.9K nps  ETA 00:34:40      
[2026-03-28T01:19:31.576] [INFO] [selfplay:0] [SelfPlay] 25/500 (5%)  pos=2337  W/D/B=17/1/7  (68%/4%/28%)  d7  1.1 games/s (avg 0.2)  467.2K nps  ETA 00:33:17      
[2026-03-28T01:19:32.882] [INFO] [selfplay:0] [SelfPlay] 26/500 (5%)  pos=2436  W/D/B=17/1/8  (65%/3%/30%)  d7  1.1 games/s (avg 0.2)  473.6K nps  ETA 00:32:19      
[2026-03-28T01:19:43.273] [INFO] [selfplay:0] [SelfPlay] 27/500 (5%)  pos=2519  W/D/B=18/1/8  (66%/3%/29%)  d7  1.0 games/s (avg 0.3)  490.3K nps  ETA 00:31:16      
[2026-03-28T01:19:46.498] [INFO] [selfplay:0] [SelfPlay] 28/500 (5%)  pos=2562  W/D/B=19/1/8  (67%/3%/28%)  d7  1.0 games/s (avg 0.2)  510.1K nps  ETA 00:33:08      
[2026-03-28T01:19:47.327] [INFO] [selfplay:0] [SelfPlay] 29/500 (5%)  pos=2634  W/D/B=19/1/9  (65%/3%/31%)  d7  0.9 games/s (avg 0.2)  516.9K nps  ETA 00:32:50      
[2026-03-28T01:19:49.563] [INFO] [selfplay:0] [SelfPlay] 30/500 (6%)  pos=2699  W/D/B=19/1/10  (63%/3%/33%)  d7  0.9 games/s (avg 0.2)  538.2K nps  ETA 00:31:52     
[2026-03-28T01:19:53.627] [INFO] [selfplay:0] [SelfPlay] 31/500 (6%)  pos=2828  W/D/B=20/1/10  (64%/3%/32%)  d7  0.8 games/s (avg 0.2)  543.9K nps  ETA 00:31:18     
[2026-03-28T01:19:56.066] [INFO] [selfplay:0] [SelfPlay] 32/500 (6%)  pos=3034  W/D/B=20/1/11  (62%/3%/34%)  d7  0.8 games/s (avg 0.2)  546.3K nps  ETA 00:31:17     
[2026-03-28T01:20:02.825] [INFO] [selfplay:0] [SelfPlay] 33/500 (6%)  pos=3155  W/D/B=20/2/11  (60%/6%/33%)  d7  0.7 games/s (avg 0.3)  557.8K nps  ETA 00:30:46     
[2026-03-28T01:20:03.684] [INFO] [selfplay:0] [SelfPlay] 34/500 (6%)  pos=3284  W/D/B=21/2/11  (61%/5%/32%)  d7  0.6 games/s (avg 0.2)  541.0K nps  ETA 00:31:26     
[2026-03-28T01:20:03.920] [INFO] [selfplay:0] [SelfPlay] 35/500 (7%)  pos=3357  W/D/B=21/3/11  (60%/8%/31%)  d7  0.7 games/s (avg 0.3)  545.3K nps  ETA 00:30:40     
[2026-03-28T01:20:08.665] [INFO] [selfplay:0] [SelfPlay] 36/500 (7%)  pos=3430  W/D/B=22/3/11  (61%/8%/30%)  d7  1.2 games/s (avg 0.3)  556.7K nps  ETA 00:29:43     
[2026-03-28T01:20:12.032] [INFO] [selfplay:0] [SelfPlay] 37/500 (7%)  pos=3546  W/D/B=23/3/11  (62%/8%/29%)  d7  1.1 games/s (avg 0.3)  555.2K nps  ETA 00:29:53     
[2026-03-28T01:20:13.300] [INFO] [selfplay:0] [SelfPlay] 38/500 (7%)  pos=3697  W/D/B=23/3/12  (60%/7%/31%)  d7  1.0 games/s (avg 0.3)  560.8K nps  ETA 00:29:44     
[2026-03-28T01:20:14.625] [INFO] [selfplay:0] [SelfPlay] 39/500 (7%)  pos=3787  W/D/B=24/3/12  (61%/7%/30%)  d7  0.9 games/s (avg 0.3)  571.4K nps  ETA 00:29:10     
[2026-03-28T01:20:18.702] [INFO] [selfplay:0] [SelfPlay] 40/500 (8%)  pos=3907  W/D/B=24/3/13  (60%/7%/32%)  d7  0.9 games/s (avg 0.3)  576.1K nps  ETA 00:28:35     
[2026-03-28T01:20:23.840] [INFO] [selfplay:0] [SelfPlay] 41/500 (8%)  pos=3909  W/D/B=25/3/13  (60%/7%/31%)  d7  0.8 games/s (avg 0.3)  561.2K nps  ETA 00:28:34     
[2026-03-28T01:20:30.827] [INFO] [selfplay:0] [SelfPlay] 42/500 (8%)  pos=3972  W/D/B=25/3/14  (59%/7%/33%)  d7  0.7 games/s (avg 0.3)  553.5K nps  ETA 00:28:43     
[2026-03-28T01:20:35.948] [INFO] [selfplay:0] [SelfPlay] 43/500 (8%)  pos=4032  W/D/B=26/3/14  (60%/6%/32%)  d7  0.6 games/s (avg 0.3)  540.5K nps  ETA 00:29:16     
[2026-03-28T01:20:37.287] [INFO] [selfplay:0] [SelfPlay] 44/500 (8%)  pos=4200  W/D/B=27/3/14  (61%/6%/31%)  d7  0.6 games/s (avg 0.3)  533.2K nps  ETA 00:29:28     
[2026-03-28T01:20:38.711] [INFO] [selfplay:0] [SelfPlay] 45/500 (9%)  pos=4267  W/D/B=28/3/14  (62%/6%/31%)  d7  0.6 games/s (avg 0.3)  537.3K nps  ETA 00:28:59     
[2026-03-28T01:20:38.957] [INFO] [selfplay:0] [SelfPlay] 46/500 (9%)  pos=4392  W/D/B=28/3/15  (60%/6%/32%)  d7  0.6 games/s (avg 0.3)  547.7K nps  ETA 00:28:33     
[2026-03-28T01:20:40.626] [INFO] [selfplay:0] [SelfPlay] 47/500 (9%)  pos=4563  W/D/B=29/3/15  (61%/6%/31%)  d7  1.1 games/s (avg 0.3)  568.8K nps  ETA 00:27:53     
[2026-03-28T01:20:43.663] [INFO] [selfplay:0] [SelfPlay] 48/500 (9%)  pos=4718  W/D/B=30/3/15  (62%/6%/31%)  d7  1.0 games/s (avg 0.3)  574.4K nps  ETA 00:27:29     
[2026-03-28T01:20:49.020] [INFO] [selfplay:0] [SelfPlay] 49/500 (9%)  pos=4830  W/D/B=30/3/16  (61%/6%/32%)  d7  0.9 games/s (avg 0.3)  575.9K nps  ETA 00:27:18     
[2026-03-28T01:20:54.649] [INFO] [selfplay:0] [SelfPlay] 50/500 (10%)  pos=4936  W/D/B=30/4/16  (60%/8%/32%)  d7  0.8 games/s (avg 0.3)  568.4K nps  ETA 00:27:29    
[2026-03-28T01:21:02.721] [INFO] [selfplay:0] [SelfPlay] 51/500 (10%)  pos=4962  W/D/B=30/4/17  (58%/7%/33%)  d7  0.7 games/s (avg 0.3)  557.0K nps  ETA 00:27:40    
[2026-03-28T01:21:05.404] [INFO] [selfplay:0] [SelfPlay] 52/500 (10%)  pos=5076  W/D/B=30/5/17  (57%/9%/32%)  d7  0.6 games/s (avg 0.3)  545.4K nps  ETA 00:28:19    
[2026-03-28T01:21:11.072] [INFO] [selfplay:0] [SelfPlay] 53/500 (10%)  pos=5203  W/D/B=30/6/17  (56%/11%/32%)  d7  0.6 games/s (avg 0.3)  545.3K nps  ETA 00:28:04   
[2026-03-28T01:21:13.194] [INFO] [selfplay:0] [SelfPlay] 54/500 (10%)  pos=5284  W/D/B=30/6/18  (55%/11%/33%)  d7  0.5 games/s (avg 0.3)  540.9K nps  ETA 00:28:17   
[2026-03-28T01:21:15.005] [INFO] [selfplay:0] [SelfPlay] 55/500 (11%)  pos=5465  W/D/B=30/6/19  (54%/10%/34%)  d7  0.5 games/s (avg 0.3)  554.8K nps  ETA 00:28:02   
[2026-03-28T01:21:16.553] [INFO] [selfplay:0] [SelfPlay] 56/500 (11%)  pos=5546  W/D/B=31/6/19  (55%/10%/33%)  d7  0.5 games/s (avg 0.3)  554.8K nps  ETA 00:27:42   
[2026-03-28T01:21:20.802] [INFO] [selfplay:0] [SelfPlay] 57/500 (11%)  pos=5626  W/D/B=32/6/19  (56%/10%/33%)  d7  0.5 games/s (avg 0.3)  558.8K nps  ETA 00:27:19   
[2026-03-28T01:21:21.342] [INFO] [selfplay:0] [SelfPlay] 58/500 (11%)  pos=5630  W/D/B=33/6/19  (56%/10%/32%)  d7  0.5 games/s (avg 0.3)  548.2K nps  ETA 00:27:22   
[2026-03-28T01:21:25.642] [INFO] [selfplay:0] [SelfPlay] 59/500 (11%)  pos=5708  W/D/B=33/6/20  (55%/10%/33%)  d7  0.7 games/s (avg 0.3)  556.4K nps  ETA 00:26:52   
[2026-03-28T01:21:34.013] [INFO] [selfplay:0] [SelfPlay] 60/500 (12%)  pos=5847  W/D/B=34/6/20  (56%/10%/33%)  d7  0.6 games/s (avg 0.3)  556.4K nps  ETA 00:26:49   
[2026-03-28T01:21:36.078] [INFO] [selfplay:0] [SelfPlay] 61/500 (12%)  pos=5926  W/D/B=35/6/20  (57%/9%/32%)  d7  0.6 games/s (avg 0.3)  547.3K nps  ETA 00:27:25    
[2026-03-28T01:21:41.766] [INFO] [selfplay:0] [SelfPlay] 62/500 (12%)  pos=6033  W/D/B=35/6/21  (56%/9%/33%)  d7  0.5 games/s (avg 0.3)  552.2K nps  ETA 00:27:05    
[2026-03-28T01:21:46.261] [INFO] [selfplay:0] [SelfPlay] 63/500 (12%)  pos=6094  W/D/B=35/6/22  (55%/9%/34%)  d7  0.5 games/s (avg 0.3)  544.0K nps  ETA 00:27:16    
[2026-03-28T01:21:49.335] [INFO] [selfplay:0] [SelfPlay] 64/500 (12%)  pos=6194  W/D/B=36/6/22  (56%/9%/34%)  d7  0.4 games/s (avg 0.3)  542.2K nps  ETA 00:27:19    
[2026-03-28T01:21:50.867] [INFO] [selfplay:0] [SelfPlay] 65/500 (13%)  pos=6251  W/D/B=36/7/22  (55%/10%/33%)  d7  0.4 games/s (avg 0.3)  540.8K nps  ETA 00:27:13   
[2026-03-28T01:21:52.094] [INFO] [selfplay:0] [SelfPlay] 66/500 (13%)  pos=6397  W/D/B=36/8/22  (54%/12%/33%)  d7  0.5 games/s (avg 0.3)  545.1K nps  ETA 00:26:54   
[2026-03-28T01:21:52.611] [INFO] [selfplay:0] [SelfPlay] 67/500 (13%)  pos=6573  W/D/B=36/8/23  (53%/11%/34%)  d7  0.5 games/s (avg 0.3)  549.5K nps  ETA 00:26:35   
[2026-03-28T01:21:58.232] [INFO] [selfplay:0] [SelfPlay] 68/500 (13%)  pos=6622  W/D/B=36/8/24  (52%/11%/35%)  d7  0.7 games/s (avg 0.3)  557.1K nps  ETA 00:26:06   
[2026-03-28T01:22:01.459] [INFO] [selfplay:0] [SelfPlay] 69/500 (13%)  pos=6673  W/D/B=36/8/25  (52%/11%/36%)  d7  0.6 games/s (avg 0.3)  559.8K nps  ETA 00:26:18   
[2026-03-28T01:22:03.718] [INFO] [selfplay:0] [SelfPlay] 70/500 (14%)  pos=6788  W/D/B=36/8/26  (51%/11%/37%)  d7  0.6 games/s (avg 0.3)  559.9K nps  ETA 00:26:12   
[2026-03-28T01:22:04.635] [INFO] [selfplay:0] [SelfPlay] 71/500 (14%)  pos=6883  W/D/B=36/8/27  (50%/11%/38%)  d7  0.6 games/s (avg 0.3)  575.5K nps  ETA 00:26:01   
[2026-03-28T01:22:09.179] [INFO] [selfplay:0] [SelfPlay] 72/500 (14%)  pos=7036  W/D/B=37/8/27  (51%/11%/37%)  d7  0.7 games/s (avg 0.3)  585.8K nps  ETA 00:25:37   
[2026-03-28T01:22:17.947] [INFO] [selfplay:0] [SelfPlay] 73/500 (14%)  pos=7127  W/D/B=38/8/27  (52%/10%/36%)  d7  0.6 games/s (avg 0.3)  581.6K nps  ETA 00:25:36   
[2026-03-28T01:22:18.407] [INFO] [selfplay:0] [SelfPlay] 74/500 (14%)  pos=7211  W/D/B=38/8/28  (51%/10%/37%)  d7  0.5 games/s (avg 0.3)  567.4K nps  ETA 00:26:09   
[2026-03-28T01:22:19.268] [INFO] [selfplay:0] [SelfPlay] 75/500 (15%)  pos=7232  W/D/B=39/8/28  (52%/10%/37%)  d7  0.8 games/s (avg 0.3)  571.7K nps  ETA 00:25:47   
[2026-03-28T01:22:19.599] [INFO] [selfplay:0] [SelfPlay] 76/500 (15%)  pos=7291  W/D/B=40/8/28  (52%/10%/36%)  d7  0.8 games/s (avg 0.3)  577.1K nps  ETA 00:25:29   
[2026-03-28T01:22:21.120] [INFO] [selfplay:0] [SelfPlay] 77/500 (15%)  pos=7384  W/D/B=41/8/28  (53%/10%/36%)  d7  1.2 games/s (avg 0.3)  584.7K nps  ETA 00:25:06   
[2026-03-28T01:22:27.114] [INFO] [selfplay:0] [SelfPlay] 78/500 (15%)  pos=7468  W/D/B=41/9/28  (52%/11%/35%)  d7  1.1 games/s (avg 0.3)  587.5K nps  ETA 00:24:47   
[2026-03-28T01:22:28.589] [INFO] [selfplay:0] [SelfPlay] 79/500 (15%)  pos=7543  W/D/B=41/9/29  (51%/11%/36%)  d7  0.9 games/s (avg 0.3)  580.6K nps  ETA 00:25:00   
[2026-03-28T01:22:38.979] [INFO] [selfplay:0] [SelfPlay] 80/500 (16%)  pos=7565  W/D/B=41/9/30  (51%/11%/37%)  d7  0.9 games/s (avg 0.3)  581.0K nps  ETA 00:24:38   
[2026-03-28T01:22:43.344] [INFO] [selfplay:0] [SelfPlay] 81/500 (16%)  pos=7727  W/D/B=42/9/30  (51%/11%/37%)  d7  0.8 games/s (avg 0.3)  567.6K nps  ETA 00:25:15   
[2026-03-28T01:22:46.239] [INFO] [selfplay:0] [SelfPlay] 82/500 (16%)  pos=7785  W/D/B=43/9/30  (52%/10%/36%)  d7  0.7 games/s (avg 0.3)  566.4K nps  ETA 00:25:17   
[2026-03-28T01:22:47.981] [INFO] [selfplay:0] [SelfPlay] 83/500 (16%)  pos=7865  W/D/B=44/9/30  (53%/10%/36%)  d7  0.6 games/s (avg 0.3)  565.5K nps  ETA 00:25:11   
[2026-03-28T01:22:53.595] [INFO] [selfplay:0] [SelfPlay] 84/500 (16%)  pos=8005  W/D/B=45/9/30  (53%/10%/35%)  d7  0.6 games/s (avg 0.3)  567.5K nps  ETA 00:24:53   
[2026-03-28T01:22:55.305] [INFO] [selfplay:0] [SelfPlay] 85/500 (17%)  pos=8111  W/D/B=45/9/31  (52%/10%/36%)  d7  0.6 games/s (avg 0.3)  564.7K nps  ETA 00:25:04   
[2026-03-28T01:22:58.894] [INFO] [selfplay:0] [SelfPlay] 86/500 (17%)  pos=8224  W/D/B=45/9/32  (52%/10%/37%)  d7  0.6 games/s (avg 0.3)  567.2K nps  ETA 00:24:50   
[2026-03-28T01:23:03.926] [INFO] [selfplay:0] [SelfPlay] 87/500 (17%)  pos=8293  W/D/B=46/9/32  (52%/10%/36%)  d7  0.5 games/s (avg 0.3)  569.9K nps  ETA 00:24:44   
[2026-03-28T01:23:05.437] [INFO] [selfplay:0] [SelfPlay] 88/500 (17%)  pos=8387  W/D/B=46/9/33  (52%/10%/37%)  d7  0.5 games/s (avg 0.3)  566.4K nps  ETA 00:24:50   
[2026-03-28T01:23:12.509] [INFO] [selfplay:0] [SelfPlay] 89/500 (17%)  pos=8516  W/D/B=46/10/33  (51%/11%/37%)  d7  0.5 games/s (avg 0.3)  571.0K nps  ETA 00:24:32  
[2026-03-28T01:23:13.895] [INFO] [selfplay:0] [SelfPlay] 90/500 (18%)  pos=8639  W/D/B=46/10/34  (51%/11%/37%)  d7  0.4 games/s (avg 0.3)  566.2K nps  ETA 00:24:50  
[2026-03-28T01:23:18.716] [INFO] [selfplay:0] [SelfPlay] 91/500 (18%)  pos=8762  W/D/B=46/10/35  (50%/10%/38%)  d7  0.5 games/s (avg 0.3)  573.9K nps  ETA 00:24:32  
[2026-03-28T01:23:22.433] [INFO] [selfplay:0] [SelfPlay] 92/500 (18%)  pos=8790  W/D/B=46/11/35  (50%/11%/38%)  d7  0.4 games/s (avg 0.3)  568.8K nps  ETA 00:24:35  
[2026-03-28T01:23:24.527] [INFO] [selfplay:0] [SelfPlay] 93/500 (18%)  pos=8941  W/D/B=46/12/35  (49%/12%/37%)  d7  0.4 games/s (avg 0.3)  568.6K nps  ETA 00:24:34  
[2026-03-28T01:23:28.665] [INFO] [selfplay:0] [SelfPlay] 94/500 (18%)  pos=9004  W/D/B=46/12/36  (48%/12%/38%)  d7  0.4 games/s (avg 0.3)  571.0K nps  ETA 00:24:21  
[2026-03-28T01:23:41.013] [INFO] [selfplay:0] [SelfPlay] 95/500 (19%)  pos=9127  W/D/B=46/12/37  (48%/12%/38%)  d7  0.4 games/s (avg 0.3)  568.8K nps  ETA 00:24:12  
[2026-03-28T01:23:42.096] [INFO] [selfplay:0] [SelfPlay] 96/500 (19%)  pos=9263  W/D/B=47/12/37  (48%/12%/38%)  d7  0.4 games/s (avg 0.3)  556.5K nps  ETA 00:24:56  
[2026-03-28T01:23:44.057] [INFO] [selfplay:0] [SelfPlay] 97/500 (19%)  pos=9391  W/D/B=47/13/37  (48%/13%/38%)  d7  0.4 games/s (avg 0.3)  561.7K nps  ETA 00:24:41  
[2026-03-28T01:23:45.632] [INFO] [selfplay:0] [SelfPlay] 98/500 (19%)  pos=9572  W/D/B=48/13/37  (48%/13%/37%)  d7  0.4 games/s (avg 0.3)  568.6K nps  ETA 00:24:30  
[2026-03-28T01:23:49.251] [INFO] [selfplay:0] [SelfPlay] 99/500 (19%)  pos=9644  W/D/B=48/14/37  (48%/14%/37%)  d7  0.5 games/s (avg 0.3)  569.1K nps  ETA 00:24:16  
[2026-03-28T01:23:59.846] [INFO] [selfplay:0] [SelfPlay] 100/500 (20%)  pos=9717  W/D/B=48/14/38  (48%/14%/38%)  d7  0.4 games/s (avg 0.3)  568.7K nps  ETA 00:24:06 
[2026-03-28T01:24:04.173] [INFO] [selfplay:0] [SelfPlay] 101/500 (20%)  pos=9779  W/D/B=48/14/39  (47%/13%/38%)  d7  0.4 games/s (avg 0.3)  558.3K nps  ETA 00:24:35 
[2026-03-28T01:24:13.701] [INFO] [selfplay:0] [SelfPlay] 102/500 (20%)  pos=9879  W/D/B=48/14/40  (47%/13%/39%)  d7  0.4 games/s (avg 0.3)  557.6K nps  ETA 00:24:30 
[2026-03-28T01:24:14.741] [INFO] [selfplay:0] [SelfPlay] 103/500 (20%)  pos=9996  W/D/B=48/15/40  (46%/14%/38%)  d7  0.3 games/s (avg 0.3)  550.4K nps  ETA 00:24:56 
[2026-03-28T01:24:14.822] [INFO] [selfplay:0] [SelfPlay] 104/500 (20%)  pos=10055  W/D/B=48/15/41  (46%/14%/39%)  d7  0.4 games/s (avg 0.3)  554.7K nps  ETA 00:24:43
[2026-03-28T01:24:18.980] [INFO] [selfplay:0] [SelfPlay] 105/500 (21%)  pos=10174  W/D/B=48/16/41  (45%/15%/39%)  d7  2.2 games/s (avg 0.3)  558.8K nps  ETA 00:24:22
[2026-03-28T01:24:19.013] [INFO] [selfplay:0] [SelfPlay] 106/500 (21%)  pos=10249  W/D/B=48/16/42  (45%/15%/39%)  d7  1.9 games/s (avg 0.3)  557.6K nps  ETA 00:24:23
[2026-03-28T01:24:20.031] [INFO] [selfplay:0] [SelfPlay] 107/500 (21%)  pos=10340  W/D/B=48/16/43  (44%/14%/40%)  d7  6.1 games/s (avg 0.3)  563.9K nps  ETA 00:24:05
[2026-03-28T01:24:20.073] [INFO] [selfplay:0] [SelfPlay] 108/500 (21%)  pos=10493  W/D/B=48/16/44  (44%/14%/40%)  d7  5.4 games/s (avg 0.3)  566.9K nps  ETA 00:23:53
[2026-03-28T01:24:41.513] [INFO] [selfplay:0] [SelfPlay] 109/500 (21%)  pos=10631  W/D/B=48/16/45  (44%/14%/41%)  d7  8.2 games/s (avg 0.3)  576.5K nps  ETA 00:23:14
[2026-03-28T01:24:42.727] [INFO] [selfplay:0] [SelfPlay] 110/500 (22%)  pos=10773  W/D/B=49/16/45  (44%/14%/40%)  d7  7.6 games/s (avg 0.3)  582.6K nps  ETA 00:24:35
[2026-03-28T01:24:44.067] [INFO] [selfplay:0] [SelfPlay] 111/500 (22%)  pos=10848  W/D/B=50/16/45  (45%/14%/40%)  d7  6.6 games/s (avg 0.3)  583.6K nps  ETA 00:24:22
[2026-03-28T01:24:46.214] [INFO] [selfplay:0] [SelfPlay] 112/500 (22%)  pos=10907  W/D/B=50/16/46  (44%/14%/41%)  d7  5.7 games/s (avg 0.3)  586.1K nps  ETA 00:24:08
[2026-03-28T01:24:50.025] [INFO] [selfplay:0] [SelfPlay] 113/500 (22%)  pos=11099  W/D/B=50/17/46  (44%/15%/40%)  d7  5.3 games/s (avg 0.3)  594.3K nps  ETA 00:23:59
[2026-03-28T01:24:53.405] [INFO] [selfplay:0] [SelfPlay] 114/500 (22%)  pos=11206  W/D/B=50/17/47  (43%/14%/41%)  d7  4.9 games/s (avg 0.3)  601.1K nps  ETA 00:23:54
[2026-03-28T01:24:53.765] [INFO] [selfplay:0] [SelfPlay] 115/500 (23%)  pos=11314  W/D/B=50/18/47  (43%/15%/40%)  d7  4.5 games/s (avg 0.3)  605.0K nps  ETA 00:23:53
[2026-03-28T01:24:54.949] [INFO] [selfplay:0] [SelfPlay] 116/500 (23%)  pos=11411  W/D/B=50/18/48  (43%/15%/41%)  d7  4.3 games/s (avg 0.3)  608.0K nps  ETA 00:23:37
[2026-03-28T01:24:58.051] [INFO] [selfplay:0] [SelfPlay] 117/500 (23%)  pos=11506  W/D/B=50/19/48  (42%/16%/41%)  d7  3.7 games/s (avg 0.3)  610.1K nps  ETA 00:23:24
[2026-03-28T01:25:01.866] [INFO] [selfplay:0] [SelfPlay] 118/500 (23%)  pos=11568  W/D/B=51/19/48  (43%/16%/40%)  d7  3.5 games/s (avg 0.3)  613.8K nps  ETA 00:23:17
[2026-03-28T01:25:12.788] [INFO] [selfplay:0] [SelfPlay] 119/500 (23%)  pos=11679  W/D/B=51/19/49  (42%/15%/41%)  d7  3.2 games/s (avg 0.3)  620.3K nps  ETA 00:23:07
[2026-03-28T01:25:21.431] [INFO] [selfplay:0] [SelfPlay] 120/500 (24%)  pos=11808  W/D/B=51/19/50  (42%/15%/41%)  d7  3.0 games/s (avg 0.3)  626.4K nps  ETA 00:23:28
[2026-03-28T01:25:24.419] [INFO] [selfplay:0] [SelfPlay] 121/500 (24%)  pos=11913  W/D/B=51/19/51  (42%/15%/42%)  d7  2.7 games/s (avg 0.3)  629.4K nps  ETA 00:23:46
[2026-03-28T01:25:24.518] [INFO] [selfplay:0] [SelfPlay] 122/500 (24%)  pos=12031  W/D/B=51/19/52  (41%/15%/42%)  d7  2.4 games/s (avg 0.3)  628.6K nps  ETA 00:23:43
[2026-03-28T01:25:25.410] [INFO] [selfplay:0] [SelfPlay] 123/500 (24%)  pos=12113  W/D/B=52/19/52  (42%/15%/42%)  d7  3.5 games/s (avg 0.3)  633.8K nps  ETA 00:23:27
[2026-03-28T01:25:25.954] [INFO] [selfplay:0] [SelfPlay] 124/500 (24%)  pos=12195  W/D/B=52/20/52  (41%/16%/41%)  d7  3.2 games/s (avg 0.3)  637.0K nps  ETA 00:23:15
[2026-03-28T01:25:31.403] [INFO] [selfplay:0] [SelfPlay] 125/500 (25%)  pos=12293  W/D/B=52/20/53  (41%/16%/42%)  d7  3.0 games/s (avg 0.3)  639.5K nps  ETA 00:22:56
[2026-03-28T01:25:35.106] [INFO] [selfplay:0] [SelfPlay] 126/500 (25%)  pos=12402  W/D/B=53/20/53  (42%/15%/42%)  d7  2.7 games/s (avg 0.3)  644.7K nps  ETA 00:23:01
[2026-03-28T01:25:41.753] [INFO] [selfplay:0] [SelfPlay] 127/500 (25%)  pos=12533  W/D/B=54/20/53  (42%/15%/41%)  d7  2.5 games/s (avg 0.3)  649.2K nps  ETA 00:22:53
[2026-03-28T01:25:43.135] [INFO] [selfplay:0] [SelfPlay] 128/500 (25%)  pos=12558  W/D/B=54/20/54  (42%/15%/42%)  d7  2.3 games/s (avg 0.3)  654.5K nps  ETA 00:23:03
[2026-03-28T01:25:44.716] [INFO] [selfplay:0] [SelfPlay] 129/500 (25%)  pos=12798  W/D/B=54/21/54  (41%/16%/41%)  d7  2.1 games/s (avg 0.3)  663.1K nps  ETA 00:22:53
[2026-03-28T01:25:46.597] [INFO] [selfplay:0] [SelfPlay] 130/500 (26%)  pos=12884  W/D/B=54/21/55  (41%/16%/42%)  d7  1.9 games/s (avg 0.3)  663.0K nps  ETA 00:22:42
[2026-03-28T01:25:46.702] [INFO] [selfplay:0] [SelfPlay] 131/500 (26%)  pos=12950  W/D/B=55/21/55  (41%/16%/41%)  d7  1.7 games/s (avg 0.3)  662.6K nps  ETA 00:22:36
[2026-03-28T01:25:56.977] [INFO] [selfplay:0] [SelfPlay] 132/500 (26%)  pos=13049  W/D/B=56/21/55  (42%/15%/41%)  d7  2.9 games/s (avg 0.3)  667.9K nps  ETA 00:22:12
[2026-03-28T01:26:06.152] [INFO] [selfplay:0] [SelfPlay] 133/500 (26%)  pos=13289  W/D/B=56/22/55  (42%/16%/41%)  d7  2.7 games/s (avg 0.3)  676.7K nps  ETA 00:22:27
[2026-03-28T01:26:07.615] [INFO] [selfplay:0] [SelfPlay] 134/500 (26%)  pos=13316  W/D/B=57/22/55  (42%/16%/41%)  d7  2.5 games/s (avg 0.3)  678.5K nps  ETA 00:22:47
[2026-03-28T01:26:10.450] [INFO] [selfplay:0] [SelfPlay] 135/500 (27%)  pos=13387  W/D/B=57/22/56  (42%/16%/41%)  d7  2.2 games/s (avg 0.3)  679.1K nps  ETA 00:22:35
[2026-03-28T01:26:12.475] [INFO] [selfplay:0] [SelfPlay] 136/500 (27%)  pos=13484  W/D/B=58/22/56  (42%/16%/41%)  d7  1.9 games/s (avg 0.3)  680.3K nps  ETA 00:22:30
[2026-03-28T01:26:14.149] [INFO] [selfplay:0] [SelfPlay] 137/500 (27%)  pos=13554  W/D/B=59/22/56  (43%/16%/40%)  d7  1.7 games/s (avg 0.3)  682.7K nps  ETA 00:22:22
[2026-03-28T01:26:16.428] [INFO] [selfplay:0] [SelfPlay] 138/500 (27%)  pos=13632  W/D/B=60/22/56  (43%/15%/40%)  d7  1.5 games/s (avg 0.3)  685.8K nps  ETA 00:22:13
[2026-03-28T01:26:16.430] [INFO] [selfplay:0] [SelfPlay] 139/500 (27%)  pos=13669  W/D/B=61/22/56  (43%/15%/40%)  d7  1.4 games/s (avg 0.3)  685.7K nps  ETA 00:22:07
[2026-03-28T01:26:26.263] [INFO] [selfplay:0] [SelfPlay] 140/500 (28%)  pos=13753  W/D/B=61/22/57  (43%/15%/40%)  d7  75.7 games/s (avg 0.3)  689.5K nps  ETA 00:21:44
[2026-03-28T01:26:30.815] [INFO] [selfplay:0] [SelfPlay] 141/500 (28%)  pos=13834  W/D/B=61/22/58  (43%/15%/41%)  d7  70.1 games/s (avg 0.3)  694.8K nps  ETA 00:22:02
[2026-03-28T01:26:37.308] [INFO] [selfplay:0] [SelfPlay] 142/500 (28%)  pos=14074  W/D/B=61/23/58  (42%/16%/40%)  d7  64.8 games/s (avg 0.3)  703.7K nps  ETA 00:21:58
[2026-03-28T01:26:37.750] [INFO] [selfplay:0] [SelfPlay] 143/500 (28%)  pos=14147  W/D/B=62/23/58  (43%/16%/40%)  d7  59.9 games/s (avg 0.3)  710.5K nps  ETA 00:22:08
[2026-03-28T01:26:42.891] [INFO] [selfplay:0] [SelfPlay] 144/500 (28%)  pos=14211  W/D/B=62/23/59  (43%/15%/40%)  d7  55.4 games/s (avg 0.3)  713.7K nps  ETA 00:21:51
[2026-03-28T01:26:44.408] [INFO] [selfplay:0] [SelfPlay] 145/500 (29%)  pos=14297  W/D/B=63/23/59  (43%/15%/40%)  d7  51.3 games/s (avg 0.3)  716.4K nps  ETA 00:21:54
[2026-03-28T01:26:48.950] [INFO] [selfplay:0] [SelfPlay] 146/500 (29%)  pos=14374  W/D/B=64/23/59  (43%/15%/40%)  d7  47.4 games/s (avg 0.3)  719.9K nps  ETA 00:21:43
[2026-03-28T01:26:50.537] [INFO] [selfplay:0] [SelfPlay] 147/500 (29%)  pos=14451  W/D/B=65/23/59  (44%/15%/40%)  d7  43.9 games/s (avg 0.3)  723.8K nps  ETA 00:21:43
[2026-03-28T01:26:58.553] [INFO] [selfplay:0] [SelfPlay] 148/500 (29%)  pos=14513  W/D/B=66/23/59  (44%/15%/39%)  d7  40.6 games/s (avg 0.3)  728.4K nps  ETA 00:21:29
[2026-03-28T01:27:01.485] [INFO] [selfplay:0] [SelfPlay] 149/500 (29%)  pos=14578  W/D/B=66/23/60  (44%/15%/40%)  d7  37.5 games/s (avg 0.3)  732.0K nps  ETA 00:21:40
[2026-03-28T01:27:03.810] [INFO] [selfplay:0] [SelfPlay] 150/500 (30%)  pos=14634  W/D/B=66/24/60  (44%/16%/40%)  d7  34.7 games/s (avg 0.3)  736.4K nps  ETA 00:21:36
[2026-03-28T01:27:05.905] [INFO] [selfplay:0] [SelfPlay] 151/500 (30%)  pos=14751  W/D/B=66/24/61  (43%/15%/40%)  d7  32.1 games/s (avg 0.3)  745.1K nps  ETA 00:21:29
[2026-03-28T01:27:22.587] [INFO] [selfplay:0] [SelfPlay] 152/500 (30%)  pos=14810  W/D/B=67/24/61  (44%/15%/40%)  d7  29.7 games/s (avg 0.3)  748.3K nps  ETA 00:21:06
[2026-03-28T01:27:23.924] [INFO] [selfplay:0] [SelfPlay] 153/500 (30%)  pos=14908  W/D/B=68/24/61  (44%/15%/39%)  d7  27.5 games/s (avg 0.3)  753.1K nps  ETA 00:21:48
[2026-03-28T01:27:26.973] [INFO] [selfplay:0] [SelfPlay] 154/500 (30%)  pos=14994  W/D/B=69/24/61  (44%/15%/39%)  d7  25.4 games/s (avg 0.3)  756.7K nps  ETA 00:21:37
[2026-03-28T01:27:28.346] [INFO] [selfplay:0] [SelfPlay] 155/500 (31%)  pos=15063  W/D/B=69/24/62  (44%/15%/40%)  d7  23.5 games/s (avg 0.3)  762.7K nps  ETA 00:21:33
[2026-03-28T01:27:30.639] [INFO] [selfplay:0] [SelfPlay] 156/500 (31%)  pos=15129  W/D/B=70/24/62  (44%/15%/39%)  d7  21.8 games/s (avg 0.3)  765.0K nps  ETA 00:21:24
[2026-03-28T01:27:39.908] [INFO] [selfplay:0] [SelfPlay] 157/500 (31%)  pos=15250  W/D/B=70/24/63  (44%/15%/40%)  d7  20.1 games/s (avg 0.3)  771.5K nps  ETA 00:21:10
[2026-03-28T01:27:45.002] [INFO] [selfplay:0] [SelfPlay] 158/500 (31%)  pos=15302  W/D/B=71/24/63  (44%/15%/39%)  d7  18.6 games/s (avg 0.3)  776.7K nps  ETA 00:21:22
[2026-03-28T01:27:45.131] [INFO] [selfplay:0] [SelfPlay] 159/500 (31%)  pos=15393  W/D/B=72/24/63  (45%/15%/39%)  d7  17.2 games/s (avg 0.3)  780.4K nps  ETA 00:21:26
[2026-03-28T01:27:48.779] [INFO] [selfplay:0] [SelfPlay] 160/500 (32%)  pos=15496  W/D/B=73/24/63  (45%/15%/39%)  d7  15.8 games/s (avg 0.3)  785.3K nps  ETA 00:21:11
[2026-03-28T01:27:51.045] [INFO] [selfplay:0] [SelfPlay] 161/500 (32%)  pos=15613  W/D/B=74/24/63  (45%/14%/39%)  d7  14.6 games/s (avg 0.3)  789.5K nps  ETA 00:21:09
[2026-03-28T01:27:58.379] [INFO] [selfplay:0] [SelfPlay] 162/500 (32%)  pos=15722  W/D/B=74/24/64  (45%/14%/39%)  d7  13.5 games/s (avg 0.3)  795.3K nps  ETA 00:20:56
[2026-03-28T01:28:01.444] [INFO] [selfplay:0] [SelfPlay] 163/500 (32%)  pos=15792  W/D/B=74/24/65  (45%/14%/39%)  d7  12.5 games/s (avg 0.3)  798.8K nps  ETA 00:21:04
[2026-03-28T01:28:08.061] [INFO] [selfplay:0] [SelfPlay] 164/500 (32%)  pos=15915  W/D/B=75/24/65  (45%/14%/39%)  d7  11.6 games/s (avg 0.3)  802.3K nps  ETA 00:20:56
[2026-03-28T01:28:08.501] [INFO] [selfplay:0] [SelfPlay] 165/500 (33%)  pos=15956  W/D/B=76/24/65  (46%/14%/39%)  d7  10.7 games/s (avg 0.3)  804.4K nps  ETA 00:21:03
[2026-03-28T01:28:14.015] [INFO] [selfplay:0] [SelfPlay] 166/500 (33%)  pos=16060  W/D/B=77/24/65  (46%/14%/39%)  d7  9.4 games/s (avg 0.3)  808.3K nps  ETA 00:20:49
[2026-03-28T01:28:15.362] [INFO] [selfplay:0] [SelfPlay] 167/500 (33%)  pos=16158  W/D/B=78/24/65  (46%/14%/38%)  d7  8.7 games/s (avg 0.3)  811.5K nps  ETA 00:20:52
[2026-03-28T01:28:15.876] [INFO] [selfplay:0] [SelfPlay] 168/500 (33%)  pos=16369  W/D/B=79/24/65  (47%/14%/38%)  d7  8.1 games/s (avg 0.3)  821.9K nps  ETA 00:20:45
[2026-03-28T01:28:19.731] [INFO] [selfplay:0] [SelfPlay] 169/500 (33%)  pos=16459  W/D/B=79/24/66  (46%/14%/39%)  d7  7.2 games/s (avg 0.3)  827.4K nps  ETA 00:20:31
[2026-03-28T01:28:20.242] [INFO] [selfplay:0] [SelfPlay] 170/500 (34%)  pos=16583  W/D/B=80/24/66  (47%/14%/38%)  d7  6.6 games/s (avg 0.3)  831.1K nps  ETA 00:20:30
[2026-03-28T01:28:24.974] [INFO] [selfplay:0] [SelfPlay] 171/500 (34%)  pos=16716  W/D/B=80/24/67  (46%/14%/39%)  d7  5.9 games/s (avg 0.3)  834.9K nps  ETA 00:20:17
[2026-03-28T01:28:36.103] [INFO] [selfplay:0] [SelfPlay] 172/500 (34%)  pos=16801  W/D/B=81/24/67  (47%/13%/38%)  d7  5.5 games/s (avg 0.3)  838.6K nps  ETA 00:20:09
[2026-03-28T01:28:38.652] [INFO] [selfplay:0] [SelfPlay] 173/500 (34%)  pos=16854  W/D/B=82/24/67  (47%/13%/38%)  d7  5.1 games/s (avg 0.3)  841.5K nps  ETA 00:20:27
[2026-03-28T01:28:45.248] [INFO] [selfplay:0] [SelfPlay] 174/500 (34%)  pos=16891  W/D/B=82/24/68  (47%/13%/39%)  d7  4.7 games/s (avg 0.3)  844.8K nps  ETA 00:20:17
[2026-03-28T01:28:45.889] [INFO] [selfplay:0] [SelfPlay] 175/500 (35%)  pos=16966  W/D/B=83/24/68  (47%/13%/38%)  d7  4.3 games/s (avg 0.3)  848.0K nps  ETA 00:20:25
[2026-03-28T01:28:47.239] [INFO] [selfplay:0] [SelfPlay] 176/500 (35%)  pos=17026  W/D/B=83/24/69  (47%/13%/39%)  d7  3.9 games/s (avg 0.3)  852.3K nps  ETA 00:20:14
[2026-03-28T01:28:50.188] [INFO] [selfplay:0] [SelfPlay] 177/500 (35%)  pos=17088  W/D/B=83/25/69  (46%/14%/38%)  d7  3.4 games/s (avg 0.3)  853.4K nps  ETA 00:20:05
[2026-03-28T01:28:53.706] [INFO] [selfplay:0] [SelfPlay] 178/500 (35%)  pos=17198  W/D/B=83/25/70  (46%/14%/39%)  d7  3.2 games/s (avg 0.3)  856.8K nps  ETA 00:20:00
[2026-03-28T01:28:57.962] [INFO] [selfplay:0] [SelfPlay] 179/500 (35%)  pos=17371  W/D/B=83/25/71  (46%/13%/39%)  d7  2.9 games/s (avg 0.3)  867.7K nps  ETA 00:19:54
[2026-03-28T01:28:59.060] [INFO] [selfplay:0] [SelfPlay] 180/500 (36%)  pos=17435  W/D/B=84/25/71  (46%/13%/39%)  d7  2.7 games/s (avg 0.3)  869.4K nps  ETA 00:19:55
[2026-03-28T01:28:59.681] [INFO] [selfplay:0] [SelfPlay] 181/500 (36%)  pos=17505  W/D/B=85/25/71  (46%/13%/39%)  d7  2.5 games/s (avg 0.3)  874.2K nps  ETA 00:19:46
[2026-03-28T01:29:02.846] [INFO] [selfplay:0] [SelfPlay] 182/500 (36%)  pos=17647  W/D/B=85/25/72  (46%/13%/39%)  d7  2.3 games/s (avg 0.3)  878.1K nps  ETA 00:19:35
[2026-03-28T01:29:06.539] [INFO] [selfplay:0] [SelfPlay] 183/500 (36%)  pos=17758  W/D/B=85/25/73  (46%/13%/39%)  d7  2.0 games/s (avg 0.3)  883.9K nps  ETA 00:19:29
[2026-03-28T01:29:17.819] [INFO] [selfplay:0] [SelfPlay] 184/500 (36%)  pos=17878  W/D/B=85/25/74  (46%/13%/40%)  d7  1.8 games/s (avg 0.3)  881.2K nps  ETA 00:19:19
[2026-03-28T01:29:18.343] [INFO] [selfplay:0] [SelfPlay] 185/500 (37%)  pos=17991  W/D/B=85/25/75  (45%/13%/40%)  d7  1.6 games/s (avg 0.3)  887.2K nps  ETA 00:19:38
[2026-03-28T01:29:28.491] [INFO] [selfplay:0] [SelfPlay] 186/500 (37%)  pos=18098  W/D/B=85/25/76  (45%/13%/40%)  d7  1.7 games/s (avg 0.3)  890.4K nps  ETA 00:19:20
[2026-03-28T01:29:28.861] [INFO] [selfplay:0] [SelfPlay] 187/500 (37%)  pos=18225  W/D/B=86/25/76  (45%/13%/40%)  d7  1.5 games/s (avg 0.3)  895.1K nps  ETA 00:19:37
[2026-03-28T01:29:29.538] [INFO] [selfplay:0] [SelfPlay] 188/500 (37%)  pos=18379  W/D/B=87/25/76  (46%/13%/40%)  d7  1.7 games/s (avg 0.3)  899.0K nps  ETA 00:19:26
[2026-03-28T01:29:29.748] [INFO] [selfplay:0] [SelfPlay] 189/500 (37%)  pos=18477  W/D/B=87/25/77  (46%/13%/40%)  d7  1.7 games/s (avg 0.3)  901.0K nps  ETA 00:19:19
[2026-03-28T01:29:31.009] [INFO] [selfplay:0] [SelfPlay] 190/500 (38%)  pos=18552  W/D/B=88/25/77  (46%/13%/40%)  d7  2.1 games/s (avg 0.3)  904.5K nps  ETA 00:19:08
[2026-03-28T01:29:32.404] [INFO] [selfplay:0] [SelfPlay] 191/500 (38%)  pos=18600  W/D/B=88/25/78  (46%/13%/40%)  d7  1.9 games/s (avg 0.3)  905.6K nps  ETA 00:18:59
[2026-03-28T01:29:37.457] [INFO] [selfplay:0] [SelfPlay] 192/500 (38%)  pos=18815  W/D/B=89/25/78  (46%/13%/40%)  d7  1.8 games/s (avg 0.3)  908.0K nps  ETA 00:18:49
[2026-03-28T01:29:40.409] [INFO] [selfplay:0] [SelfPlay] 193/500 (38%)  pos=18925  W/D/B=90/25/78  (46%/12%/40%)  d7  1.5 games/s (avg 0.3)  901.9K nps  ETA 00:18:50
[2026-03-28T01:29:40.650] [INFO] [selfplay:0] [SelfPlay] 194/500 (38%)  pos=18987  W/D/B=91/25/78  (46%/12%/40%)  d7  1.3 games/s (avg 0.3)  900.2K nps  ETA 00:18:48
[2026-03-28T01:29:43.016] [INFO] [selfplay:0] [SelfPlay] 195/500 (39%)  pos=19090  W/D/B=91/25/79  (46%/12%/40%)  d7  1.8 games/s (avg 0.3)  905.8K nps  ETA 00:18:37
[2026-03-28T01:29:54.118] [INFO] [selfplay:0] [SelfPlay] 196/500 (39%)  pos=19128  W/D/B=91/25/80  (46%/12%/40%)  d7  1.6 games/s (avg 0.3)  903.8K nps  ETA 00:18:22
[2026-03-28T01:29:56.974] [INFO] [selfplay:0] [SelfPlay] 197/500 (39%)  pos=19242  W/D/B=91/25/81  (46%/12%/41%)  d7  1.4 games/s (avg 0.3)  905.1K nps  ETA 00:18:38
[2026-03-28T01:30:00.194] [INFO] [selfplay:0] [SelfPlay] 198/500 (39%)  pos=19319  W/D/B=92/25/81  (46%/12%/40%)  d7  1.3 games/s (avg 0.3)  903.5K nps  ETA 00:18:32
[2026-03-28T01:30:02.079] [INFO] [selfplay:0] [SelfPlay] 199/500 (39%)  pos=19364  W/D/B=92/25/82  (46%/12%/41%)  d7  1.1 games/s (avg 0.3)  899.5K nps  ETA 00:18:30
[2026-03-28T01:30:04.603] [INFO] [selfplay:0] [SelfPlay] 200/500 (40%)  pos=19457  W/D/B=92/25/83  (46%/12%/41%)  d7  1.0 games/s (avg 0.3)  902.1K nps  ETA 00:18:22
[2026-03-28T01:30:05.268] [INFO] [selfplay:0] [SelfPlay] 201/500 (40%)  pos=19568  W/D/B=93/25/83  (46%/12%/41%)  d7  0.9 games/s (avg 0.3)  901.0K nps  ETA 00:18:19
[2026-03-28T01:30:13.110] [INFO] [selfplay:0] [SelfPlay] 202/500 (40%)  pos=19682  W/D/B=93/25/84  (46%/12%/41%)  d7  1.0 games/s (avg 0.3)  903.3K nps  ETA 00:18:04
[2026-03-28T01:30:15.634] [INFO] [selfplay:0] [SelfPlay] 203/500 (40%)  pos=19792  W/D/B=93/25/85  (45%/12%/41%)  d7  0.9 games/s (avg 0.3)  892.6K nps  ETA 00:18:11
[2026-03-28T01:30:19.612] [INFO] [selfplay:0] [SelfPlay] 204/500 (40%)  pos=19932  W/D/B=93/25/86  (45%/12%/42%)  d7  0.8 games/s (avg 0.3)  891.7K nps  ETA 00:18:04
[2026-03-28T01:30:21.027] [INFO] [selfplay:0] [SelfPlay] 205/500 (41%)  pos=20046  W/D/B=93/25/87  (45%/12%/42%)  d7  0.7 games/s (avg 0.3)  888.2K nps  ETA 00:18:04
[2026-03-28T01:30:22.167] [INFO] [selfplay:0] [SelfPlay] 206/500 (41%)  pos=20085  W/D/B=93/26/87  (45%/12%/42%)  d7  0.7 games/s (avg 0.3)  888.0K nps  ETA 00:17:56
[2026-03-28T01:30:25.639] [INFO] [selfplay:0] [SelfPlay] 207/500 (41%)  pos=20126  W/D/B=94/26/87  (45%/12%/42%)  d7  0.8 games/s (avg 0.3)  888.9K nps  ETA 00:17:48
[2026-03-28T01:30:28.680] [INFO] [selfplay:0] [SelfPlay] 208/500 (41%)  pos=20179  W/D/B=95/26/87  (45%/12%/41%)  d7  0.7 games/s (avg 0.3)  884.8K nps  ETA 00:17:44
[2026-03-28T01:30:30.463] [INFO] [selfplay:0] [SelfPlay] 209/500 (41%)  pos=20243  W/D/B=95/26/88  (45%/12%/42%)  d7  0.6 games/s (avg 0.3)  882.1K nps  ETA 00:17:41
[2026-03-28T01:30:31.922] [INFO] [selfplay:0] [SelfPlay] 210/500 (42%)  pos=20408  W/D/B=96/26/88  (45%/12%/41%)  d7  0.6 games/s (avg 0.3)  885.8K nps  ETA 00:17:35
[2026-03-28T01:30:35.521] [INFO] [selfplay:0] [SelfPlay] 211/500 (42%)  pos=20534  W/D/B=97/26/88  (45%/12%/41%)  d7  0.6 games/s (avg 0.3)  890.0K nps  ETA 00:17:26
[2026-03-28T01:30:38.142] [INFO] [selfplay:0] [SelfPlay] 212/500 (42%)  pos=20587  W/D/B=98/26/88  (46%/12%/41%)  d7  0.6 games/s (avg 0.3)  887.1K nps  ETA 00:17:23
[2026-03-28T01:30:43.546] [INFO] [selfplay:0] [SelfPlay] 213/500 (42%)  pos=20782  W/D/B=98/26/89  (46%/12%/41%)  d7  0.5 games/s (avg 0.3)  886.2K nps  ETA 00:17:16
[2026-03-28T01:30:44.374] [INFO] [selfplay:0] [SelfPlay] 214/500 (42%)  pos=20919  W/D/B=99/26/89  (46%/12%/41%)  d7  0.5 games/s (avg 0.3)  883.1K nps  ETA 00:17:19
[2026-03-28T01:30:54.374] [INFO] [selfplay:0] [SelfPlay] 215/500 (43%)  pos=20972  W/D/B=100/26/89  (46%/12%/41%)  d7  0.6 games/s (avg 0.3)  883.9K nps  ETA 00:17:02
[2026-03-28T01:30:59.507] [INFO] [selfplay:0] [SelfPlay] 216/500 (43%)  pos=21037  W/D/B=101/26/89  (46%/12%/41%)  d7  0.5 games/s (avg 0.3)  870.3K nps  ETA 00:17:12
[2026-03-28T01:31:01.123] [INFO] [selfplay:0] [SelfPlay] 217/500 (43%)  pos=21187  W/D/B=102/26/89  (47%/11%/41%)  d7  0.5 games/s (avg 0.3)  865.1K nps  ETA 00:17:14
[2026-03-28T01:31:05.766] [INFO] [selfplay:0] [SelfPlay] 218/500 (43%)  pos=21232  W/D/B=102/26/90  (46%/11%/41%)  d7  0.5 games/s (avg 0.3)  864.7K nps  ETA 00:17:04
[2026-03-28T01:31:12.562] [INFO] [selfplay:0] [SelfPlay] 219/500 (43%)  pos=21276  W/D/B=102/26/91  (46%/11%/41%)  d7  0.5 games/s (avg 0.3)  859.9K nps  ETA 00:17:00
[2026-03-28T01:31:14.460] [INFO] [selfplay:0] [SelfPlay] 220/500 (44%)  pos=21413  W/D/B=103/26/91  (46%/11%/41%)  d7  0.4 games/s (avg 0.3)  852.6K nps  ETA 00:17:05
[2026-03-28T01:31:15.953] [INFO] [selfplay:0] [SelfPlay] 221/500 (44%)  pos=21536  W/D/B=104/26/91  (47%/11%/41%)  d7  0.4 games/s (avg 0.3)  854.8K nps  ETA 00:17:00
[2026-03-28T01:31:16.026] [INFO] [selfplay:0] [SelfPlay] 222/500 (44%)  pos=21647  W/D/B=104/26/92  (46%/11%/41%)  d7  0.5 games/s (avg 0.3)  857.8K nps  ETA 00:16:55
[2026-03-28T01:31:16.807] [INFO] [selfplay:0] [SelfPlay] 223/500 (44%)  pos=21715  W/D/B=105/26/92  (47%/11%/41%)  d7  2.5 games/s (avg 0.3)  863.8K nps  ETA 00:16:46
[2026-03-28T01:31:17.228] [INFO] [selfplay:0] [SelfPlay] 224/500 (44%)  pos=21868  W/D/B=106/26/92  (47%/11%/41%)  d7  2.3 games/s (avg 0.3)  867.0K nps  ETA 00:16:39
[2026-03-28T01:31:29.248] [INFO] [selfplay:0] [SelfPlay] 225/500 (45%)  pos=21917  W/D/B=107/26/92  (47%/11%/40%)  d7  2.3 games/s (avg 0.3)  869.5K nps  ETA 00:16:20
[2026-03-28T01:31:34.011] [INFO] [selfplay:0] [SelfPlay] 226/500 (45%)  pos=22006  W/D/B=107/26/93  (47%/11%/41%)  d7  2.1 games/s (avg 0.3)  873.1K nps  ETA 00:16:35
[2026-03-28T01:31:34.101] [INFO] [selfplay:0] [SelfPlay] 227/500 (45%)  pos=22072  W/D/B=107/26/94  (47%/11%/41%)  d7  2.0 games/s (avg 0.3)  874.9K nps  ETA 00:16:36
[2026-03-28T01:31:36.663] [INFO] [selfplay:0] [SelfPlay] 228/500 (45%)  pos=22232  W/D/B=107/26/95  (46%/11%/41%)  d7  3.3 games/s (avg 0.3)  878.6K nps  ETA 00:16:25
[2026-03-28T01:31:41.262] [INFO] [selfplay:0] [SelfPlay] 229/500 (45%)  pos=22350  W/D/B=107/27/95  (46%/11%/41%)  d7  2.9 games/s (avg 0.3)  877.8K nps  ETA 00:16:19
[2026-03-28T01:31:43.195] [INFO] [selfplay:0] [SelfPlay] 230/500 (46%)  pos=22476  W/D/B=107/27/96  (46%/11%/41%)  d7  2.7 games/s (avg 0.3)  883.7K nps  ETA 00:16:19
[2026-03-28T01:31:48.350] [INFO] [selfplay:0] [SelfPlay] 231/500 (46%)  pos=22602  W/D/B=107/28/96  (46%/12%/41%)  d7  2.3 games/s (avg 0.3)  883.3K nps  ETA 00:16:10
[2026-03-28T01:31:50.179] [INFO] [selfplay:0] [SelfPlay] 232/500 (46%)  pos=22667  W/D/B=107/28/97  (46%/12%/41%)  d7  2.2 games/s (avg 0.3)  885.5K nps  ETA 00:16:12
[2026-03-28T01:31:50.828] [INFO] [selfplay:0] [SelfPlay] 233/500 (46%)  pos=22803  W/D/B=108/28/97  (46%/12%/41%)  d7  1.9 games/s (avg 0.3)  885.9K nps  ETA 00:16:08
[2026-03-28T01:31:54.334] [INFO] [selfplay:0] [SelfPlay] 234/500 (46%)  pos=22926  W/D/B=108/29/97  (46%/12%/41%)  d7  1.9 games/s (avg 0.3)  889.5K nps  ETA 00:15:57
[2026-03-28T01:31:55.291] [INFO] [selfplay:0] [SelfPlay] 235/500 (47%)  pos=22963  W/D/B=108/29/98  (45%/12%/41%)  d7  1.6 games/s (avg 0.3)  887.3K nps  ETA 00:15:56
[2026-03-28T01:32:00.837] [INFO] [selfplay:0] [SelfPlay] 236/500 (47%)  pos=22998  W/D/B=108/29/99  (45%/12%/41%)  d7  1.5 games/s (avg 0.3)  888.2K nps  ETA 00:15:46
[2026-03-28T01:32:05.761] [INFO] [selfplay:0] [SelfPlay] 237/500 (47%)  pos=23041  W/D/B=108/29/100  (45%/12%/42%)  d7  1.3 games/s (avg 0.3)  883.4K nps  ETA 00:15:44
[2026-03-28T01:32:08.106] [INFO] [selfplay:0] [SelfPlay] 238/500 (47%)  pos=23081  W/D/B=108/29/101  (45%/12%/42%)  d7  1.2 games/s (avg 0.3)  877.1K nps  ETA 00:15:45
[2026-03-28T01:32:12.019] [INFO] [selfplay:0] [SelfPlay] 239/500 (47%)  pos=23240  W/D/B=109/29/101  (45%/12%/42%)  d7  1.1 games/s (avg 0.3)  878.3K nps  ETA 00:15:38
[2026-03-28T01:32:12.353] [INFO] [selfplay:0] [SelfPlay] 240/500 (48%)  pos=23346  W/D/B=110/29/101  (45%/12%/42%)  d7  0.9 games/s (avg 0.3)  875.5K nps  ETA 00:15:38
[2026-03-28T01:32:12.848] [INFO] [selfplay:0] [SelfPlay] 241/500 (48%)  pos=23413  W/D/B=111/29/101  (46%/12%/41%)  d7  1.2 games/s (avg 0.3)  877.7K nps  ETA 00:15:32
[2026-03-28T01:32:22.307] [INFO] [selfplay:0] [SelfPlay] 242/500 (48%)  pos=23508  W/D/B=112/29/101  (46%/11%/41%)  d7  1.4 games/s (avg 0.3)  879.8K nps  ETA 00:15:15
[2026-03-28T01:32:23.546] [INFO] [selfplay:0] [SelfPlay] 243/500 (48%)  pos=23611  W/D/B=113/29/101  (46%/11%/41%)  d7  1.3 games/s (avg 0.3)  883.1K nps  ETA 00:15:26
[2026-03-28T01:32:29.442] [INFO] [selfplay:0] [SelfPlay] 244/500 (48%)  pos=23684  W/D/B=113/30/101  (46%/12%/41%)  d7  1.2 games/s (avg 0.3)  885.2K nps  ETA 00:15:15
[2026-03-28T01:32:31.440] [INFO] [selfplay:0] [SelfPlay] 245/500 (49%)  pos=23722  W/D/B=113/30/102  (46%/12%/41%)  d7  1.0 games/s (avg 0.3)  878.6K nps  ETA 00:15:18
[2026-03-28T01:32:32.223] [INFO] [selfplay:0] [SelfPlay] 246/500 (49%)  pos=23732  W/D/B=114/30/102  (46%/12%/41%)  d7  1.0 games/s (avg 0.3)  876.2K nps  ETA 00:15:14
[2026-03-28T01:32:32.859] [INFO] [selfplay:0] [SelfPlay] 247/500 (49%)  pos=23813  W/D/B=114/30/103  (46%/12%/41%)  d7  1.0 games/s (avg 0.3)  876.8K nps  ETA 00:15:08
[2026-03-28T01:32:35.142] [INFO] [selfplay:0] [SelfPlay] 248/500 (49%)  pos=23911  W/D/B=114/30/104  (45%/12%/41%)  d7  1.1 games/s (avg 0.3)  879.2K nps  ETA 00:14:59
[2026-03-28T01:32:39.922] [INFO] [selfplay:0] [SelfPlay] 249/500 (49%)  pos=23966  W/D/B=115/30/104  (46%/12%/41%)  d7  1.0 games/s (avg 0.3)  878.4K nps  ETA 00:14:52
[2026-03-28T01:32:40.027] [INFO] [selfplay:0] [SelfPlay] 250/500 (50%)  pos=24206  W/D/B=115/31/104  (46%/12%/41%)  d7  0.9 games/s (avg 0.3)  875.3K nps  ETA 00:14:54
[2026-03-28T01:32:47.026] [INFO] [selfplay:0] [SelfPlay] 251/500 (50%)  pos=24260  W/D/B=115/32/104  (45%/12%/41%)  d7  2.2 games/s (avg 0.3)  877.3K nps  ETA 00:14:40
[2026-03-28T01:32:48.047] [INFO] [selfplay:0] [SelfPlay] 252/500 (50%)  pos=24385  W/D/B=115/32/105  (45%/12%/41%)  d7  2.0 games/s (avg 0.3)  880.1K nps  ETA 00:14:46
[2026-03-28T01:32:55.036] [INFO] [selfplay:0] [SelfPlay] 253/500 (50%)  pos=24531  W/D/B=115/32/106  (45%/12%/41%)  d7  1.9 games/s (avg 0.3)  883.8K nps  ETA 00:14:34
[2026-03-28T01:32:56.264] [INFO] [selfplay:0] [SelfPlay] 254/500 (50%)  pos=24581  W/D/B=116/32/106  (45%/12%/41%)  d7  1.7 games/s (avg 0.3)  885.2K nps  ETA 00:14:39
[2026-03-28T01:33:02.002] [INFO] [selfplay:0] [SelfPlay] 255/500 (51%)  pos=24714  W/D/B=117/32/106  (45%/12%/41%)  d7  1.6 games/s (avg 0.3)  889.0K nps  ETA 00:14:30
[2026-03-28T01:33:04.453] [INFO] [selfplay:0] [SelfPlay] 256/500 (51%)  pos=24886  W/D/B=118/32/106  (46%/12%/41%)  d7  1.4 games/s (avg 0.3)  884.8K nps  ETA 00:14:30
[2026-03-28T01:33:06.152] [INFO] [selfplay:0] [SelfPlay] 257/500 (51%)  pos=24953  W/D/B=118/32/107  (45%/12%/41%)  d7  1.2 games/s (avg 0.3)  883.9K nps  ETA 00:14:27
[2026-03-28T01:33:08.099] [INFO] [selfplay:0] [SelfPlay] 258/500 (51%)  pos=25083  W/D/B=119/32/107  (46%/12%/41%)  d7  1.1 games/s (avg 0.3)  884.0K nps  ETA 00:14:22
[2026-03-28T01:33:08.833] [INFO] [selfplay:0] [SelfPlay] 259/500 (51%)  pos=25104  W/D/B=119/32/108  (45%/12%/41%)  d7  1.0 games/s (avg 0.3)  884.1K nps  ETA 00:14:17
[2026-03-28T01:33:11.813] [INFO] [selfplay:0] [SelfPlay] 260/500 (52%)  pos=25233  W/D/B=119/32/109  (45%/12%/41%)  d7  1.1 games/s (avg 0.3)  886.2K nps  ETA 00:14:09
[2026-03-28T01:33:20.183] [INFO] [selfplay:0] [SelfPlay] 261/500 (52%)  pos=25327  W/D/B=120/32/109  (45%/12%/41%)  d7  1.0 games/s (avg 0.3)  884.4K nps  ETA 00:13:59
[2026-03-28T01:33:28.395] [INFO] [selfplay:0] [SelfPlay] 262/500 (52%)  pos=25471  W/D/B=121/32/109  (46%/12%/41%)  d7  0.8 games/s (avg 0.3)  875.5K nps  ETA 00:14:01
[2026-03-28T01:33:31.416] [INFO] [selfplay:0] [SelfPlay] 263/500 (52%)  pos=25621  W/D/B=122/32/109  (46%/12%/41%)  d7  0.7 games/s (avg 0.3)  867.2K nps  ETA 00:14:07
[2026-03-28T01:33:31.575] [INFO] [selfplay:0] [SelfPlay] 264/500 (52%)  pos=25736  W/D/B=123/32/109  (46%/12%/41%)  d7  0.7 games/s (avg 0.3)  866.5K nps  ETA 00:14:05
[2026-03-28T01:33:33.175] [INFO] [selfplay:0] [SelfPlay] 265/500 (53%)  pos=25784  W/D/B=123/32/110  (46%/12%/41%)  d7  1.5 games/s (avg 0.3)  867.8K nps  ETA 00:13:57
[2026-03-28T01:33:33.941] [INFO] [selfplay:0] [SelfPlay] 266/500 (53%)  pos=25903  W/D/B=123/32/111  (46%/12%/41%)  d7  1.4 games/s (avg 0.3)  871.3K nps  ETA 00:13:53
[2026-03-28T01:33:38.108] [INFO] [selfplay:0] [SelfPlay] 267/500 (53%)  pos=26069  W/D/B=124/32/111  (46%/11%/41%)  d7  1.4 games/s (avg 0.3)  873.4K nps  ETA 00:13:43
[2026-03-28T01:33:38.472] [INFO] [selfplay:0] [SelfPlay] 268/500 (53%)  pos=26203  W/D/B=125/32/111  (46%/11%/41%)  d7  1.2 games/s (avg 0.3)  870.9K nps  ETA 00:13:43
[2026-03-28T01:33:42.014] [INFO] [selfplay:0] [SelfPlay] 269/500 (53%)  pos=26285  W/D/B=126/32/111  (46%/11%/41%)  d7  1.4 games/s (avg 0.3)  873.2K nps  ETA 00:13:35
[2026-03-28T01:33:42.458] [INFO] [selfplay:0] [SelfPlay] 270/500 (54%)  pos=26412  W/D/B=126/32/112  (46%/11%/41%)  d7  1.3 games/s (avg 0.3)  871.4K nps  ETA 00:13:34
[2026-03-28T01:33:49.906] [INFO] [selfplay:0] [SelfPlay] 271/500 (54%)  pos=26447  W/D/B=126/32/113  (46%/11%/41%)  d7  1.4 games/s (avg 0.3)  872.6K nps  ETA 00:13:21
[2026-03-28T01:33:51.377] [INFO] [selfplay:0] [SelfPlay] 272/500 (54%)  pos=26494  W/D/B=126/32/114  (46%/11%/41%)  d7  1.3 games/s (avg 0.3)  873.0K nps  ETA 00:13:26
[2026-03-28T01:33:53.046] [INFO] [selfplay:0] [SelfPlay] 273/500 (54%)  pos=26585  W/D/B=126/32/115  (46%/11%/42%)  d7  1.2 games/s (avg 0.3)  874.2K nps  ETA 00:13:22
[2026-03-28T01:34:02.576] [INFO] [selfplay:0] [SelfPlay] 274/500 (54%)  pos=26632  W/D/B=127/32/115  (46%/11%/41%)  d7  1.1 games/s (avg 0.3)  873.9K nps  ETA 00:13:08
[2026-03-28T01:34:04.863] [INFO] [selfplay:0] [SelfPlay] 275/500 (55%)  pos=26709  W/D/B=127/32/116  (46%/11%/42%)  d7  1.0 games/s (avg 0.3)  877.3K nps  ETA 00:13:17
[2026-03-28T01:34:10.068] [INFO] [selfplay:0] [SelfPlay] 276/500 (55%)  pos=26781  W/D/B=127/32/117  (46%/11%/42%)  d7  0.9 games/s (avg 0.3)  875.9K nps  ETA 00:13:10
[2026-03-28T01:34:15.557] [INFO] [selfplay:0] [SelfPlay] 277/500 (55%)  pos=26898  W/D/B=128/32/117  (46%/11%/42%)  d7  0.8 games/s (avg 0.3)  872.0K nps  ETA 00:13:06
[2026-03-28T01:34:16.300] [INFO] [selfplay:0] [SelfPlay] 278/500 (55%)  pos=27051  W/D/B=128/33/117  (46%/11%/42%)  d7  0.7 games/s (avg 0.3)  867.9K nps  ETA 00:13:09
[2026-03-28T01:34:21.025] [INFO] [selfplay:0] [SelfPlay] 279/500 (55%)  pos=27120  W/D/B=129/33/117  (46%/11%/41%)  d7  0.8 games/s (avg 0.3)  872.2K nps  ETA 00:13:01
[2026-03-28T01:34:22.296] [INFO] [selfplay:0] [SelfPlay] 280/500 (56%)  pos=27187  W/D/B=129/34/117  (46%/12%/41%)  d7  0.7 games/s (avg 0.3)  868.0K nps  ETA 00:13:00
[2026-03-28T01:34:23.423] [INFO] [selfplay:0] [SelfPlay] 281/500 (56%)  pos=27308  W/D/B=130/34/117  (46%/12%/41%)  d7  0.7 games/s (avg 0.3)  869.6K nps  ETA 00:12:56
[2026-03-28T01:34:30.356] [INFO] [selfplay:0] [SelfPlay] 282/500 (56%)  pos=27360  W/D/B=130/34/118  (46%/12%/41%)  d7  0.8 games/s (avg 0.3)  871.7K nps  ETA 00:12:44
[2026-03-28T01:34:34.304] [INFO] [selfplay:0] [SelfPlay] 283/500 (56%)  pos=27452  W/D/B=130/34/119  (45%/12%/42%)  d7  0.7 games/s (avg 0.3)  864.5K nps  ETA 00:12:46
[2026-03-28T01:34:39.044] [INFO] [selfplay:0] [SelfPlay] 284/500 (56%)  pos=27535  W/D/B=130/34/120  (45%/11%/42%)  d7  0.6 games/s (avg 0.3)  863.7K nps  ETA 00:12:43
[2026-03-28T01:34:40.607] [INFO] [selfplay:0] [SelfPlay] 285/500 (57%)  pos=27610  W/D/B=131/34/120  (45%/11%/42%)  d7  0.5 games/s (avg 0.3)  861.3K nps  ETA 00:12:42
[2026-03-28T01:34:41.408] [INFO] [selfplay:0] [SelfPlay] 286/500 (57%)  pos=27665  W/D/B=132/34/120  (46%/11%/41%)  d7  0.6 games/s (avg 0.3)  862.1K nps  ETA 00:12:38
[2026-03-28T01:34:48.557] [INFO] [selfplay:0] [SelfPlay] 287/500 (57%)  pos=27905  W/D/B=132/35/120  (45%/12%/41%)  d7  0.7 games/s (avg 0.3)  866.8K nps  ETA 00:12:27
[2026-03-28T01:34:53.440] [INFO] [selfplay:0] [SelfPlay] 288/500 (57%)  pos=27941  W/D/B=132/35/121  (45%/12%/42%)  d7  0.6 games/s (avg 0.3)  858.9K nps  ETA 00:12:28
[2026-03-28T01:34:53.725] [INFO] [selfplay:0] [SelfPlay] 289/500 (57%)  pos=28030  W/D/B=132/35/122  (45%/12%/42%)  d7  0.5 games/s (avg 0.3)  855.0K nps  ETA 00:12:30
[2026-03-28T01:34:54.497] [INFO] [selfplay:0] [SelfPlay] 290/500 (58%)  pos=28079  W/D/B=133/35/122  (45%/12%/42%)  d7  1.0 games/s (avg 0.3)  857.2K nps  ETA 00:12:23
[2026-03-28T01:34:54.752] [INFO] [selfplay:0] [SelfPlay] 291/500 (58%)  pos=28270  W/D/B=133/36/122  (45%/12%/41%)  d7  1.0 games/s (avg 0.3)  859.1K nps  ETA 00:12:19
[2026-03-28T01:34:55.527] [INFO] [selfplay:0] [SelfPlay] 292/500 (58%)  pos=28363  W/D/B=134/36/122  (45%/12%/41%)  d7  1.5 games/s (avg 0.3)  862.0K nps  ETA 00:12:12
[2026-03-28T01:35:05.603] [INFO] [selfplay:0] [SelfPlay] 293/500 (58%)  pos=28438  W/D/B=134/36/123  (45%/12%/41%)  d7  1.4 games/s (avg 0.3)  863.3K nps  ETA 00:11:57
[2026-03-28T01:35:11.606] [INFO] [selfplay:0] [SelfPlay] 294/500 (58%)  pos=28479  W/D/B=135/36/123  (45%/12%/41%)  d7  1.3 games/s (avg 0.3)  865.5K nps  ETA 00:12:03
[2026-03-28T01:35:12.330] [INFO] [selfplay:0] [SelfPlay] 295/500 (59%)  pos=28571  W/D/B=135/36/124  (45%/12%/42%)  d7  1.2 games/s (avg 0.3)  860.3K nps  ETA 00:12:06
[2026-03-28T01:35:15.338] [INFO] [selfplay:0] [SelfPlay] 296/500 (59%)  pos=28620  W/D/B=135/37/124  (45%/12%/41%)  d7  1.2 games/s (avg 0.3)  860.6K nps  ETA 00:11:58
[2026-03-28T01:35:19.461] [INFO] [selfplay:0] [SelfPlay] 297/500 (59%)  pos=28768  W/D/B=136/37/124  (45%/12%/41%)  d7  1.1 games/s (avg 0.3)  863.1K nps  ETA 00:11:53
[2026-03-28T01:35:19.515] [INFO] [selfplay:0] [SelfPlay] 298/500 (59%)  pos=28868  W/D/B=137/37/124  (45%/12%/41%)  d7  0.9 games/s (avg 0.3)  861.0K nps  ETA 00:11:54
[2026-03-28T01:35:20.252] [INFO] [selfplay:0] [SelfPlay] 299/500 (59%)  pos=29037  W/D/B=137/38/124  (45%/12%/41%)  d7  3.6 games/s (avg 0.3)  864.5K nps  ETA 00:11:47
[2026-03-28T01:35:30.369] [INFO] [selfplay:0] [SelfPlay] 300/500 (60%)  pos=29123  W/D/B=137/38/125  (45%/12%/41%)  d7  3.2 games/s (avg 0.3)  866.4K nps  ETA 00:11:33
[2026-03-28T01:35:35.275] [INFO] [selfplay:0] [SelfPlay] 301/500 (60%)  pos=29212  W/D/B=138/38/125  (45%/12%/41%)  d7  3.0 games/s (avg 0.3)  868.6K nps  ETA 00:11:39
[2026-03-28T01:35:36.461] [INFO] [selfplay:0] [SelfPlay] 302/500 (60%)  pos=29264  W/D/B=138/39/125  (45%/12%/41%)  d7  2.8 games/s (avg 0.3)  869.8K nps  ETA 00:11:40
[2026-03-28T01:35:36.628] [INFO] [selfplay:0] [SelfPlay] 303/500 (60%)  pos=29399  W/D/B=138/39/126  (45%/12%/41%)  d7  2.5 games/s (avg 0.3)  871.5K nps  ETA 00:11:36
[2026-03-28T01:35:37.670] [INFO] [selfplay:0] [SelfPlay] 304/500 (60%)  pos=29484  W/D/B=139/39/126  (45%/12%/41%)  d7  3.0 games/s (avg 0.3)  874.7K nps  ETA 00:11:29
[2026-03-28T01:35:38.215] [INFO] [selfplay:0] [SelfPlay] 305/500 (61%)  pos=29554  W/D/B=140/39/126  (45%/12%/41%)  d7  2.7 games/s (avg 0.3)  876.5K nps  ETA 00:11:24
[2026-03-28T01:35:44.389] [INFO] [selfplay:0] [SelfPlay] 306/500 (61%)  pos=29685  W/D/B=140/40/126  (45%/13%/41%)  d7  2.6 games/s (avg 0.3)  878.3K nps  ETA 00:11:14
[2026-03-28T01:35:47.436] [INFO] [selfplay:0] [SelfPlay] 307/500 (61%)  pos=29785  W/D/B=141/40/126  (45%/13%/41%)  d7  2.4 games/s (avg 0.3)  879.7K nps  ETA 00:11:15
[2026-03-28T01:35:50.168] [INFO] [selfplay:0] [SelfPlay] 308/500 (61%)  pos=29865  W/D/B=142/40/126  (46%/12%/40%)  d7  2.1 games/s (avg 0.3)  878.1K nps  ETA 00:11:11
[2026-03-28T01:35:51.396] [INFO] [selfplay:0] [SelfPlay] 309/500 (61%)  pos=29962  W/D/B=143/40/126  (46%/12%/40%)  d7  1.8 games/s (avg 0.3)  876.9K nps  ETA 00:11:09
[2026-03-28T01:35:59.920] [INFO] [selfplay:0] [SelfPlay] 310/500 (62%)  pos=30038  W/D/B=143/40/127  (46%/12%/40%)  d7  1.7 games/s (avg 0.3)  879.4K nps  ETA 00:10:57
[2026-03-28T01:36:08.449] [INFO] [selfplay:0] [SelfPlay] 311/500 (62%)  pos=30076  W/D/B=143/40/128  (45%/12%/41%)  d7  1.5 games/s (avg 0.3)  880.2K nps  ETA 00:10:56
[2026-03-28T01:36:09.409] [INFO] [selfplay:0] [SelfPlay] 312/500 (62%)  pos=30147  W/D/B=144/40/128  (46%/12%/41%)  d7  1.4 games/s (avg 0.3)  881.1K nps  ETA 00:11:03
[2026-03-28T01:36:09.795] [INFO] [selfplay:0] [SelfPlay] 313/500 (62%)  pos=30237  W/D/B=144/40/129  (46%/12%/41%)  d7  1.4 games/s (avg 0.3)  882.5K nps  ETA 00:10:59
[2026-03-28T01:36:12.273] [INFO] [selfplay:0] [SelfPlay] 314/500 (62%)  pos=30330  W/D/B=144/40/130  (45%/12%/41%)  d7  1.5 games/s (avg 0.3)  886.1K nps  ETA 00:10:51
[2026-03-28T01:36:14.061] [INFO] [selfplay:0] [SelfPlay] 315/500 (63%)  pos=30426  W/D/B=144/40/131  (45%/12%/41%)  d7  1.4 games/s (avg 0.3)  886.9K nps  ETA 00:10:49
[2026-03-28T01:36:18.934] [INFO] [selfplay:0] [SelfPlay] 316/500 (63%)  pos=30505  W/D/B=144/41/131  (45%/12%/41%)  d7  1.3 games/s (avg 0.3)  887.1K nps  ETA 00:10:40
[2026-03-28T01:36:22.098] [INFO] [selfplay:0] [SelfPlay] 317/500 (63%)  pos=30616  W/D/B=144/41/132  (45%/12%/41%)  d7  1.1 games/s (avg 0.3)  883.9K nps  ETA 00:10:39
[2026-03-28T01:36:23.743] [INFO] [selfplay:0] [SelfPlay] 318/500 (63%)  pos=30699  W/D/B=144/41/133  (45%/12%/41%)  d7  1.0 games/s (avg 0.3)  881.6K nps  ETA 00:10:37
[2026-03-28T01:36:30.371] [INFO] [selfplay:0] [SelfPlay] 319/500 (63%)  pos=30825  W/D/B=144/42/133  (45%/13%/41%)  d7  0.9 games/s (avg 0.3)  881.8K nps  ETA 00:10:27
[2026-03-28T01:36:31.416] [INFO] [selfplay:0] [SelfPlay] 320/500 (64%)  pos=30992  W/D/B=145/42/133  (45%/13%/41%)  d7  0.8 games/s (avg 0.3)  877.4K nps  ETA 00:10:31
[2026-03-28T01:36:41.070] [INFO] [selfplay:0] [SelfPlay] 321/500 (64%)  pos=31069  W/D/B=145/42/134  (45%/13%/41%)  d7  0.8 games/s (avg 0.3)  878.9K nps  ETA 00:10:19
[2026-03-28T01:36:41.132] [INFO] [selfplay:0] [SelfPlay] 322/500 (64%)  pos=31159  W/D/B=146/42/134  (45%/13%/41%)  d7  0.7 games/s (avg 0.3)  870.9K nps  ETA 00:10:27
[2026-03-28T01:36:43.905] [INFO] [selfplay:0] [SelfPlay] 323/500 (64%)  pos=31223  W/D/B=146/42/135  (45%/13%/41%)  d7  3.1 games/s (avg 0.3)  872.9K nps  ETA 00:10:20
[2026-03-28T01:36:53.492] [INFO] [selfplay:0] [SelfPlay] 324/500 (64%)  pos=31326  W/D/B=147/42/135  (45%/12%/41%)  d7  2.7 games/s (avg 0.3)  872.0K nps  ETA 00:10:08
[2026-03-28T01:36:54.896] [INFO] [selfplay:0] [SelfPlay] 325/500 (65%)  pos=31447  W/D/B=148/42/135  (45%/12%/41%)  d7  2.5 games/s (avg 0.3)  874.4K nps  ETA 00:10:17
[2026-03-28T01:36:56.522] [INFO] [selfplay:0] [SelfPlay] 326/500 (65%)  pos=31538  W/D/B=148/43/135  (45%/13%/41%)  d7  2.2 games/s (avg 0.3)  875.3K nps  ETA 00:10:11
[2026-03-28T01:37:03.990] [INFO] [selfplay:0] [SelfPlay] 327/500 (65%)  pos=31554  W/D/B=149/43/135  (45%/13%/41%)  d7  2.0 games/s (avg 0.3)  874.4K nps  ETA 00:10:02
[2026-03-28T01:37:05.138] [INFO] [selfplay:0] [SelfPlay] 328/500 (65%)  pos=31674  W/D/B=149/43/136  (45%/13%/41%)  d7  1.8 games/s (avg 0.3)  876.5K nps  ETA 00:10:06
[2026-03-28T01:37:07.846] [INFO] [selfplay:0] [SelfPlay] 329/500 (65%)  pos=31785  W/D/B=150/43/136  (45%/13%/41%)  d7  1.7 games/s (avg 0.3)  877.6K nps  ETA 00:09:59
[2026-03-28T01:37:09.021] [INFO] [selfplay:0] [SelfPlay] 330/500 (66%)  pos=31883  W/D/B=151/43/136  (45%/13%/41%)  d7  1.5 games/s (avg 0.3)  876.2K nps  ETA 00:09:57
[2026-03-28T01:37:11.339] [INFO] [selfplay:0] [SelfPlay] 331/500 (66%)  pos=32010  W/D/B=152/43/136  (45%/12%/41%)  d7  1.4 games/s (avg 0.3)  878.6K nps  ETA 00:09:51
[2026-03-28T01:37:13.459] [INFO] [selfplay:0] [SelfPlay] 332/500 (66%)  pos=32134  W/D/B=152/44/136  (45%/13%/40%)  d7  1.2 games/s (avg 0.3)  879.3K nps  ETA 00:09:48
[2026-03-28T01:37:16.569] [INFO] [selfplay:0] [SelfPlay] 333/500 (66%)  pos=32149  W/D/B=152/44/137  (45%/13%/41%)  d7  1.1 games/s (avg 0.3)  878.2K nps  ETA 00:09:42
[2026-03-28T01:37:17.265] [INFO] [selfplay:0] [SelfPlay] 334/500 (66%)  pos=32286  W/D/B=152/44/138  (45%/13%/41%)  d7  1.0 games/s (avg 0.3)  881.2K nps  ETA 00:09:41
[2026-03-28T01:37:23.061] [INFO] [selfplay:0] [SelfPlay] 335/500 (67%)  pos=32333  W/D/B=152/44/139  (45%/13%/41%)  d7  1.1 games/s (avg 0.3)  883.3K nps  ETA 00:09:32
[2026-03-28T01:37:32.012] [INFO] [selfplay:0] [SelfPlay] 336/500 (67%)  pos=32421  W/D/B=153/44/139  (45%/13%/41%)  d7  0.9 games/s (avg 0.3)  879.3K nps  ETA 00:09:25
[2026-03-28T01:37:38.419] [INFO] [selfplay:0] [SelfPlay] 337/500 (67%)  pos=32474  W/D/B=154/44/139  (45%/13%/41%)  d7  0.8 games/s (avg 0.3)  871.0K nps  ETA 00:09:27
[2026-03-28T01:37:42.871] [INFO] [selfplay:0] [SelfPlay] 338/500 (67%)  pos=32526  W/D/B=154/44/140  (45%/13%/41%)  d7  0.7 games/s (avg 0.3)  865.2K nps  ETA 00:09:27
[2026-03-28T01:37:50.002] [INFO] [selfplay:0] [SelfPlay] 339/500 (67%)  pos=32682  W/D/B=155/44/140  (45%/12%/41%)  d7  0.6 games/s (avg 0.3)  863.4K nps  ETA 00:09:21
[2026-03-28T01:37:50.571] [INFO] [selfplay:0] [SelfPlay] 340/500 (68%)  pos=32753  W/D/B=155/44/141  (45%/12%/41%)  d7  0.6 games/s (avg 0.3)  858.1K nps  ETA 00:09:26
[2026-03-28T01:37:56.996] [INFO] [selfplay:0] [SelfPlay] 341/500 (68%)  pos=32890  W/D/B=155/44/142  (45%/12%/41%)  d7  0.7 games/s (avg 0.3)  860.3K nps  ETA 00:09:16
[2026-03-28T01:38:00.723] [INFO] [selfplay:0] [SelfPlay] 342/500 (68%)  pos=32987  W/D/B=155/44/143  (45%/12%/41%)  d7  0.7 games/s (avg 0.3)  855.6K nps  ETA 00:09:15
[2026-03-28T01:38:01.957] [INFO] [selfplay:0] [SelfPlay] 343/500 (68%)  pos=33059  W/D/B=155/44/144  (45%/12%/41%)  d7  0.6 games/s (avg 0.3)  852.8K nps  ETA 00:09:15
[2026-03-28T01:38:05.316] [INFO] [selfplay:0] [SelfPlay] 344/500 (68%)  pos=33185  W/D/B=156/44/144  (45%/12%/41%)  d7  0.6 games/s (avg 0.3)  855.5K nps  ETA 00:09:07
[2026-03-28T01:38:05.331] [INFO] [selfplay:0] [SelfPlay] 345/500 (69%)  pos=33337  W/D/B=157/44/144  (45%/12%/41%)  d7  0.6 games/s (avg 0.3)  855.3K nps  ETA 00:09:08
[2026-03-28T01:38:06.488] [INFO] [selfplay:0] [SelfPlay] 346/500 (69%)  pos=33450  W/D/B=158/44/144  (45%/12%/41%)  d7  10.5 games/s (avg 0.3)  858.4K nps  ETA 00:09:02
[2026-03-28T01:38:11.146] [INFO] [selfplay:0] [SelfPlay] 347/500 (69%)  pos=33558  W/D/B=158/45/144  (45%/12%/41%)  d7  9.7 games/s (avg 0.3)  861.9K nps  ETA 00:08:53
[2026-03-28T01:38:13.773] [INFO] [selfplay:0] [SelfPlay] 348/500 (69%)  pos=33669  W/D/B=158/45/145  (45%/12%/41%)  d7  9.0 games/s (avg 0.3)  865.1K nps  ETA 00:08:53
[2026-03-28T01:38:15.054] [INFO] [selfplay:0] [SelfPlay] 349/500 (69%)  pos=33767  W/D/B=159/45/145  (45%/12%/41%)  d7  8.3 games/s (avg 0.3)  866.4K nps  ETA 00:08:50
[2026-03-28T01:38:20.470] [INFO] [selfplay:0] [SelfPlay] 350/500 (70%)  pos=33804  W/D/B=159/45/146  (45%/12%/41%)  d7  7.7 games/s (avg 0.3)  867.1K nps  ETA 00:08:41
[2026-03-28T01:38:21.384] [INFO] [selfplay:0] [SelfPlay] 351/500 (70%)  pos=33819  W/D/B=160/45/146  (45%/12%/41%)  d7  7.1 games/s (avg 0.3)  867.8K nps  ETA 00:08:43
[2026-03-28T01:38:27.334] [INFO] [selfplay:0] [SelfPlay] 352/500 (70%)  pos=33936  W/D/B=161/45/146  (45%/12%/41%)  d7  6.2 games/s (avg 0.3)  869.7K nps  ETA 00:08:33
[2026-03-28T01:38:35.673] [INFO] [selfplay:0] [SelfPlay] 353/500 (70%)  pos=34064  W/D/B=161/45/147  (45%/12%/41%)  d7  5.8 games/s (avg 0.3)  871.0K nps  ETA 00:08:29
[2026-03-28T01:38:37.338] [INFO] [selfplay:0] [SelfPlay] 354/500 (70%)  pos=34227  W/D/B=162/45/147  (45%/12%/41%)  d7  5.3 games/s (avg 0.3)  873.2K nps  ETA 00:08:33
[2026-03-28T01:38:40.331] [INFO] [selfplay:0] [SelfPlay] 355/500 (71%)  pos=34302  W/D/B=162/45/148  (45%/12%/41%)  d7  4.6 games/s (avg 0.3)  873.6K nps  ETA 00:08:28
[2026-03-28T01:38:45.474] [INFO] [selfplay:0] [SelfPlay] 356/500 (71%)  pos=34498  W/D/B=162/45/149  (45%/12%/41%)  d7  4.3 games/s (avg 0.3)  882.2K nps  ETA 00:08:22
[2026-03-28T01:38:46.418] [INFO] [selfplay:0] [SelfPlay] 357/500 (71%)  pos=34610  W/D/B=163/45/149  (45%/12%/41%)  d7  4.0 games/s (avg 0.3)  885.2K nps  ETA 00:08:23
[2026-03-28T01:38:46.792] [INFO] [selfplay:0] [SelfPlay] 358/500 (71%)  pos=34831  W/D/B=164/45/149  (45%/12%/41%)  d7  3.5 games/s (avg 0.3)  888.5K nps  ETA 00:08:20
[2026-03-28T01:38:51.882] [INFO] [selfplay:0] [SelfPlay] 359/500 (71%)  pos=34873  W/D/B=164/46/149  (45%/12%/41%)  d7  3.4 games/s (avg 0.3)  889.2K nps  ETA 00:08:10
[2026-03-28T01:38:54.099] [INFO] [selfplay:0] [SelfPlay] 360/500 (72%)  pos=34985  W/D/B=164/46/150  (45%/12%/41%)  d7  3.1 games/s (avg 0.3)  891.3K nps  ETA 00:08:10
[2026-03-28T01:38:54.530] [INFO] [selfplay:0] [SelfPlay] 361/500 (72%)  pos=35034  W/D/B=165/46/150  (45%/12%/41%)  d7  2.7 games/s (avg 0.3)  891.3K nps  ETA 00:08:07
[2026-03-28T01:38:57.681] [INFO] [selfplay:0] [SelfPlay] 362/500 (72%)  pos=35140  W/D/B=166/46/150  (45%/12%/41%)  d7  2.7 games/s (avg 0.3)  893.0K nps  ETA 00:08:00
[2026-03-28T01:39:03.788] [INFO] [selfplay:0] [SelfPlay] 363/500 (72%)  pos=35229  W/D/B=167/46/150  (46%/12%/41%)  d7  2.3 games/s (avg 0.3)  890.8K nps  ETA 00:07:54
[2026-03-28T01:39:13.185] [INFO] [selfplay:0] [SelfPlay] 364/500 (72%)  pos=35309  W/D/B=168/46/150  (46%/12%/41%)  d7  2.1 games/s (avg 0.3)  894.0K nps  ETA 00:07:47
[2026-03-28T01:39:15.897] [INFO] [selfplay:0] [SelfPlay] 365/500 (73%)  pos=35376  W/D/B=169/46/150  (46%/12%/41%)  d7  2.0 games/s (avg 0.3)  896.5K nps  ETA 00:07:54
[2026-03-28T01:39:17.212] [INFO] [selfplay:0] [SelfPlay] 366/500 (73%)  pos=35432  W/D/B=169/46/151  (46%/12%/41%)  d7  1.7 games/s (avg 0.3)  895.3K nps  ETA 00:07:50
[2026-03-28T01:39:23.232] [INFO] [selfplay:0] [SelfPlay] 367/500 (73%)  pos=35519  W/D/B=169/47/151  (46%/12%/41%)  d7  1.6 games/s (avg 0.3)  896.1K nps  ETA 00:07:42
[2026-03-28T01:39:29.845] [INFO] [selfplay:0] [SelfPlay] 368/500 (73%)  pos=35619  W/D/B=169/47/152  (45%/12%/41%)  d7  1.4 games/s (avg 0.3)  893.7K nps  ETA 00:07:39
[2026-03-28T01:39:31.711] [INFO] [selfplay:0] [SelfPlay] 369/500 (73%)  pos=35680  W/D/B=170/47/152  (46%/12%/41%)  d7  1.2 games/s (avg 0.3)  888.8K nps  ETA 00:07:41
[2026-03-28T01:39:34.599] [INFO] [selfplay:0] [SelfPlay] 370/500 (74%)  pos=35796  W/D/B=170/48/152  (45%/12%/41%)  d7  1.1 games/s (avg 0.3)  889.5K nps  ETA 00:07:36
[2026-03-28T01:39:37.273] [INFO] [selfplay:0] [SelfPlay] 371/500 (74%)  pos=35905  W/D/B=170/48/153  (45%/12%/41%)  d7  1.0 games/s (avg 0.3)  889.4K nps  ETA 00:07:32
[2026-03-28T01:39:40.004] [INFO] [selfplay:0] [SelfPlay] 372/500 (74%)  pos=35991  W/D/B=171/48/153  (45%/12%/41%)  d7  0.9 games/s (avg 0.3)  889.1K nps  ETA 00:07:29
[2026-03-28T01:39:40.279] [INFO] [selfplay:0] [SelfPlay] 373/500 (74%)  pos=36086  W/D/B=172/48/153  (46%/12%/41%)  d7  0.8 games/s (avg 0.3)  888.8K nps  ETA 00:07:26
[2026-03-28T01:39:40.679] [INFO] [selfplay:0] [SelfPlay] 374/500 (74%)  pos=36131  W/D/B=173/48/153  (46%/12%/40%)  d7  1.2 games/s (avg 0.3)  890.0K nps  ETA 00:07:23
[2026-03-28T01:39:44.033] [INFO] [selfplay:0] [SelfPlay] 375/500 (75%)  pos=36296  W/D/B=173/48/154  (46%/12%/41%)  d7  1.4 games/s (avg 0.3)  892.1K nps  ETA 00:07:15
[2026-03-28T01:39:45.850] [INFO] [selfplay:0] [SelfPlay] 376/500 (75%)  pos=36345  W/D/B=174/48/154  (46%/12%/40%)  d7  1.3 games/s (avg 0.3)  889.8K nps  ETA 00:07:12
[2026-03-28T01:39:49.080] [INFO] [selfplay:0] [SelfPlay] 377/500 (75%)  pos=36480  W/D/B=174/48/155  (46%/12%/41%)  d7  1.2 games/s (avg 0.3)  890.3K nps  ETA 00:07:07
[2026-03-28T01:39:49.888] [INFO] [selfplay:0] [SelfPlay] 378/500 (75%)  pos=36554  W/D/B=174/48/156  (46%/12%/41%)  d7  1.0 games/s (avg 0.3)  888.7K nps  ETA 00:07:06
[2026-03-28T01:40:05.419] [INFO] [selfplay:0] [SelfPlay] 379/500 (75%)  pos=36639  W/D/B=174/48/157  (45%/12%/41%)  d7  1.1 games/s (avg 0.3)  892.2K nps  ETA 00:06:46
[2026-03-28T01:40:05.838] [INFO] [selfplay:0] [SelfPlay] 380/500 (76%)  pos=36818  W/D/B=174/49/157  (45%/12%/41%)  d7  1.0 games/s (avg 0.3)  894.4K nps  ETA 00:07:03
[2026-03-28T01:40:08.416] [INFO] [selfplay:0] [SelfPlay] 381/500 (76%)  pos=36862  W/D/B=174/49/158  (45%/12%/41%)  d7  1.2 games/s (avg 0.3)  895.7K nps  ETA 00:06:55
[2026-03-28T01:40:10.889] [INFO] [selfplay:0] [SelfPlay] 382/500 (76%)  pos=36983  W/D/B=175/49/158  (45%/12%/41%)  d7  1.1 games/s (avg 0.3)  894.8K nps  ETA 00:06:52
[2026-03-28T01:40:15.893] [INFO] [selfplay:0] [SelfPlay] 383/500 (76%)  pos=37061  W/D/B=175/49/159  (45%/12%/41%)  d7  1.0 games/s (avg 0.3)  894.0K nps  ETA 00:06:46
[2026-03-28T01:40:16.420] [INFO] [selfplay:0] [SelfPlay] 384/500 (76%)  pos=37116  W/D/B=175/49/160  (45%/12%/41%)  d7  0.9 games/s (avg 0.3)  890.9K nps  ETA 00:06:47
[2026-03-28T01:40:16.894] [INFO] [selfplay:0] [SelfPlay] 385/500 (77%)  pos=37255  W/D/B=176/49/160  (45%/12%/41%)  d7  1.0 games/s (avg 0.3)  892.4K nps  ETA 00:06:43
[2026-03-28T01:40:23.862] [INFO] [selfplay:0] [SelfPlay] 386/500 (77%)  pos=37374  W/D/B=176/50/160  (45%/12%/41%)  d7  1.2 games/s (avg 0.3)  894.4K nps  ETA 00:06:32
[2026-03-28T01:40:24.025] [INFO] [selfplay:0] [SelfPlay] 387/500 (77%)  pos=37466  W/D/B=177/50/160  (45%/12%/41%)  d7  1.0 games/s (avg 0.3)  889.2K nps  ETA 00:06:36
[2026-03-28T01:40:27.611] [INFO] [selfplay:0] [SelfPlay] 388/500 (77%)  pos=37546  W/D/B=177/50/161  (45%/12%/41%)  d7  1.8 games/s (avg 0.3)  891.0K nps  ETA 00:06:28
[2026-03-28T01:40:32.907] [INFO] [selfplay:0] [SelfPlay] 389/500 (77%)  pos=37652  W/D/B=178/50/161  (45%/12%/41%)  d7  1.6 games/s (avg 0.3)  890.6K nps  ETA 00:06:23
[2026-03-28T01:40:34.013] [INFO] [selfplay:0] [SelfPlay] 390/500 (78%)  pos=37783  W/D/B=178/50/162  (45%/12%/41%)  d7  1.4 games/s (avg 0.3)  888.0K nps  ETA 00:06:24
[2026-03-28T01:40:35.880] [INFO] [selfplay:0] [SelfPlay] 391/500 (78%)  pos=37869  W/D/B=178/50/163  (45%/12%/41%)  d7  1.3 games/s (avg 0.3)  888.4K nps  ETA 00:06:19
[2026-03-28T01:40:41.746] [INFO] [selfplay:0] [SelfPlay] 392/500 (78%)  pos=38070  W/D/B=178/51/163  (45%/13%/41%)  d7  1.2 games/s (avg 0.3)  890.0K nps  ETA 00:06:11
[2026-03-28T01:40:48.459] [INFO] [selfplay:0] [SelfPlay] 393/500 (78%)  pos=38167  W/D/B=178/51/164  (45%/12%/41%)  d7  1.0 games/s (avg 0.3)  885.6K nps  ETA 00:06:07
[2026-03-28T01:40:54.933] [INFO] [selfplay:0] [SelfPlay] 394/500 (78%)  pos=38270  W/D/B=178/52/164  (45%/13%/41%)  d7  0.9 games/s (avg 0.3)  880.4K nps  ETA 00:06:06
[2026-03-28T01:40:55.551] [INFO] [selfplay:0] [SelfPlay] 395/500 (79%)  pos=38444  W/D/B=178/53/164  (45%/13%/41%)  d7  0.8 games/s (avg 0.3)  876.5K nps  ETA 00:06:08
[2026-03-28T01:40:58.284] [INFO] [selfplay:0] [SelfPlay] 396/500 (79%)  pos=38505  W/D/B=179/53/164  (45%/13%/41%)  d7  0.9 games/s (avg 0.3)  877.5K nps  ETA 00:06:02
[2026-03-28T01:40:58.776] [INFO] [selfplay:0] [SelfPlay] 397/500 (79%)  pos=38676  W/D/B=180/53/164  (45%/13%/41%)  d7  0.8 games/s (avg 0.3)  877.3K nps  ETA 00:06:01
[2026-03-28T01:41:04.317] [INFO] [selfplay:0] [SelfPlay] 398/500 (79%)  pos=38896  W/D/B=180/53/165  (45%/13%/41%)  d7  1.0 games/s (avg 0.3)  880.1K nps  ETA 00:05:51
[2026-03-28T01:41:05.173] [INFO] [selfplay:0] [SelfPlay] 399/500 (79%)  pos=38966  W/D/B=181/53/165  (45%/13%/41%)  d7  0.9 games/s (avg 0.3)  876.5K nps  ETA 00:05:53
[2026-03-28T01:41:05.431] [INFO] [selfplay:0] [SelfPlay] 400/500 (80%)  pos=38970  W/D/B=182/53/165  (45%/13%/41%)  d7  0.9 games/s (avg 0.3)  876.1K nps  ETA 00:05:50
[2026-03-28T01:41:05.934] [INFO] [selfplay:0] [SelfPlay] 401/500 (80%)  pos=39097  W/D/B=183/53/165  (45%/13%/41%)  d7  1.4 games/s (avg 0.3)  878.7K nps  ETA 00:05:45
[2026-03-28T01:41:08.622] [INFO] [selfplay:0] [SelfPlay] 402/500 (80%)  pos=39274  W/D/B=183/53/166  (45%/13%/41%)  d7  1.5 games/s (avg 0.3)  881.8K nps  ETA 00:05:38
[2026-03-28T01:41:23.389] [INFO] [selfplay:0] [SelfPlay] 403/500 (80%)  pos=39335  W/D/B=183/53/167  (45%/13%/41%)  d7  1.3 games/s (avg 0.3)  881.2K nps  ETA 00:05:22
[2026-03-28T01:41:24.659] [INFO] [selfplay:0] [SelfPlay] 404/500 (80%)  pos=39419  W/D/B=183/54/167  (45%/13%/41%)  d7  1.2 games/s (avg 0.3)  882.0K nps  ETA 00:05:36
[2026-03-28T01:41:26.556] [INFO] [selfplay:0] [SelfPlay] 405/500 (81%)  pos=39534  W/D/B=184/54/167  (45%/13%/41%)  d7  1.1 games/s (avg 0.3)  883.0K nps  ETA 00:05:30
[2026-03-28T01:41:32.444] [INFO] [selfplay:0] [SelfPlay] 406/500 (81%)  pos=39701  W/D/B=185/54/167  (45%/13%/41%)  d7  1.0 games/s (avg 0.3)  884.6K nps  ETA 00:05:23
[2026-03-28T01:41:34.763] [INFO] [selfplay:0] [SelfPlay] 407/500 (81%)  pos=39806  W/D/B=185/54/168  (45%/13%/41%)  d7  0.9 games/s (avg 0.3)  880.9K nps  ETA 00:05:24
[2026-03-28T01:41:37.383] [INFO] [selfplay:0] [SelfPlay] 408/500 (81%)  pos=39876  W/D/B=185/54/169  (45%/13%/41%)  d7  0.8 games/s (avg 0.3)  880.3K nps  ETA 00:05:19
[2026-03-28T01:41:42.841] [INFO] [selfplay:0] [SelfPlay] 409/500 (81%)  pos=39992  W/D/B=185/54/170  (45%/13%/41%)  d7  0.8 games/s (avg 0.3)  880.5K nps  ETA 00:05:13
[2026-03-28T01:41:46.627] [INFO] [selfplay:0] [SelfPlay] 410/500 (82%)  pos=40081  W/D/B=185/54/171  (45%/13%/41%)  d7  0.7 games/s (avg 0.3)  877.6K nps  ETA 00:05:11
[2026-03-28T01:41:47.261] [INFO] [selfplay:0] [SelfPlay] 411/500 (82%)  pos=40234  W/D/B=185/55/171  (45%/13%/41%)  d7  0.6 games/s (avg 0.3)  877.7K nps  ETA 00:05:11
[2026-03-28T01:41:49.895] [INFO] [selfplay:0] [SelfPlay] 412/500 (82%)  pos=40328  W/D/B=185/55/172  (44%/13%/41%)  d7  0.8 games/s (avg 0.3)  879.2K nps  ETA 00:05:06
[2026-03-28T01:41:54.114] [INFO] [selfplay:0] [SelfPlay] 413/500 (82%)  pos=40417  W/D/B=185/55/173  (44%/13%/41%)  d7  0.7 games/s (avg 0.3)  879.0K nps  ETA 00:05:00
[2026-03-28T01:41:57.621] [INFO] [selfplay:0] [SelfPlay] 414/500 (82%)  pos=40492  W/D/B=185/55/174  (44%/13%/42%)  d7  0.6 games/s (avg 0.3)  876.6K nps  ETA 00:04:56
[2026-03-28T01:41:58.997] [INFO] [selfplay:0] [SelfPlay] 415/500 (83%)  pos=40582  W/D/B=186/55/174  (44%/13%/41%)  d7  0.6 games/s (avg 0.3)  875.0K nps  ETA 00:04:56
[2026-03-28T01:42:07.091] [INFO] [selfplay:0] [SelfPlay] 416/500 (83%)  pos=40769  W/D/B=186/56/174  (44%/13%/41%)  d7  0.6 games/s (avg 0.3)  877.1K nps  ETA 00:04:45
[2026-03-28T01:42:07.346] [INFO] [selfplay:0] [SelfPlay] 417/500 (83%)  pos=40890  W/D/B=187/56/174  (44%/13%/41%)  d7  0.5 games/s (avg 0.3)  871.5K nps  ETA 00:04:49
[2026-03-28T01:42:09.420] [INFO] [selfplay:0] [SelfPlay] 418/500 (83%)  pos=40955  W/D/B=187/57/174  (44%/13%/41%)  d7  1.0 games/s (avg 0.3)  872.3K nps  ETA 00:04:44
[2026-03-28T01:42:13.173] [INFO] [selfplay:0] [SelfPlay] 419/500 (83%)  pos=41057  W/D/B=187/57/175  (44%/13%/41%)  d7  1.0 games/s (avg 0.3)  872.3K nps  ETA 00:04:39
[2026-03-28T01:42:16.700] [INFO] [selfplay:0] [SelfPlay] 420/500 (84%)  pos=41153  W/D/B=188/57/175  (44%/13%/41%)  d7  0.9 games/s (avg 0.3)  870.5K nps  ETA 00:04:36
[2026-03-28T01:42:19.745] [INFO] [selfplay:0] [SelfPlay] 421/500 (84%)  pos=41220  W/D/B=189/57/175  (44%/13%/41%)  d7  0.8 games/s (avg 0.3)  871.0K nps  ETA 00:04:33
[2026-03-28T01:42:28.059] [INFO] [selfplay:0] [SelfPlay] 422/500 (84%)  pos=41295  W/D/B=189/57/176  (44%/13%/41%)  d7  0.7 games/s (avg 0.3)  870.8K nps  ETA 00:04:24
[2026-03-28T01:42:30.315] [INFO] [selfplay:0] [SelfPlay] 423/500 (84%)  pos=41407  W/D/B=190/57/176  (44%/13%/41%)  d7  0.6 games/s (avg 0.3)  865.6K nps  ETA 00:04:26
[2026-03-28T01:42:34.217] [INFO] [selfplay:0] [SelfPlay] 424/500 (84%)  pos=41459  W/D/B=190/58/176  (44%/13%/41%)  d7  0.6 games/s (avg 0.3)  865.4K nps  ETA 00:04:22
[2026-03-28T01:42:42.790] [INFO] [selfplay:0] [SelfPlay] 425/500 (85%)  pos=41526  W/D/B=190/58/177  (44%/13%/41%)  d7  0.5 games/s (avg 0.3)  864.6K nps  ETA 00:04:14
[2026-03-28T01:42:43.414] [INFO] [selfplay:0] [SelfPlay] 426/500 (85%)  pos=41615  W/D/B=191/58/177  (44%/13%/41%)  d7  0.5 games/s (avg 0.3)  858.7K nps  ETA 00:04:19
[2026-03-28T01:42:46.709] [INFO] [selfplay:0] [SelfPlay] 427/500 (85%)  pos=41739  W/D/B=192/58/177  (44%/13%/41%)  d7  0.6 games/s (avg 0.3)  859.8K nps  ETA 00:04:13
[2026-03-28T01:42:55.615] [INFO] [selfplay:0] [SelfPlay] 428/500 (85%)  pos=41818  W/D/B=193/58/177  (45%/13%/41%)  d7  0.6 games/s (avg 0.3)  859.3K nps  ETA 00:04:03
[2026-03-28T01:42:55.840] [INFO] [selfplay:0] [SelfPlay] 429/500 (85%)  pos=41905  W/D/B=194/58/177  (45%/13%/41%)  d7  0.5 games/s (avg 0.3)  854.7K nps  ETA 00:04:09
[2026-03-28T01:42:57.440] [INFO] [selfplay:0] [SelfPlay] 430/500 (86%)  pos=41980  W/D/B=195/58/177  (45%/13%/41%)  d7  1.1 games/s (avg 0.3)  856.9K nps  ETA 00:04:03
[2026-03-28T01:43:03.643] [INFO] [selfplay:0] [SelfPlay] 431/500 (86%)  pos=42027  W/D/B=196/58/177  (45%/13%/41%)  d7  1.0 games/s (avg 0.3)  857.7K nps  ETA 00:03:56
[2026-03-28T01:43:16.721] [INFO] [selfplay:0] [SelfPlay] 432/500 (86%)  pos=42050  W/D/B=196/58/178  (45%/13%/41%)  d7  0.9 games/s (avg 0.3)  854.3K nps  ETA 00:03:46
[2026-03-28T01:43:18.345] [INFO] [selfplay:0] [SelfPlay] 433/500 (86%)  pos=42267  W/D/B=197/58/178  (45%/13%/41%)  d7  0.8 games/s (avg 0.3)  855.6K nps  ETA 00:03:54
[2026-03-28T01:43:22.800] [INFO] [selfplay:0] [SelfPlay] 434/500 (86%)  pos=42342  W/D/B=198/58/178  (45%/13%/41%)  d7  0.8 games/s (avg 0.3)  855.9K nps  ETA 00:03:49
[2026-03-28T01:43:26.166] [INFO] [selfplay:0] [SelfPlay] 435/500 (87%)  pos=42421  W/D/B=198/58/179  (45%/13%/41%)  d7  0.7 games/s (avg 0.3)  855.3K nps  ETA 00:03:45
[2026-03-28T01:43:28.283] [INFO] [selfplay:0] [SelfPlay] 436/500 (87%)  pos=42530  W/D/B=198/59/179  (45%/13%/41%)  d7  0.7 games/s (avg 0.3)  854.3K nps  ETA 00:03:44
[2026-03-28T01:43:30.539] [INFO] [selfplay:0] [SelfPlay] 437/500 (87%)  pos=42585  W/D/B=199/59/179  (45%/13%/40%)  d7  0.6 games/s (avg 0.3)  855.0K nps  ETA 00:03:40
[2026-03-28T01:43:32.360] [INFO] [selfplay:0] [SelfPlay] 438/500 (87%)  pos=42687  W/D/B=199/59/180  (45%/13%/41%)  d7  0.6 games/s (avg 0.3)  854.7K nps  ETA 00:03:36
[2026-03-28T01:43:32.503] [INFO] [selfplay:0] [SelfPlay] 439/500 (87%)  pos=42691  W/D/B=199/59/181  (45%/13%/41%)  d7  0.6 games/s (avg 0.3)  853.3K nps  ETA 00:03:34
[2026-03-28T01:43:37.333] [INFO] [selfplay:0] [SelfPlay] 440/500 (88%)  pos=42757  W/D/B=199/60/181  (45%/13%/41%)  d7  1.6 games/s (avg 0.3)  854.8K nps  ETA 00:03:26
[2026-03-28T01:43:38.395] [INFO] [selfplay:0] [SelfPlay] 441/500 (88%)  pos=42940  W/D/B=199/61/181  (45%/13%/41%)  d7  1.4 games/s (avg 0.3)  854.6K nps  ETA 00:03:26
[2026-03-28T01:43:51.802] [INFO] [selfplay:0] [SelfPlay] 442/500 (88%)  pos=43068  W/D/B=200/61/181  (45%/13%/40%)  d7  1.3 games/s (avg 0.3)  856.3K nps  ETA 00:03:10
[2026-03-28T01:43:53.316] [INFO] [selfplay:0] [SelfPlay] 443/500 (88%)  pos=43173  W/D/B=200/61/182  (45%/13%/41%)  d7  1.2 games/s (avg 0.3)  858.0K nps  ETA 00:03:19
[2026-03-28T01:43:54.680] [INFO] [selfplay:0] [SelfPlay] 444/500 (88%)  pos=43222  W/D/B=201/61/182  (45%/13%/40%)  d7  1.1 games/s (avg 0.3)  858.5K nps  ETA 00:03:16
[2026-03-28T01:43:55.964] [INFO] [selfplay:0] [SelfPlay] 445/500 (89%)  pos=43296  W/D/B=201/62/182  (45%/13%/40%)  d7  1.1 games/s (avg 0.3)  859.7K nps  ETA 00:03:12
[2026-03-28T01:43:58.843] [INFO] [selfplay:0] [SelfPlay] 446/500 (89%)  pos=43367  W/D/B=202/62/182  (45%/13%/40%)  d7  1.0 games/s (avg 0.3)  860.1K nps  ETA 00:03:07
[2026-03-28T01:44:01.608] [INFO] [selfplay:0] [SelfPlay] 447/500 (89%)  pos=43454  W/D/B=202/63/182  (45%/14%/40%)  d7  0.9 games/s (avg 0.3)  858.7K nps  ETA 00:03:03
[2026-03-28T01:44:03.287] [INFO] [selfplay:0] [SelfPlay] 448/500 (89%)  pos=43486  W/D/B=202/63/183  (45%/14%/40%)  d7  0.8 games/s (avg 0.3)  857.8K nps  ETA 00:03:00
[2026-03-28T01:44:07.932] [INFO] [selfplay:0] [SelfPlay] 449/500 (89%)  pos=43568  W/D/B=202/63/184  (44%/14%/40%)  d7  0.8 games/s (avg 0.3)  858.2K nps  ETA 00:02:55
[2026-03-28T01:44:09.441] [INFO] [selfplay:0] [SelfPlay] 450/500 (90%)  pos=43784  W/D/B=202/63/185  (44%/14%/41%)  d7  0.7 games/s (avg 0.3)  861.9K nps  ETA 00:02:53
[2026-03-28T01:44:09.812] [INFO] [selfplay:0] [SelfPlay] 451/500 (90%)  pos=43838  W/D/B=203/63/185  (45%/13%/41%)  d7  0.7 games/s (avg 0.3)  862.6K nps  ETA 00:02:52
[2026-03-28T01:44:19.224] [INFO] [selfplay:0] [SelfPlay] 452/500 (90%)  pos=43979  W/D/B=204/63/185  (45%/13%/40%)  d7  1.0 games/s (avg 0.3)  864.6K nps  ETA 00:02:38
[2026-03-28T01:44:23.543] [INFO] [selfplay:0] [SelfPlay] 453/500 (90%)  pos=44049  W/D/B=204/63/186  (45%/13%/41%)  d7  0.9 games/s (avg 0.3)  858.8K nps  ETA 00:02:41
[2026-03-28T01:44:24.315] [INFO] [selfplay:0] [SelfPlay] 454/500 (90%)  pos=44164  W/D/B=204/63/187  (44%/13%/41%)  d7  0.8 games/s (avg 0.3)  856.8K nps  ETA 00:02:40
[2026-03-28T01:44:27.361] [INFO] [selfplay:0] [SelfPlay] 455/500 (91%)  pos=44404  W/D/B=204/64/187  (44%/14%/41%)  d7  0.9 games/s (avg 0.3)  858.6K nps  ETA 00:02:35
[2026-03-28T01:44:32.652] [INFO] [selfplay:0] [SelfPlay] 456/500 (91%)  pos=44528  W/D/B=204/64/188  (44%/14%/41%)  d7  0.8 games/s (avg 0.3)  857.6K nps  ETA 00:02:29
[2026-03-28T01:44:33.352] [INFO] [selfplay:0] [SelfPlay] 457/500 (91%)  pos=44565  W/D/B=205/64/188  (44%/14%/41%)  d7  0.7 games/s (avg 0.3)  854.4K nps  ETA 00:02:30
[2026-03-28T01:44:33.583] [INFO] [selfplay:0] [SelfPlay] 458/500 (91%)  pos=44682  W/D/B=205/64/189  (44%/13%/41%)  d7  0.8 games/s (avg 0.3)  855.0K nps  ETA 00:02:27
[2026-03-28T01:44:35.054] [INFO] [selfplay:0] [SelfPlay] 459/500 (91%)  pos=44769  W/D/B=206/64/189  (44%/13%/41%)  d7  1.3 games/s (avg 0.3)  856.4K nps  ETA 00:02:22
[2026-03-28T01:44:36.946] [INFO] [selfplay:0] [SelfPlay] 460/500 (92%)  pos=44878  W/D/B=206/64/190  (44%/13%/41%)  d7  1.2 games/s (avg 0.3)  857.1K nps  ETA 00:02:17
[2026-03-28T01:44:51.117] [INFO] [selfplay:0] [SelfPlay] 461/500 (92%)  pos=44935  W/D/B=207/64/190  (44%/13%/41%)  d7  1.1 games/s (avg 0.3)  857.0K nps  ETA 00:02:02
[2026-03-28T01:44:55.288] [INFO] [selfplay:0] [SelfPlay] 462/500 (92%)  pos=45038  W/D/B=207/64/191  (44%/13%/41%)  d7  1.0 games/s (avg 0.3)  858.3K nps  ETA 00:02:08
[2026-03-28T01:44:55.757] [INFO] [selfplay:0] [SelfPlay] 463/500 (92%)  pos=45121  W/D/B=208/64/191  (44%/13%/41%)  d7  0.9 games/s (avg 0.3)  857.3K nps  ETA 00:02:10
[2026-03-28T01:44:57.953] [INFO] [selfplay:0] [SelfPlay] 464/500 (92%)  pos=45171  W/D/B=208/65/191  (44%/14%/41%)  d7  1.1 games/s (avg 0.3)  857.8K nps  ETA 00:02:04
[2026-03-28T01:45:01.100] [INFO] [selfplay:0] [SelfPlay] 465/500 (93%)  pos=45310  W/D/B=209/65/191  (44%/13%/41%)  d7  1.0 games/s (avg 0.3)  857.8K nps  ETA 00:01:59
[2026-03-28T01:45:03.591] [INFO] [selfplay:0] [SelfPlay] 466/500 (93%)  pos=45327  W/D/B=209/65/192  (44%/13%/41%)  d7  0.9 games/s (avg 0.3)  856.6K nps  ETA 00:01:56
[2026-03-28T01:45:07.239] [INFO] [selfplay:0] [SelfPlay] 467/500 (93%)  pos=45413  W/D/B=210/65/192  (44%/13%/41%)  d7  0.8 games/s (avg 0.3)  855.8K nps  ETA 00:01:51
[2026-03-28T01:45:11.797] [INFO] [selfplay:0] [SelfPlay] 468/500 (93%)  pos=45488  W/D/B=210/65/193  (44%/13%/41%)  d7  0.7 games/s (avg 0.3)  854.9K nps  ETA 00:01:48
[2026-03-28T01:45:14.077] [INFO] [selfplay:0] [SelfPlay] 469/500 (93%)  pos=45570  W/D/B=210/65/194  (44%/13%/41%)  d7  0.7 games/s (avg 0.3)  853.0K nps  ETA 00:01:46
[2026-03-28T01:45:15.950] [INFO] [selfplay:0] [SelfPlay] 470/500 (94%)  pos=45696  W/D/B=210/65/195  (44%/13%/41%)  d7  0.6 games/s (avg 0.3)  853.4K nps  ETA 00:01:43
[2026-03-28T01:45:17.013] [INFO] [selfplay:0] [SelfPlay] 471/500 (94%)  pos=45763  W/D/B=211/65/195  (44%/13%/41%)  d7  0.6 games/s (avg 0.3)  855.1K nps  ETA 00:01:40
[2026-03-28T01:45:17.657] [INFO] [selfplay:0] [SelfPlay] 472/500 (94%)  pos=45804  W/D/B=211/65/196  (44%/13%/41%)  d7  0.7 games/s (avg 0.3)  855.2K nps  ETA 00:01:36
[2026-03-28T01:45:25.431] [INFO] [selfplay:0] [SelfPlay] 473/500 (94%)  pos=45952  W/D/B=212/65/196  (44%/13%/41%)  d7  0.8 games/s (avg 0.3)  856.6K nps  ETA 00:01:26
[2026-03-28T01:45:27.020] [INFO] [selfplay:0] [SelfPlay] 474/500 (94%)  pos=46026  W/D/B=212/65/197  (44%/13%/41%)  d7  0.7 games/s (avg 0.3)  852.0K nps  ETA 00:01:30
[2026-03-28T01:45:36.311] [INFO] [selfplay:0] [SelfPlay] 475/500 (95%)  pos=46128  W/D/B=213/65/197  (44%/13%/41%)  d7  0.7 games/s (avg 0.3)  852.1K nps  ETA 00:01:17
[2026-03-28T01:45:38.250] [INFO] [selfplay:0] [SelfPlay] 476/500 (95%)  pos=46189  W/D/B=213/65/198  (44%/13%/41%)  d7  0.6 games/s (avg 0.3)  846.1K nps  ETA 00:01:22
[2026-03-28T01:45:40.748] [INFO] [selfplay:0] [SelfPlay] 477/500 (95%)  pos=46245  W/D/B=214/65/198  (44%/13%/41%)  d7  0.6 games/s (avg 0.3)  845.9K nps  ETA 00:01:18
[2026-03-28T01:45:43.386] [INFO] [selfplay:0] [SelfPlay] 478/500 (95%)  pos=46345  W/D/B=214/65/199  (44%/13%/41%)  d7  0.6 games/s (avg 0.3)  847.2K nps  ETA 00:01:14
[2026-03-28T01:45:44.797] [INFO] [selfplay:0] [SelfPlay] 479/500 (95%)  pos=46444  W/D/B=214/65/200  (44%/13%/41%)  d7  0.5 games/s (avg 0.3)  846.4K nps  ETA 00:01:12
[2026-03-28T01:45:47.048] [INFO] [selfplay:0] [SelfPlay] 480/500 (96%)  pos=46536  W/D/B=215/65/200  (44%/13%/41%)  d7  0.6 games/s (avg 0.3)  846.7K nps  ETA 00:01:07
[2026-03-28T01:45:53.665] [INFO] [selfplay:0] [SelfPlay] 481/500 (96%)  pos=46601  W/D/B=215/65/201  (44%/13%/41%)  d7  0.5 games/s (avg 0.3)  846.9K nps  ETA 00:00:59
[2026-03-28T01:45:55.649] [INFO] [selfplay:0] [SelfPlay] 482/500 (96%)  pos=46732  W/D/B=216/65/201  (44%/13%/41%)  d7  0.5 games/s (avg 0.3)  844.7K nps  ETA 00:01:01
[2026-03-28T01:45:57.569] [INFO] [selfplay:0] [SelfPlay] 483/500 (96%)  pos=46836  W/D/B=216/65/202  (44%/13%/41%)  d7  0.5 games/s (avg 0.3)  844.9K nps  ETA 00:00:57
[2026-03-28T01:45:59.053] [INFO] [selfplay:0] [SelfPlay] 484/500 (96%)  pos=46952  W/D/B=217/65/202  (44%/13%/41%)  d7  0.5 games/s (avg 0.3)  845.1K nps  ETA 00:00:54
[2026-03-28T01:46:06.025] [INFO] [selfplay:0] [SelfPlay] 485/500 (97%)  pos=47019  W/D/B=217/65/203  (44%/13%/41%)  d7  0.5 games/s (avg 0.3)  845.5K nps  ETA 00:00:45
[2026-03-28T01:46:15.252] [INFO] [selfplay:0] [SelfPlay] 486/500 (97%)  pos=47045  W/D/B=218/65/203  (44%/13%/41%)  d7  0.5 games/s (avg 0.3)  841.3K nps  ETA 00:00:38
[2026-03-28T01:46:18.469] [INFO] [selfplay:0] [SelfPlay] 487/500 (97%)  pos=47153  W/D/B=218/65/204  (44%/13%/41%)  d7  0.4 games/s (avg 0.3)  836.0K nps  ETA 00:00:42
[2026-03-28T01:46:21.412] [INFO] [selfplay:0] [SelfPlay] 488/500 (97%)  pos=47280  W/D/B=218/65/205  (44%/13%/42%)  d7  0.4 games/s (avg 0.3)  835.4K nps  ETA 00:00:39
[2026-03-28T01:46:26.502] [INFO] [selfplay:0] [SelfPlay] 489/500 (97%)  pos=47379  W/D/B=219/65/205  (44%/13%/41%)  d7  0.4 games/s (avg 0.3)  836.5K nps  ETA 00:00:37
[2026-03-28T01:46:26.782] [INFO] [selfplay:0] [SelfPlay] 490/500 (98%)  pos=47453  W/D/B=219/65/206  (44%/13%/42%)  d7  0.4 games/s (avg 0.3)  834.4K nps  ETA 00:00:42
[2026-03-28T01:46:26.899] [INFO] [selfplay:0] [SelfPlay] 491/500 (98%)  pos=47507  W/D/B=219/65/207  (44%/13%/42%)  d7  0.8 games/s (avg 0.3)  835.3K nps  ETA 00:00:42
[2026-03-28T01:46:27.032] [INFO] [selfplay:0] [SelfPlay] 492/500 (98%)  pos=47684  W/D/B=220/65/207  (44%/13%/42%)  d7  2.0 games/s (avg 0.3)  837.7K nps  ETA 00:00:41
[2026-03-28T01:46:27.613] [INFO] [selfplay:0] [SelfPlay] 493/500 (98%)  pos=47790  W/D/B=220/65/208  (44%/13%/42%)  d7  2.8 games/s (avg 0.3)  839.0K nps  ETA 00:00:40
[2026-03-28T01:46:28.697] [INFO] [selfplay:0] [SelfPlay] 494/500 (98%)  pos=47911  W/D/B=221/65/208  (44%/13%/42%)  d7  2.7 games/s (avg 0.3)  840.7K nps  ETA 00:00:40
[2026-03-28T01:46:37.144] [INFO] [selfplay:0] [SelfPlay] 495/500 (99%)  pos=47992  W/D/B=222/65/208  (44%/13%/42%)  d7  2.4 games/s (avg 0.3)  841.8K nps  ETA 00:00:32
[2026-03-28T01:46:41.509] [INFO] [selfplay:0] [SelfPlay] 496/500 (99%)  pos=48102  W/D/B=223/65/208  (44%/13%/41%)  d7  2.2 games/s (avg 0.3)  843.3K nps  ETA 00:00:37
[2026-03-28T01:46:50.457] [INFO] [selfplay:0] [SelfPlay] 497/500 (99%)  pos=48181  W/D/B=224/65/208  (45%/13%/41%)  d7  1.9 games/s (avg 0.3)  841.5K nps  ETA 00:00:32
[2026-03-28T01:47:01.872] [INFO] [selfplay:0] [SelfPlay] 498/500 (99%)  pos=48287  W/D/B=224/65/209  (44%/13%/41%)  d7  1.8 games/s (avg 0.3)  843.7K nps  ETA 00:00:31
[2026-03-28T01:47:20.965] [INFO] [selfplay:0] [SelfPlay] 499/500 (99%)  pos=48419  W/D/B=224/65/210  (44%/13%/42%)  d7  1.6 games/s (avg 0.3)  846.3K nps  ETA 00:00:23
[2026-03-28T01:47:21.194] [INFO] [selfplay:0] [SelfPlay] 500/500 (100%)  pos=48576  W/D/B=225/65/210  (45%/13%/42%)  d7  1.5 games/s (avg 0.3)  849.6K nps  ETA 00:00:00
[2026-03-28T01:47:21.216] [INFO] [selfplay:0] [SelfPlay] Done. 48576 positions written to C:\Users\chris\pyproj\my_env\Projects\ChessEngine\x64\Release\assets\selfplay_gen4.bin
[2026-03-28T01:47:21.290] [EVENT] [selfplay:4] PHASE_END success=true elapsed_sec=1776.0
[2026-03-28T01:47:22.401] [INFO] [selfplay:0]   Using Stockfish-labeled data: C:\Users\chris\pyproj\my_env\Projects\ChessEngine\x64\Release\assets\training_data_sf.bin
[2026-03-28T01:47:22.401] [INFO] [selfplay:0]   Self-play current gen (weight 0.0685, base gets 0.85)
[2026-03-28T01:47:22.401] [INFO] [selfplay:0]   Replay buffer: gen 3 (weight 0.0479)
[2026-03-28T01:47:22.401] [INFO] [selfplay:0]   Replay buffer: gen 2 (weight 0.0336)
[2026-03-28T01:47:22.401] [EVENT] [training:4] PHASE_START epochs=8 batch=2048 lr=0.0004
[2026-03-28T01:47:22.401] [CMD] [training:0] [CMD] py -3.10 -u "C:\Users\chris\pyproj\my_env\Projects\ChessEngine\x64\Release\train_nnue.py" --data "C:\Users\chris\pyproj\my_env\Projects\ChessEngine\x64\Release\assets\training_data_sf.bin" --extra-data "C:\Users\chris\pyproj\my_env\Projects\ChessEngine\x64\Release\assets\selfplay_gen4.bin" 0.0685 --extra-data "C:\Users\chris\pyproj\my_env\Projects\ChessEngine\x64\Release\assets\selfplay_gen3.bin" 0.0479 --extra-data "C:\Users\chris\pyproj\my_env\Projects\ChessEngine\x64\Release\assets\selfplay_gen2.bin" 0.0336 --max-positions 100000 --epochs 8 --batch-size 2048 --lr 0.0004 --lr-min 0.00001 --weight-decay 0.0005 --dropout 0.2 --grad-clip 1.0 --grad-accum 4 --warmup-steps 500 --draw-weight 0.3 --mate-boost 10.0 --early-stop 7 --wdl-alpha 0.3 --wdl-draw-elo 50.0 --enhanced --plot --cosine-lr --no-cosine-restarts --swa --swa-start 5 --label-smoothing 0.01 --load-weights "C:\Users\chris\pyproj\my_env\Projects\ChessEngine\x64\Release\assets\nnue_weights_gen3.bin" --output "C:\Users\chris\pyproj\my_env\Projects\ChessEngine\x64\Release\assets\nnue_weights.bin"
[2026-03-28T01:47:25.187] [INFO] [training:0] === Enhanced mode v3: warmup=500, grad_accum=4, SWA=ON, label_smooth=0.01, filter_eval=1000.0, eval_soft_cap=800.0, draw_weight=0.3x, wdl_alpha=0.3, wdl_draw_elo=50.0, cosine_decay ===
[2026-03-28T01:47:25.187] [INFO] [training:0] Using device: CPU (optimized)
[2026-03-28T01:47:25.216] [INFO] [training:0]   CPU threads: 16
[2026-03-28T01:47:25.216] [INFO] [training:0]   --max-positions: distributing 100,000 budget across 4 sources by ratio
[2026-03-28T01:47:25.216] [INFO] [training:0]     training_data_sf.bin: 25,194,593 -> 87,555 (ratio 85.0%)
[2026-03-28T01:47:25.216] [INFO] [training:0]     selfplay_gen4.bin: 48,576 -> 7,055 (ratio 6.9%)
[2026-03-28T01:47:25.216] [INFO] [training:0]     selfplay_gen3.bin: 42,231 -> 4,934 (ratio 4.8%)
[2026-03-28T01:47:25.216] [INFO] [training:0] Datasets:             4 sources (ratio-based sampling)
[2026-03-28T01:47:25.216] [INFO] [training:0]   - training_data_sf.bin                     ratio=85.0%  pos=87,555
[2026-03-28T01:47:25.216] [INFO] [training:0]   - selfplay_gen4.bin                        ratio=6.9%  pos=7,055
[2026-03-28T01:47:25.217] [INFO] [training:0]   - selfplay_gen3.bin                        ratio=4.8%  pos=4,934
[2026-03-28T01:47:25.217] [INFO] [training:0]   - selfplay_gen2.bin                        ratio=3.4%  pos=454
[2026-03-28T01:47:25.217] [INFO] [training:0]   Total positions: 99,998
[2026-03-28T01:47:25.217] [INFO] [training:0]   Mode: PRELOAD (full dataset fits in RAM)
[2026-03-28T01:47:25.478] [INFO] [training:0] Weights loaded from C:\Users\chris\pyproj\my_env\Projects\ChessEngine\x64\Release\assets\nnue_weights_gen3.bin
[2026-03-28T01:47:25.482] [INFO] [training:0] Loaded existing weights from C:\Users\chris\pyproj\my_env\Projects\ChessEngine\x64\Release\assets\nnue_weights_gen3.bin
[2026-03-28T01:47:26.321] [INFO] [training:0]   Fresh optimizer (--load-weights skips old optimizer state)
[2026-03-28T01:47:26.321] [INFO] [training:0] ============================================================
[2026-03-28T01:47:26.321] [INFO] [training:0] Training Configuration:
[2026-03-28T01:47:26.321] [INFO] [training:0]   Positions:         99,998
[2026-03-28T01:47:26.321] [INFO] [training:0]   Batch size:        2048 (effective: 8192 with grad accum x4)
[2026-03-28T01:47:26.321] [INFO] [training:0]   Epochs:            8
[2026-03-28T01:47:26.321] [INFO] [training:0]   Learning rate:     0.0004
[2026-03-28T01:47:26.321] [INFO] [training:0]   LR schedule:       Cosine Decay (T_max=1, warmup_epochs~41)
[2026-03-28T01:47:26.321] [INFO] [training:0]   LR min:            1e-05
[2026-03-28T01:47:26.321] [INFO] [training:0]   LR warmup:         500 optimizer steps
[2026-03-28T01:47:26.321] [INFO] [training:0]   Lambda (eval/res): 0.5
[2026-03-28T01:47:26.321] [INFO] [training:0]   Eval scale:        400.0
[2026-03-28T01:47:26.321] [INFO] [training:0]   Phase balanced:    True
[2026-03-28T01:47:26.321] [INFO] [training:0]   Early stop:        7 epochs
[2026-03-28T01:47:26.321] [INFO] [training:0]   Weight decay:      0.0005
[2026-03-28T01:47:26.321] [INFO] [training:0]   Dropout:           0.2
[2026-03-28T01:47:26.321] [INFO] [training:0]   Grad accumulation: 4x
[2026-03-28T01:47:26.321] [INFO] [training:0]   Label smoothing:   0.01
[2026-03-28T01:47:26.321] [INFO] [training:0]   SWA:               ON (start epoch 5)
[2026-03-28T01:47:26.321] [INFO] [training:0]   Filter eval max:   1000.0
[2026-03-28T01:47:26.321] [INFO] [training:0]   Eval soft-cap:     800.0
[2026-03-28T01:47:26.321] [INFO] [training:0]   Draw weight:       0.3x
[2026-03-28T01:47:26.321] [INFO] [training:0]   Mate boost:        10.0x
[2026-03-28T01:47:26.321] [INFO] [training:0]   Async prefetch:    N/A (preload mode)
[2026-03-28T01:47:26.321] [INFO] [training:0]   WDL CE loss:       ON (alpha=0.3, lambda=0.5 (from --lam), draw_elo=50.0)
[2026-03-28T01:47:26.321] [INFO] [training:0]   Activation:        SCReLU (squared clipped ReLU)
[2026-03-28T01:47:26.321] [INFO] [training:0]   Architecture:      40960->512->128->64->WDL(3)x3heads
[2026-03-28T01:47:26.321] [INFO] [training:0]   Grad clip norm:    1.0
[2026-03-28T01:47:26.321] [INFO] [training:0]   Streaming:         False
[2026-03-28T01:47:26.321] [INFO] [training:0]   Datasets:          4 sources (ratio-based sampling)
[2026-03-28T01:47:26.321] [INFO] [training:0]     - training_data_sf.bin            ratio=85.0%  pos=87,555
[2026-03-28T01:47:26.321] [INFO] [training:0]     - selfplay_gen4.bin               ratio=6.9%  pos=7,055
[2026-03-28T01:47:26.321] [INFO] [training:0]     - selfplay_gen3.bin               ratio=4.8%  pos=4,934
[2026-03-28T01:47:26.321] [INFO] [training:0]     - selfplay_gen2.bin               ratio=3.4%  pos=454
[2026-03-28T01:47:26.321] [INFO] [training:0] ============================================================
[2026-03-28T01:47:26.321] [INFO] [training:0]   Multi-dataset preload: ratios will be applied during epoch sampling.
[2026-03-28T01:47:26.321] [INFO] [training:0]   Loading 4 datasets sequentially...
[2026-03-28T01:47:26.321] [INFO] [training:0] Loading positions from C:\Users\chris\pyproj\my_env\Projects\ChessEngine\x64\Release\assets\training_data_sf.bin...
[2026-03-28T01:47:26.321] [INFO] [training:0]   Total positions: 25,194,593 — using offset-cache fast path (avoids reading 1201 MB into RAM)
[2026-03-28T01:47:26.321] [INFO] [training:0] Scanning C:\Users\chris\pyproj\my_env\Projects\ChessEngine\x64\Release\assets\training_data_sf.bin for position offsets...
[2026-03-28T01:47:26.419] [INFO] [training:0]   Loaded cached index: 25,194,593 offsets (C:\Users\chris\pyproj\my_env\Projects\ChessEngine\x64\Release\assets\training_data_sf.bin.offidx)
[2026-03-28T01:47:27.967] [INFO] [training:0]   Sampled 87,555 from 25,194,593 positions (reservoir)
[2026-03-28T01:47:33.311] [INFO] [training:0]     Parsed 50,000/87,555 positions (17862 pos/s,
[2026-03-28T01:47:33.311] [INFO] [training:0]   Parsed 87,555 positions in 5.3s (16,425 pos/s)
[2026-03-28T01:47:33.311] [INFO] [training:0]   Vectorized HalfKAv2 conversion (87,555 positions)...
[2026-03-28T01:47:33.594] [INFO] [training:0]   HalfKAv2 conversion: 0.3s (309,293 pos/s)
[2026-03-28T01:47:33.607] [INFO] [training:0]   Converting to tensors...
[2026-03-28T01:47:33.607] [INFO] [training:0] Phase distribution: Opening=25,079, Middlegame=27,973, Endgame=30,561
[2026-03-28T01:47:33.608] [INFO] [training:0]   [training_data_sf.bin] loaded: 83,613 positions
[2026-03-28T01:47:33.681] [INFO] [training:0] Loading positions from C:\Users\chris\pyproj\my_env\Projects\ChessEngine\x64\Release\assets\selfplay_gen4.bin...
[2026-03-28T01:47:33.681] [INFO] [training:0]   Total positions: 48,576 — using offset-cache fast path (avoids reading 2 MB into RAM)
[2026-03-28T01:47:33.681] [INFO] [training:0] Scanning C:\Users\chris\pyproj\my_env\Projects\ChessEngine\x64\Release\assets\selfplay_gen4.bin for position offsets...
[2026-03-28T01:47:33.682] [INFO] [training:0]   Building offset index (first time, may take several minutes)...
[2026-03-28T01:47:33.682] [INFO] [training:0]   Total positions: 48,576 (header: versioned)
[2026-03-28T01:47:33.710] [INFO] [training:0]   Scan complete: 48,576 positions indexed.[K
[2026-03-28T01:47:33.715] [INFO] [training:0]   Saved offset cache: 0.4 MB (C:\Users\chris\pyproj\my_env\Projects\ChessEngine\x64\Release\assets\selfplay_gen4.bin.offidx)
[2026-03-28T01:47:33.716] [INFO] [training:0]   Sampled 7,055 from 48,576 positions (reservoir)
[2026-03-28T01:47:33.738] [INFO] [training:0]   Parsed 7,055 positions in 0.0s (327,549 pos/s)
[2026-03-28T01:47:33.738] [INFO] [training:0]   Vectorized HalfKAv2 conversion (7,055 positions)...
[2026-03-28T01:47:33.825] [INFO] [training:0]   HalfKAv2 conversion: 0.1s (81,674 pos/s)
[2026-03-28T01:47:33.825] [INFO] [training:0]   Converting to tensors...
[2026-03-28T01:47:33.825] [INFO] [training:0] Phase distribution: Opening=783, Middlegame=2,806, Endgame=3,271
[2026-03-28T01:47:33.825] [INFO] [training:0]   [selfplay_gen4.bin] loaded: 6,860 positions
[2026-03-28T01:47:33.900] [INFO] [training:0] Loading positions from C:\Users\chris\pyproj\my_env\Projects\ChessEngine\x64\Release\assets\selfplay_gen3.bin...
[2026-03-28T01:47:33.900] [INFO] [training:0]   Total positions: 42,231 — using offset-cache fast path (avoids reading 2 MB into RAM)
[2026-03-28T01:47:33.900] [INFO] [training:0] Scanning C:\Users\chris\pyproj\my_env\Projects\ChessEngine\x64\Release\assets\selfplay_gen3.bin for position offsets...
[2026-03-28T01:47:33.911] [INFO] [training:0]   Loaded cached index: 42,231 offsets (C:\Users\chris\pyproj\my_env\Projects\ChessEngine\x64\Release\assets\selfplay_gen3.bin.offidx)
[2026-03-28T01:47:33.912] [INFO] [training:0]   Sampled 4,934 from 42,231 positions (reservoir)
[2026-03-28T01:47:33.923] [INFO] [training:0]   Parsed 4,934 positions in 0.0s (439,854 pos/s)
[2026-03-28T01:47:33.923] [INFO] [training:0]   Vectorized HalfKAv2 conversion (4,934 positions)...
[2026-03-28T01:47:34.006] [INFO] [training:0]   HalfKAv2 conversion: 0.1s (59,864 pos/s)
[2026-03-28T01:47:34.007] [INFO] [training:0]   Converting to tensors...
[2026-03-28T01:47:34.007] [INFO] [training:0] Phase distribution: Opening=765, Middlegame=2,042, Endgame=1,951
[2026-03-28T01:47:34.007] [INFO] [training:0]   [selfplay_gen3.bin] loaded: 4,758 positions
[2026-03-28T01:47:34.080] [INFO] [training:0] Loading positions from C:\Users\chris\pyproj\my_env\Projects\ChessEngine\x64\Release\assets\selfplay_gen2.bin...
[2026-03-28T01:47:34.081] [INFO] [training:0]   Total positions: 454 (header: versioned)
[2026-03-28T01:47:34.082] [INFO] [training:0]   Parsed 444 positions in 0.0s (423,821 pos/s)          
[2026-03-28T01:47:34.082] [INFO] [training:0]   Filtered: 10 extreme-eval positions removed, 444 kept
[2026-03-28T01:47:34.168] [INFO] [training:0]   Vectorized HalfKAv2 conversion (444 positions)...
[2026-03-28T01:47:34.253] [INFO] [training:0]   HalfKAv2 conversion: 0.1s (5,200 pos/s)
[2026-03-28T01:47:34.253] [INFO] [training:0]   Converting to tensors...
[2026-03-28T01:47:34.253] [INFO] [training:0] Phase distribution: Opening=146, Middlegame=298, Endgame=0
[2026-03-28T01:47:34.253] [INFO] [training:0]   [selfplay_gen2.bin] loaded: 444 positions
[2026-03-28T01:47:34.341] [INFO] [training:0]   Train positions: 86,108
[2026-03-28T01:47:34.341] [INFO] [training:0]   Val positions:   9,567
[2026-03-28T01:47:34.396] [INFO] [training:0]   Phase-balanced samples: 96,819 (from 86,108 train)
[2026-03-28T01:48:35.113] [INFO] [training:0]   Ep 1 | Batch 43/43 (100%) | Loss: 0.211030
[2026-03-28T01:48:42.436] [INFO] [training:0] ----------------------------------------------------------------------
[2026-03-28T01:48:42.436] [INFO] [training:0]   Epoch    1/8 | Train: 0.211030 (rebalanced) | Val: 0.351560 * | LR: 0.000008 | Acc: 0.5117
[2026-03-28T01:48:42.436] [METRIC] [training:4] EPOCH epoch=1 train_loss=0.21103000 val_loss=0.35156000 lr=8.000000e-06 acc=0.5117
[2026-03-28T01:48:42.436] [INFO] [training:0]   Time: 1m00s | Elapsed: 1m00s | 1,446 pos/s
[2026-03-28T01:48:42.436] [INFO] [training:0]   Phase loss -> Opening: 0.380255  Middlegame: 0.357408  Endgame: 0.323719
[2026-03-28T01:48:44.087] [INFO] [training:0] Weights saved to C:\Users\chris\pyproj\my_env\Projects\ChessEngine\x64\Release\assets\nnue_weights.bin
[2026-03-28T01:48:46.883] [INFO] [training:0] Checkpoint saved to C:\Users\chris\pyproj\my_env\Projects\ChessEngine\x64\Release\assets\nnue_weights_checkpoint.pt
[2026-03-28T01:49:50.222] [INFO] [training:0]   Ep 2 | Batch 43/43 (100%) | Loss: 0.209727
[2026-03-28T01:49:57.470] [INFO] [training:0] ----------------------------------------------------------------------
[2026-03-28T01:49:57.470] [INFO] [training:0]   Epoch    2/8 | Train: 0.209727 (rebalanced) | Val: 0.351315 * | LR: 0.000017 | Acc: 0.5135
[2026-03-28T01:49:57.470] [METRIC] [training:4] EPOCH epoch=2 train_loss=0.20972700 val_loss=0.35131500 lr=1.700000e-05 acc=0.5135
[2026-03-28T01:49:57.470] [INFO] [training:0]   Time: 1m03s | Elapsed: 2m16s | 1,387 pos/s
[2026-03-28T01:49:57.470] [INFO] [training:0]   Phase loss -> Opening: 0.380058  Middlegame: 0.357096  Endgame: 0.323499
[2026-03-28T01:49:58.878] [INFO] [training:0] Weights saved to C:\Users\chris\pyproj\my_env\Projects\ChessEngine\x64\Release\assets\nnue_weights.bin
[2026-03-28T01:50:01.231] [INFO] [training:0] Checkpoint saved to C:\Users\chris\pyproj\my_env\Projects\ChessEngine\x64\Release\assets\nnue_weights_checkpoint.pt
[2026-03-28T01:51:02.813] [INFO] [training:0]   Ep 3 | Batch 43/43 (100%) | Loss: 0.210287
[2026-03-28T01:51:09.278] [INFO] [training:0] ----------------------------------------------------------------------
[2026-03-28T01:51:09.278] [INFO] [training:0]   Epoch    3/8 | Train: 0.210287 (rebalanced) | Val: 0.351142 * | LR: 0.000026 | Acc: 0.5154
[2026-03-28T01:51:09.278] [METRIC] [training:4] EPOCH epoch=3 train_loss=0.21028700 val_loss=0.35114200 lr=2.600000e-05 acc=0.5154
[2026-03-28T01:51:09.278] [INFO] [training:0]   Time: 1m01s | Elapsed: 3m28s | 1,427 pos/s
[2026-03-28T01:51:09.278] [INFO] [training:0]   Phase loss -> Opening: 0.380073  Middlegame: 0.356821  Endgame: 0.323277
[2026-03-28T01:51:10.638] [INFO] [training:0] Weights saved to C:\Users\chris\pyproj\my_env\Projects\ChessEngine\x64\Release\assets\nnue_weights.bin
[2026-03-28T01:51:12.827] [INFO] [training:0] Checkpoint saved to C:\Users\chris\pyproj\my_env\Projects\ChessEngine\x64\Release\assets\nnue_weights_checkpoint.pt
[2026-03-28T01:52:22.819] [INFO] [training:0]   Ep 4 | Batch 43/43 (100%) | Loss: 0.208976
[2026-03-28T01:52:30.361] [INFO] [training:0] ----------------------------------------------------------------------
[2026-03-28T01:52:30.362] [INFO] [training:0]   Epoch    4/8 | Train: 0.208976 (rebalanced) | Val: 0.351120 * | LR: 0.000034 | Acc: 0.5152
[2026-03-28T01:52:30.362] [METRIC] [training:4] EPOCH epoch=4 train_loss=0.20897600 val_loss=0.35112000 lr=3.400000e-05 acc=0.5152
[2026-03-28T01:52:30.362] [INFO] [training:0]   Time: 1m10s | Elapsed: 4m48s | 1,255 pos/s
[2026-03-28T01:52:30.362] [INFO] [training:0]   Phase loss -> Opening: 0.380217  Middlegame: 0.356805  Endgame: 0.323121
[2026-03-28T01:53:44.705] [INFO] [training:0]   Ep 5 | Batch 43/43 (100%) | Loss: 0.207763
[2026-03-28T01:53:52.546] [INFO] [training:0] ----------------------------------------------------------------------
[2026-03-28T01:53:52.546] [INFO] [training:0]   Epoch    5/8 | Train: 0.207763 (rebalanced) | Val: 0.351411 | LR: 0.000043 | Acc: 0.5118
[2026-03-28T01:53:52.546] [METRIC] [training:4] EPOCH epoch=5 train_loss=0.20776300 val_loss=0.35141100 lr=4.300000e-05 acc=0.5118
[2026-03-28T01:53:52.546] [INFO] [training:0]   Time: 1m14s | Elapsed: 6m10s | 1,182 pos/s [SWA]
[2026-03-28T01:53:52.546] [INFO] [training:0]   Phase loss -> Opening: 0.380638  Middlegame: 0.357166  Endgame: 0.323243
[2026-03-28T01:53:52.546] [INFO] [training:0]   No improvement for 1/7 epochs
[2026-03-28T01:55:07.535] [INFO] [training:0]   Ep 6 | Batch 43/43 (100%) | Loss: 0.206623
[2026-03-28T01:55:15.819] [INFO] [training:0] ----------------------------------------------------------------------
[2026-03-28T01:55:15.819] [INFO] [training:0]   Epoch    6/8 | Train: 0.206623 (rebalanced) | Val: 0.351089 * | LR: 0.000052 | Acc: 0.5142
[2026-03-28T01:55:15.819] [METRIC] [training:4] EPOCH epoch=6 train_loss=0.20662300 val_loss=0.35108900 lr=5.200000e-05 acc=0.5142
[2026-03-28T01:55:15.819] [INFO] [training:0]   Time: 1m15s | Elapsed: 7m33s | 1,171 pos/s [SWA]
[2026-03-28T01:55:15.819] [INFO] [training:0]   Phase loss -> Opening: 0.380117  Middlegame: 0.356888  Endgame: 0.323036
[2026-03-28T01:55:15.819] [INFO] [training:0]   No improvement for 2/7 epochs
[2026-03-28T01:56:27.888] [INFO] [training:0]   Ep 7 | Batch 43/43 (100%) | Loss: 0.205560
[2026-03-28T01:56:34.904] [INFO] [training:0] ----------------------------------------------------------------------
[2026-03-28T01:56:34.904] [INFO] [training:0]   Epoch    7/8 | Train: 0.205560 (rebalanced) | Val: 0.351284 | LR: 0.000061 | Acc: 0.5137
[2026-03-28T01:56:34.904] [METRIC] [training:4] EPOCH epoch=7 train_loss=0.20556000 val_loss=0.35128400 lr=6.100000e-05 acc=0.5137
[2026-03-28T01:56:34.904] [INFO] [training:0]   Time: 1m12s | Elapsed: 8m53s | 1,219 pos/s [SWA]
[2026-03-28T01:56:34.904] [INFO] [training:0]   Phase loss -> Opening: 0.380695  Middlegame: 0.357077  Endgame: 0.322938
[2026-03-28T01:56:34.904] [INFO] [training:0]   No improvement for 3/7 epochs
[2026-03-28T01:57:35.709] [INFO] [training:0]   Ep 8 | Batch 43/43 (100%) | Loss: 0.204154
[2026-03-28T01:57:42.411] [INFO] [training:0] ----------------------------------------------------------------------
[2026-03-28T01:57:42.411] [INFO] [training:0]   Epoch    8/8 | Train: 0.204154 (rebalanced) | Val: 0.351691 | LR: 0.000070 | Acc: 0.5120
[2026-03-28T01:57:42.411] [METRIC] [training:4] EPOCH epoch=8 train_loss=0.20415400 val_loss=0.35169100 lr=7.000000e-05 acc=0.5120
[2026-03-28T01:57:42.411] [INFO] [training:0]   Time: 1m00s | Elapsed: 10m01s | 1,444 pos/s [SWA]
[2026-03-28T01:57:42.411] [INFO] [training:0]   Phase loss -> Opening: 0.381262  Middlegame: 0.357530  Endgame: 0.323178
[2026-03-28T01:57:42.411] [INFO] [training:0]   No improvement for 4/7 epochs
[2026-03-28T01:57:42.412] [INFO] [training:0] Applying SWA averaged weights (4 snapshots)...
[2026-03-28T01:57:42.438] [INFO] [training:0]   SWA: Applied averaged weights (4 snapshots)
[2026-03-28T01:57:43.788] [INFO] [training:0] Weights saved to C:\Users\chris\pyproj\my_env\Projects\ChessEngine\x64\Release\assets\nnue_weights_swa.bin
[2026-03-28T01:57:43.788] [INFO] [training:0]   SWA weights saved to C:\Users\chris\pyproj\my_env\Projects\ChessEngine\x64\Release\assets\nnue_weights_swa.bin
[2026-03-28T01:57:43.788] [INFO] [training:0]   Best validation weights remain at C:\Users\chris\pyproj\my_env\Projects\ChessEngine\x64\Release\assets\nnue_weights.bin
[2026-03-28T01:57:43.788] [INFO] [training:0] ============================================================
[2026-03-28T01:57:43.788] [INFO] [training:0] Training complete!
[2026-03-28T01:57:43.788] [INFO] [training:0]   Total time:  10m09s
[2026-03-28T01:57:43.788] [INFO] [training:0]   Best loss:   0.351142
[2026-03-28T01:57:43.788] [INFO] [training:0]   Weights:     C:\Users\chris\pyproj\my_env\Projects\ChessEngine\x64\Release\assets\nnue_weights.bin
[2026-03-28T01:57:43.788] [INFO] [training:0]   SWA applied: Yes (4 snapshots averaged)
[2026-03-28T01:57:43.788] [INFO] [training:0] ============================================================
[2026-03-28T01:57:45.221] [INFO] [training:0] Progress graph saved to .\training progress\training_progress.png
[2026-03-28T01:57:45.912] [EVENT] [training:4] PHASE_END success=true elapsed_sec=623.0
[2026-03-28T01:57:45.984] [INFO] [training:0]   SWA weights archived to nnue_weights_swa_gen4.bin
[2026-03-28T01:57:45.984] [EVENT] [swa_match:4] PHASE_START games=100
[2026-03-28T01:57:45.984] [INFO] [swa_match:0] [SWA] Running best-of-two: Best-Val vs SWA (100 games)
[2026-03-28T01:57:45.985] [CMD] [swa_match:0] [CMD] py -3 "C:\Users\chris\pyproj\my_env\Projects\ChessEngine\x64\Release\assets\swa_match.py" "C:\Users\chris\pyproj\my_env\Projects\ChessEngine\x64\Release\ChessEngine.exe" "C:\Users\chris\pyproj\my_env\Projects\ChessEngine\x64\Release\assets\nnue_weights_swa_gen4.bin" "C:\Users\chris\pyproj\my_env\Projects\ChessEngine\x64\Release\assets\nnue_weights_gen4.bin" 100 7
[2026-03-28T01:57:59.287] [INFO] [swa_match:0] [SWA] 10/100: +4 =6 -0
[2026-03-28T01:58:12.594] [INFO] [swa_match:0] [SWA] 20/100: +7 =12 -1
[2026-03-28T01:58:26.307] [INFO] [swa_match:0] [SWA] 30/100: +9 =18 -3
[2026-03-28T01:58:40.678] [INFO] [swa_match:0] [SWA] 40/100: +11 =25 -4
[2026-03-28T01:58:54.310] [INFO] [swa_match:0] [SWA] 50/100: +12 =32 -6
[2026-03-28T01:59:07.776] [INFO] [swa_match:0] [SWA] 60/100: +16 =38 -6
[2026-03-28T01:59:20.643] [INFO] [swa_match:0] [SWA] 70/100: +19 =44 -7
[2026-03-28T01:59:33.800] [INFO] [swa_match:0] [SWA] 80/100: +21 =50 -9
[2026-03-28T01:59:46.765] [INFO] [swa_match:0] [SWA] 90/100: +23 =57 -10
[2026-03-28T01:59:59.155] [INFO] [swa_match:0] [SWA] 100/100: +24 =64 -12
[2026-03-28T01:59:59.155] [INFO] [swa_match:0] [SWA] Final: +24 =64 -12 SWA_ELO: 41
[2026-03-28T01:59:59.168] [EVENT] [swa_match:4] PHASE_END success=true elapsed_sec=133.0
[2026-03-28T01:59:59.168] [METRIC] [swa:4] ELO_RESULT elo=+41 wins=0 draws=0 losses=0
[2026-03-28T01:59:59.168] [INFO] [swa_match:0] [SWA] SWA wins by +41 ELO â€” promoting SWA weights for gen 4
[2026-03-28T01:59:59.232] [EVENT] [pipeline:4] GEN_SUMMARY gen=4 train_loss=0.20415400 val_loss=0.35169100 elo=+0 elapsed_sec=0.0
[2026-03-28T01:59:59.806] [INFO] [swa_match:1] --- Generation 5 ---
[2026-03-28T01:59:59.808] [EVENT] [selfplay:5] PHASE_START games=500 depth=7 workers=12
[2026-03-28T01:59:59.808] [CMD] [selfplay:1] [CMD] "C:\Users\chris\pyproj\my_env\Projects\ChessEngine\x64\Release\ChessEngine.exe" --generate --games 500 --depth 7 --workers 12 --output "C:\Users\chris\pyproj\my_env\Projects\ChessEngine\x64\Release\assets\selfplay_gen5.bin" --weights "C:\Users\chris\pyproj\my_env\Projects\ChessEngine\x64\Release\assets\nnue_weights_gen4.bin" --openings "C:\Users\chris\pyproj\my_env\Projects\ChessEngine\x64\Release\assets\openings.txt" --game-time-limit 480 --resigncp 500 --contempt 20 --maxplies 250 --drawcp 0
[2026-03-28T02:00:00.377] [INFO] [selfplay:1] [SelfPlay] Loaded 2000 opening positions from C:\Users\chris\pyproj\my_env\Projects\ChessEngine\x64\Release\assets\openings.txt
[2026-03-28T02:00:00.377] [INFO] [selfplay:1] [SelfPlay] Starting 500 games  depth=7  movetime=0ms  workers=12  output=C:\Users\chris\pyproj\my_env\Projects\ChessEngine\x64\Release\assets\selfplay_gen5.bin  openings=2000  contempt=20  openingTemp=1.5  softmaxPlies=8  softmaxTemp=0.5  recordMinPly=10
[2026-03-28T02:00:28.818] [INFO] [selfplay:1] [SelfPlay] 1/500 (0%)  pos=2  W/D/B=0/0/1  (0%/0%/100%)  d7  0.3 games/s (avg 0.3)  49.0K nps  ETA 00:27:15            
[2026-03-28T02:00:29.190] [INFO] [selfplay:1] [SelfPlay] 2/500 (0%)  pos=113  W/D/B=1/0/1  (50%/0%/50%)  d7  0.3 games/s (avg 0.1)  56.4K nps  ETA 01:58:01          
[2026-03-28T02:00:29.884] [INFO] [selfplay:1] [SelfPlay] 3/500 (0%)  pos=233  W/D/B=1/0/2  (33%/0%/66%)  d7  0.6 games/s (avg 0.1)  107.9K nps  ETA 01:19:32         
[2026-03-28T02:00:32.959] [INFO] [selfplay:1] [SelfPlay] 4/500 (0%)  pos=312  W/D/B=2/0/2  (50%/0%/50%)  d7  0.7 games/s (avg 0.1)  156.4K nps  ETA 01:00:55         
[2026-03-28T02:00:33.189] [INFO] [selfplay:1] [SelfPlay] 5/500 (1%)  pos=421  W/D/B=3/0/2  (60%/0%/40%)  d7  0.7 games/s (avg 0.2)  192.6K nps  ETA 00:53:45         
[2026-03-28T02:00:34.400] [INFO] [selfplay:1] [SelfPlay] 6/500 (1%)  pos=473  W/D/B=3/1/2  (50%/16%/33%)  d7  1.2 games/s (avg 0.2)  238.0K nps  ETA 00:44:59        
[2026-03-28T02:00:45.698] [INFO] [selfplay:1] [SelfPlay] 7/500 (1%)  pos=541  W/D/B=4/1/2  (57%/14%/28%)  d7  1.2 games/s (avg 0.2)  278.6K nps  ETA 00:39:45        
[2026-03-28T02:00:45.831] [INFO] [selfplay:1] [SelfPlay] 8/500 (1%)  pos=673  W/D/B=4/2/2  (50%/25%/25%)  d7  1.1 games/s (avg 0.2)  340.0K nps  ETA 00:46:27        
[2026-03-28T02:00:46.256] [INFO] [selfplay:1] [SelfPlay] 9/500 (1%)  pos=766  W/D/B=4/2/3  (44%/22%/33%)  d7  2.1 games/s (avg 0.2)  405.7K nps  ETA 00:41:19        
[2026-03-28T02:00:46.491] [INFO] [selfplay:1] [SelfPlay] 10/500 (2%)  pos=853  W/D/B=4/2/4  (40%/20%/40%)  d7  2.1 games/s (avg 0.2)  467.2K nps  ETA 00:37:27       
[2026-03-28T02:00:47.530] [INFO] [selfplay:1] [SelfPlay] 11/500 (2%)  pos=874  W/D/B=4/2/5  (36%/18%/45%)  d7  2.4 games/s (avg 0.2)  483.4K nps  ETA 00:34:08       
[2026-03-28T02:00:47.918] [INFO] [selfplay:1] [SelfPlay] 12/500 (2%)  pos=982  W/D/B=4/2/6  (33%/16%/50%)  d7  2.2 games/s (avg 0.3)  532.4K nps  ETA 00:31:57       
[2026-03-28T02:01:02.053] [INFO] [selfplay:1] [SelfPlay] 13/500 (2%)  pos=1056  W/D/B=5/2/6  (38%/15%/46%)  d7  2.3 games/s (avg 0.3)  586.7K nps  ETA 00:29:26      
[2026-03-28T02:01:02.431] [INFO] [selfplay:1] [SelfPlay] 14/500 (2%)  pos=1172  W/D/B=5/2/7  (35%/14%/50%)  d7  2.1 games/s (avg 0.2)  622.6K nps  ETA 00:35:40      
[2026-03-28T02:01:08.315] [INFO] [selfplay:1] [SelfPlay] 15/500 (3%)  pos=1278  W/D/B=5/2/8  (33%/13%/53%)  d7  2.2 games/s (avg 0.2)  662.0K nps  ETA 00:33:21      
[2026-03-28T02:01:13.589] [INFO] [selfplay:1] [SelfPlay] 16/500 (3%)  pos=1358  W/D/B=6/2/8  (37%/12%/50%)  d7  2.0 games/s (avg 0.2)  705.9K nps  ETA 00:34:09      
[2026-03-28T02:01:15.408] [INFO] [selfplay:1] [SelfPlay] 17/500 (3%)  pos=1492  W/D/B=7/2/8  (41%/11%/47%)  d7  1.9 games/s (avg 0.2)  788.7K nps  ETA 00:34:38      
[2026-03-28T02:01:15.425] [INFO] [selfplay:1] [SelfPlay] 18/500 (3%)  pos=1541  W/D/B=8/2/8  (44%/11%/44%)  d7  1.7 games/s (avg 0.2)  787.1K nps  ETA 00:33:29      
[2026-03-28T02:01:23.049] [INFO] [selfplay:1] [SelfPlay] 19/500 (3%)  pos=1705  W/D/B=8/2/9  (42%/10%/47%)  d7  10.0 games/s (avg 0.3)  838.7K nps  ETA 00:31:32     
[2026-03-28T02:01:25.399] [INFO] [selfplay:1] [SelfPlay] 20/500 (4%)  pos=1770  W/D/B=9/2/9  (45%/10%/45%)  d7  9.2 games/s (avg 0.2)  879.4K nps  ETA 00:33:01      
[2026-03-28T02:01:26.956] [INFO] [selfplay:1] [SelfPlay] 21/500 (4%)  pos=1866  W/D/B=10/2/9  (47%/9%/42%)  d7  8.5 games/s (avg 0.2)  922.5K nps  ETA 00:32:18      
[2026-03-28T02:01:32.087] [INFO] [selfplay:1] [SelfPlay] 22/500 (4%)  pos=2035  W/D/B=10/3/9  (45%/13%/40%)  d7  7.9 games/s (avg 0.3)  986.8K nps  ETA 00:31:16     
[2026-03-28T02:01:39.834] [INFO] [selfplay:1] [SelfPlay] 23/500 (4%)  pos=2088  W/D/B=11/3/9  (47%/13%/39%)  d7  7.3 games/s (avg 0.3)  1.0M nps  ETA 00:31:33       
[2026-03-28T02:01:43.416] [INFO] [selfplay:1] [SelfPlay] 24/500 (4%)  pos=2203  W/D/B=12/3/9  (50%/12%/37%)  d7  6.8 games/s (avg 0.2)  1.1M nps  ETA 00:32:48       
[2026-03-28T02:01:44.048] [INFO] [selfplay:1] [SelfPlay] 25/500 (5%)  pos=2324  W/D/B=12/3/10  (48%/12%/40%)  d7  6.3 games/s (avg 0.2)  1.1M nps  ETA 00:32:37      
[2026-03-28T02:01:45.485] [INFO] [selfplay:1] [SelfPlay] 26/500 (5%)  pos=2396  W/D/B=12/3/11  (46%/11%/42%)  d7  5.6 games/s (avg 0.3)  1.2M nps  ETA 00:31:27      
[2026-03-28T02:01:47.265] [INFO] [selfplay:1] [SelfPlay] 27/500 (5%)  pos=2486  W/D/B=12/3/12  (44%/11%/44%)  d7  4.8 games/s (avg 0.3)  1.2M nps  ETA 00:30:40      
[2026-03-28T02:01:49.213] [INFO] [selfplay:1] [SelfPlay] 28/500 (5%)  pos=2490  W/D/B=13/3/12  (46%/10%/42%)  d7  4.2 games/s (avg 0.3)  1.2M nps  ETA 00:29:59      
[2026-03-28T02:01:54.065] [INFO] [selfplay:1] [SelfPlay] 29/500 (5%)  pos=2570  W/D/B=13/3/13  (44%/10%/44%)  d7  3.6 games/s (avg 0.3)  1.2M nps  ETA 00:29:22      
[2026-03-28T02:01:59.777] [INFO] [selfplay:1] [SelfPlay] 30/500 (6%)  pos=2574  W/D/B=14/3/13  (46%/10%/43%)  d7  3.4 games/s (avg 0.3)  1.2M nps  ETA 00:29:35      
[2026-03-28T02:02:15.375] [INFO] [selfplay:1] [SelfPlay] 31/500 (6%)  pos=2667  W/D/B=15/3/13  (48%/9%/41%)  d7  3.1 games/s (avg 0.3)  1.2M nps  ETA 00:29:51       
[2026-03-28T02:02:15.430] [INFO] [selfplay:1] [SelfPlay] 32/500 (6%)  pos=2794  W/D/B=15/4/13  (46%/12%/40%)  d7  2.9 games/s (avg 0.2)  1.2M nps  ETA 00:32:53      
[2026-03-28T02:02:16.302] [INFO] [selfplay:1] [SelfPlay] 33/500 (6%)  pos=2931  W/D/B=15/4/14  (45%/12%/42%)  d7  5.1 games/s (avg 0.2)  1.3M nps  ETA 00:31:51      
[2026-03-28T02:02:16.838] [INFO] [selfplay:1] [SelfPlay] 34/500 (6%)  pos=3032  W/D/B=15/4/15  (44%/11%/44%)  d7  4.5 games/s (avg 0.3)  1.3M nps  ETA 00:31:01      
[2026-03-28T02:02:17.316] [INFO] [selfplay:1] [SelfPlay] 35/500 (7%)  pos=3124  W/D/B=16/4/15  (45%/11%/42%)  d7  4.1 games/s (avg 0.3)  1.3M nps  ETA 00:30:12      
[2026-03-28T02:02:19.318] [INFO] [selfplay:1] [SelfPlay] 36/500 (7%)  pos=3349  W/D/B=16/4/16  (44%/11%/44%)  d7  3.8 games/s (avg 0.3)  1.4M nps  ETA 00:29:22      
[2026-03-28T02:02:23.844] [INFO] [selfplay:1] [SelfPlay] 37/500 (7%)  pos=3431  W/D/B=17/4/16  (45%/10%/43%)  d7  3.3 games/s (avg 0.3)  1.3M nps  ETA 00:28:53      
[2026-03-28T02:02:28.607] [INFO] [selfplay:1] [SelfPlay] 38/500 (7%)  pos=3604  W/D/B=18/4/16  (47%/10%/42%)  d7  3.1 games/s (avg 0.3)  1.4M nps  ETA 00:28:59      
[2026-03-28T02:02:28.827] [INFO] [selfplay:1] [SelfPlay] 39/500 (7%)  pos=3696  W/D/B=19/4/16  (48%/10%/41%)  d7  2.9 games/s (avg 0.3)  1.4M nps  ETA 00:29:12      
[2026-03-28T02:02:34.606] [INFO] [selfplay:1] [SelfPlay] 40/500 (8%)  pos=3936  W/D/B=19/5/16  (47%/12%/40%)  d7  3.1 games/s (avg 0.3)  1.5M nps  ETA 00:28:21      
[2026-03-28T02:02:38.415] [INFO] [selfplay:1] [SelfPlay] 41/500 (8%)  pos=3967  W/D/B=19/5/17  (46%/12%/41%)  d7  2.9 games/s (avg 0.3)  1.5M nps  ETA 00:28:42      
[2026-03-28T02:02:40.755] [INFO] [selfplay:1] [SelfPlay] 42/500 (8%)  pos=4151  W/D/B=19/5/18  (45%/11%/42%)  d7  2.7 games/s (avg 0.3)  1.6M nps  ETA 00:28:41      
[2026-03-28T02:02:48.108] [INFO] [selfplay:1] [SelfPlay] 43/500 (8%)  pos=4195  W/D/B=20/5/18  (46%/11%/41%)  d7  2.3 games/s (avg 0.3)  1.5M nps  ETA 00:28:17      
[2026-03-28T02:02:50.759] [INFO] [selfplay:1] [SelfPlay] 44/500 (8%)  pos=4279  W/D/B=20/5/19  (45%/11%/43%)  d7  2.1 games/s (avg 0.3)  1.5M nps  ETA 00:28:55      
[2026-03-28T02:02:53.476] [INFO] [selfplay:1] [SelfPlay] 45/500 (9%)  pos=4338  W/D/B=20/5/20  (44%/11%/44%)  d7  1.9 games/s (avg 0.3)  1.5M nps  ETA 00:28:39      
[2026-03-28T02:02:57.860] [INFO] [selfplay:1] [SelfPlay] 46/500 (9%)  pos=4487  W/D/B=20/5/21  (43%/10%/45%)  d7  1.7 games/s (avg 0.3)  1.5M nps  ETA 00:28:24      
[2026-03-28T02:03:03.346] [INFO] [selfplay:1] [SelfPlay] 47/500 (9%)  pos=4565  W/D/B=20/6/21  (42%/12%/44%)  d7  1.4 games/s (avg 0.3)  1.4M nps  ETA 00:28:25      
[2026-03-28T02:03:03.541] [INFO] [selfplay:1] [SelfPlay] 48/500 (9%)  pos=4711  W/D/B=21/6/21  (43%/12%/43%)  d7  1.3 games/s (avg 0.3)  1.3M nps  ETA 00:28:41      
[2026-03-28T02:03:11.223] [INFO] [selfplay:1] [SelfPlay] 49/500 (9%)  pos=4791  W/D/B=21/7/21  (42%/14%/42%)  d7  1.8 games/s (avg 0.3)  1.3M nps  ETA 00:27:58      
[2026-03-28T02:03:12.167] [INFO] [selfplay:1] [SelfPlay] 50/500 (10%)  pos=4913  W/D/B=21/7/22  (42%/14%/44%)  d7  1.7 games/s (avg 0.3)  1.3M nps  ETA 00:28:36     
[2026-03-28T02:03:13.183] [INFO] [selfplay:1] [SelfPlay] 51/500 (10%)  pos=5028  W/D/B=22/7/22  (43%/13%/43%)  d7  1.6 games/s (avg 0.3)  1.4M nps  ETA 00:28:07     
[2026-03-28T02:03:19.595] [INFO] [selfplay:1] [SelfPlay] 52/500 (10%)  pos=5091  W/D/B=23/7/22  (44%/13%/42%)  d7  1.5 games/s (avg 0.3)  1.4M nps  ETA 00:27:34     
[2026-03-28T02:03:20.612] [INFO] [selfplay:1] [SelfPlay] 53/500 (10%)  pos=5201  W/D/B=23/7/23  (43%/13%/43%)  d7  1.3 games/s (avg 0.3)  1.3M nps  ETA 00:27:59     
[2026-03-28T02:03:21.816] [INFO] [selfplay:1] [SelfPlay] 54/500 (10%)  pos=5247  W/D/B=23/7/24  (42%/12%/44%)  d7  1.3 games/s (avg 0.3)  1.3M nps  ETA 00:27:32     
[2026-03-28T02:03:22.200] [INFO] [selfplay:1] [SelfPlay] 55/500 (11%)  pos=5316  W/D/B=23/7/25  (41%/12%/45%)  d7  1.2 games/s (avg 0.3)  1.3M nps  ETA 00:27:09     
[2026-03-28T02:03:24.849] [INFO] [selfplay:1] [SelfPlay] 56/500 (11%)  pos=5428  W/D/B=24/7/25  (42%/12%/44%)  d7  1.4 games/s (avg 0.3)  1.3M nps  ETA 00:26:37     
[2026-03-28T02:03:25.961] [INFO] [selfplay:1] [SelfPlay] 57/500 (11%)  pos=5509  W/D/B=24/8/25  (42%/14%/43%)  d7  1.3 games/s (avg 0.3)  1.3M nps  ETA 00:26:28     
[2026-03-28T02:03:32.180] [INFO] [selfplay:1] [SelfPlay] 58/500 (11%)  pos=5601  W/D/B=24/9/25  (41%/15%/43%)  d7  1.2 games/s (avg 0.3)  1.3M nps  ETA 00:26:00     
[2026-03-28T02:03:39.647] [INFO] [selfplay:1] [SelfPlay] 59/500 (11%)  pos=5756  W/D/B=25/9/25  (42%/15%/42%)  d7  1.0 games/s (avg 0.3)  1.2M nps  ETA 00:26:15     
[2026-03-28T02:03:45.158] [INFO] [selfplay:1] [SelfPlay] 60/500 (12%)  pos=5831  W/D/B=26/9/25  (43%/15%/41%)  d7  0.9 games/s (avg 0.3)  1.2M nps  ETA 00:26:42     
[2026-03-28T02:03:46.709] [INFO] [selfplay:1] [SelfPlay] 61/500 (12%)  pos=5924  W/D/B=27/9/25  (44%/14%/40%)  d7  0.8 games/s (avg 0.3)  1.1M nps  ETA 00:26:55     
[2026-03-28T02:03:47.624] [INFO] [selfplay:1] [SelfPlay] 62/500 (12%)  pos=6035  W/D/B=28/9/25  (45%/14%/40%)  d7  0.8 games/s (avg 0.3)  1.1M nps  ETA 00:26:37     
[2026-03-28T02:03:48.492] [INFO] [selfplay:1] [SelfPlay] 63/500 (12%)  pos=6090  W/D/B=28/9/26  (44%/14%/41%)  d7  0.8 games/s (avg 0.3)  1.1M nps  ETA 00:26:15     
[2026-03-28T02:03:50.257] [INFO] [selfplay:1] [SelfPlay] 64/500 (12%)  pos=6216  W/D/B=28/10/26  (43%/15%/40%)  d7  0.9 games/s (avg 0.3)  1.1M nps  ETA 00:25:53    
[2026-03-28T02:03:50.677] [INFO] [selfplay:1] [SelfPlay] 65/500 (13%)  pos=6236  W/D/B=28/10/27  (43%/15%/41%)  d7  0.8 games/s (avg 0.3)  1.1M nps  ETA 00:25:37    
[2026-03-28T02:04:03.686] [INFO] [selfplay:1] [SelfPlay] 66/500 (13%)  pos=6337  W/D/B=28/11/27  (42%/16%/40%)  d7  1.1 games/s (avg 0.3)  1.1M nps  ETA 00:25:01    
[2026-03-28T02:04:11.245] [INFO] [selfplay:1] [SelfPlay] 67/500 (13%)  pos=6458  W/D/B=29/11/27  (43%/16%/40%)  d7  1.0 games/s (avg 0.3)  1.1M nps  ETA 00:26:05    
[2026-03-28T02:04:11.758] [INFO] [selfplay:1] [SelfPlay] 68/500 (13%)  pos=6652  W/D/B=30/11/27  (44%/16%/39%)  d7  0.9 games/s (avg 0.3)  1.1M nps  ETA 00:26:32    
[2026-03-28T02:04:15.364] [INFO] [selfplay:1] [SelfPlay] 69/500 (13%)  pos=6824  W/D/B=30/11/28  (43%/15%/40%)  d7  1.0 games/s (avg 0.3)  1.1M nps  ETA 00:26:07    
[2026-03-28T02:04:16.203] [INFO] [selfplay:1] [SelfPlay] 70/500 (14%)  pos=6874  W/D/B=30/11/29  (42%/15%/41%)  d7  0.9 games/s (avg 0.3)  1.1M nps  ETA 00:26:05    
[2026-03-28T02:04:18.443] [INFO] [selfplay:1] [SelfPlay] 71/500 (14%)  pos=7069  W/D/B=31/11/29  (43%/15%/40%)  d7  0.9 games/s (avg 0.3)  1.1M nps  ETA 00:25:42    
[2026-03-28T02:04:26.870] [INFO] [selfplay:1] [SelfPlay] 72/500 (14%)  pos=7232  W/D/B=32/11/29  (44%/15%/40%)  d7  0.9 games/s (avg 0.3)  1.1M nps  ETA 00:25:26    
[2026-03-28T02:04:30.018] [INFO] [selfplay:1] [SelfPlay] 73/500 (14%)  pos=7365  W/D/B=33/11/29  (45%/15%/39%)  d7  0.8 games/s (avg 0.3)  1.0M nps  ETA 00:25:55    
[2026-03-28T02:04:33.300] [INFO] [selfplay:1] [SelfPlay] 74/500 (14%)  pos=7444  W/D/B=33/11/30  (44%/14%/40%)  d7  0.7 games/s (avg 0.3)  1.0M nps  ETA 00:25:49    
[2026-03-28T02:04:36.832] [INFO] [selfplay:1] [SelfPlay] 75/500 (15%)  pos=7544  W/D/B=33/12/30  (44%/16%/40%)  d7  0.6 games/s (avg 0.3)  1.0M nps  ETA 00:25:42    
[2026-03-28T02:04:38.191] [INFO] [selfplay:1] [SelfPlay] 76/500 (15%)  pos=7652  W/D/B=34/12/30  (44%/15%/39%)  d7  0.6 games/s (avg 0.3)  1.0M nps  ETA 00:25:41    
[2026-03-28T02:04:51.777] [INFO] [selfplay:1] [SelfPlay] 77/500 (15%)  pos=7738  W/D/B=34/12/31  (44%/15%/40%)  d7  0.6 games/s (avg 0.3)  1.0M nps  ETA 00:25:12    
[2026-03-28T02:04:51.939] [INFO] [selfplay:1] [SelfPlay] 78/500 (15%)  pos=7779  W/D/B=34/12/32  (43%/15%/41%)  d7  0.5 games/s (avg 0.3)  949.6K nps  ETA 00:26:16  
[2026-03-28T02:04:53.436] [INFO] [selfplay:1] [SelfPlay] 79/500 (15%)  pos=7822  W/D/B=35/12/32  (44%/15%/40%)  d7  1.4 games/s (avg 0.3)  955.7K nps  ETA 00:25:51  
[2026-03-28T02:04:54.152] [INFO] [selfplay:1] [SelfPlay] 80/500 (16%)  pos=7981  W/D/B=36/12/32  (45%/15%/40%)  d7  1.3 games/s (avg 0.3)  967.6K nps  ETA 00:25:38  
[2026-03-28T02:04:56.048] [INFO] [selfplay:1] [SelfPlay] 81/500 (16%)  pos=8056  W/D/B=36/12/33  (44%/14%/40%)  d7  1.3 games/s (avg 0.3)  972.2K nps  ETA 00:25:17  
[2026-03-28T02:05:11.763] [INFO] [selfplay:1] [SelfPlay] 82/500 (16%)  pos=8198  W/D/B=37/12/33  (45%/14%/40%)  d7  1.2 games/s (avg 0.3)  981.0K nps  ETA 00:24:51  
[2026-03-28T02:05:12.015] [INFO] [selfplay:1] [SelfPlay] 83/500 (16%)  pos=8270  W/D/B=37/12/34  (44%/14%/40%)  d7  1.1 games/s (avg 0.3)  985.7K nps  ETA 00:26:04  
[2026-03-28T02:05:13.282] [INFO] [selfplay:1] [SelfPlay] 84/500 (16%)  pos=8385  W/D/B=38/12/34  (45%/14%/40%)  d7  1.5 games/s (avg 0.3)  1.0M nps  ETA 00:25:42    
[2026-03-28T02:05:15.689] [INFO] [selfplay:1] [SelfPlay] 85/500 (17%)  pos=8528  W/D/B=39/12/34  (45%/14%/40%)  d7  1.4 games/s (avg 0.3)  1.0M nps  ETA 00:25:24    
[2026-03-28T02:05:16.327] [INFO] [selfplay:1] [SelfPlay] 86/500 (17%)  pos=8604  W/D/B=40/12/34  (46%/13%/39%)  d7  1.3 games/s (avg 0.3)  1.0M nps  ETA 00:25:17    
[2026-03-28T02:05:19.020] [INFO] [selfplay:1] [SelfPlay] 87/500 (17%)  pos=8745  W/D/B=40/12/35  (45%/13%/40%)  d7  1.3 games/s (avg 0.3)  1.0M nps  ETA 00:24:56    
[2026-03-28T02:05:19.257] [INFO] [selfplay:1] [SelfPlay] 88/500 (17%)  pos=8825  W/D/B=40/13/35  (45%/14%/39%)  d7  1.2 games/s (avg 0.3)  1.0M nps  ETA 00:24:51    
[2026-03-28T02:05:25.009] [INFO] [selfplay:1] [SelfPlay] 89/500 (17%)  pos=8875  W/D/B=40/14/35  (44%/15%/39%)  d7  1.6 games/s (avg 0.3)  1.0M nps  ETA 00:24:26    
[2026-03-28T02:05:31.822] [INFO] [selfplay:1] [SelfPlay] 90/500 (18%)  pos=8965  W/D/B=40/14/36  (44%/15%/40%)  d7  1.4 games/s (avg 0.3)  997.5K nps  ETA 00:24:31  
[2026-03-28T02:05:35.068] [INFO] [selfplay:1] [SelfPlay] 91/500 (18%)  pos=9002  W/D/B=40/15/36  (43%/16%/39%)  d7  1.2 games/s (avg 0.3)  965.8K nps  ETA 00:24:46  
[2026-03-28T02:05:39.371] [INFO] [selfplay:1] [SelfPlay] 92/500 (18%)  pos=9242  W/D/B=40/16/36  (43%/17%/39%)  d7  1.1 games/s (avg 0.3)  964.6K nps  ETA 00:24:40  
[2026-03-28T02:05:46.167] [INFO] [selfplay:1] [SelfPlay] 93/500 (18%)  pos=9374  W/D/B=40/17/36  (43%/18%/38%)  d7  1.0 games/s (avg 0.3)  954.2K nps  ETA 00:24:36  
[2026-03-28T02:05:48.388] [INFO] [selfplay:1] [SelfPlay] 94/500 (18%)  pos=9464  W/D/B=41/17/36  (43%/18%/38%)  d7  0.8 games/s (avg 0.3)  928.9K nps  ETA 00:24:50  
[2026-03-28T02:05:50.428] [INFO] [selfplay:1] [SelfPlay] 95/500 (19%)  pos=9699  W/D/B=41/18/36  (43%/18%/37%)  d7  0.8 games/s (avg 0.3)  932.5K nps  ETA 00:24:41  
[2026-03-28T02:05:54.727] [INFO] [selfplay:1] [SelfPlay] 96/500 (19%)  pos=9771  W/D/B=41/18/37  (42%/18%/38%)  d7  0.7 games/s (avg 0.3)  930.2K nps  ETA 00:24:29  
[2026-03-28T02:05:56.721] [INFO] [selfplay:1] [SelfPlay] 97/500 (19%)  pos=9833  W/D/B=42/18/37  (43%/18%/38%)  d7  0.7 games/s (avg 0.3)  920.2K nps  ETA 00:24:30  
[2026-03-28T02:05:57.198] [INFO] [selfplay:1] [SelfPlay] 98/500 (19%)  pos=9906  W/D/B=43/18/37  (43%/18%/37%)  d7  0.6 games/s (avg 0.3)  920.7K nps  ETA 00:24:21  
[2026-03-28T02:06:01.335] [INFO] [selfplay:1] [SelfPlay] 99/500 (19%)  pos=9991  W/D/B=44/18/37  (44%/18%/37%)  d7  0.9 games/s (avg 0.3)  927.5K nps  ETA 00:24:01  
[2026-03-28T02:06:04.042] [INFO] [selfplay:1] [SelfPlay] 100/500 (20%)  pos=10075  W/D/B=44/18/38  (44%/18%/38%)  d7  0.8 games/s (avg 0.3)  918.6K nps  ETA 00:24:00
[2026-03-28T02:06:10.980] [INFO] [selfplay:1] [SelfPlay] 101/500 (20%)  pos=10203  W/D/B=44/18/39  (43%/17%/38%)  d7  0.7 games/s (avg 0.3)  927.1K nps  ETA 00:23:49
[2026-03-28T02:06:18.209] [INFO] [selfplay:1] [SelfPlay] 102/500 (20%)  pos=10401  W/D/B=44/19/39  (43%/18%/38%)  d7  0.6 games/s (avg 0.3)  906.8K nps  ETA 00:23:59
[2026-03-28T02:06:20.355] [INFO] [selfplay:1] [SelfPlay] 103/500 (20%)  pos=10479  W/D/B=44/19/40  (42%/18%/38%)  d7  0.5 games/s (avg 0.3)  887.4K nps  ETA 00:24:14
[2026-03-28T02:06:20.441] [INFO] [selfplay:1] [SelfPlay] 104/500 (20%)  pos=10530  W/D/B=44/19/41  (42%/18%/39%)  d7  0.5 games/s (avg 0.3)  884.2K nps  ETA 00:24:05
[2026-03-28T02:06:30.489] [INFO] [selfplay:1] [SelfPlay] 105/500 (21%)  pos=10638  W/D/B=44/20/41  (41%/19%/39%)  d7  2.2 games/s (avg 0.3)  890.2K nps  ETA 00:23:39
[2026-03-28T02:06:32.264] [INFO] [selfplay:1] [SelfPlay] 106/500 (21%)  pos=10769  W/D/B=45/20/41  (42%/18%/38%)  d7  2.0 games/s (avg 0.3)  902.1K nps  ETA 00:24:09
[2026-03-28T02:06:35.133] [INFO] [selfplay:1] [SelfPlay] 107/500 (21%)  pos=10910  W/D/B=45/20/42  (42%/18%/39%)  d7  1.8 games/s (avg 0.3)  904.9K nps  ETA 00:23:56
[2026-03-28T02:06:41.274] [INFO] [selfplay:1] [SelfPlay] 108/500 (21%)  pos=11045  W/D/B=45/21/42  (41%/19%/38%)  d7  1.6 games/s (avg 0.3)  902.1K nps  ETA 00:23:46
[2026-03-28T02:06:41.823] [INFO] [selfplay:1] [SelfPlay] 109/500 (21%)  pos=11154  W/D/B=46/21/42  (42%/19%/38%)  d7  1.4 games/s (avg 0.3)  888.4K nps  ETA 00:23:57
[2026-03-28T02:06:43.789] [INFO] [selfplay:1] [SelfPlay] 110/500 (22%)  pos=11215  W/D/B=47/21/42  (42%/19%/38%)  d7  1.4 games/s (avg 0.3)  893.4K nps  ETA 00:23:41
[2026-03-28T02:06:45.918] [INFO] [selfplay:1] [SelfPlay] 111/500 (22%)  pos=11455  W/D/B=47/22/42  (42%/19%/37%)  d7  1.3 games/s (avg 0.3)  894.9K nps  ETA 00:23:31
[2026-03-28T02:06:52.715] [INFO] [selfplay:1] [SelfPlay] 112/500 (22%)  pos=11558  W/D/B=47/22/43  (41%/19%/38%)  d7  1.2 games/s (avg 0.3)  900.1K nps  ETA 00:23:17
[2026-03-28T02:06:54.984] [INFO] [selfplay:1] [SelfPlay] 113/500 (22%)  pos=11632  W/D/B=48/22/43  (42%/19%/38%)  d7  1.0 games/s (avg 0.3)  882.4K nps  ETA 00:23:30
[2026-03-28T02:06:56.038] [INFO] [selfplay:1] [SelfPlay] 114/500 (22%)  pos=11704  W/D/B=49/22/43  (42%/19%/37%)  d7  0.9 games/s (avg 0.3)  886.9K nps  ETA 00:23:22
[2026-03-28T02:07:00.732] [INFO] [selfplay:1] [SelfPlay] 115/500 (23%)  pos=11794  W/D/B=49/23/43  (42%/20%/37%)  d7  0.9 games/s (avg 0.3)  889.6K nps  ETA 00:23:06
[2026-03-28T02:07:02.312] [INFO] [selfplay:1] [SelfPlay] 116/500 (23%)  pos=11892  W/D/B=49/24/43  (42%/20%/37%)  d7  0.8 games/s (avg 0.3)  880.9K nps  ETA 00:23:10
[2026-03-28T02:07:03.480] [INFO] [selfplay:1] [SelfPlay] 117/500 (23%)  pos=11949  W/D/B=49/24/44  (41%/20%/37%)  d7  0.8 games/s (avg 0.3)  880.7K nps  ETA 00:22:59
[2026-03-28T02:07:08.363] [INFO] [selfplay:1] [SelfPlay] 118/500 (23%)  pos=12059  W/D/B=49/24/45  (41%/20%/38%)  d7  0.8 games/s (avg 0.3)  886.4K nps  ETA 00:22:45
[2026-03-28T02:07:21.859] [INFO] [selfplay:1] [SelfPlay] 119/500 (23%)  pos=12173  W/D/B=50/24/45  (42%/20%/37%)  d7  0.7 games/s (avg 0.3)  877.0K nps  ETA 00:22:36
[2026-03-28T02:07:26.197] [INFO] [selfplay:1] [SelfPlay] 120/500 (24%)  pos=12302  W/D/B=51/24/45  (42%/20%/37%)  d7  0.6 games/s (avg 0.3)  841.6K nps  ETA 00:23:14
[2026-03-28T02:07:29.287] [INFO] [selfplay:1] [SelfPlay] 121/500 (24%)  pos=12371  W/D/B=52/24/45  (42%/19%/37%)  d7  0.6 games/s (avg 0.3)  833.8K nps  ETA 00:23:13
[2026-03-28T02:07:29.796] [INFO] [selfplay:1] [SelfPlay] 122/500 (24%)  pos=12501  W/D/B=52/25/45  (42%/20%/36%)  d7  0.5 games/s (avg 0.3)  832.6K nps  ETA 00:23:09
[2026-03-28T02:07:31.974] [INFO] [selfplay:1] [SelfPlay] 123/500 (24%)  pos=12615  W/D/B=53/25/45  (43%/20%/36%)  d7  0.7 games/s (avg 0.3)  836.9K nps  ETA 00:22:55
[2026-03-28T02:07:35.117] [INFO] [selfplay:1] [SelfPlay] 124/500 (24%)  pos=12691  W/D/B=54/25/45  (43%/20%/36%)  d7  0.7 games/s (avg 0.3)  840.2K nps  ETA 00:22:46
[2026-03-28T02:07:35.257] [INFO] [selfplay:1] [SelfPlay] 125/500 (25%)  pos=12843  W/D/B=55/25/45  (44%/20%/36%)  d7  0.6 games/s (avg 0.3)  839.9K nps  ETA 00:22:44
[2026-03-28T02:07:41.870] [INFO] [selfplay:1] [SelfPlay] 126/500 (25%)  pos=12926  W/D/B=56/25/45  (44%/19%/35%)  d7  1.6 games/s (avg 0.3)  844.7K nps  ETA 00:22:23
[2026-03-28T02:07:45.753] [INFO] [selfplay:1] [SelfPlay] 127/500 (25%)  pos=13061  W/D/B=56/25/46  (44%/19%/36%)  d7  1.5 games/s (avg 0.3)  850.9K nps  ETA 00:22:31
[2026-03-28T02:07:47.936] [INFO] [selfplay:1] [SelfPlay] 128/500 (25%)  pos=13158  W/D/B=56/25/47  (43%/19%/36%)  d7  1.3 games/s (avg 0.3)  846.9K nps  ETA 00:22:30
[2026-03-28T02:07:52.746] [INFO] [selfplay:1] [SelfPlay] 129/500 (25%)  pos=13193  W/D/B=56/25/48  (43%/19%/37%)  d7  1.2 games/s (avg 0.3)  843.5K nps  ETA 00:22:19
[2026-03-28T02:07:55.360] [INFO] [selfplay:1] [SelfPlay] 130/500 (26%)  pos=13282  W/D/B=56/25/49  (43%/19%/37%)  d7  1.0 games/s (avg 0.3)  834.0K nps  ETA 00:22:22
[2026-03-28T02:08:04.120] [INFO] [selfplay:1] [SelfPlay] 131/500 (26%)  pos=13328  W/D/B=57/25/49  (43%/19%/37%)  d7  0.9 games/s (avg 0.3)  831.1K nps  ETA 00:22:08
[2026-03-28T02:08:05.822] [INFO] [selfplay:1] [SelfPlay] 132/500 (26%)  pos=13484  W/D/B=58/25/49  (43%/18%/37%)  d7  0.8 games/s (avg 0.3)  817.0K nps  ETA 00:22:26
[2026-03-28T02:08:09.994] [INFO] [selfplay:1] [SelfPlay] 133/500 (26%)  pos=13548  W/D/B=58/25/50  (43%/18%/37%)  d7  0.8 games/s (avg 0.3)  821.9K nps  ETA 00:22:15
[2026-03-28T02:08:17.324] [INFO] [selfplay:1] [SelfPlay] 134/500 (26%)  pos=13664  W/D/B=59/25/50  (44%/18%/37%)  d7  0.7 games/s (avg 0.3)  824.0K nps  ETA 00:22:10
[2026-03-28T02:08:17.631] [INFO] [selfplay:1] [SelfPlay] 135/500 (27%)  pos=13804  W/D/B=59/26/50  (43%/19%/37%)  d7  0.6 games/s (avg 0.3)  813.7K nps  ETA 00:22:22
[2026-03-28T02:08:18.525] [INFO] [selfplay:1] [SelfPlay] 136/500 (27%)  pos=13897  W/D/B=60/26/50  (44%/19%/36%)  d7  1.0 games/s (avg 0.3)  819.3K nps  ETA 00:22:09
[2026-03-28T02:08:19.427] [INFO] [selfplay:1] [SelfPlay] 137/500 (27%)  pos=13964  W/D/B=61/26/50  (44%/18%/36%)  d7  1.0 games/s (avg 0.3)  825.0K nps  ETA 00:21:58
[2026-03-28T02:08:24.529] [INFO] [selfplay:1] [SelfPlay] 138/500 (27%)  pos=13987  W/D/B=62/26/50  (44%/18%/36%)  d7  1.0 games/s (avg 0.3)  826.3K nps  ETA 00:21:44
[2026-03-28T02:08:26.249] [INFO] [selfplay:1] [SelfPlay] 139/500 (27%)  pos=14079  W/D/B=63/26/50  (45%/18%/35%)  d7  0.9 games/s (avg 0.3)  819.0K nps  ETA 00:21:48
[2026-03-28T02:08:29.794] [INFO] [selfplay:1] [SelfPlay] 140/500 (28%)  pos=14129  W/D/B=64/26/50  (45%/18%/35%)  d7  0.9 games/s (avg 0.3)  822.1K nps  ETA 00:21:36
[2026-03-28T02:08:32.836] [INFO] [selfplay:1] [SelfPlay] 141/500 (28%)  pos=14255  W/D/B=65/26/50  (46%/18%/35%)  d7  0.8 games/s (avg 0.3)  819.9K nps  ETA 00:21:34
[2026-03-28T02:08:33.273] [INFO] [selfplay:1] [SelfPlay] 142/500 (28%)  pos=14333  W/D/B=66/26/50  (46%/18%/35%)  d7  0.7 games/s (avg 0.3)  816.0K nps  ETA 00:21:31
[2026-03-28T02:08:40.574] [INFO] [selfplay:1] [SelfPlay] 143/500 (28%)  pos=14447  W/D/B=66/27/50  (46%/18%/34%)  d7  0.9 games/s (avg 0.3)  822.5K nps  ETA 00:21:12
[2026-03-28T02:08:41.304] [INFO] [selfplay:1] [SelfPlay] 144/500 (28%)  pos=14530  W/D/B=67/27/50  (46%/18%/34%)  d7  0.8 games/s (avg 0.3)  810.7K nps  ETA 00:21:26
[2026-03-28T02:08:49.316] [INFO] [selfplay:1] [SelfPlay] 145/500 (29%)  pos=14608  W/D/B=68/27/50  (46%/18%/34%)  d7  0.9 games/s (avg 0.3)  812.1K nps  ETA 00:21:07
[2026-03-28T02:08:50.769] [INFO] [selfplay:1] [SelfPlay] 146/500 (29%)  pos=14702  W/D/B=69/27/50  (47%/18%/34%)  d7  0.8 games/s (avg 0.3)  797.7K nps  ETA 00:21:20
[2026-03-28T02:08:57.373] [INFO] [selfplay:1] [SelfPlay] 147/500 (29%)  pos=14795  W/D/B=70/27/50  (47%/18%/34%)  d7  0.8 games/s (avg 0.3)  799.3K nps  ETA 00:21:07
[2026-03-28T02:08:59.362] [INFO] [selfplay:1] [SelfPlay] 148/500 (29%)  pos=14984  W/D/B=71/27/50  (47%/18%/33%)  d7  0.7 games/s (avg 0.3)  792.0K nps  ETA 00:21:15
[2026-03-28T02:09:02.706] [INFO] [selfplay:1] [SelfPlay] 149/500 (29%)  pos=15023  W/D/B=72/27/50  (48%/18%/33%)  d7  0.7 games/s (avg 0.3)  796.3K nps  ETA 00:21:05
[2026-03-28T02:09:04.644] [INFO] [selfplay:1] [SelfPlay] 150/500 (30%)  pos=15130  W/D/B=73/27/50  (48%/18%/33%)  d7  0.6 games/s (avg 0.3)  794.8K nps  ETA 00:21:03
[2026-03-28T02:09:08.136] [INFO] [selfplay:1] [SelfPlay] 151/500 (30%)  pos=15190  W/D/B=74/27/50  (49%/17%/33%)  d7  0.6 games/s (avg 0.3)  794.8K nps  ETA 00:20:54
[2026-03-28T02:09:09.692] [INFO] [selfplay:1] [SelfPlay] 152/500 (30%)  pos=15308  W/D/B=74/27/51  (48%/17%/33%)  d7  0.5 games/s (avg 0.3)  793.0K nps  ETA 00:20:52
[2026-03-28T02:09:11.511] [INFO] [selfplay:1] [SelfPlay] 153/500 (30%)  pos=15378  W/D/B=74/27/52  (48%/17%/33%)  d7  0.6 games/s (avg 0.3)  794.9K nps  ETA 00:20:43
[2026-03-28T02:09:11.625] [INFO] [selfplay:1] [SelfPlay] 154/500 (30%)  pos=15457  W/D/B=74/28/52  (48%/18%/33%)  d7  0.6 games/s (avg 0.3)  797.6K nps  ETA 00:20:38
[2026-03-28T02:09:14.039] [INFO] [selfplay:1] [SelfPlay] 155/500 (31%)  pos=15508  W/D/B=75/28/52  (48%/18%/33%)  d7  1.8 games/s (avg 0.3)  801.0K nps  ETA 00:20:24
[2026-03-28T02:09:16.738] [INFO] [selfplay:1] [SelfPlay] 156/500 (31%)  pos=15533  W/D/B=75/28/53  (48%/17%/33%)  d7  1.6 games/s (avg 0.3)  799.2K nps  ETA 00:20:17
[2026-03-28T02:09:18.296] [INFO] [selfplay:1] [SelfPlay] 157/500 (31%)  pos=15609  W/D/B=75/28/54  (47%/17%/34%)  d7  1.4 games/s (avg 0.3)  798.3K nps  ETA 00:20:14
[2026-03-28T02:09:20.875] [INFO] [selfplay:1] [SelfPlay] 158/500 (31%)  pos=15812  W/D/B=75/28/55  (47%/17%/34%)  d7  1.3 games/s (avg 0.3)  800.9K nps  ETA 00:20:04
[2026-03-28T02:09:30.586] [INFO] [selfplay:1] [SelfPlay] 159/500 (31%)  pos=15902  W/D/B=76/28/55  (47%/17%/34%)  d7  1.2 games/s (avg 0.3)  799.7K nps  ETA 00:19:52
[2026-03-28T02:09:38.535] [INFO] [selfplay:1] [SelfPlay] 160/500 (32%)  pos=15946  W/D/B=77/28/55  (48%/17%/34%)  d7  1.1 games/s (avg 0.3)  801.1K nps  ETA 00:20:03
[2026-03-28T02:09:42.773] [INFO] [selfplay:1] [SelfPlay] 161/500 (32%)  pos=16062  W/D/B=77/28/56  (47%/17%/34%)  d7  0.9 games/s (avg 0.3)  789.1K nps  ETA 00:20:13
[2026-03-28T02:09:53.207] [INFO] [selfplay:1] [SelfPlay] 162/500 (32%)  pos=16113  W/D/B=77/28/57  (47%/17%/35%)  d7  0.8 games/s (avg 0.3)  785.0K nps  ETA 00:20:05
[2026-03-28T02:09:54.700] [INFO] [selfplay:1] [SelfPlay] 163/500 (32%)  pos=16173  W/D/B=78/28/57  (47%/17%/34%)  d7  0.7 games/s (avg 0.3)  769.2K nps  ETA 00:20:23
[2026-03-28T02:09:55.840] [INFO] [selfplay:1] [SelfPlay] 164/500 (32%)  pos=16249  W/D/B=78/28/58  (47%/17%/35%)  d7  0.7 games/s (avg 0.3)  770.3K nps  ETA 00:20:16
[2026-03-28T02:09:57.927] [INFO] [selfplay:1] [SelfPlay] 165/500 (33%)  pos=16303  W/D/B=79/28/58  (47%/16%/35%)  d7  0.7 games/s (avg 0.3)  773.0K nps  ETA 00:20:06
[2026-03-28T02:09:59.224] [INFO] [selfplay:1] [SelfPlay] 166/500 (33%)  pos=16379  W/D/B=79/28/59  (47%/16%/35%)  d7  0.7 games/s (avg 0.3)  774.4K nps  ETA 00:20:01
[2026-03-28T02:10:01.439] [INFO] [selfplay:1] [SelfPlay] 167/500 (33%)  pos=16455  W/D/B=80/28/59  (47%/16%/35%)  d7  0.7 games/s (avg 0.3)  778.4K nps  ETA 00:19:51
[2026-03-28T02:10:03.746] [INFO] [selfplay:1] [SelfPlay] 168/500 (33%)  pos=16579  W/D/B=80/28/60  (47%/16%/35%)  d7  0.7 games/s (avg 0.3)  779.2K nps  ETA 00:19:45
[2026-03-28T02:10:04.006] [INFO] [selfplay:1] [SelfPlay] 169/500 (33%)  pos=16767  W/D/B=80/28/61  (47%/16%/36%)  d7  0.6 games/s (avg 0.3)  782.6K nps  ETA 00:19:41
[2026-03-28T02:10:04.684] [INFO] [selfplay:1] [SelfPlay] 170/500 (34%)  pos=16890  W/D/B=80/28/62  (47%/16%/36%)  d7  1.1 games/s (avg 0.3)  788.1K nps  ETA 00:19:30
[2026-03-28T02:10:12.053] [INFO] [selfplay:1] [SelfPlay] 171/500 (34%)  pos=16936  W/D/B=81/28/62  (47%/16%/36%)  d7  1.2 games/s (avg 0.3)  790.3K nps  ETA 00:19:15
[2026-03-28T02:10:13.281] [INFO] [selfplay:1] [SelfPlay] 172/500 (34%)  pos=17084  W/D/B=81/28/63  (47%/16%/36%)  d7  1.0 games/s (avg 0.3)  780.4K nps  ETA 00:19:25
[2026-03-28T02:10:21.521] [INFO] [selfplay:1] [SelfPlay] 173/500 (34%)  pos=17165  W/D/B=82/28/63  (47%/16%/36%)  d7  1.0 games/s (avg 0.3)  781.9K nps  ETA 00:19:09
[2026-03-28T02:10:22.039] [INFO] [selfplay:1] [SelfPlay] 174/500 (34%)  pos=17210  W/D/B=82/28/64  (47%/16%/36%)  d7  0.9 games/s (avg 0.3)  770.5K nps  ETA 00:19:23
[2026-03-28T02:10:23.277] [INFO] [selfplay:1] [SelfPlay] 175/500 (35%)  pos=17316  W/D/B=82/28/65  (46%/16%/37%)  d7  1.0 games/s (avg 0.3)  772.4K nps  ETA 00:19:13
[2026-03-28T02:10:32.102] [INFO] [selfplay:1] [SelfPlay] 176/500 (35%)  pos=17355  W/D/B=82/29/65  (46%/16%/36%)  d7  1.0 games/s (avg 0.3)  772.7K nps  ETA 00:18:57
[2026-03-28T02:10:38.090] [INFO] [selfplay:1] [SelfPlay] 177/500 (35%)  pos=17470  W/D/B=83/29/65  (46%/16%/36%)  d7  0.9 games/s (avg 0.3)  760.8K nps  ETA 00:19:06
[2026-03-28T02:10:44.027] [INFO] [selfplay:1] [SelfPlay] 178/500 (35%)  pos=17576  W/D/B=84/29/65  (47%/16%/36%)  d7  0.8 games/s (avg 0.3)  760.9K nps  ETA 00:19:07
[2026-03-28T02:10:44.908] [INFO] [selfplay:1] [SelfPlay] 179/500 (35%)  pos=17682  W/D/B=85/29/65  (47%/16%/36%)  d7  0.7 games/s (avg 0.3)  756.1K nps  ETA 00:19:13
[2026-03-28T02:10:51.740] [INFO] [selfplay:1] [SelfPlay] 180/500 (36%)  pos=17712  W/D/B=85/29/66  (47%/16%/36%)  d7  0.7 games/s (avg 0.3)  756.9K nps  ETA 00:18:58
[2026-03-28T02:10:53.018] [INFO] [selfplay:1] [SelfPlay] 181/500 (36%)  pos=17754  W/D/B=85/29/67  (46%/16%/37%)  d7  0.6 games/s (avg 0.3)  749.6K nps  ETA 00:19:06
[2026-03-28T02:10:56.346] [INFO] [selfplay:1] [SelfPlay] 182/500 (36%)  pos=17833  W/D/B=85/29/68  (46%/15%/37%)  d7  0.7 games/s (avg 0.3)  752.6K nps  ETA 00:18:57
[2026-03-28T02:10:56.414] [INFO] [selfplay:1] [SelfPlay] 183/500 (36%)  pos=17984  W/D/B=85/29/69  (46%/15%/37%)  d7  0.6 games/s (avg 0.3)  750.9K nps  ETA 00:18:55
[2026-03-28T02:10:58.364] [INFO] [selfplay:1] [SelfPlay] 184/500 (36%)  pos=18132  W/D/B=86/29/69  (46%/15%/37%)  d7  2.7 games/s (avg 0.3)  757.1K nps  ETA 00:18:45
[2026-03-28T02:11:01.977] [INFO] [selfplay:1] [SelfPlay] 185/500 (37%)  pos=18266  W/D/B=86/29/70  (46%/15%/37%)  d7  2.4 games/s (avg 0.3)  759.7K nps  ETA 00:18:36
[2026-03-28T02:11:03.262] [INFO] [selfplay:1] [SelfPlay] 186/500 (37%)  pos=18285  W/D/B=86/29/71  (46%/15%/38%)  d7  2.1 games/s (avg 0.3)  755.1K nps  ETA 00:18:35
[2026-03-28T02:11:06.706] [INFO] [selfplay:1] [SelfPlay] 187/500 (37%)  pos=18358  W/D/B=86/29/72  (45%/15%/38%)  d7  1.9 games/s (avg 0.3)  757.3K nps  ETA 00:18:25
[2026-03-28T02:11:06.787] [INFO] [selfplay:1] [SelfPlay] 188/500 (37%)  pos=18525  W/D/B=86/29/73  (45%/15%/38%)  d7  1.6 games/s (avg 0.3)  758.5K nps  ETA 00:18:25
[2026-03-28T02:11:15.778] [INFO] [selfplay:1] [SelfPlay] 189/500 (37%)  pos=18637  W/D/B=86/29/74  (45%/15%/39%)  d7  3.2 games/s (avg 0.3)  763.8K nps  ETA 00:18:07
[2026-03-28T02:11:26.978] [INFO] [selfplay:1] [SelfPlay] 190/500 (38%)  pos=18797  W/D/B=86/29/75  (45%/15%/39%)  d7  3.0 games/s (avg 0.3)  767.8K nps  ETA 00:18:10
[2026-03-28T02:11:29.231] [INFO] [selfplay:1] [SelfPlay] 191/500 (38%)  pos=18890  W/D/B=87/29/75  (45%/15%/39%)  d7  2.8 games/s (avg 0.3)  771.4K nps  ETA 00:18:28
[2026-03-28T02:11:30.322] [INFO] [selfplay:1] [SelfPlay] 192/500 (38%)  pos=18980  W/D/B=88/29/75  (45%/15%/39%)  d7  2.4 games/s (avg 0.3)  771.1K nps  ETA 00:18:24
[2026-03-28T02:11:33.639] [INFO] [selfplay:1] [SelfPlay] 193/500 (38%)  pos=19096  W/D/B=88/30/75  (45%/15%/38%)  d7  2.2 games/s (avg 0.3)  772.5K nps  ETA 00:18:13
[2026-03-28T02:11:35.214] [INFO] [selfplay:1] [SelfPlay] 194/500 (38%)  pos=19199  W/D/B=89/30/75  (45%/15%/38%)  d7  1.9 games/s (avg 0.3)  770.4K nps  ETA 00:18:12
[2026-03-28T02:11:41.905] [INFO] [selfplay:1] [SelfPlay] 195/500 (39%)  pos=19350  W/D/B=89/30/76  (45%/15%/38%)  d7  1.7 games/s (avg 0.3)  772.1K nps  ETA 00:17:59
[2026-03-28T02:11:45.815] [INFO] [selfplay:1] [SelfPlay] 196/500 (39%)  pos=19382  W/D/B=90/30/76  (45%/15%/38%)  d7  1.6 games/s (avg 0.3)  774.5K nps  ETA 00:18:04
[2026-03-28T02:11:45.932] [INFO] [selfplay:1] [SelfPlay] 197/500 (39%)  pos=19456  W/D/B=91/30/76  (46%/15%/38%)  d7  1.4 games/s (avg 0.3)  775.1K nps  ETA 00:18:05
[2026-03-28T02:11:47.910] [INFO] [selfplay:1] [SelfPlay] 198/500 (39%)  pos=19547  W/D/B=92/30/76  (46%/15%/38%)  d7  2.5 games/s (avg 0.3)  777.6K nps  ETA 00:17:54
[2026-03-28T02:11:53.379] [INFO] [selfplay:1] [SelfPlay] 199/500 (39%)  pos=19694  W/D/B=93/30/76  (46%/15%/38%)  d7  2.2 games/s (avg 0.3)  779.0K nps  ETA 00:17:45
[2026-03-28T02:12:02.256] [INFO] [selfplay:1] [SelfPlay] 200/500 (40%)  pos=19782  W/D/B=93/30/77  (46%/15%/38%)  d7  2.0 games/s (avg 0.3)  784.5K nps  ETA 00:17:40
[2026-03-28T02:12:02.545] [INFO] [selfplay:1] [SelfPlay] 201/500 (40%)  pos=19814  W/D/B=93/30/78  (46%/14%/38%)  d7  1.9 games/s (avg 0.3)  785.2K nps  ETA 00:17:52
[2026-03-28T02:12:05.763] [INFO] [selfplay:1] [SelfPlay] 202/500 (40%)  pos=19974  W/D/B=93/31/78  (46%/15%/38%)  d7  2.1 games/s (avg 0.3)  787.9K nps  ETA 00:17:42
[2026-03-28T02:12:09.227] [INFO] [selfplay:1] [SelfPlay] 203/500 (40%)  pos=20031  W/D/B=94/31/78  (46%/15%/38%)  d7  1.8 games/s (avg 0.3)  786.4K nps  ETA 00:17:38
[2026-03-28T02:12:09.308] [INFO] [selfplay:1] [SelfPlay] 204/500 (40%)  pos=20198  W/D/B=94/32/78  (46%/15%/38%)  d7  1.6 games/s (avg 0.3)  786.7K nps  ETA 00:17:37
[2026-03-28T02:12:12.981] [INFO] [selfplay:1] [SelfPlay] 205/500 (41%)  pos=20302  W/D/B=95/32/78  (46%/15%/38%)  d7  3.2 games/s (avg 0.3)  793.5K nps  ETA 00:17:24
[2026-03-28T02:12:19.957] [INFO] [selfplay:1] [SelfPlay] 206/500 (41%)  pos=20349  W/D/B=96/32/78  (46%/15%/37%)  d7  3.0 games/s (avg 0.3)  795.5K nps  ETA 00:17:18
[2026-03-28T02:12:22.617] [INFO] [selfplay:1] [SelfPlay] 207/500 (41%)  pos=20437  W/D/B=97/32/78  (46%/15%/37%)  d7  2.7 games/s (avg 0.3)  799.1K nps  ETA 00:17:23
[2026-03-28T02:12:25.287] [INFO] [selfplay:1] [SelfPlay] 208/500 (41%)  pos=20509  W/D/B=98/32/78  (47%/15%/37%)  d7  2.4 games/s (avg 0.3)  797.0K nps  ETA 00:17:19
[2026-03-28T02:12:26.799] [INFO] [selfplay:1] [SelfPlay] 209/500 (41%)  pos=20614  W/D/B=98/32/79  (46%/15%/37%)  d7  2.1 games/s (avg 0.3)  796.7K nps  ETA 00:17:15
[2026-03-28T02:12:33.238] [INFO] [selfplay:1] [SelfPlay] 210/500 (42%)  pos=20669  W/D/B=99/32/79  (47%/15%/37%)  d7  1.9 games/s (avg 0.3)  799.4K nps  ETA 00:17:04
[2026-03-28T02:12:34.827] [INFO] [selfplay:1] [SelfPlay] 211/500 (42%)  pos=20873  W/D/B=99/33/79  (46%/15%/37%)  d7  1.7 games/s (avg 0.3)  801.6K nps  ETA 00:17:09
[2026-03-28T02:12:39.208] [INFO] [selfplay:1] [SelfPlay] 212/500 (42%)  pos=20932  W/D/B=100/33/79  (47%/15%/37%)  d7  1.6 games/s (avg 0.3)  801.4K nps  ETA 00:17:00
[2026-03-28T02:12:39.782] [INFO] [selfplay:1] [SelfPlay] 213/500 (42%)  pos=21010  W/D/B=100/33/80  (46%/15%/37%)  d7  1.4 games/s (avg 0.3)  797.1K nps  ETA 00:17:01
[2026-03-28T02:12:40.987] [INFO] [selfplay:1] [SelfPlay] 214/500 (42%)  pos=21089  W/D/B=101/33/80  (47%/15%/37%)  d7  1.4 games/s (avg 0.3)  802.2K nps  ETA 00:16:53
[2026-03-28T02:12:43.659] [INFO] [selfplay:1] [SelfPlay] 215/500 (43%)  pos=21181  W/D/B=102/33/80  (47%/15%/37%)  d7  1.3 games/s (avg 0.3)  803.4K nps  ETA 00:16:45
[2026-03-28T02:12:54.057] [INFO] [selfplay:1] [SelfPlay] 216/500 (43%)  pos=21297  W/D/B=103/33/80  (47%/15%/37%)  d7  1.2 games/s (avg 0.3)  803.7K nps  ETA 00:16:33
[2026-03-28T02:12:55.447] [INFO] [selfplay:1] [SelfPlay] 217/500 (43%)  pos=21393  W/D/B=103/33/81  (47%/15%/37%)  d7  1.1 games/s (avg 0.3)  806.2K nps  ETA 00:16:46
[2026-03-28T02:13:01.274] [INFO] [selfplay:1] [SelfPlay] 218/500 (43%)  pos=21567  W/D/B=103/33/82  (47%/15%/37%)  d7  1.0 games/s (avg 0.3)  810.1K nps  ETA 00:16:37
[2026-03-28T02:13:01.452] [INFO] [selfplay:1] [SelfPlay] 219/500 (43%)  pos=21690  W/D/B=104/33/82  (47%/15%/37%)  d7  0.9 games/s (avg 0.3)  805.2K nps  ETA 00:16:40
[2026-03-28T02:13:01.594] [INFO] [selfplay:1] [SelfPlay] 220/500 (44%)  pos=21758  W/D/B=104/33/83  (47%/15%/37%)  d7  1.6 games/s (avg 0.3)  807.4K nps  ETA 00:16:34
[2026-03-28T02:13:03.622] [INFO] [selfplay:1] [SelfPlay] 221/500 (44%)  pos=21909  W/D/B=104/34/83  (47%/15%/37%)  d7  2.4 games/s (avg 0.3)  809.4K nps  ETA 00:16:24
[2026-03-28T02:13:11.696] [INFO] [selfplay:1] [SelfPlay] 222/500 (44%)  pos=22029  W/D/B=104/34/84  (46%/15%/37%)  d7  2.1 games/s (avg 0.3)  809.7K nps  ETA 00:16:12
[2026-03-28T02:13:12.296] [INFO] [selfplay:1] [SelfPlay] 223/500 (44%)  pos=22153  W/D/B=104/34/85  (46%/15%/38%)  d7  2.0 games/s (avg 0.3)  812.5K nps  ETA 00:16:22
[2026-03-28T02:13:15.447] [INFO] [selfplay:1] [SelfPlay] 224/500 (44%)  pos=22234  W/D/B=104/34/86  (46%/15%/38%)  d7  1.9 games/s (avg 0.3)  816.0K nps  ETA 00:16:11
[2026-03-28T02:13:21.566] [INFO] [selfplay:1] [SelfPlay] 225/500 (45%)  pos=22296  W/D/B=104/34/87  (46%/15%/38%)  d7  1.7 games/s (avg 0.3)  814.0K nps  ETA 00:16:05
[2026-03-28T02:13:22.331] [INFO] [selfplay:1] [SelfPlay] 226/500 (45%)  pos=22383  W/D/B=104/34/88  (46%/15%/38%)  d7  1.6 games/s (avg 0.3)  816.6K nps  ETA 00:16:11
[2026-03-28T02:13:31.052] [INFO] [selfplay:1] [SelfPlay] 227/500 (45%)  pos=22427  W/D/B=104/34/89  (45%/14%/39%)  d7  1.5 games/s (avg 0.3)  817.4K nps  ETA 00:15:55
[2026-03-28T02:13:31.510] [INFO] [selfplay:1] [SelfPlay] 228/500 (45%)  pos=22548  W/D/B=104/35/89  (45%/15%/39%)  d7  1.4 games/s (avg 0.3)  819.1K nps  ETA 00:16:06
[2026-03-28T02:13:39.515] [INFO] [selfplay:1] [SelfPlay] 229/500 (45%)  pos=22659  W/D/B=104/35/90  (45%/15%/39%)  d7  1.5 games/s (avg 0.3)  824.0K nps  ETA 00:15:51
[2026-03-28T02:13:40.849] [INFO] [selfplay:1] [SelfPlay] 230/500 (46%)  pos=22837  W/D/B=104/36/90  (45%/15%/39%)  d7  1.4 games/s (avg 0.3)  827.1K nps  ETA 00:16:00
[2026-03-28T02:13:44.734] [INFO] [selfplay:1] [SelfPlay] 231/500 (46%)  pos=22885  W/D/B=104/36/91  (45%/15%/39%)  d7  1.3 games/s (avg 0.3)  827.3K nps  ETA 00:15:51
[2026-03-28T02:13:45.333] [INFO] [selfplay:1] [SelfPlay] 232/500 (46%)  pos=22929  W/D/B=104/36/92  (44%/15%/39%)  d7  1.2 games/s (avg 0.3)  825.7K nps  ETA 00:15:52
[2026-03-28T02:13:53.987] [INFO] [selfplay:1] [SelfPlay] 233/500 (46%)  pos=22997  W/D/B=104/37/92  (44%/15%/39%)  d7  1.2 games/s (avg 0.3)  828.3K nps  ETA 00:15:36
[2026-03-28T02:13:55.901] [INFO] [selfplay:1] [SelfPlay] 234/500 (46%)  pos=23130  W/D/B=104/37/93  (44%/15%/39%)  d7  1.1 games/s (avg 0.3)  831.5K nps  ETA 00:15:45
[2026-03-28T02:13:58.360] [INFO] [selfplay:1] [SelfPlay] 235/500 (47%)  pos=23172  W/D/B=104/37/94  (44%/15%/40%)  d7  1.0 games/s (avg 0.3)  831.7K nps  ETA 00:15:40
[2026-03-28T02:14:04.788] [INFO] [selfplay:1] [SelfPlay] 236/500 (47%)  pos=23301  W/D/B=105/37/94  (44%/15%/39%)  d7  1.0 games/s (avg 0.3)  835.0K nps  ETA 00:15:30
[2026-03-28T02:14:08.894] [INFO] [selfplay:1] [SelfPlay] 237/500 (47%)  pos=23380  W/D/B=105/37/95  (44%/15%/40%)  d7  0.8 games/s (avg 0.3)  830.1K nps  ETA 00:15:33
[2026-03-28T02:14:09.696] [INFO] [selfplay:1] [SelfPlay] 238/500 (47%)  pos=23436  W/D/B=106/37/95  (44%/15%/39%)  d7  0.7 games/s (avg 0.3)  827.7K nps  ETA 00:15:33
[2026-03-28T02:14:15.068] [INFO] [selfplay:1] [SelfPlay] 239/500 (47%)  pos=23493  W/D/B=106/37/96  (44%/15%/40%)  d7  0.8 games/s (avg 0.3)  829.5K nps  ETA 00:15:22
[2026-03-28T02:14:16.261] [INFO] [selfplay:1] [SelfPlay] 240/500 (48%)  pos=23620  W/D/B=106/37/97  (44%/15%/40%)  d7  0.7 games/s (avg 0.3)  824.8K nps  ETA 00:15:24
[2026-03-28T02:14:17.122] [INFO] [selfplay:1] [SelfPlay] 241/500 (48%)  pos=23737  W/D/B=107/37/97  (44%/15%/40%)  d7  0.7 games/s (avg 0.3)  825.9K nps  ETA 00:15:18
[2026-03-28T02:14:19.393] [INFO] [selfplay:1] [SelfPlay] 242/500 (48%)  pos=23895  W/D/B=107/37/98  (44%/15%/40%)  d7  0.8 games/s (avg 0.3)  827.8K nps  ETA 00:15:10
[2026-03-28T02:14:22.084] [INFO] [selfplay:1] [SelfPlay] 243/500 (48%)  pos=23988  W/D/B=107/37/99  (44%/15%/40%)  d7  0.7 games/s (avg 0.3)  828.5K nps  ETA 00:15:06
[2026-03-28T02:14:26.642] [INFO] [selfplay:1] [SelfPlay] 244/500 (48%)  pos=24043  W/D/B=107/37/100  (43%/15%/40%)  d7  0.7 games/s (avg 0.3)  827.7K nps  ETA 00:14:59
[2026-03-28T02:14:31.266] [INFO] [selfplay:1] [SelfPlay] 245/500 (49%)  pos=24047  W/D/B=107/37/101  (43%/15%/41%)  d7  0.6 games/s (avg 0.3)  821.8K nps  ETA 00:14:57
[2026-03-28T02:14:31.606] [INFO] [selfplay:1] [SelfPlay] 246/500 (49%)  pos=24155  W/D/B=107/37/102  (43%/15%/41%)  d7  0.6 games/s (avg 0.3)  818.3K nps  ETA 00:14:58
[2026-03-28T02:14:34.615] [INFO] [selfplay:1] [SelfPlay] 247/500 (49%)  pos=24250  W/D/B=107/38/102  (43%/15%/41%)  d7  0.9 games/s (avg 0.3)  820.6K nps  ETA 00:14:49
[2026-03-28T02:14:35.900] [INFO] [selfplay:1] [SelfPlay] 248/500 (49%)  pos=24360  W/D/B=107/38/103  (43%/15%/41%)  d7  0.8 games/s (avg 0.3)  818.8K nps  ETA 00:14:47
[2026-03-28T02:14:37.807] [INFO] [selfplay:1] [SelfPlay] 249/500 (49%)  pos=24405  W/D/B=108/38/103  (43%/15%/41%)  d7  0.8 games/s (avg 0.3)  819.4K nps  ETA 00:14:40
[2026-03-28T02:14:42.820] [INFO] [selfplay:1] [SelfPlay] 250/500 (50%)  pos=24570  W/D/B=108/38/104  (43%/15%/41%)  d7  0.8 games/s (avg 0.3)  824.0K nps  ETA 00:14:32
[2026-03-28T02:14:49.276] [INFO] [selfplay:1] [SelfPlay] 251/500 (50%)  pos=24711  W/D/B=109/38/104  (43%/15%/41%)  d7  0.7 games/s (avg 0.3)  820.9K nps  ETA 00:14:29
[2026-03-28T02:14:50.793] [INFO] [selfplay:1] [SelfPlay] 252/500 (50%)  pos=24764  W/D/B=110/38/104  (43%/15%/41%)  d7  0.6 games/s (avg 0.3)  814.9K nps  ETA 00:14:32
[2026-03-28T02:14:56.599] [INFO] [selfplay:1] [SelfPlay] 253/500 (50%)  pos=24816  W/D/B=111/38/104  (43%/15%/41%)  d7  0.6 games/s (avg 0.3)  814.7K nps  ETA 00:14:23
[2026-03-28T02:15:06.086] [INFO] [selfplay:1] [SelfPlay] 254/500 (50%)  pos=24874  W/D/B=111/38/105  (43%/14%/41%)  d7  0.6 games/s (avg 0.3)  810.3K nps  ETA 00:14:18
[2026-03-28T02:15:07.605] [INFO] [selfplay:1] [SelfPlay] 255/500 (51%)  pos=24974  W/D/B=112/38/105  (43%/14%/41%)  d7  0.5 games/s (avg 0.3)  800.5K nps  ETA 00:14:28
[2026-03-28T02:15:11.704] [INFO] [selfplay:1] [SelfPlay] 256/500 (51%)  pos=25021  W/D/B=113/38/105  (44%/14%/41%)  d7  0.5 games/s (avg 0.3)  800.5K nps  ETA 00:14:20
[2026-03-28T02:15:11.970] [INFO] [selfplay:1] [SelfPlay] 257/500 (51%)  pos=25081  W/D/B=114/38/105  (44%/14%/40%)  d7  0.5 games/s (avg 0.3)  799.4K nps  ETA 00:14:21
[2026-03-28T02:15:12.821] [INFO] [selfplay:1] [SelfPlay] 258/500 (51%)  pos=25302  W/D/B=115/38/105  (44%/14%/40%)  d7  1.0 games/s (avg 0.3)  802.1K nps  ETA 00:14:14
[2026-03-28T02:15:19.884] [INFO] [selfplay:1] [SelfPlay] 259/500 (51%)  pos=25357  W/D/B=115/38/106  (44%/14%/40%)  d7  1.0 games/s (avg 0.3)  803.7K nps  ETA 00:14:02
[2026-03-28T02:15:21.207] [INFO] [selfplay:1] [SelfPlay] 260/500 (52%)  pos=25392  W/D/B=115/38/107  (44%/14%/41%)  d7  0.9 games/s (avg 0.3)  798.5K nps  ETA 00:14:07
[2026-03-28T02:15:25.545] [INFO] [selfplay:1] [SelfPlay] 261/500 (52%)  pos=25473  W/D/B=115/38/108  (44%/14%/41%)  d7  0.9 games/s (avg 0.3)  801.6K nps  ETA 00:13:58
[2026-03-28T02:15:27.478] [INFO] [selfplay:1] [SelfPlay] 262/500 (52%)  pos=25487  W/D/B=116/38/108  (44%/14%/41%)  d7  0.8 games/s (avg 0.3)  797.1K nps  ETA 00:13:58
[2026-03-28T02:15:33.527] [INFO] [selfplay:1] [SelfPlay] 263/500 (52%)  pos=25608  W/D/B=116/38/109  (44%/14%/41%)  d7  0.7 games/s (avg 0.3)  797.5K nps  ETA 00:13:49
[2026-03-28T02:15:43.203] [INFO] [selfplay:1] [SelfPlay] 264/500 (52%)  pos=25699  W/D/B=116/38/110  (43%/14%/41%)  d7  0.6 games/s (avg 0.3)  794.8K nps  ETA 00:13:45
[2026-03-28T02:15:45.784] [INFO] [selfplay:1] [SelfPlay] 265/500 (53%)  pos=25802  W/D/B=116/38/111  (43%/14%/41%)  d7  0.6 games/s (avg 0.3)  785.9K nps  ETA 00:13:53
[2026-03-28T02:15:49.484] [INFO] [selfplay:1] [SelfPlay] 266/500 (53%)  pos=25889  W/D/B=116/38/112  (43%/14%/42%)  d7  0.5 games/s (avg 0.3)  786.1K nps  ETA 00:13:47
[2026-03-28T02:15:51.680] [INFO] [selfplay:1] [SelfPlay] 267/500 (53%)  pos=26099  W/D/B=116/38/113  (43%/14%/42%)  d7  0.5 games/s (avg 0.3)  784.9K nps  ETA 00:13:46
[2026-03-28T02:15:58.280] [INFO] [selfplay:1] [SelfPlay] 268/500 (53%)  pos=26199  W/D/B=116/39/113  (43%/14%/42%)  d7  0.5 games/s (avg 0.3)  785.0K nps  ETA 00:13:37
[2026-03-28T02:16:03.932] [INFO] [selfplay:1] [SelfPlay] 269/500 (53%)  pos=26218  W/D/B=117/39/113  (43%/14%/42%)  d7  0.4 games/s (avg 0.3)  780.3K nps  ETA 00:13:36
[2026-03-28T02:16:06.038] [INFO] [selfplay:1] [SelfPlay] 270/500 (54%)  pos=26274  W/D/B=117/39/114  (43%/14%/42%)  d7  0.4 games/s (avg 0.3)  776.4K nps  ETA 00:13:38
[2026-03-28T02:16:11.530] [INFO] [selfplay:1] [SelfPlay] 271/500 (54%)  pos=26415  W/D/B=118/39/114  (43%/14%/42%)  d7  0.4 games/s (avg 0.3)  776.9K nps  ETA 00:13:30
[2026-03-28T02:16:11.922] [INFO] [selfplay:1] [SelfPlay] 272/500 (54%)  pos=26536  W/D/B=118/39/115  (43%/14%/42%)  d7  0.4 games/s (avg 0.3)  776.5K nps  ETA 00:13:34
[2026-03-28T02:16:16.022] [INFO] [selfplay:1] [SelfPlay] 273/500 (54%)  pos=26582  W/D/B=118/40/115  (43%/14%/42%)  d7  0.7 games/s (avg 0.3)  777.4K nps  ETA 00:13:23
[2026-03-28T02:16:22.700] [INFO] [selfplay:1] [SelfPlay] 274/500 (54%)  pos=26685  W/D/B=119/40/115  (43%/14%/41%)  d7  0.6 games/s (avg 0.3)  776.0K nps  ETA 00:13:17
[2026-03-28T02:16:23.409] [INFO] [selfplay:1] [SelfPlay] 275/500 (55%)  pos=26749  W/D/B=119/40/116  (43%/14%/42%)  d7  0.6 games/s (avg 0.3)  771.4K nps  ETA 00:13:22
[2026-03-28T02:16:30.207] [INFO] [selfplay:1] [SelfPlay] 276/500 (55%)  pos=26849  W/D/B=119/40/117  (43%/14%/42%)  d7  0.7 games/s (avg 0.3)  773.9K nps  ETA 00:13:11
[2026-03-28T02:16:33.972] [INFO] [selfplay:1] [SelfPlay] 277/500 (55%)  pos=27012  W/D/B=120/40/117  (43%/14%/42%)  d7  0.6 games/s (avg 0.3)  769.3K nps  ETA 00:13:12
[2026-03-28T02:16:35.148] [INFO] [selfplay:1] [SelfPlay] 278/500 (55%)  pos=27033  W/D/B=120/41/117  (43%/14%/42%)  d7  0.6 games/s (avg 0.3)  766.0K nps  ETA 00:13:12
[2026-03-28T02:16:35.536] [INFO] [selfplay:1] [SelfPlay] 279/500 (55%)  pos=27163  W/D/B=120/41/118  (43%/14%/42%)  d7  0.6 games/s (avg 0.3)  767.4K nps  ETA 00:13:06
[2026-03-28T02:16:36.471] [INFO] [selfplay:1] [SelfPlay] 280/500 (56%)  pos=27254  W/D/B=120/41/119  (42%/14%/42%)  d7  0.9 games/s (avg 0.3)  768.6K nps  ETA 00:13:00
[2026-03-28T02:16:36.820] [INFO] [selfplay:1] [SelfPlay] 281/500 (56%)  pos=27327  W/D/B=121/41/119  (43%/14%/42%)  d7  0.9 games/s (avg 0.3)  772.6K nps  ETA 00:12:56
[2026-03-28T02:16:54.524] [INFO] [selfplay:1] [SelfPlay] 282/500 (56%)  pos=27412  W/D/B=121/41/120  (42%/14%/42%)  d7  1.2 games/s (avg 0.3)  774.2K nps  ETA 00:12:32
[2026-03-28T02:16:55.815] [INFO] [selfplay:1] [SelfPlay] 283/500 (56%)  pos=27515  W/D/B=121/41/121  (42%/14%/42%)  d7  1.1 games/s (avg 0.3)  776.6K nps  ETA 00:12:56
[2026-03-28T02:17:00.069] [INFO] [selfplay:1] [SelfPlay] 284/500 (56%)  pos=27638  W/D/B=122/41/121  (42%/14%/42%)  d7  1.1 games/s (avg 0.3)  777.9K nps  ETA 00:12:48
[2026-03-28T02:17:02.838] [INFO] [selfplay:1] [SelfPlay] 285/500 (57%)  pos=27778  W/D/B=123/41/121  (43%/14%/42%)  d7  0.9 games/s (avg 0.3)  778.4K nps  ETA 00:12:46
[2026-03-28T02:17:06.691] [INFO] [selfplay:1] [SelfPlay] 286/500 (57%)  pos=27879  W/D/B=124/41/121  (43%/14%/42%)  d7  0.9 games/s (avg 0.3)  777.5K nps  ETA 00:12:41
[2026-03-28T02:17:11.049] [INFO] [selfplay:1] [SelfPlay] 287/500 (57%)  pos=28026  W/D/B=124/41/122  (43%/14%/42%)  d7  0.8 games/s (avg 0.3)  777.0K nps  ETA 00:12:37
[2026-03-28T02:17:12.840] [INFO] [selfplay:1] [SelfPlay] 288/500 (57%)  pos=28097  W/D/B=124/42/122  (43%/14%/42%)  d7  0.7 games/s (avg 0.3)  774.6K nps  ETA 00:12:36
[2026-03-28T02:17:14.233] [INFO] [selfplay:1] [SelfPlay] 289/500 (57%)  pos=28203  W/D/B=124/42/123  (42%/14%/42%)  d7  0.7 games/s (avg 0.3)  775.2K nps  ETA 00:12:32
[2026-03-28T02:17:15.935] [INFO] [selfplay:1] [SelfPlay] 290/500 (58%)  pos=28273  W/D/B=124/42/124  (42%/14%/42%)  d7  0.7 games/s (avg 0.3)  776.3K nps  ETA 00:12:26
[2026-03-28T02:17:20.006] [INFO] [selfplay:1] [SelfPlay] 291/500 (58%)  pos=28342  W/D/B=124/42/125  (42%/14%/42%)  d7  0.7 games/s (avg 0.3)  777.0K nps  ETA 00:12:19
[2026-03-28T02:17:22.709] [INFO] [selfplay:1] [SelfPlay] 292/500 (58%)  pos=28503  W/D/B=124/42/126  (42%/14%/43%)  d7  0.6 games/s (avg 0.3)  775.6K nps  ETA 00:12:17
[2026-03-28T02:17:23.150] [INFO] [selfplay:1] [SelfPlay] 293/500 (58%)  pos=28568  W/D/B=125/42/126  (42%/14%/43%)  d7  0.6 games/s (avg 0.3)  774.6K nps  ETA 00:12:16
[2026-03-28T02:17:32.085] [INFO] [selfplay:1] [SelfPlay] 294/500 (58%)  pos=28744  W/D/B=125/42/127  (42%/14%/43%)  d7  0.8 games/s (avg 0.3)  778.0K nps  ETA 00:12:01
[2026-03-28T02:17:34.226] [INFO] [selfplay:1] [SelfPlay] 295/500 (59%)  pos=28795  W/D/B=126/42/127  (42%/14%/43%)  d7  0.7 games/s (avg 0.3)  770.5K nps  ETA 00:12:08
[2026-03-28T02:17:34.313] [INFO] [selfplay:1] [SelfPlay] 296/500 (59%)  pos=29035  W/D/B=126/43/127  (42%/14%/42%)  d7  0.7 games/s (avg 0.3)  781.2K nps  ETA 00:12:06
[2026-03-28T02:17:46.224] [INFO] [selfplay:1] [SelfPlay] 297/500 (59%)  pos=29106  W/D/B=126/44/127  (42%/14%/42%)  d7  2.3 games/s (avg 0.3)  782.5K nps  ETA 00:11:48
[2026-03-28T02:17:49.832] [INFO] [selfplay:1] [SelfPlay] 298/500 (59%)  pos=29205  W/D/B=127/44/127  (42%/14%/42%)  d7  2.1 games/s (avg 0.3)  785.3K nps  ETA 00:11:58
[2026-03-28T02:17:58.022] [INFO] [selfplay:1] [SelfPlay] 299/500 (59%)  pos=29336  W/D/B=127/44/128  (42%/14%/42%)  d7  1.9 games/s (avg 0.3)  784.7K nps  ETA 00:11:50
[2026-03-28T02:18:00.355] [INFO] [selfplay:1] [SelfPlay] 300/500 (60%)  pos=29414  W/D/B=128/44/128  (42%/14%/42%)  d7  1.7 games/s (avg 0.3)  786.7K nps  ETA 00:11:56
[2026-03-28T02:18:02.234] [INFO] [selfplay:1] [SelfPlay] 301/500 (60%)  pos=29481  W/D/B=128/44/129  (42%/14%/42%)  d7  1.5 games/s (avg 0.3)  787.8K nps  ETA 00:11:52
[2026-03-28T02:18:05.811] [INFO] [selfplay:1] [SelfPlay] 302/500 (60%)  pos=29558  W/D/B=128/44/130  (42%/14%/43%)  d7  1.4 games/s (avg 0.3)  788.2K nps  ETA 00:11:45
[2026-03-28T02:18:12.702] [INFO] [selfplay:1] [SelfPlay] 303/500 (60%)  pos=29751  W/D/B=129/44/130  (42%/14%/42%)  d7  1.2 games/s (avg 0.3)  787.8K nps  ETA 00:11:38
[2026-03-28T02:18:12.983] [INFO] [selfplay:1] [SelfPlay] 304/500 (60%)  pos=29940  W/D/B=129/44/131  (42%/14%/43%)  d7  1.0 games/s (avg 0.3)  783.9K nps  ETA 00:11:44
[2026-03-28T02:18:17.920] [INFO] [selfplay:1] [SelfPlay] 305/500 (61%)  pos=29998  W/D/B=129/44/132  (42%/14%/43%)  d7  1.4 games/s (avg 0.3)  785.3K nps  ETA 00:11:33
[2026-03-28T02:18:18.353] [INFO] [selfplay:1] [SelfPlay] 306/500 (61%)  pos=30173  W/D/B=130/44/132  (42%/14%/43%)  d7  1.2 games/s (avg 0.3)  784.1K nps  ETA 00:11:35
[2026-03-28T02:18:24.101] [INFO] [selfplay:1] [SelfPlay] 307/500 (61%)  pos=30293  W/D/B=131/44/132  (42%/14%/42%)  d7  1.4 games/s (avg 0.3)  787.0K nps  ETA 00:11:24
[2026-03-28T02:18:24.882] [INFO] [selfplay:1] [SelfPlay] 308/500 (61%)  pos=30310  W/D/B=131/44/133  (42%/14%/43%)  d7  1.2 games/s (avg 0.3)  782.6K nps  ETA 00:11:27
[2026-03-28T02:18:27.715] [INFO] [selfplay:1] [SelfPlay] 309/500 (61%)  pos=30375  W/D/B=131/44/134  (42%/14%/43%)  d7  1.2 games/s (avg 0.3)  785.0K nps  ETA 00:11:19
[2026-03-28T02:18:37.254] [INFO] [selfplay:1] [SelfPlay] 310/500 (62%)  pos=30437  W/D/B=132/44/134  (42%/14%/43%)  d7  1.1 games/s (avg 0.3)  785.4K nps  ETA 00:11:09
[2026-03-28T02:18:37.898] [INFO] [selfplay:1] [SelfPlay] 311/500 (62%)  pos=30561  W/D/B=132/44/135  (42%/14%/43%)  d7  1.0 games/s (avg 0.3)  787.0K nps  ETA 00:11:17
[2026-03-28T02:18:42.848] [INFO] [selfplay:1] [SelfPlay] 312/500 (62%)  pos=30670  W/D/B=132/45/135  (42%/14%/43%)  d7  1.1 games/s (avg 0.3)  790.1K nps  ETA 00:11:08
[2026-03-28T02:18:46.913] [INFO] [selfplay:1] [SelfPlay] 313/500 (62%)  pos=30860  W/D/B=133/45/135  (42%/14%/43%)  d7  1.0 games/s (avg 0.3)  788.4K nps  ETA 00:11:06
[2026-03-28T02:18:50.257] [INFO] [selfplay:1] [SelfPlay] 314/500 (62%)  pos=30949  W/D/B=133/45/136  (42%/14%/43%)  d7  0.9 games/s (avg 0.3)  786.2K nps  ETA 00:11:04
[2026-03-28T02:18:51.273] [INFO] [selfplay:1] [SelfPlay] 315/500 (63%)  pos=31060  W/D/B=134/45/136  (42%/14%/43%)  d7  0.8 games/s (avg 0.3)  784.7K nps  ETA 00:11:02
[2026-03-28T02:18:53.000] [INFO] [selfplay:1] [SelfPlay] 316/500 (63%)  pos=31150  W/D/B=135/45/136  (42%/14%/43%)  d7  0.8 games/s (avg 0.3)  786.1K nps  ETA 00:10:56
[2026-03-28T02:18:58.977] [INFO] [selfplay:1] [SelfPlay] 317/500 (63%)  pos=31285  W/D/B=135/45/137  (42%/14%/43%)  d7  0.8 games/s (avg 0.3)  787.3K nps  ETA 00:10:47
[2026-03-28T02:19:06.682] [INFO] [selfplay:1] [SelfPlay] 318/500 (63%)  pos=31419  W/D/B=135/45/138  (42%/14%/43%)  d7  0.7 games/s (avg 0.3)  784.1K nps  ETA 00:10:43
[2026-03-28T02:19:07.206] [INFO] [selfplay:1] [SelfPlay] 319/500 (63%)  pos=31542  W/D/B=135/45/139  (42%/14%/43%)  d7  0.6 games/s (avg 0.3)  778.9K nps  ETA 00:10:50
[2026-03-28T02:19:14.187] [INFO] [selfplay:1] [SelfPlay] 320/500 (64%)  pos=31619  W/D/B=135/45/140  (42%/14%/43%)  d7  0.8 games/s (avg 0.3)  780.7K nps  ETA 00:10:38
[2026-03-28T02:19:20.472] [INFO] [selfplay:1] [SelfPlay] 321/500 (64%)  pos=31679  W/D/B=135/45/141  (42%/14%/43%)  d7  0.7 games/s (avg 0.3)  775.8K nps  ETA 00:10:36
[2026-03-28T02:19:33.251] [INFO] [selfplay:1] [SelfPlay] 322/500 (64%)  pos=31771  W/D/B=135/45/142  (41%/13%/44%)  d7  0.6 games/s (avg 0.3)  771.9K nps  ETA 00:10:29
[2026-03-28T02:19:33.364] [INFO] [selfplay:1] [SelfPlay] 323/500 (64%)  pos=31858  W/D/B=136/45/142  (42%/13%/43%)  d7  0.5 games/s (avg 0.3)  761.6K nps  ETA 00:10:42
[2026-03-28T02:19:38.120] [INFO] [selfplay:1] [SelfPlay] 324/500 (64%)  pos=31899  W/D/B=137/45/142  (42%/13%/43%)  d7  1.8 games/s (avg 0.3)  763.6K nps  ETA 00:10:32
[2026-03-28T02:19:40.698] [INFO] [selfplay:1] [SelfPlay] 325/500 (65%)  pos=31965  W/D/B=138/45/142  (42%/13%/43%)  d7  1.5 games/s (avg 0.3)  761.4K nps  ETA 00:10:31
[2026-03-28T02:19:42.116] [INFO] [selfplay:1] [SelfPlay] 326/500 (65%)  pos=32121  W/D/B=138/45/143  (42%/13%/43%)  d7  1.4 games/s (avg 0.3)  763.3K nps  ETA 00:10:28
[2026-03-28T02:19:42.443] [INFO] [selfplay:1] [SelfPlay] 327/500 (65%)  pos=32277  W/D/B=138/45/144  (42%/13%/44%)  d7  1.3 games/s (avg 0.3)  766.0K nps  ETA 00:10:24
[2026-03-28T02:19:42.554] [INFO] [selfplay:1] [SelfPlay] 328/500 (65%)  pos=32394  W/D/B=138/45/145  (42%/13%/44%)  d7  1.5 games/s (avg 0.3)  768.9K nps  ETA 00:10:19
[2026-03-28T02:19:46.778] [INFO] [selfplay:1] [SelfPlay] 329/500 (65%)  pos=32516  W/D/B=138/46/145  (41%/13%/44%)  d7  2.7 games/s (avg 0.3)  771.8K nps  ETA 00:10:10
[2026-03-28T02:19:47.865] [INFO] [selfplay:1] [SelfPlay] 330/500 (66%)  pos=32597  W/D/B=138/46/146  (41%/13%/44%)  d7  2.5 games/s (avg 0.3)  774.4K nps  ETA 00:10:10
[2026-03-28T02:19:48.100] [INFO] [selfplay:1] [SelfPlay] 331/500 (66%)  pos=32647  W/D/B=139/46/146  (41%/13%/44%)  d7  2.2 games/s (avg 0.3)  776.2K nps  ETA 00:10:06
[2026-03-28T02:19:54.483] [INFO] [selfplay:1] [SelfPlay] 332/500 (66%)  pos=32760  W/D/B=140/46/146  (42%/13%/43%)  d7  2.5 games/s (avg 0.3)  778.1K nps  ETA 00:09:54
[2026-03-28T02:19:59.478] [INFO] [selfplay:1] [SelfPlay] 333/500 (66%)  pos=32854  W/D/B=140/46/147  (42%/13%/44%)  d7  2.3 games/s (avg 0.3)  779.9K nps  ETA 00:09:53
[2026-03-28T02:20:18.705] [INFO] [selfplay:1] [SelfPlay] 334/500 (66%)  pos=32959  W/D/B=140/46/148  (41%/13%/44%)  d7  2.2 games/s (avg 0.3)  781.7K nps  ETA 00:09:36
[2026-03-28T02:20:20.363] [INFO] [selfplay:1] [SelfPlay] 335/500 (67%)  pos=33049  W/D/B=141/46/148  (42%/13%/44%)  d7  2.0 games/s (avg 0.3)  783.2K nps  ETA 00:09:59
[2026-03-28T02:20:23.641] [INFO] [selfplay:1] [SelfPlay] 336/500 (67%)  pos=33111  W/D/B=141/46/149  (41%/13%/44%)  d7  1.8 games/s (avg 0.3)  783.4K nps  ETA 00:09:51
[2026-03-28T02:20:23.962] [INFO] [selfplay:1] [SelfPlay] 337/500 (67%)  pos=33243  W/D/B=142/46/149  (42%/13%/44%)  d7  1.6 games/s (avg 0.3)  783.0K nps  ETA 00:09:51
[2026-03-28T02:20:24.494] [INFO] [selfplay:1] [SelfPlay] 338/500 (67%)  pos=33409  W/D/B=142/47/149  (42%/13%/44%)  d7  1.8 games/s (avg 0.3)  785.1K nps  ETA 00:09:45
[2026-03-28T02:20:32.666] [INFO] [selfplay:1] [SelfPlay] 339/500 (67%)  pos=33516  W/D/B=142/48/149  (41%/14%/43%)  d7  1.8 games/s (avg 0.3)  786.2K nps  ETA 00:09:33
[2026-03-28T02:20:36.910] [INFO] [selfplay:1] [SelfPlay] 340/500 (68%)  pos=33627  W/D/B=142/48/150  (41%/14%/44%)  d7  1.7 games/s (avg 0.3)  787.8K nps  ETA 00:09:35
[2026-03-28T02:20:36.919] [INFO] [selfplay:1] [SelfPlay] 341/500 (68%)  pos=33709  W/D/B=142/49/150  (41%/14%/43%)  d7  1.5 games/s (avg 0.3)  786.7K nps  ETA 00:09:36
[2026-03-28T02:20:40.224] [INFO] [selfplay:1] [SelfPlay] 342/500 (68%)  pos=33772  W/D/B=143/49/150  (41%/14%/43%)  d7  17.5 games/s (avg 0.3)  787.7K nps  ETA 00:09:28
[2026-03-28T02:20:40.459] [INFO] [selfplay:1] [SelfPlay] 343/500 (68%)  pos=33889  W/D/B=143/50/150  (41%/14%/43%)  d7  16.2 games/s (avg 0.3)  789.4K nps  ETA 00:09:26
[2026-03-28T02:20:50.196] [INFO] [selfplay:1] [SelfPlay] 344/500 (68%)  pos=34038  W/D/B=143/51/150  (41%/14%/43%)  d7  14.4 games/s (avg 0.3)  792.0K nps  ETA 00:09:13
[2026-03-28T02:20:51.023] [INFO] [selfplay:1] [SelfPlay] 345/500 (69%)  pos=34241  W/D/B=143/52/150  (41%/15%/43%)  d7  13.3 games/s (avg 0.3)  793.6K nps  ETA 00:09:20
[2026-03-28T02:21:01.717] [INFO] [selfplay:1] [SelfPlay] 346/500 (69%)  pos=34317  W/D/B=144/52/150  (41%/15%/43%)  d7  12.3 games/s (avg 0.3)  795.5K nps  ETA 00:09:05
[2026-03-28T02:21:08.000] [INFO] [selfplay:1] [SelfPlay] 347/500 (69%)  pos=34442  W/D/B=144/53/150  (41%/15%/43%)  d7  11.4 games/s (avg 0.3)  798.9K nps  ETA 00:09:10
[2026-03-28T02:21:08.205] [INFO] [selfplay:1] [SelfPlay] 348/500 (69%)  pos=34601  W/D/B=144/53/151  (41%/15%/43%)  d7  10.6 games/s (avg 0.3)  803.0K nps  ETA 00:09:13
[2026-03-28T02:21:08.907] [INFO] [selfplay:1] [SelfPlay] 349/500 (69%)  pos=34681  W/D/B=144/53/152  (41%/15%/43%)  d7  9.7 games/s (avg 0.3)  805.0K nps  ETA 00:09:07
[2026-03-28T02:21:09.539] [INFO] [selfplay:1] [SelfPlay] 350/500 (70%)  pos=34784  W/D/B=144/53/153  (41%/15%/43%)  d7  8.5 games/s (avg 0.3)  806.0K nps  ETA 00:09:02
[2026-03-28T02:21:12.094] [INFO] [selfplay:1] [SelfPlay] 351/500 (70%)  pos=34911  W/D/B=144/53/154  (41%/15%/43%)  d7  7.4 games/s (avg 0.3)  807.0K nps  ETA 00:08:56
[2026-03-28T02:21:18.663] [INFO] [selfplay:1] [SelfPlay] 352/500 (70%)  pos=34990  W/D/B=144/54/154  (40%/15%/43%)  d7  6.9 games/s (avg 0.3)  809.3K nps  ETA 00:08:47
[2026-03-28T02:21:20.842] [INFO] [selfplay:1] [SelfPlay] 353/500 (70%)  pos=35077  W/D/B=145/54/154  (41%/15%/43%)  d7  6.4 games/s (avg 0.3)  811.9K nps  ETA 00:08:50
[2026-03-28T02:21:25.155] [INFO] [selfplay:1] [SelfPlay] 354/500 (70%)  pos=35120  W/D/B=146/54/154  (41%/15%/43%)  d7  5.9 games/s (avg 0.3)  813.4K nps  ETA 00:08:44
[2026-03-28T02:21:27.256] [INFO] [selfplay:1] [SelfPlay] 355/500 (71%)  pos=35200  W/D/B=146/54/155  (41%/15%/43%)  d7  5.4 games/s (avg 0.3)  815.8K nps  ETA 00:08:42
[2026-03-28T02:21:35.130] [INFO] [selfplay:1] [SelfPlay] 356/500 (71%)  pos=35391  W/D/B=146/55/155  (41%/15%/43%)  d7  5.0 games/s (avg 0.3)  817.8K nps  ETA 00:08:32
[2026-03-28T02:21:35.889] [INFO] [selfplay:1] [SelfPlay] 357/500 (71%)  pos=35532  W/D/B=146/55/156  (40%/15%/43%)  d7  4.7 games/s (avg 0.3)  820.6K nps  ETA 00:08:37
[2026-03-28T02:21:38.827] [INFO] [selfplay:1] [SelfPlay] 358/500 (71%)  pos=35746  W/D/B=146/56/156  (40%/15%/43%)  d7  4.2 games/s (avg 0.3)  823.0K nps  ETA 00:08:30
[2026-03-28T02:21:44.449] [INFO] [selfplay:1] [SelfPlay] 359/500 (71%)  pos=35795  W/D/B=146/57/156  (40%/15%/43%)  d7  3.8 games/s (avg 0.3)  824.3K nps  ETA 00:08:23
[2026-03-28T02:21:44.954] [INFO] [selfplay:1] [SelfPlay] 360/500 (72%)  pos=35833  W/D/B=147/57/156  (40%/15%/43%)  d7  3.6 games/s (avg 0.3)  825.3K nps  ETA 00:08:27
[2026-03-28T02:21:45.609] [INFO] [selfplay:1] [SelfPlay] 361/500 (72%)  pos=36004  W/D/B=147/58/156  (40%/16%/43%)  d7  3.3 games/s (avg 0.3)  826.9K nps  ETA 00:08:21
[2026-03-28T02:21:52.353] [INFO] [selfplay:1] [SelfPlay] 362/500 (72%)  pos=36074  W/D/B=148/58/156  (40%/16%/43%)  d7  3.0 games/s (avg 0.3)  828.2K nps  ETA 00:08:11
[2026-03-28T02:21:53.704] [INFO] [selfplay:1] [SelfPlay] 363/500 (72%)  pos=36201  W/D/B=148/59/156  (40%/16%/42%)  d7  2.8 games/s (avg 0.3)  830.1K nps  ETA 00:08:13
[2026-03-28T02:21:54.980] [INFO] [selfplay:1] [SelfPlay] 364/500 (72%)  pos=36366  W/D/B=149/59/156  (40%/16%/42%)  d7  2.5 games/s (avg 0.3)  831.8K nps  ETA 00:08:09
[2026-03-28T02:21:55.498] [INFO] [selfplay:1] [SelfPlay] 365/500 (73%)  pos=36497  W/D/B=150/59/156  (41%/16%/42%)  d7  2.3 games/s (avg 0.3)  832.6K nps  ETA 00:08:05
[2026-03-28T02:22:01.489] [INFO] [selfplay:1] [SelfPlay] 366/500 (73%)  pos=36582  W/D/B=150/59/157  (40%/16%/42%)  d7  2.2 games/s (avg 0.3)  834.5K nps  ETA 00:07:55
[2026-03-28T02:22:02.528] [INFO] [selfplay:1] [SelfPlay] 367/500 (73%)  pos=36601  W/D/B=151/59/157  (41%/16%/42%)  d7  2.0 games/s (avg 0.3)  834.9K nps  ETA 00:07:57
[2026-03-28T02:22:16.588] [INFO] [selfplay:1] [SelfPlay] 368/500 (73%)  pos=36695  W/D/B=151/59/158  (41%/16%/42%)  d7  1.9 games/s (avg 0.3)  836.0K nps  ETA 00:07:40
[2026-03-28T02:22:18.308] [INFO] [selfplay:1] [SelfPlay] 369/500 (73%)  pos=36765  W/D/B=151/59/159  (40%/15%/43%)  d7  1.7 games/s (avg 0.3)  837.1K nps  ETA 00:07:53
[2026-03-28T02:22:22.459] [INFO] [selfplay:1] [SelfPlay] 370/500 (74%)  pos=36900  W/D/B=151/59/160  (40%/15%/43%)  d7  1.6 games/s (avg 0.3)  837.3K nps  ETA 00:07:45
[2026-03-28T02:22:23.155] [INFO] [selfplay:1] [SelfPlay] 371/500 (74%)  pos=36953  W/D/B=152/59/160  (40%/15%/43%)  d7  1.4 games/s (avg 0.3)  834.5K nps  ETA 00:07:46
[2026-03-28T02:22:25.996] [INFO] [selfplay:1] [SelfPlay] 372/500 (74%)  pos=37026  W/D/B=152/60/160  (40%/16%/43%)  d7  1.4 games/s (avg 0.3)  835.3K nps  ETA 00:07:39
[2026-03-28T02:22:29.876] [INFO] [selfplay:1] [SelfPlay] 373/500 (74%)  pos=37145  W/D/B=152/60/161  (40%/16%/43%)  d7  1.2 games/s (avg 0.3)  835.7K nps  ETA 00:07:34
[2026-03-28T02:22:30.735] [INFO] [selfplay:1] [SelfPlay] 374/500 (74%)  pos=37244  W/D/B=152/60/162  (40%/16%/43%)  d7  1.1 games/s (avg 0.3)  834.0K nps  ETA 00:07:33
[2026-03-28T02:22:49.629] [INFO] [selfplay:1] [SelfPlay] 375/500 (75%)  pos=37297  W/D/B=153/60/162  (40%/16%/43%)  d7  1.1 games/s (avg 0.3)  836.1K nps  ETA 00:07:11
[2026-03-28T02:22:49.988] [INFO] [selfplay:1] [SelfPlay] 376/500 (75%)  pos=37465  W/D/B=153/60/163  (40%/15%/43%)  d7  1.0 games/s (avg 0.3)  838.9K nps  ETA 00:07:31
[2026-03-28T02:22:58.499] [INFO] [selfplay:1] [SelfPlay] 377/500 (75%)  pos=37501  W/D/B=153/60/164  (40%/15%/43%)  d7  1.3 games/s (avg 0.3)  839.8K nps  ETA 00:07:17
[2026-03-28T02:22:59.303] [INFO] [selfplay:1] [SelfPlay] 378/500 (75%)  pos=37537  W/D/B=154/60/164  (40%/15%/43%)  d7  1.2 games/s (avg 0.3)  840.1K nps  ETA 00:07:24
[2026-03-28T02:23:00.327] [INFO] [selfplay:1] [SelfPlay] 379/500 (75%)  pos=37572  W/D/B=154/60/165  (40%/15%/43%)  d7  1.2 games/s (avg 0.3)  840.9K nps  ETA 00:07:19
[2026-03-28T02:23:05.515] [INFO] [selfplay:1] [SelfPlay] 380/500 (76%)  pos=37644  W/D/B=154/60/166  (40%/15%/43%)  d7  1.2 games/s (avg 0.3)  843.9K nps  ETA 00:07:09
[2026-03-28T02:23:06.492] [INFO] [selfplay:1] [SelfPlay] 381/500 (76%)  pos=37772  W/D/B=154/60/167  (40%/15%/43%)  d7  1.0 games/s (avg 0.3)  840.9K nps  ETA 00:07:11
[2026-03-28T02:23:08.361] [INFO] [selfplay:1] [SelfPlay] 382/500 (76%)  pos=37890  W/D/B=154/60/168  (40%/15%/43%)  d7  1.0 games/s (avg 0.3)  841.9K nps  ETA 00:07:07
[2026-03-28T02:23:09.204] [INFO] [selfplay:1] [SelfPlay] 383/500 (76%)  pos=38027  W/D/B=154/60/169  (40%/15%/44%)  d7  0.9 games/s (avg 0.3)  842.5K nps  ETA 00:07:03
[2026-03-28T02:23:12.744] [INFO] [selfplay:1] [SelfPlay] 384/500 (76%)  pos=38191  W/D/B=154/60/170  (40%/15%/44%)  d7  1.0 games/s (avg 0.3)  845.3K nps  ETA 00:06:55
[2026-03-28T02:23:19.441] [INFO] [selfplay:1] [SelfPlay] 385/500 (77%)  pos=38258  W/D/B=155/60/170  (40%/15%/44%)  d7  0.9 games/s (avg 0.3)  845.6K nps  ETA 00:06:48
[2026-03-28T02:23:22.793] [INFO] [selfplay:1] [SelfPlay] 386/500 (77%)  pos=38423  W/D/B=156/60/170  (40%/15%/44%)  d7  0.8 games/s (avg 0.3)  843.0K nps  ETA 00:06:50
[2026-03-28T02:23:32.707] [INFO] [selfplay:1] [SelfPlay] 387/500 (77%)  pos=38566  W/D/B=156/60/171  (40%/15%/44%)  d7  0.7 games/s (avg 0.3)  842.4K nps  ETA 00:06:39
[2026-03-28T02:23:37.265] [INFO] [selfplay:1] [SelfPlay] 388/500 (77%)  pos=38628  W/D/B=157/60/171  (40%/15%/44%)  d7  0.6 games/s (avg 0.3)  834.7K nps  ETA 00:06:43
[2026-03-28T02:23:37.393] [INFO] [selfplay:1] [SelfPlay] 389/500 (77%)  pos=38780  W/D/B=157/60/172  (40%/15%/44%)  d7  0.5 games/s (avg 0.3)  833.3K nps  ETA 00:06:43
[2026-03-28T02:23:39.297] [INFO] [selfplay:1] [SelfPlay] 390/500 (78%)  pos=38803  W/D/B=158/60/172  (40%/15%/44%)  d7  1.6 games/s (avg 0.3)  834.8K nps  ETA 00:06:38
[2026-03-28T02:23:46.858] [INFO] [selfplay:1] [SelfPlay] 391/500 (78%)  pos=38902  W/D/B=158/60/173  (40%/15%/44%)  d7  1.5 games/s (avg 0.3)  835.1K nps  ETA 00:06:27
[2026-03-28T02:23:47.483] [INFO] [selfplay:1] [SelfPlay] 392/500 (78%)  pos=39049  W/D/B=158/60/174  (40%/15%/44%)  d7  1.4 games/s (avg 0.3)  837.3K nps  ETA 00:06:32
[2026-03-28T02:23:48.458] [INFO] [selfplay:1] [SelfPlay] 393/500 (78%)  pos=39191  W/D/B=158/61/174  (40%/15%/44%)  d7  1.4 games/s (avg 0.3)  839.2K nps  ETA 00:06:27
[2026-03-28T02:23:52.470] [INFO] [selfplay:1] [SelfPlay] 394/500 (78%)  pos=39304  W/D/B=159/61/174  (40%/15%/44%)  d7  1.3 games/s (avg 0.3)  840.5K nps  ETA 00:06:20
[2026-03-28T02:23:54.588] [INFO] [selfplay:1] [SelfPlay] 395/500 (79%)  pos=39383  W/D/B=159/62/174  (40%/15%/44%)  d7  1.2 games/s (avg 0.3)  838.6K nps  ETA 00:06:18
[2026-03-28T02:24:04.024] [INFO] [selfplay:1] [SelfPlay] 396/500 (79%)  pos=39414  W/D/B=160/62/174  (40%/15%/43%)  d7  1.1 games/s (avg 0.3)  837.6K nps  ETA 00:06:07
[2026-03-28T02:24:04.494] [INFO] [selfplay:1] [SelfPlay] 397/500 (79%)  pos=39537  W/D/B=161/62/174  (40%/15%/43%)  d7  1.0 games/s (avg 0.3)  838.7K nps  ETA 00:06:13
[2026-03-28T02:24:06.294] [INFO] [selfplay:1] [SelfPlay] 398/500 (79%)  pos=39754  W/D/B=162/62/174  (40%/15%/43%)  d7  1.2 games/s (avg 0.3)  841.3K nps  ETA 00:06:09
[2026-03-28T02:24:17.671] [INFO] [selfplay:1] [SelfPlay] 399/500 (79%)  pos=39843  W/D/B=163/62/174  (40%/15%/43%)  d7  1.1 games/s (avg 0.3)  841.4K nps  ETA 00:05:54
[2026-03-28T02:24:17.770] [INFO] [selfplay:1] [SelfPlay] 400/500 (80%)  pos=39898  W/D/B=163/62/175  (40%/15%/43%)  d7  1.0 games/s (avg 0.3)  842.4K nps  ETA 00:06:04
[2026-03-28T02:24:20.987] [INFO] [selfplay:1] [SelfPlay] 401/500 (80%)  pos=40005  W/D/B=163/62/176  (40%/15%/43%)  d7  2.4 games/s (avg 0.3)  846.3K nps  ETA 00:05:56
[2026-03-28T02:24:28.317] [INFO] [selfplay:1] [SelfPlay] 402/500 (80%)  pos=40101  W/D/B=164/62/176  (40%/15%/43%)  d7  2.0 games/s (avg 0.3)  845.2K nps  ETA 00:05:49
[2026-03-28T02:24:30.563] [INFO] [selfplay:1] [SelfPlay] 403/500 (80%)  pos=40248  W/D/B=164/62/177  (40%/15%/43%)  d7  1.9 games/s (avg 0.3)  847.1K nps  ETA 00:05:50
[2026-03-28T02:24:31.952] [INFO] [selfplay:1] [SelfPlay] 404/500 (80%)  pos=40488  W/D/B=164/63/177  (40%/15%/43%)  d7  1.7 games/s (avg 0.3)  847.0K nps  ETA 00:05:48
[2026-03-28T02:24:32.065] [INFO] [selfplay:1] [SelfPlay] 405/500 (81%)  pos=40643  W/D/B=164/64/177  (40%/15%/43%)  d7  1.5 games/s (avg 0.3)  847.9K nps  ETA 00:05:45
[2026-03-28T02:24:32.515] [INFO] [selfplay:1] [SelfPlay] 406/500 (81%)  pos=40883  W/D/B=164/65/177  (40%/16%/43%)  d7  2.6 games/s (avg 0.3)  851.9K nps  ETA 00:05:39
[2026-03-28T02:24:37.936] [INFO] [selfplay:1] [SelfPlay] 407/500 (81%)  pos=40942  W/D/B=164/65/178  (40%/15%/43%)  d7  2.6 games/s (avg 0.3)  852.9K nps  ETA 00:05:31
[2026-03-28T02:24:41.785] [INFO] [selfplay:1] [SelfPlay] 408/500 (81%)  pos=41058  W/D/B=165/65/178  (40%/15%/43%)  d7  2.4 games/s (avg 0.3)  854.2K nps  ETA 00:05:29
[2026-03-28T02:24:49.039] [INFO] [selfplay:1] [SelfPlay] 409/500 (81%)  pos=41150  W/D/B=165/65/179  (40%/15%/43%)  d7  2.1 games/s (avg 0.3)  852.6K nps  ETA 00:05:22
[2026-03-28T02:24:50.800] [INFO] [selfplay:1] [SelfPlay] 410/500 (82%)  pos=41291  W/D/B=166/65/179  (40%/15%/43%)  d7  1.9 games/s (avg 0.3)  855.0K nps  ETA 00:05:24
[2026-03-28T02:24:57.517] [INFO] [selfplay:1] [SelfPlay] 411/500 (82%)  pos=41396  W/D/B=166/66/179  (40%/16%/43%)  d7  1.7 games/s (avg 0.3)  856.1K nps  ETA 00:05:15
[2026-03-28T02:24:58.431] [INFO] [selfplay:1] [SelfPlay] 412/500 (82%)  pos=41464  W/D/B=167/66/179  (40%/16%/43%)  d7  1.6 games/s (avg 0.3)  856.4K nps  ETA 00:05:18
[2026-03-28T02:24:59.267] [INFO] [selfplay:1] [SelfPlay] 413/500 (82%)  pos=41490  W/D/B=167/66/180  (40%/15%/43%)  d7  1.5 games/s (avg 0.3)  857.4K nps  ETA 00:05:15
[2026-03-28T02:25:03.340] [INFO] [selfplay:1] [SelfPlay] 414/500 (82%)  pos=41537  W/D/B=167/66/181  (40%/15%/43%)  d7  1.5 games/s (avg 0.3)  857.9K nps  ETA 00:05:07
[2026-03-28T02:25:03.430] [INFO] [selfplay:1] [SelfPlay] 415/500 (83%)  pos=41645  W/D/B=167/66/182  (40%/15%/43%)  d7  1.3 games/s (avg 0.3)  856.5K nps  ETA 00:05:06
[2026-03-28T02:25:15.785] [INFO] [selfplay:1] [SelfPlay] 416/500 (83%)  pos=41682  W/D/B=168/66/182  (40%/15%/43%)  d7  2.8 games/s (avg 0.3)  858.6K nps  ETA 00:04:51
[2026-03-28T02:25:16.781] [INFO] [selfplay:1] [SelfPlay] 417/500 (83%)  pos=41746  W/D/B=168/66/183  (40%/15%/43%)  d7  2.5 games/s (avg 0.3)  860.4K nps  ETA 00:05:00
[2026-03-28T02:25:17.363] [INFO] [selfplay:1] [SelfPlay] 418/500 (83%)  pos=41898  W/D/B=168/66/184  (40%/15%/44%)  d7  2.3 games/s (avg 0.3)  861.5K nps  ETA 00:04:57
[2026-03-28T02:25:28.255] [INFO] [selfplay:1] [SelfPlay] 419/500 (83%)  pos=42060  W/D/B=169/66/184  (40%/15%/43%)  d7  2.2 games/s (avg 0.3)  863.2K nps  ETA 00:04:42
[2026-03-28T02:25:32.136] [INFO] [selfplay:1] [SelfPlay] 420/500 (84%)  pos=42176  W/D/B=169/66/185  (40%/15%/44%)  d7  2.1 games/s (avg 0.3)  864.3K nps  ETA 00:04:47
[2026-03-28T02:25:36.905] [INFO] [selfplay:1] [SelfPlay] 421/500 (84%)  pos=42322  W/D/B=169/66/186  (40%/15%/44%)  d7  1.8 games/s (avg 0.3)  862.6K nps  ETA 00:04:42
[2026-03-28T02:25:41.439] [INFO] [selfplay:1] [SelfPlay] 422/500 (84%)  pos=42455  W/D/B=169/66/187  (40%/15%/44%)  d7  1.6 games/s (avg 0.3)  860.6K nps  ETA 00:04:39
[2026-03-28T02:25:42.065] [INFO] [selfplay:1] [SelfPlay] 423/500 (84%)  pos=42642  W/D/B=169/67/187  (39%/15%/44%)  d7  1.4 games/s (avg 0.3)  859.9K nps  ETA 00:04:40
[2026-03-28T02:25:45.880] [INFO] [selfplay:1] [SelfPlay] 424/500 (84%)  pos=42731  W/D/B=170/67/187  (40%/15%/44%)  d7  1.4 games/s (avg 0.3)  861.2K nps  ETA 00:04:32
[2026-03-28T02:25:46.489] [INFO] [selfplay:1] [SelfPlay] 425/500 (85%)  pos=42838  W/D/B=170/67/188  (40%/15%/44%)  d7  1.2 games/s (avg 0.3)  860.4K nps  ETA 00:04:31
[2026-03-28T02:25:47.153] [INFO] [selfplay:1] [SelfPlay] 426/500 (85%)  pos=42843  W/D/B=171/67/188  (40%/15%/44%)  d7  1.3 games/s (avg 0.3)  860.0K nps  ETA 00:04:28
[2026-03-28T02:25:51.017] [INFO] [selfplay:1] [SelfPlay] 427/500 (85%)  pos=42871  W/D/B=171/67/189  (40%/15%/44%)  d7  1.3 games/s (avg 0.3)  860.8K nps  ETA 00:04:20
[2026-03-28T02:25:58.438] [INFO] [selfplay:1] [SelfPlay] 428/500 (85%)  pos=43008  W/D/B=172/67/189  (40%/15%/44%)  d7  1.2 games/s (avg 0.3)  859.7K nps  ETA 00:04:12
[2026-03-28T02:26:07.619] [INFO] [selfplay:1] [SelfPlay] 429/500 (85%)  pos=43158  W/D/B=172/67/190  (40%/15%/44%)  d7  1.0 games/s (avg 0.3)  855.3K nps  ETA 00:04:08
[2026-03-28T02:26:08.731] [INFO] [selfplay:1] [SelfPlay] 430/500 (86%)  pos=43300  W/D/B=172/67/191  (40%/15%/44%)  d7  0.9 games/s (avg 0.3)  850.8K nps  ETA 00:04:14
[2026-03-28T02:26:08.823] [INFO] [selfplay:1] [SelfPlay] 431/500 (86%)  pos=43440  W/D/B=173/67/191  (40%/15%/44%)  d7  0.9 games/s (avg 0.3)  854.1K nps  ETA 00:04:11
[2026-03-28T02:26:09.451] [INFO] [selfplay:1] [SelfPlay] 432/500 (86%)  pos=43535  W/D/B=174/67/191  (40%/15%/44%)  d7  2.4 games/s (avg 0.3)  855.2K nps  ETA 00:04:05
[2026-03-28T02:26:12.004] [INFO] [selfplay:1] [SelfPlay] 433/500 (86%)  pos=43678  W/D/B=175/67/191  (40%/15%/44%)  d7  2.3 games/s (avg 0.3)  857.2K nps  ETA 00:04:00
[2026-03-28T02:26:14.816] [INFO] [selfplay:1] [SelfPlay] 434/500 (86%)  pos=43728  W/D/B=175/67/192  (40%/15%/44%)  d7  2.0 games/s (avg 0.3)  856.7K nps  ETA 00:03:56
[2026-03-28T02:26:14.876] [INFO] [selfplay:1] [SelfPlay] 435/500 (87%)  pos=43819  W/D/B=175/68/192  (40%/15%/44%)  d7  1.7 games/s (avg 0.3)  855.7K nps  ETA 00:03:55
[2026-03-28T02:26:19.136] [INFO] [selfplay:1] [SelfPlay] 436/500 (87%)  pos=43868  W/D/B=175/68/193  (40%/15%/44%)  d7  4.0 games/s (avg 0.3)  857.6K nps  ETA 00:03:47
[2026-03-28T02:26:32.815] [INFO] [selfplay:1] [SelfPlay] 437/500 (87%)  pos=44002  W/D/B=176/68/193  (40%/15%/44%)  d7  3.7 games/s (avg 0.3)  859.6K nps  ETA 00:03:33
[2026-03-28T02:26:37.309] [INFO] [selfplay:1] [SelfPlay] 438/500 (87%)  pos=44124  W/D/B=176/69/193  (40%/15%/44%)  d7  3.4 games/s (avg 0.3)  861.5K nps  ETA 00:03:41
[2026-03-28T02:26:39.796] [INFO] [selfplay:1] [SelfPlay] 439/500 (87%)  pos=44128  W/D/B=176/69/194  (40%/15%/44%)  d7  3.2 games/s (avg 0.3)  861.5K nps  ETA 00:03:38
[2026-03-28T02:26:45.874] [INFO] [selfplay:1] [SelfPlay] 440/500 (88%)  pos=44271  W/D/B=177/69/194  (40%/15%/44%)  d7  2.8 games/s (avg 0.3)  861.7K nps  ETA 00:03:32
[2026-03-28T02:26:46.219] [INFO] [selfplay:1] [SelfPlay] 441/500 (88%)  pos=44316  W/D/B=177/69/195  (40%/15%/44%)  d7  2.5 games/s (avg 0.3)  862.6K nps  ETA 00:03:34
[2026-03-28T02:26:52.639] [INFO] [selfplay:1] [SelfPlay] 442/500 (88%)  pos=44425  W/D/B=177/70/195  (40%/15%/44%)  d7  2.6 games/s (avg 0.3)  863.8K nps  ETA 00:03:23
[2026-03-28T02:26:52.908] [INFO] [selfplay:1] [SelfPlay] 443/500 (88%)  pos=44502  W/D/B=178/70/195  (40%/15%/44%)  d7  2.4 games/s (avg 0.3)  865.5K nps  ETA 00:03:27
[2026-03-28T02:26:58.594] [INFO] [selfplay:1] [SelfPlay] 444/500 (88%)  pos=44713  W/D/B=179/70/195  (40%/15%/43%)  d7  2.6 games/s (avg 0.3)  867.5K nps  ETA 00:03:17
[2026-03-28T02:27:00.788] [INFO] [selfplay:1] [SelfPlay] 445/500 (89%)  pos=44822  W/D/B=180/70/195  (40%/15%/43%)  d7  2.4 games/s (avg 0.3)  869.3K nps  ETA 00:03:18
[2026-03-28T02:27:03.344] [INFO] [selfplay:1] [SelfPlay] 446/500 (89%)  pos=45019  W/D/B=180/71/195  (40%/15%/43%)  d7  2.1 games/s (avg 0.3)  870.0K nps  ETA 00:03:14
[2026-03-28T02:27:03.914] [INFO] [selfplay:1] [SelfPlay] 447/500 (89%)  pos=45070  W/D/B=181/71/195  (40%/15%/43%)  d7  1.9 games/s (avg 0.3)  870.2K nps  ETA 00:03:11
[2026-03-28T02:27:04.375] [INFO] [selfplay:1] [SelfPlay] 448/500 (89%)  pos=45184  W/D/B=182/71/195  (40%/15%/43%)  d7  1.8 games/s (avg 0.3)  873.3K nps  ETA 00:03:08
[2026-03-28T02:27:05.870] [INFO] [selfplay:1] [SelfPlay] 449/500 (89%)  pos=45314  W/D/B=183/71/195  (40%/15%/43%)  d7  1.9 games/s (avg 0.3)  875.4K nps  ETA 00:03:02
[2026-03-28T02:27:10.132] [INFO] [selfplay:1] [SelfPlay] 450/500 (90%)  pos=45423  W/D/B=183/71/196  (40%/15%/43%)  d7  1.7 games/s (avg 0.3)  877.3K nps  ETA 00:02:56
[2026-03-28T02:27:15.556] [INFO] [selfplay:1] [SelfPlay] 451/500 (90%)  pos=45522  W/D/B=184/71/196  (40%/15%/43%)  d7  1.5 games/s (avg 0.3)  874.8K nps  ETA 00:02:51
[2026-03-28T02:27:20.496] [INFO] [selfplay:1] [SelfPlay] 452/500 (90%)  pos=45629  W/D/B=184/71/197  (40%/15%/43%)  d7  1.3 games/s (avg 0.3)  872.0K nps  ETA 00:02:48
[2026-03-28T02:27:24.665] [INFO] [selfplay:1] [SelfPlay] 453/500 (90%)  pos=45729  W/D/B=185/71/197  (40%/15%/43%)  d7  1.1 games/s (avg 0.3)  869.9K nps  ETA 00:02:46
[2026-03-28T02:27:37.676] [INFO] [selfplay:1] [SelfPlay] 454/500 (90%)  pos=45851  W/D/B=186/71/197  (40%/15%/43%)  d7  1.0 games/s (avg 0.3)  868.0K nps  ETA 00:02:33
[2026-03-28T02:27:38.116] [INFO] [selfplay:1] [SelfPlay] 455/500 (91%)  pos=45930  W/D/B=186/71/198  (40%/15%/43%)  d7  0.9 games/s (avg 0.3)  868.8K nps  ETA 00:02:43
[2026-03-28T02:27:39.976] [INFO] [selfplay:1] [SelfPlay] 456/500 (91%)  pos=45977  W/D/B=187/71/198  (41%/15%/43%)  d7  1.1 games/s (avg 0.3)  869.6K nps  ETA 00:02:37
[2026-03-28T02:27:43.558] [INFO] [selfplay:1] [SelfPlay] 457/500 (91%)  pos=45999  W/D/B=188/71/198  (41%/15%/43%)  d7  1.0 games/s (avg 0.3)  869.2K nps  ETA 00:02:32
[2026-03-28T02:27:45.041] [INFO] [selfplay:1] [SelfPlay] 458/500 (91%)  pos=46123  W/D/B=188/71/199  (41%/15%/43%)  d7  0.9 games/s (avg 0.3)  868.3K nps  ETA 00:02:31
[2026-03-28T02:27:47.703] [INFO] [selfplay:1] [SelfPlay] 459/500 (91%)  pos=46168  W/D/B=188/71/200  (40%/15%/43%)  d7  0.9 games/s (avg 0.3)  868.8K nps  ETA 00:02:25
[2026-03-28T02:27:50.413] [INFO] [selfplay:1] [SelfPlay] 460/500 (92%)  pos=46225  W/D/B=188/72/200  (40%/15%/43%)  d7  0.8 games/s (avg 0.3)  867.8K nps  ETA 00:02:21
[2026-03-28T02:27:51.952] [INFO] [selfplay:1] [SelfPlay] 461/500 (92%)  pos=46392  W/D/B=188/73/200  (40%/15%/43%)  d7  0.7 games/s (avg 0.3)  868.2K nps  ETA 00:02:20
[2026-03-28T02:27:52.589] [INFO] [selfplay:1] [SelfPlay] 462/500 (92%)  pos=46439  W/D/B=189/73/200  (40%/15%/43%)  d7  0.7 games/s (avg 0.3)  868.1K nps  ETA 00:02:16
[2026-03-28T02:27:55.204] [INFO] [selfplay:1] [SelfPlay] 463/500 (92%)  pos=46512  W/D/B=190/73/200  (41%/15%/43%)  d7  0.9 games/s (avg 0.3)  869.8K nps  ETA 00:02:11
[2026-03-28T02:27:59.601] [INFO] [selfplay:1] [SelfPlay] 464/500 (92%)  pos=46668  W/D/B=190/73/201  (40%/15%/43%)  d7  0.8 games/s (avg 0.3)  869.9K nps  ETA 00:02:04
[2026-03-28T02:28:03.433] [INFO] [selfplay:1] [SelfPlay] 465/500 (93%)  pos=46689  W/D/B=190/73/202  (40%/15%/43%)  d7  0.7 games/s (avg 0.3)  867.4K nps  ETA 00:02:02
[2026-03-28T02:28:05.846] [INFO] [selfplay:1] [SelfPlay] 466/500 (93%)  pos=46729  W/D/B=190/73/203  (40%/15%/43%)  d7  0.6 games/s (avg 0.3)  865.2K nps  ETA 00:02:00
[2026-03-28T02:28:07.951] [INFO] [selfplay:1] [SelfPlay] 467/500 (93%)  pos=46909  W/D/B=190/74/203  (40%/15%/43%)  d7  0.6 games/s (avg 0.3)  866.9K nps  ETA 00:01:57
[2026-03-28T02:28:08.153] [INFO] [selfplay:1] [SelfPlay] 468/500 (93%)  pos=46974  W/D/B=191/74/203  (40%/15%/43%)  d7  0.6 games/s (avg 0.3)  866.6K nps  ETA 00:01:55
[2026-03-28T02:28:14.191] [INFO] [selfplay:1] [SelfPlay] 469/500 (93%)  pos=47057  W/D/B=192/74/203  (40%/15%/43%)  d7  1.2 games/s (avg 0.3)  869.2K nps  ETA 00:01:45
[2026-03-28T02:28:21.803] [INFO] [selfplay:1] [SelfPlay] 470/500 (94%)  pos=47162  W/D/B=192/74/204  (40%/15%/43%)  d7  1.1 games/s (avg 0.3)  866.1K nps  ETA 00:01:40
[2026-03-28T02:28:22.608] [INFO] [selfplay:1] [SelfPlay] 471/500 (94%)  pos=47253  W/D/B=192/74/205  (40%/15%/43%)  d7  0.9 games/s (avg 0.3)  861.2K nps  ETA 00:01:43
[2026-03-28T02:28:23.181] [INFO] [selfplay:1] [SelfPlay] 472/500 (94%)  pos=47346  W/D/B=192/74/206  (40%/15%/43%)  d7  1.0 games/s (avg 0.3)  861.7K nps  ETA 00:01:40
[2026-03-28T02:28:28.558] [INFO] [selfplay:1] [SelfPlay] 473/500 (94%)  pos=47408  W/D/B=193/74/206  (40%/15%/43%)  d7  1.1 games/s (avg 0.3)  862.6K nps  ETA 00:01:31
[2026-03-28T02:28:35.442] [INFO] [selfplay:1] [SelfPlay] 474/500 (94%)  pos=47538  W/D/B=193/74/207  (40%/15%/43%)  d7  1.0 games/s (avg 0.3)  860.2K nps  ETA 00:01:26
[2026-03-28T02:28:43.725] [INFO] [selfplay:1] [SelfPlay] 475/500 (95%)  pos=47633  W/D/B=193/74/208  (40%/15%/43%)  d7  0.8 games/s (avg 0.3)  857.0K nps  ETA 00:01:22
[2026-03-28T02:28:44.263] [INFO] [selfplay:1] [SelfPlay] 476/500 (95%)  pos=47691  W/D/B=194/74/208  (40%/15%/43%)  d7  0.7 games/s (avg 0.3)  852.0K nps  ETA 00:01:26
[2026-03-28T02:28:45.797] [INFO] [selfplay:1] [SelfPlay] 477/500 (95%)  pos=47804  W/D/B=195/74/208  (40%/15%/43%)  d7  0.9 games/s (avg 0.3)  853.8K nps  ETA 00:01:21
[2026-03-28T02:28:46.102] [INFO] [selfplay:1] [SelfPlay] 478/500 (95%)  pos=47862  W/D/B=195/75/208  (40%/15%/43%)  d7  0.9 games/s (avg 0.3)  854.1K nps  ETA 00:01:19
[2026-03-28T02:28:50.191] [INFO] [selfplay:1] [SelfPlay] 479/500 (95%)  pos=48026  W/D/B=195/75/209  (40%/15%/43%)  d7  1.2 games/s (avg 0.3)  856.2K nps  ETA 00:01:11
[2026-03-28T02:28:57.483] [INFO] [selfplay:1] [SelfPlay] 480/500 (96%)  pos=48089  W/D/B=195/76/209  (40%/15%/43%)  d7  1.1 games/s (avg 0.3)  854.0K nps  ETA 00:01:04
[2026-03-28T02:29:03.555] [INFO] [selfplay:1] [SelfPlay] 481/500 (96%)  pos=48150  W/D/B=196/76/209  (40%/15%/43%)  d7  0.9 games/s (avg 0.3)  850.6K nps  ETA 00:01:02
[2026-03-28T02:29:04.069] [INFO] [selfplay:1] [SelfPlay] 482/500 (96%)  pos=48244  W/D/B=196/77/209  (40%/15%/43%)  d7  0.8 games/s (avg 0.3)  846.9K nps  ETA 00:01:05
[2026-03-28T02:29:09.628] [INFO] [selfplay:1] [SelfPlay] 483/500 (96%)  pos=48375  W/D/B=196/77/210  (40%/15%/43%)  d7  1.0 games/s (avg 0.3)  848.3K nps  ETA 00:00:55
[2026-03-28T02:29:10.334] [INFO] [selfplay:1] [SelfPlay] 484/500 (96%)  pos=48503  W/D/B=196/78/210  (40%/16%/43%)  d7  0.9 games/s (avg 0.3)  846.0K nps  ETA 00:00:57
[2026-03-28T02:29:12.004] [INFO] [selfplay:1] [SelfPlay] 485/500 (97%)  pos=48601  W/D/B=196/78/211  (40%/16%/43%)  d7  0.9 games/s (avg 0.3)  848.1K nps  ETA 00:00:52
[2026-03-28T02:29:12.115] [INFO] [selfplay:1] [SelfPlay] 486/500 (97%)  pos=48742  W/D/B=196/79/211  (40%/16%/43%)  d7  0.9 games/s (avg 0.3)  848.9K nps  ETA 00:00:50
[2026-03-28T02:29:17.157] [INFO] [selfplay:1] [SelfPlay] 487/500 (97%)  pos=48850  W/D/B=197/79/211  (40%/16%/43%)  d7  2.1 games/s (avg 0.3)  851.4K nps  ETA 00:00:41
[2026-03-28T02:29:20.136] [INFO] [selfplay:1] [SelfPlay] 488/500 (97%)  pos=48929  W/D/B=198/79/211  (40%/16%/43%)  d7  1.9 games/s (avg 0.3)  852.6K nps  ETA 00:00:40
[2026-03-28T02:29:21.685] [INFO] [selfplay:1] [SelfPlay] 489/500 (97%)  pos=49037  W/D/B=199/79/211  (40%/16%/43%)  d7  1.7 games/s (avg 0.3)  851.9K nps  ETA 00:00:41
[2026-03-28T02:29:23.779] [INFO] [selfplay:1] [SelfPlay] 490/500 (98%)  pos=49155  W/D/B=200/79/211  (40%/16%/43%)  d7  1.5 games/s (avg 0.3)  852.1K nps  ETA 00:00:41
[2026-03-28T02:29:24.692] [INFO] [selfplay:1] [SelfPlay] 491/500 (98%)  pos=49231  W/D/B=200/80/211  (40%/16%/42%)  d7  1.4 games/s (avg 0.3)  851.4K nps  ETA 00:00:42
[2026-03-28T02:29:29.499] [INFO] [selfplay:1] [SelfPlay] 492/500 (98%)  pos=49405  W/D/B=200/80/212  (40%/16%/43%)  d7  1.3 games/s (avg 0.3)  852.4K nps  ETA 00:00:38
[2026-03-28T02:29:33.223] [INFO] [selfplay:1] [SelfPlay] 493/500 (98%)  pos=49437  W/D/B=201/80/212  (40%/16%/43%)  d7  1.2 games/s (avg 0.3)  850.0K nps  ETA 00:00:40
[2026-03-28T02:29:33.476] [INFO] [selfplay:1] [SelfPlay] 494/500 (98%)  pos=49518  W/D/B=201/80/213  (40%/16%/43%)  d7  1.0 games/s (avg 0.3)  849.2K nps  ETA 00:00:42
[2026-03-28T02:29:35.077] [INFO] [selfplay:1] [SelfPlay] 495/500 (99%)  pos=49622  W/D/B=202/80/213  (40%/16%/43%)  d7  1.5 games/s (avg 0.3)  850.1K nps  ETA 00:00:41
[2026-03-28T02:29:39.864] [INFO] [selfplay:1] [SelfPlay] 496/500 (99%)  pos=49689  W/D/B=203/80/213  (40%/16%/42%)  d7  1.3 games/s (avg 0.3)  850.1K nps  ETA 00:00:37
[2026-03-28T02:29:45.887] [INFO] [selfplay:1] [SelfPlay] 497/500 (99%)  pos=49751  W/D/B=203/80/214  (40%/16%/43%)  d7  1.2 games/s (avg 0.3)  848.5K nps  ETA 00:00:36
[2026-03-28T02:29:46.062] [INFO] [selfplay:1] [SelfPlay] 498/500 (99%)  pos=49808  W/D/B=204/80/214  (40%/16%/42%)  d7  1.0 games/s (avg 0.3)  845.6K nps  ETA 00:00:43
[2026-03-28T02:29:46.165] [INFO] [selfplay:1] [SelfPlay] 499/500 (99%)  pos=49919  W/D/B=205/80/214  (41%/16%/42%)  d7  1.7 games/s (avg 0.3)  847.3K nps  ETA 00:00:42
[2026-03-28T02:29:46.380] [INFO] [selfplay:1] [SelfPlay] 500/500 (100%)  pos=50027  W/D/B=205/80/215  (41%/16%/43%)  d7  2.9 games/s (avg 0.3)  849.0K nps  ETA 00:00:00
[2026-03-28T02:29:46.394] [INFO] [selfplay:1] [SelfPlay] Done. 50027 positions written to C:\Users\chris\pyproj\my_env\Projects\ChessEngine\x64\Release\assets\selfplay_gen5.bin
[2026-03-28T02:29:46.461] [EVENT] [selfplay:5] PHASE_END success=true elapsed_sec=1786.0
[2026-03-28T02:29:47.559] [INFO] [selfplay:1]   Using Stockfish-labeled data: C:\Users\chris\pyproj\my_env\Projects\ChessEngine\x64\Release\assets\training_data_sf.bin
[2026-03-28T02:29:47.559] [INFO] [selfplay:1]   Self-play current gen (weight 0.0592, base gets 0.85)
[2026-03-28T02:29:47.560] [INFO] [selfplay:1]   Replay buffer: gen 4 (weight 0.0415)
[2026-03-28T02:29:47.560] [INFO] [selfplay:1]   Replay buffer: gen 3 (weight 0.029)
[2026-03-28T02:29:47.560] [INFO] [selfplay:1]   Replay buffer: gen 2 (weight 0.0203)
[2026-03-28T02:29:47.560] [EVENT] [training:5] PHASE_START epochs=8 batch=2048 lr=0.0004
[2026-03-28T02:29:47.560] [CMD] [training:1] [CMD] py -3.10 -u "C:\Users\chris\pyproj\my_env\Projects\ChessEngine\x64\Release\train_nnue.py" --data "C:\Users\chris\pyproj\my_env\Projects\ChessEngine\x64\Release\assets\training_data_sf.bin" --extra-data "C:\Users\chris\pyproj\my_env\Projects\ChessEngine\x64\Release\assets\selfplay_gen5.bin" 0.0592 --extra-data "C:\Users\chris\pyproj\my_env\Projects\ChessEngine\x64\Release\assets\selfplay_gen4.bin" 0.0415 --extra-data "C:\Users\chris\pyproj\my_env\Projects\ChessEngine\x64\Release\assets\selfplay_gen3.bin" 0.029 --extra-data "C:\Users\chris\pyproj\my_env\Projects\ChessEngine\x64\Release\assets\selfplay_gen2.bin" 0.0203 --max-positions 100000 --epochs 8 --batch-size 2048 --lr 0.0004 --lr-min 0.00001 --weight-decay 0.0005 --dropout 0.2 --grad-clip 1.0 --grad-accum 4 --warmup-steps 500 --draw-weight 0.3 --mate-boost 10.0 --early-stop 7 --wdl-alpha 0.3 --wdl-draw-elo 50.0 --enhanced --plot --cosine-lr --no-cosine-restarts --swa --swa-start 5 --label-smoothing 0.01 --load-weights "C:\Users\chris\pyproj\my_env\Projects\ChessEngine\x64\Release\assets\nnue_weights_gen4.bin" --output "C:\Users\chris\pyproj\my_env\Projects\ChessEngine\x64\Release\assets\nnue_weights.bin"
[2026-03-28T02:29:50.525] [INFO] [training:1] === Enhanced mode v3: warmup=500, grad_accum=4, SWA=ON, label_smooth=0.01, filter_eval=1000.0, eval_soft_cap=800.0, draw_weight=0.3x, wdl_alpha=0.3, wdl_draw_elo=50.0, cosine_decay ===
[2026-03-28T02:29:50.525] [INFO] [training:1] Using device: CPU (optimized)
[2026-03-28T02:29:50.583] [INFO] [training:1]   CPU threads: 16
[2026-03-28T02:29:50.584] [INFO] [training:1]   --max-positions: distributing 100,000 budget across 5 sources by ratio
[2026-03-28T02:29:50.584] [INFO] [training:1]     training_data_sf.bin: 25,194,593 -> 86,367 (ratio 85.0%)
[2026-03-28T02:29:50.584] [INFO] [training:1]     selfplay_gen5.bin: 50,027 -> 6,015 (ratio 5.9%)
[2026-03-28T02:29:50.584] [INFO] [training:1]     selfplay_gen4.bin: 48,576 -> 4,216 (ratio 4.2%)
[2026-03-28T02:29:50.584] [INFO] [training:1]     selfplay_gen3.bin: 42,231 -> 2,946 (ratio 2.9%)
[2026-03-28T02:29:50.584] [INFO] [training:1] Datasets:             5 sources (ratio-based sampling)
[2026-03-28T02:29:50.584] [INFO] [training:1]   - training_data_sf.bin                     ratio=85.0%  pos=86,367
[2026-03-28T02:29:50.584] [INFO] [training:1]   - selfplay_gen5.bin                        ratio=5.9%  pos=6,015
[2026-03-28T02:29:50.584] [INFO] [training:1]   - selfplay_gen4.bin                        ratio=4.2%  pos=4,216
[2026-03-28T02:29:50.584] [INFO] [training:1]   - selfplay_gen3.bin                        ratio=2.9%  pos=2,946
[2026-03-28T02:29:50.584] [INFO] [training:1]   - selfplay_gen2.bin                        ratio=2.0%  pos=454
[2026-03-28T02:29:50.584] [INFO] [training:1]   Total positions: 99,998
[2026-03-28T02:29:50.584] [INFO] [training:1]   Mode: PRELOAD (full dataset fits in RAM)
[2026-03-28T02:29:50.915] [INFO] [training:1] Weights loaded from C:\Users\chris\pyproj\my_env\Projects\ChessEngine\x64\Release\assets\nnue_weights_gen4.bin
[2026-03-28T02:29:50.923] [INFO] [training:1] Loaded existing weights from C:\Users\chris\pyproj\my_env\Projects\ChessEngine\x64\Release\assets\nnue_weights_gen4.bin
[2026-03-28T02:29:51.900] [INFO] [training:1]   Fresh optimizer (--load-weights skips old optimizer state)
[2026-03-28T02:29:51.900] [INFO] [training:1] ============================================================
[2026-03-28T02:29:51.900] [INFO] [training:1] Training Configuration:
[2026-03-28T02:29:51.900] [INFO] [training:1]   Positions:         99,998
[2026-03-28T02:29:51.900] [INFO] [training:1]   Batch size:        2048 (effective: 8192 with grad accum x4)
[2026-03-28T02:29:51.900] [INFO] [training:1]   Epochs:            8
[2026-03-28T02:29:51.900] [INFO] [training:1]   Learning rate:     0.0004
[2026-03-28T02:29:51.900] [INFO] [training:1]   LR schedule:       Cosine Decay (T_max=1, warmup_epochs~41)
[2026-03-28T02:29:51.900] [INFO] [training:1]   LR min:            1e-05
[2026-03-28T02:29:51.900] [INFO] [training:1]   LR warmup:         500 optimizer steps
[2026-03-28T02:29:51.900] [INFO] [training:1]   Lambda (eval/res): 0.5
[2026-03-28T02:29:51.901] [INFO] [training:1]   Eval scale:        400.0
[2026-03-28T02:29:51.901] [INFO] [training:1]   Phase balanced:    True
[2026-03-28T02:29:51.901] [INFO] [training:1]   Early stop:        7 epochs
[2026-03-28T02:29:51.901] [INFO] [training:1]   Weight decay:      0.0005
[2026-03-28T02:29:51.901] [INFO] [training:1]   Dropout:           0.2
[2026-03-28T02:29:51.901] [INFO] [training:1]   Grad accumulation: 4x
[2026-03-28T02:29:51.901] [INFO] [training:1]   Label smoothing:   0.01
[2026-03-28T02:29:51.901] [INFO] [training:1]   SWA:               ON (start epoch 5)
[2026-03-28T02:29:51.901] [INFO] [training:1]   Filter eval max:   1000.0
[2026-03-28T02:29:51.901] [INFO] [training:1]   Eval soft-cap:     800.0
[2026-03-28T02:29:51.901] [INFO] [training:1]   Draw weight:       0.3x
[2026-03-28T02:29:51.901] [INFO] [training:1]   Mate boost:        10.0x
[2026-03-28T02:29:51.901] [INFO] [training:1]   Async prefetch:    N/A (preload mode)
[2026-03-28T02:29:51.901] [INFO] [training:1]   WDL CE loss:       ON (alpha=0.3, lambda=0.5 (from --lam), draw_elo=50.0)
[2026-03-28T02:29:51.901] [INFO] [training:1]   Activation:        SCReLU (squared clipped ReLU)
[2026-03-28T02:29:51.901] [INFO] [training:1]   Architecture:      40960->512->128->64->WDL(3)x3heads
[2026-03-28T02:29:51.901] [INFO] [training:1]   Grad clip norm:    1.0
[2026-03-28T02:29:51.901] [INFO] [training:1]   Streaming:         False
[2026-03-28T02:29:51.901] [INFO] [training:1]   Datasets:          5 sources (ratio-based sampling)
[2026-03-28T02:29:51.901] [INFO] [training:1]     - training_data_sf.bin            ratio=85.0%  pos=86,367
[2026-03-28T02:29:51.901] [INFO] [training:1]     - selfplay_gen5.bin               ratio=5.9%  pos=6,015
[2026-03-28T02:29:51.901] [INFO] [training:1]     - selfplay_gen4.bin               ratio=4.2%  pos=4,216
[2026-03-28T02:29:51.901] [INFO] [training:1]     - selfplay_gen3.bin               ratio=2.9%  pos=2,946
[2026-03-28T02:29:51.901] [INFO] [training:1]     - selfplay_gen2.bin               ratio=2.0%  pos=454
[2026-03-28T02:29:51.901] [INFO] [training:1] ============================================================
[2026-03-28T02:29:51.901] [INFO] [training:1]   Multi-dataset preload: ratios will be applied during epoch sampling.
[2026-03-28T02:29:51.901] [INFO] [training:1]   Loading 5 datasets sequentially...
[2026-03-28T02:29:51.901] [INFO] [training:1] Loading positions from C:\Users\chris\pyproj\my_env\Projects\ChessEngine\x64\Release\assets\training_data_sf.bin...
[2026-03-28T02:29:51.901] [INFO] [training:1]   Total positions: 25,194,593 — using offset-cache fast path (avoids reading 1201 MB into RAM)
[2026-03-28T02:29:51.901] [INFO] [training:1] Scanning C:\Users\chris\pyproj\my_env\Projects\ChessEngine\x64\Release\assets\training_data_sf.bin for position offsets...
[2026-03-28T02:29:52.071] [INFO] [training:1]   Loaded cached index: 25,194,593 offsets (C:\Users\chris\pyproj\my_env\Projects\ChessEngine\x64\Release\assets\training_data_sf.bin.offidx)
[2026-03-28T02:29:54.087] [INFO] [training:1]   Sampled 86,367 from 25,194,593 positions (reservoir)
[2026-03-28T02:30:00.066] [INFO] [training:1]     Parsed 50,000/86,367 positions (14589 pos/s,
[2026-03-28T02:30:00.066] [INFO] [training:1]   Parsed 86,367 positions in 6.0s (14,509 pos/s)
[2026-03-28T02:30:00.066] [INFO] [training:1]   Vectorized HalfKAv2 conversion (86,367 positions)...
[2026-03-28T02:30:00.422] [INFO] [training:1]   HalfKAv2 conversion: 0.4s (242,993 pos/s)
[2026-03-28T02:30:00.443] [INFO] [training:1]   Converting to tensors...
[2026-03-28T02:30:00.444] [INFO] [training:1] Phase distribution: Opening=24,815, Middlegame=27,485, Endgame=30,375
[2026-03-28T02:30:00.444] [INFO] [training:1]   [training_data_sf.bin] loaded: 82,675 positions
[2026-03-28T02:30:00.552] [INFO] [training:1] Loading positions from C:\Users\chris\pyproj\my_env\Projects\ChessEngine\x64\Release\assets\selfplay_gen5.bin...
[2026-03-28T02:30:00.553] [INFO] [training:1]   Total positions: 50,027 — using offset-cache fast path (avoids reading 2 MB into RAM)
[2026-03-28T02:30:00.553] [INFO] [training:1] Scanning C:\Users\chris\pyproj\my_env\Projects\ChessEngine\x64\Release\assets\selfplay_gen5.bin for position offsets...
[2026-03-28T02:30:00.553] [INFO] [training:1]   Building offset index (first time, may take several minutes)...
[2026-03-28T02:30:00.553] [INFO] [training:1]   Total positions: 50,027 (header: versioned)
[2026-03-28T02:30:00.596] [INFO] [training:1]   Scan complete: 50,027 positions indexed.[K
[2026-03-28T02:30:00.601] [INFO] [training:1]   Saved offset cache: 0.4 MB (C:\Users\chris\pyproj\my_env\Projects\ChessEngine\x64\Release\assets\selfplay_gen5.bin.offidx)
[2026-03-28T02:30:00.603] [INFO] [training:1]   Sampled 6,015 from 50,027 positions (reservoir)
[2026-03-28T02:30:00.633] [INFO] [training:1]   Parsed 6,015 positions in 0.0s (200,499 pos/s)
[2026-03-28T02:30:00.633] [INFO] [training:1]   Vectorized HalfKAv2 conversion (6,015 positions)...
[2026-03-28T02:30:00.722] [INFO] [training:1]   HalfKAv2 conversion: 0.1s (68,092 pos/s)
[2026-03-28T02:30:00.723] [INFO] [training:1]   Converting to tensors...
[2026-03-28T02:30:00.723] [INFO] [training:1] Phase distribution: Opening=690, Middlegame=2,376, Endgame=2,780
[2026-03-28T02:30:00.723] [INFO] [training:1]   [selfplay_gen5.bin] loaded: 5,846 positions
[2026-03-28T02:30:00.795] [INFO] [training:1] Loading positions from C:\Users\chris\pyproj\my_env\Projects\ChessEngine\x64\Release\assets\selfplay_gen4.bin...
[2026-03-28T02:30:00.795] [INFO] [training:1]   Total positions: 48,576 — using offset-cache fast path (avoids reading 2 MB into RAM)
[2026-03-28T02:30:00.795] [INFO] [training:1] Scanning C:\Users\chris\pyproj\my_env\Projects\ChessEngine\x64\Release\assets\selfplay_gen4.bin for position offsets...
[2026-03-28T02:30:00.806] [INFO] [training:1]   Loaded cached index: 48,576 offsets (C:\Users\chris\pyproj\my_env\Projects\ChessEngine\x64\Release\assets\selfplay_gen4.bin.offidx)
[2026-03-28T02:30:00.808] [INFO] [training:1]   Sampled 4,216 from 48,576 positions (reservoir)
[2026-03-28T02:30:00.820] [INFO] [training:1]   Parsed 4,216 positions in 0.0s (351,443 pos/s)
[2026-03-28T02:30:00.820] [INFO] [training:1]   Vectorized HalfKAv2 conversion (4,216 positions)...
[2026-03-28T02:30:00.904] [INFO] [training:1]   HalfKAv2 conversion: 0.1s (50,164 pos/s)
[2026-03-28T02:30:00.904] [INFO] [training:1]   Converting to tensors...
[2026-03-28T02:30:00.904] [INFO] [training:1] Phase distribution: Opening=452, Middlegame=1,592, Endgame=2,033
[2026-03-28T02:30:00.904] [INFO] [training:1]   [selfplay_gen4.bin] loaded: 4,077 positions
[2026-03-28T02:30:00.976] [INFO] [training:1] Loading positions from C:\Users\chris\pyproj\my_env\Projects\ChessEngine\x64\Release\assets\selfplay_gen3.bin...
[2026-03-28T02:30:00.976] [INFO] [training:1]   Total positions: 42,231 — using offset-cache fast path (avoids reading 2 MB into RAM)
[2026-03-28T02:30:00.976] [INFO] [training:1] Scanning C:\Users\chris\pyproj\my_env\Projects\ChessEngine\x64\Release\assets\selfplay_gen3.bin for position offsets...
[2026-03-28T02:30:00.977] [INFO] [training:1]   Loaded cached index: 42,231 offsets (C:\Users\chris\pyproj\my_env\Projects\ChessEngine\x64\Release\assets\selfplay_gen3.bin.offidx)
[2026-03-28T02:30:00.978] [INFO] [training:1]   Sampled 2,946 from 42,231 positions (reservoir)
[2026-03-28T02:30:00.986] [INFO] [training:1]   Parsed 2,946 positions in 0.0s (345,634 pos/s)
[2026-03-28T02:30:00.986] [INFO] [training:1]   Vectorized HalfKAv2 conversion (2,946 positions)...
[2026-03-28T02:30:01.063] [INFO] [training:1]   HalfKAv2 conversion: 0.1s (37,768 pos/s)
[2026-03-28T02:30:01.064] [INFO] [training:1]   Converting to tensors...
[2026-03-28T02:30:01.064] [INFO] [training:1] Phase distribution: Opening=460, Middlegame=1,256, Endgame=1,132
[2026-03-28T02:30:01.064] [INFO] [training:1]   [selfplay_gen3.bin] loaded: 2,848 positions
[2026-03-28T02:30:01.128] [INFO] [training:1] Loading positions from C:\Users\chris\pyproj\my_env\Projects\ChessEngine\x64\Release\assets\selfplay_gen2.bin...
[2026-03-28T02:30:01.129] [INFO] [training:1]   Total positions: 454 (header: versioned)
[2026-03-28T02:30:01.131] [INFO] [training:1]   Parsed 444 positions in 0.0s (222,627 pos/s)          
[2026-03-28T02:30:01.131] [INFO] [training:1]   Filtered: 10 extreme-eval positions removed, 444 kept
[2026-03-28T02:30:01.213] [INFO] [training:1]   Vectorized HalfKAv2 conversion (444 positions)...
[2026-03-28T02:30:01.288] [INFO] [training:1]   HalfKAv2 conversion: 0.1s (5,940 pos/s)
[2026-03-28T02:30:01.288] [INFO] [training:1]   Converting to tensors...
[2026-03-28T02:30:01.288] [INFO] [training:1] Phase distribution: Opening=146, Middlegame=298, Endgame=0
[2026-03-28T02:30:01.288] [INFO] [training:1]   [selfplay_gen2.bin] loaded: 444 positions
[2026-03-28T02:30:01.416] [INFO] [training:1]   Train positions: 86,301
[2026-03-28T02:30:01.416] [INFO] [training:1]   Val positions:   9,589
[2026-03-28T02:30:01.474] [INFO] [training:1]   Phase-balanced samples: 98,091 (from 86,301 train)
[2026-03-28T02:31:01.173] [INFO] [training:1]   Ep 1 | Batch 43/43 (100%) | Loss: 0.210212
[2026-03-28T02:31:08.532] [INFO] [training:1] ----------------------------------------------------------------------
[2026-03-28T02:31:08.532] [INFO] [training:1]   Epoch    1/8 | Train: 0.210212 (rebalanced) | Val: 0.348696 * | LR: 0.000008 | Acc: 0.5233
[2026-03-28T02:31:08.532] [METRIC] [training:5] EPOCH epoch=1 train_loss=0.21021200 val_loss=0.34869600 lr=8.000000e-06 acc=0.5233
[2026-03-28T02:31:08.533] [INFO] [training:1]   Time: 60s | Elapsed: 60s | 1,472 pos/s
[2026-03-28T02:31:08.533] [INFO] [training:1]   Phase loss -> Opening: 0.376845  Middlegame: 0.353000  Endgame: 0.323899
[2026-03-28T02:31:10.090] [INFO] [training:1] Weights saved to C:\Users\chris\pyproj\my_env\Projects\ChessEngine\x64\Release\assets\nnue_weights.bin
[2026-03-28T02:31:13.181] [INFO] [training:1] Checkpoint saved to C:\Users\chris\pyproj\my_env\Projects\ChessEngine\x64\Release\assets\nnue_weights_checkpoint.pt
[2026-03-28T02:32:13.309] [INFO] [training:1]   Ep 2 | Batch 43/43 (100%) | Loss: 0.210221
[2026-03-28T02:32:20.846] [INFO] [training:1] ----------------------------------------------------------------------
[2026-03-28T02:32:20.846] [INFO] [training:1]   Epoch    2/8 | Train: 0.210221 (rebalanced) | Val: 0.348929 | LR: 0.000017 | Acc: 0.5226
[2026-03-28T02:32:20.846] [METRIC] [training:5] EPOCH epoch=2 train_loss=0.21022100 val_loss=0.34892900 lr=1.700000e-05 acc=0.5226
[2026-03-28T02:32:20.846] [INFO] [training:1]   Time: 1m00s | Elapsed: 2m12s | 1,461 pos/s
[2026-03-28T02:32:20.846] [INFO] [training:1]   Phase loss -> Opening: 0.377172  Middlegame: 0.353145  Endgame: 0.324140
[2026-03-28T02:33:20.527] [INFO] [training:1]   Ep 3 | Batch 43/43 (100%) | Loss: 0.210674
[2026-03-28T02:33:27.133] [INFO] [training:1] ----------------------------------------------------------------------
[2026-03-28T02:33:27.133] [INFO] [training:1]   Epoch    3/8 | Train: 0.210674 (rebalanced) | Val: 0.349404 | LR: 0.000026 | Acc: 0.5207
[2026-03-28T02:33:27.133] [METRIC] [training:5] EPOCH epoch=3 train_loss=0.21067400 val_loss=0.34940400 lr=2.600000e-05 acc=0.5207
[2026-03-28T02:33:27.133] [INFO] [training:1]   Time: 60s | Elapsed: 3m19s | 1,472 pos/s
[2026-03-28T02:33:27.133] [INFO] [training:1]   Phase loss -> Opening: 0.377846  Middlegame: 0.353563  Endgame: 0.324520
[2026-03-28T02:33:27.133] [INFO] [training:1]   No improvement for 1/7 epochs
[2026-03-28T02:34:24.365] [INFO] [training:1]   Ep 4 | Batch 43/43 (100%) | Loss: 0.209139
[2026-03-28T02:34:31.526] [INFO] [training:1] ----------------------------------------------------------------------
[2026-03-28T02:34:31.526] [INFO] [training:1]   Epoch    4/8 | Train: 0.209139 (rebalanced) | Val: 0.349983 | LR: 0.000034 | Acc: 0.5191
[2026-03-28T02:34:31.526] [METRIC] [training:5] EPOCH epoch=4 train_loss=0.20913900 val_loss=0.34998300 lr=3.400000e-05 acc=0.5191
[2026-03-28T02:34:31.527] [INFO] [training:1]   Time: 57s | Elapsed: 4m23s | 1,535 pos/s
[2026-03-28T02:34:31.527] [INFO] [training:1]   Phase loss -> Opening: 0.378545  Middlegame: 0.354169  Endgame: 0.324985
[2026-03-28T02:34:31.527] [INFO] [training:1]   No improvement for 2/7 epochs
[2026-03-28T02:35:34.843] [INFO] [training:1]   Ep 5 | Batch 43/43 (100%) | Loss: 0.208041
[2026-03-28T02:35:41.935] [INFO] [training:1] ----------------------------------------------------------------------
[2026-03-28T02:35:41.935] [INFO] [training:1]   Epoch    5/8 | Train: 0.208041 (rebalanced) | Val: 0.349958 | LR: 0.000043 | Acc: 0.5192
[2026-03-28T02:35:41.935] [METRIC] [training:5] EPOCH epoch=5 train_loss=0.20804100 val_loss=0.34995800 lr=4.300000e-05 acc=0.5192
[2026-03-28T02:35:41.935] [INFO] [training:1]   Time: 1m03s | Elapsed: 5m33s | 1,388 pos/s [SWA]
[2026-03-28T02:35:41.935] [INFO] [training:1]   Phase loss -> Opening: 0.378462  Middlegame: 0.354171  Endgame: 0.324978
[2026-03-28T02:35:41.935] [INFO] [training:1]   No improvement for 3/7 epochs
[2026-03-28T02:36:41.645] [INFO] [training:1]   Ep 6 | Batch 43/43 (100%) | Loss: 0.205748
[2026-03-28T02:36:48.654] [INFO] [training:1] ----------------------------------------------------------------------
[2026-03-28T02:36:48.654] [INFO] [training:1]   Epoch    6/8 | Train: 0.205748 (rebalanced) | Val: 0.349858 | LR: 0.000052 | Acc: 0.5190
[2026-03-28T02:36:48.654] [METRIC] [training:5] EPOCH epoch=6 train_loss=0.20574800 val_loss=0.34985800 lr=5.200000e-05 acc=0.5190
[2026-03-28T02:36:48.654] [INFO] [training:1]   Time: 60s | Elapsed: 6m40s | 1,471 pos/s [SWA]
[2026-03-28T02:36:48.654] [INFO] [training:1]   Phase loss -> Opening: 0.378295  Middlegame: 0.354005  Endgame: 0.324988
[2026-03-28T02:36:48.654] [INFO] [training:1]   No improvement for 4/7 epochs
[2026-03-28T02:37:56.856] [INFO] [training:1]   Ep 7 | Batch 43/43 (100%) | Loss: 0.204368
[2026-03-28T02:38:04.077] [INFO] [training:1] ----------------------------------------------------------------------
[2026-03-28T02:38:04.077] [INFO] [training:1]   Epoch    7/8 | Train: 0.204368 (rebalanced) | Val: 0.350231 | LR: 0.000061 | Acc: 0.5183
[2026-03-28T02:38:04.077] [METRIC] [training:5] EPOCH epoch=7 train_loss=0.20436800 val_loss=0.35023100 lr=6.100000e-05 acc=0.5183
[2026-03-28T02:38:04.078] [INFO] [training:1]   Time: 1m08s | Elapsed: 7m55s | 1,289 pos/s [SWA]
[2026-03-28T02:38:04.078] [INFO] [training:1]   Phase loss -> Opening: 0.378737  Middlegame: 0.354476  Endgame: 0.325220
[2026-03-28T02:38:04.078] [INFO] [training:1]   No improvement for 5/7 epochs
[2026-03-28T02:39:05.009] [INFO] [training:1]   Ep 8 | Batch 43/43 (100%) | Loss: 0.203626
[2026-03-28T02:39:11.847] [INFO] [training:1] ----------------------------------------------------------------------
[2026-03-28T02:39:11.847] [INFO] [training:1]   Epoch    8/8 | Train: 0.203626 (rebalanced) | Val: 0.350340 | LR: 0.000070 | Acc: 0.5175
[2026-03-28T02:39:11.847] [METRIC] [training:5] EPOCH epoch=8 train_loss=0.20362600 val_loss=0.35034000 lr=7.000000e-05 acc=0.5175
[2026-03-28T02:39:11.847] [INFO] [training:1]   Time: 1m01s | Elapsed: 9m03s | 1,442 pos/s [SWA]
[2026-03-28T02:39:11.847] [INFO] [training:1]   Phase loss -> Opening: 0.378735  Middlegame: 0.354912  Endgame: 0.325117
[2026-03-28T02:39:11.847] [INFO] [training:1]   No improvement for 6/7 epochs
[2026-03-28T02:39:11.848] [INFO] [training:1] Early stopping: no improvement for 7 epochs.
[2026-03-28T02:39:11.848] [INFO] [training:1] Applying SWA averaged weights (4 snapshots)...
[2026-03-28T02:39:11.877] [INFO] [training:1]   SWA: Applied averaged weights (4 snapshots)
[2026-03-28T02:39:14.140] [INFO] [training:1] Weights saved to C:\Users\chris\pyproj\my_env\Projects\ChessEngine\x64\Release\assets\nnue_weights_swa.bin
[2026-03-28T02:39:14.140] [INFO] [training:1]   SWA weights saved to C:\Users\chris\pyproj\my_env\Projects\ChessEngine\x64\Release\assets\nnue_weights_swa.bin
[2026-03-28T02:39:14.140] [INFO] [training:1]   Best validation weights remain at C:\Users\chris\pyproj\my_env\Projects\ChessEngine\x64\Release\assets\nnue_weights.bin
[2026-03-28T02:39:14.140] [INFO] [training:1] ============================================================
[2026-03-28T02:39:14.140] [INFO] [training:1] Training complete!
[2026-03-28T02:39:14.140] [INFO] [training:1]   Total time:  9m12s
[2026-03-28T02:39:14.140] [INFO] [training:1]   Best loss:   0.348696
[2026-03-28T02:39:14.140] [INFO] [training:1]   Weights:     C:\Users\chris\pyproj\my_env\Projects\ChessEngine\x64\Release\assets\nnue_weights.bin
[2026-03-28T02:39:14.140] [INFO] [training:1]   SWA applied: Yes (4 snapshots averaged)
[2026-03-28T02:39:14.140] [INFO] [training:1] ============================================================
[2026-03-28T02:39:15.423] [INFO] [training:1] Progress graph saved to .\training progress\training_progress.png
[2026-03-28T02:39:16.273] [EVENT] [training:5] PHASE_END success=true elapsed_sec=568.0
[2026-03-28T02:39:16.343] [INFO] [training:1]   SWA weights archived to nnue_weights_swa_gen5.bin
[2026-03-28T02:39:16.344] [EVENT] [swa_match:5] PHASE_START games=100
[2026-03-28T02:39:16.344] [INFO] [swa_match:1] [SWA] Running best-of-two: Best-Val vs SWA (100 games)
[2026-03-28T02:39:16.344] [CMD] [swa_match:1] [CMD] py -3 "C:\Users\chris\pyproj\my_env\Projects\ChessEngine\x64\Release\assets\swa_match.py" "C:\Users\chris\pyproj\my_env\Projects\ChessEngine\x64\Release\ChessEngine.exe" "C:\Users\chris\pyproj\my_env\Projects\ChessEngine\x64\Release\assets\nnue_weights_swa_gen5.bin" "C:\Users\chris\pyproj\my_env\Projects\ChessEngine\x64\Release\assets\nnue_weights_gen5.bin" 100 7
[2026-03-28T02:39:31.388] [INFO] [swa_match:1] [SWA] 10/100: +0 =9 -1
[2026-03-28T02:39:45.865] [INFO] [swa_match:1] [SWA] 20/100: +1 =17 -2
[2026-03-28T02:39:58.186] [INFO] [swa_match:1] [SWA] 30/100: +2 =23 -5
[2026-03-28T02:40:10.653] [INFO] [swa_match:1] [SWA] 40/100: +3 =30 -7
[2026-03-28T02:40:23.272] [INFO] [swa_match:1] [SWA] 50/100: +6 =36 -8
[2026-03-28T02:40:36.184] [INFO] [swa_match:1] [SWA] 60/100: +6 =45 -9
[2026-03-28T02:40:49.436] [INFO] [swa_match:1] [SWA] 70/100: +7 =53 -10
[2026-03-28T02:41:01.320] [INFO] [swa_match:1] [SWA] 80/100: +8 =59 -13
[2026-03-28T02:41:13.344] [INFO] [swa_match:1] [SWA] 90/100: +9 =66 -15
[2026-03-28T02:41:25.760] [INFO] [swa_match:1] [SWA] 100/100: +12 =72 -16
[2026-03-28T02:41:25.761] [INFO] [swa_match:1] [SWA] Final: +12 =72 -16 SWA_ELO: -13
[2026-03-28T02:41:25.780] [EVENT] [swa_match:5] PHASE_END success=true elapsed_sec=129.0
[2026-03-28T02:41:25.780] [METRIC] [swa:5] ELO_RESULT elo=-13 wins=0 draws=0 losses=0
[2026-03-28T02:41:25.781] [INFO] [swa_match:1] [SWA] Best-val wins by 13 ELO â€” keeping best-val weights for gen 5
[2026-03-28T02:41:25.782] [EVENT] [pipeline:5] GEN_SUMMARY gen=5 train_loss=0.20362600 val_loss=0.35034000 elo=+0 elapsed_sec=0.0
[2026-03-28T02:41:26.934] [INFO] [swa_match:1] === Pipeline complete ===
[2026-03-28T02:41:26.934] [EVENT] [pipeline:0] PIPELINE_END stopped=false total_elapsed_sec=5022.0 completed_gens=2
# â”€â”€ END OF LOG â”€â”€ 2026-03-28T02:41:26.934
