# NNUE Training Runner - Structured Log
# Format: [TIMESTAMP] [LEVEL] [PHASE:GEN] message
# Structured events use KEY=VALUE pairs after the tag
# Levels: INFO, WARN, ERROR, EVENT, METRIC, CONFIG, CMD
# Generated: 2026-03-28T14:58:35.391
#
# ── HOW TO READ THIS LOG ──
# Lines starting with [EVENT] mark pipeline milestones (start/stop/phase transitions)
# Lines starting with [METRIC] contain numeric training data points
# Lines starting with [ERROR] or [WARN] flag issues to investigate
# Lines starting with [CONFIG] dump the full configuration used
# Lines starting with [CMD] show exact command lines executed
# Lines starting with [INFO] are general informational messages
#
[2026-03-28T14:58:35.394] [INFO] [selfplay:0] [LOG] Writing structured log to: C:\Users\chris\pyproj\my_env\Projects\ChessEngine\x64\Release\assets\logs\training_run_20260328_145835.log
[2026-03-28T14:58:35.394] [EVENT] [pipeline:0] PIPELINE_START first_gen=9 last_gen=18 total_gens=10
[2026-03-28T14:58:35.394] [CONFIG] [pipeline:0] generations=10 startGen=8 gamesPerGen=1500 epochsPerGen=12 batchSize=2048 lr=0.0001 weightDecay=0.0015 dropout=0.3 labelSmooth=0.01 gradAccum=4 warmupSteps=100 drawWeight=0.3 mateBoost=10 splRatio=0.25 frcMix=0 replayWindow=4 replayDecay=0.7 workers=12 depth=8 mixedDepthLow=5 mixedDepthRatio=0.25 maxPositions=200000 earlyStop=6 cosineLr=true cosineT0=0 swa=true swaStart=8 drawPct=30 wdlAlpha=0.3 wdlDrawElo=50 eloValidate=false eloGames=100 swaGames=100 overfitDetect=true resignCp=500 contemptCp=20 maxPlies=250 drawCp=0 exeName=ChessEngine.exe pyScript=train_nnue.py dataDir=assets
[2026-03-28T14:58:35.394] [INFO] [selfplay:0] --- Generation 9 ---
[2026-03-28T14:58:35.395] [EVENT] [selfplay:9] PHASE_START games=1500 depth=8 workers=12
[2026-03-28T14:58:35.395] [CMD] [selfplay:0] [CMD] "C:\Users\chris\pyproj\my_env\Projects\ChessEngine\x64\Release\ChessEngine.exe" --generate --games 1500 --depth 8 --mixed-depth-ratio 0.250000 --mixed-depth-low 5 --workers 12 --output "C:\Users\chris\pyproj\my_env\Projects\ChessEngine\x64\Release\assets\selfplay_gen9.bin" --weights "C:\Users\chris\pyproj\my_env\Projects\ChessEngine\x64\Release\assets\nnue_weights_gen8.bin" --openings "C:\Users\chris\pyproj\my_env\Projects\ChessEngine\x64\Release\assets\openings.txt" --game-time-limit 720 --resigncp 500 --contempt 20 --maxplies 250 --drawcp 0
[2026-03-28T14:58:35.963] [INFO] [selfplay:0] [SelfPlay] Loaded 2000 opening positions from C:\Users\chris\pyproj\my_env\Projects\ChessEngine\x64\Release\assets\openings.txt
[2026-03-28T14:58:35.964] [INFO] [selfplay:0] [SelfPlay] Starting 1500 games  depth=8  movetime=0ms  workers=12  output=C:\Users\chris\pyproj\my_env\Projects\ChessEngine\x64\Release\assets\selfplay_gen9.bin  openings=2000  contempt=20  openingTemp=1.5  softmaxPlies=8  softmaxTemp=0.5  recordMinPly=10  mixedDepth=5/8 (25%/75%)
[2026-03-28T14:58:41.354] [INFO] [selfplay:0] [SelfPlay] 1/1500 (0%)  pos=36  W/D/B=0/1/0  (0%/100%/0%)  d5/d8  0.2 games/s (avg 0.2)  59.9K nps  ETA 02:01:13       
[2026-03-28T14:58:41.471] [INFO] [selfplay:0] [SelfPlay] 2/1500 (0%)  pos=84  W/D/B=1/1/0  (50%/50%/0%)  d5/d8  0.5 games/s (avg 0.4)  118.6K nps  ETA 01:07:17      
[2026-03-28T14:58:44.047] [INFO] [selfplay:0] [SelfPlay] 3/1500 (0%)  pos=85  W/D/B=2/1/0  (66%/33%/0%)  d5/d8  1.7 games/s (avg 0.5)  117.4K nps  ETA 00:45:45      
[2026-03-28T14:58:44.918] [INFO] [selfplay:0] [SelfPlay] 4/1500 (0%)  pos=177  W/D/B=2/1/1  (50%/25%/25%)  d5/d8  1.5 games/s (avg 0.5)  147.8K nps  ETA 00:50:23    
[2026-03-28T14:58:46.336] [INFO] [selfplay:0] [SelfPlay] 5/1500 (0%)  pos=225  W/D/B=2/1/2  (40%/20%/40%)  d5/d8  1.4 games/s (avg 0.6)  165.6K nps  ETA 00:44:35    
[2026-03-28T14:58:50.199] [INFO] [selfplay:0] [SelfPlay] 6/1500 (0%)  pos=293  W/D/B=2/1/3  (33%/16%/50%)  d5/d8  1.3 games/s (avg 0.6)  177.5K nps  ETA 00:42:58    
[2026-03-28T14:59:35.022] [INFO] [selfplay:0] [SelfPlay] 7/1500 (0%)  pos=350  W/D/B=3/1/3  (42%/14%/42%)  d5/d8  1.2 games/s (avg 0.5)  156.9K nps  ETA 00:49:51    
[2026-03-28T14:59:44.331] [INFO] [selfplay:0] [SelfPlay] 8/1500 (0%)  pos=424  W/D/B=3/1/4  (37%/12%/50%)  d5/d8  1.1 games/s (avg 0.1)  358.9K nps  ETA 03:03:25    
[2026-03-28T14:59:50.717] [INFO] [selfplay:0] [SelfPlay] 9/1500 (0%)  pos=494  W/D/B=3/2/4  (33%/22%/44%)  d5/d8  1.0 games/s (avg 0.1)  556.2K nps  ETA 03:08:40    
[2026-03-28T14:59:51.796] [INFO] [selfplay:0] [SelfPlay] 10/1500 (0%)  pos=553  W/D/B=3/3/4  (30%/30%/40%)  d5/d8  0.9 games/s (avg 0.1)  408.5K nps  ETA 03:05:37   
[2026-03-28T14:59:54.091] [INFO] [selfplay:0] [SelfPlay] 11/1500 (0%)  pos=746  W/D/B=3/4/4  (27%/36%/36%)  d5/d8  0.9 games/s (avg 0.1)  570.7K nps  ETA 02:51:01   
[2026-03-28T14:59:55.449] [INFO] [selfplay:0] [SelfPlay] 12/1500 (0%)  pos=903  W/D/B=3/4/5  (25%/33%/41%)  d5/d8  0.8 games/s (avg 0.2)  699.6K nps  ETA 02:41:26   
[2026-03-28T14:59:58.308] [INFO] [selfplay:0] [SelfPlay] 13/1500 (0%)  pos=975  W/D/B=4/4/5  (30%/30%/38%)  d5/d8  0.8 games/s (avg 0.2)  786.8K nps  ETA 02:31:28   
[2026-03-28T15:00:01.263] [INFO] [selfplay:0] [SelfPlay] 14/1500 (0%)  pos=1056  W/D/B=5/4/5  (35%/28%/35%)  d5/d8  0.7 games/s (avg 0.2)  730.0K nps  ETA 02:25:37  
[2026-03-28T15:00:01.571] [INFO] [selfplay:0] [SelfPlay] 15/1500 (1%)  pos=1113  W/D/B=5/4/6  (33%/26%/40%)  d5/d8  0.7 games/s (avg 0.2)  795.1K nps  ETA 02:20:44  
[2026-03-28T15:00:10.641] [INFO] [selfplay:0] [SelfPlay] 16/1500 (1%)  pos=1207  W/D/B=5/4/7  (31%/25%/43%)  d5/d8  1.1 games/s (avg 0.2)  800.9K nps  ETA 02:12:11  
[2026-03-28T15:00:15.573] [INFO] [selfplay:0] [SelfPlay] 17/1500 (1%)  pos=1382  W/D/B=5/4/8  (29%/23%/47%)  d5/d8  0.9 games/s (avg 0.2)  750.7K nps  ETA 02:17:34  
[2026-03-28T15:00:31.640] [INFO] [selfplay:0] [SelfPlay] 18/1500 (1%)  pos=1420  W/D/B=5/5/8  (27%/27%/44%)  d5/d8  0.8 games/s (avg 0.2)  678.5K nps  ETA 02:16:25  
[2026-03-28T15:00:33.029] [INFO] [selfplay:0] [SelfPlay] 19/1500 (1%)  pos=1449  W/D/B=6/5/8  (31%/26%/42%)  d5/d8  0.7 games/s (avg 0.2)  705.2K nps  ETA 02:30:14  
[2026-03-28T15:00:39.058] [INFO] [selfplay:0] [SelfPlay] 20/1500 (1%)  pos=1559  W/D/B=7/5/8  (35%/25%/40%)  d5/d8  0.7 games/s (avg 0.2)  799.2K nps  ETA 02:24:16  
[2026-03-28T15:00:44.195] [INFO] [selfplay:0] [SelfPlay] 21/1500 (1%)  pos=1718  W/D/B=8/5/8  (38%/23%/38%)  d5/d8  0.7 games/s (avg 0.2)  722.7K nps  ETA 02:24:24  
[2026-03-28T15:00:45.629] [INFO] [selfplay:0] [SelfPlay] 22/1500 (1%)  pos=1806  W/D/B=8/5/9  (36%/22%/40%)  d5/d8  0.6 games/s (avg 0.2)  762.9K nps  ETA 02:23:33  
[2026-03-28T15:00:46.599] [INFO] [selfplay:0] [SelfPlay] 23/1500 (1%)  pos=1923  W/D/B=8/6/9  (34%/26%/39%)  d5/d8  0.6 games/s (avg 0.2)  752.9K nps  ETA 02:18:45  
[2026-03-28T15:00:47.293] [INFO] [selfplay:0] [SelfPlay] 24/1500 (1%)  pos=2020  W/D/B=8/6/10  (33%/25%/41%)  d5/d8  0.7 games/s (avg 0.2)  835.0K nps  ETA 02:13:53 
[2026-03-28T15:00:52.694] [INFO] [selfplay:0] [SelfPlay] 25/1500 (1%)  pos=2188  W/D/B=8/6/11  (32%/24%/44%)  d5/d8  0.8 games/s (avg 0.2)  916.0K nps  ETA 02:09:03 
[2026-03-28T15:00:53.047] [INFO] [selfplay:0] [SelfPlay] 26/1500 (1%)  pos=2259  W/D/B=9/6/11  (34%/23%/42%)  d5/d8  0.7 games/s (avg 0.2)  934.1K nps  ETA 02:09:10 
[2026-03-28T15:01:10.569] [INFO] [selfplay:0] [SelfPlay] 27/1500 (1%)  pos=2359  W/D/B=9/6/12  (33%/22%/44%)  d5/d8  1.0 games/s (avg 0.2)  935.6K nps  ETA 02:04:21 
[2026-03-28T15:01:22.709] [INFO] [selfplay:0] [SelfPlay] 28/1500 (1%)  pos=2545  W/D/B=10/6/12  (35%/21%/42%)  d5/d8  0.9 games/s (avg 0.2)  930.0K nps  ETA 02:15:15
[2026-03-28T15:01:27.196] [INFO] [selfplay:0] [SelfPlay] 29/1500 (1%)  pos=2647  W/D/B=11/6/12  (37%/20%/41%)  d5/d8  0.9 games/s (avg 0.2)  968.8K nps  ETA 02:20:53
[2026-03-28T15:01:28.196] [INFO] [selfplay:0] [SelfPlay] 30/1500 (2%)  pos=2691  W/D/B=11/7/12  (36%/23%/40%)  d5/d8  0.8 games/s (avg 0.2)  915.6K nps  ETA 02:19:49
[2026-03-28T15:01:30.580] [INFO] [selfplay:0] [SelfPlay] 31/1500 (2%)  pos=2759  W/D/B=11/7/13  (35%/22%/41%)  d5/d8  0.8 games/s (avg 0.2)  953.1K nps  ETA 02:15:59
[2026-03-28T15:01:57.297] [INFO] [selfplay:0] [SelfPlay] 32/1500 (2%)  pos=2803  W/D/B=11/7/14  (34%/21%/43%)  d5/d8  0.7 games/s (avg 0.2)  974.8K nps  ETA 02:13:03
[2026-03-28T15:02:30.337] [INFO] [selfplay:0] [SelfPlay] 33/1500 (2%)  pos=2894  W/D/B=11/7/15  (33%/21%/45%)  d5/d8  0.7 games/s (avg 0.2)  1.0M nps  ETA 02:28:37  
[2026-03-28T15:02:33.665] [INFO] [selfplay:0] [SelfPlay] 34/1500 (2%)  pos=2999  W/D/B=11/7/16  (32%/20%/47%)  d5/d8  0.6 games/s (avg 0.1)  1.0M nps  ETA 02:48:22  
[2026-03-28T15:02:34.971] [INFO] [selfplay:0] [SelfPlay] 35/1500 (2%)  pos=3041  W/D/B=11/8/16  (31%/22%/45%)  d5/d8  0.6 games/s (avg 0.1)  1.0M nps  ETA 02:45:48  
[2026-03-28T15:02:35.117] [INFO] [selfplay:0] [SelfPlay] 36/1500 (2%)  pos=3145  W/D/B=12/8/16  (33%/22%/44%)  d5/d8  0.6 games/s (avg 0.2)  1.0M nps  ETA 02:41:58  
[2026-03-28T15:02:39.931] [INFO] [selfplay:0] [SelfPlay] 37/1500 (2%)  pos=3222  W/D/B=13/8/16  (35%/21%/43%)  d5/d8  1.6 games/s (avg 0.2)  1.1M nps  ETA 02:37:32  
[2026-03-28T15:02:49.253] [INFO] [selfplay:0] [SelfPlay] 38/1500 (2%)  pos=3281  W/D/B=13/8/17  (34%/21%/44%)  d5/d8  1.4 games/s (avg 0.2)  1.1M nps  ETA 02:36:16  
[2026-03-28T15:02:53.021] [INFO] [selfplay:0] [SelfPlay] 39/1500 (2%)  pos=3380  W/D/B=13/8/18  (33%/20%/46%)  d5/d8  1.3 games/s (avg 0.2)  1.2M nps  ETA 02:38:04  
[2026-03-28T15:02:53.523] [INFO] [selfplay:0] [SelfPlay] 40/1500 (2%)  pos=3512  W/D/B=13/8/19  (32%/20%/47%)  d5/d8  1.1 games/s (avg 0.2)  1.1M nps  ETA 02:36:22  
[2026-03-28T15:03:07.932] [INFO] [selfplay:0] [SelfPlay] 41/1500 (2%)  pos=3537  W/D/B=13/8/20  (31%/19%/48%)  d5/d8  1.2 games/s (avg 0.2)  1.2M nps  ETA 02:32:31  
[2026-03-28T15:03:09.510] [INFO] [selfplay:0] [SelfPlay] 42/1500 (2%)  pos=3611  W/D/B=14/8/20  (33%/19%/47%)  d5/d8  1.1 games/s (avg 0.2)  1.2M nps  ETA 02:37:19  
[2026-03-28T15:03:33.855] [INFO] [selfplay:0] [SelfPlay] 43/1500 (2%)  pos=3673  W/D/B=14/9/20  (32%/20%/46%)  d5/d8  1.1 games/s (avg 0.2)  1.2M nps  ETA 02:34:04  
[2026-03-28T15:03:39.013] [INFO] [selfplay:0] [SelfPlay] 44/1500 (2%)  pos=3759  W/D/B=15/9/20  (34%/20%/45%)  d5/d8  1.0 games/s (avg 0.1)  1.3M nps  ETA 02:44:11  
[2026-03-28T15:04:01.077] [INFO] [selfplay:0] [SelfPlay] 45/1500 (3%)  pos=3820  W/D/B=15/9/21  (33%/20%/46%)  d5/d8  0.9 games/s (avg 0.1)  1.3M nps  ETA 02:42:56  
[2026-03-28T15:04:06.369] [INFO] [selfplay:0] [SelfPlay] 46/1500 (3%)  pos=3943  W/D/B=16/9/21  (34%/19%/45%)  d5/d8  0.8 games/s (avg 0.1)  1.3M nps  ETA 02:51:11  
[2026-03-28T15:04:09.258] [INFO] [selfplay:0] [SelfPlay] 47/1500 (3%)  pos=3979  W/D/B=16/10/21  (34%/21%/44%)  d5/d8  0.7 games/s (avg 0.1)  1.3M nps  ETA 02:50:11 
[2026-03-28T15:04:14.219] [INFO] [selfplay:0] [SelfPlay] 48/1500 (3%)  pos=4026  W/D/B=17/10/21  (35%/20%/43%)  d5/d8  0.7 games/s (avg 0.1)  1.3M nps  ETA 02:47:57 
[2026-03-28T15:04:23.950] [INFO] [selfplay:0] [SelfPlay] 49/1500 (3%)  pos=4119  W/D/B=17/10/22  (34%/20%/44%)  d5/d8  0.6 games/s (avg 0.1)  1.2M nps  ETA 02:46:47 
[2026-03-28T15:04:24.480] [INFO] [selfplay:0] [SelfPlay] 50/1500 (3%)  pos=4239  W/D/B=18/10/22  (36%/20%/44%)  d5/d8  0.5 games/s (avg 0.1)  1.2M nps  ETA 02:48:10 
[2026-03-28T15:04:34.021] [INFO] [selfplay:0] [SelfPlay] 51/1500 (3%)  pos=4296  W/D/B=19/10/22  (37%/19%/43%)  d5/d8  0.7 games/s (avg 0.1)  1.2M nps  ETA 02:44:51 
[2026-03-28T15:04:35.508] [INFO] [selfplay:0] [SelfPlay] 52/1500 (3%)  pos=4365  W/D/B=19/10/23  (36%/19%/44%)  d5/d8  0.6 games/s (avg 0.1)  1.1M nps  ETA 02:46:09 
[2026-03-28T15:04:44.134] [INFO] [selfplay:0] [SelfPlay] 53/1500 (3%)  pos=4501  W/D/B=20/10/23  (37%/18%/43%)  d5/d8  0.6 games/s (avg 0.1)  1.2M nps  ETA 02:43:27 
[2026-03-28T15:04:50.492] [INFO] [selfplay:0] [SelfPlay] 54/1500 (3%)  pos=4619  W/D/B=21/10/23  (38%/18%/42%)  d5/d8  0.6 games/s (avg 0.1)  1.1M nps  ETA 02:44:12 
[2026-03-28T15:04:52.229] [INFO] [selfplay:0] [SelfPlay] 55/1500 (3%)  pos=4678  W/D/B=21/10/24  (38%/18%/43%)  d5/d8  0.5 games/s (avg 0.1)  1.1M nps  ETA 02:43:57 
[2026-03-28T15:05:14.552] [INFO] [selfplay:0] [SelfPlay] 56/1500 (3%)  pos=4761  W/D/B=22/10/24  (39%/17%/42%)  d5/d8  0.5 games/s (avg 0.1)  1.1M nps  ETA 02:41:20 
[2026-03-28T15:05:16.570] [INFO] [selfplay:0] [SelfPlay] 57/1500 (3%)  pos=4794  W/D/B=22/11/24  (38%/19%/42%)  d5/d8  0.5 games/s (avg 0.1)  1.1M nps  ETA 02:48:08 
[2026-03-28T15:05:21.130] [INFO] [selfplay:0] [SelfPlay] 58/1500 (3%)  pos=4918  W/D/B=22/11/25  (37%/18%/43%)  d5/d8  0.5 games/s (avg 0.1)  1.1M nps  ETA 02:45:54 
[2026-03-28T15:05:24.888] [INFO] [selfplay:0] [SelfPlay] 59/1500 (3%)  pos=5011  W/D/B=23/11/25  (38%/18%/42%)  d5/d8  0.4 games/s (avg 0.1)  1.1M nps  ETA 02:44:52 
[2026-03-28T15:05:27.348] [INFO] [selfplay:0] [SelfPlay] 60/1500 (4%)  pos=5100  W/D/B=24/11/25  (40%/18%/41%)  d5/d8  0.4 games/s (avg 0.1)  1.2M nps  ETA 02:43:31 
[2026-03-28T15:05:34.489] [INFO] [selfplay:0] [SelfPlay] 61/1500 (4%)  pos=5254  W/D/B=24/11/26  (39%/18%/42%)  d5/d8  0.4 games/s (avg 0.1)  1.2M nps  ETA 02:41:37 
[2026-03-28T15:05:51.692] [INFO] [selfplay:0] [SelfPlay] 62/1500 (4%)  pos=5494  W/D/B=24/12/26  (38%/19%/41%)  d5/d8  0.4 games/s (avg 0.1)  1.2M nps  ETA 02:41:30 
[2026-03-28T15:06:00.820] [INFO] [selfplay:0] [SelfPlay] 63/1500 (4%)  pos=5567  W/D/B=25/12/26  (39%/19%/41%)  d5/d8  0.3 games/s (avg 0.1)  1.1M nps  ETA 02:45:29 
[2026-03-28T15:06:02.909] [INFO] [selfplay:0] [SelfPlay] 64/1500 (4%)  pos=5777  W/D/B=25/13/26  (39%/20%/40%)  d5/d8  0.3 games/s (avg 0.1)  1.1M nps  ETA 02:46:19 
[2026-03-28T15:06:03.695] [INFO] [selfplay:0] [SelfPlay] 65/1500 (4%)  pos=5864  W/D/B=25/13/27  (38%/20%/41%)  d5/d8  0.3 games/s (avg 0.1)  1.1M nps  ETA 02:44:26 
[2026-03-28T15:06:08.144] [INFO] [selfplay:0] [SelfPlay] 66/1500 (4%)  pos=5919  W/D/B=26/13/27  (39%/19%/40%)  d5/d8  0.5 games/s (avg 0.1)  1.1M nps  ETA 02:42:02 
[2026-03-28T15:06:10.660] [INFO] [selfplay:0] [SelfPlay] 67/1500 (4%)  pos=5963  W/D/B=26/13/28  (38%/19%/41%)  d5/d8  0.4 games/s (avg 0.1)  1.1M nps  ETA 02:41:09 
[2026-03-28T15:06:14.970] [INFO] [selfplay:0] [SelfPlay] 68/1500 (4%)  pos=6025  W/D/B=26/13/29  (38%/19%/42%)  d5/d8  0.4 games/s (avg 0.1)  1.1M nps  ETA 02:39:30 
[2026-03-28T15:06:25.598] [INFO] [selfplay:0] [SelfPlay] 69/1500 (4%)  pos=6172  W/D/B=26/13/30  (37%/18%/43%)  d5/d8  0.4 games/s (avg 0.2)  1.1M nps  ETA 02:38:28 
[2026-03-28T15:06:25.791] [INFO] [selfplay:0] [SelfPlay] 70/1500 (4%)  pos=6308  W/D/B=26/13/31  (37%/18%/44%)  d5/d8  0.3 games/s (avg 0.1)  1.1M nps  ETA 02:39:53 
[2026-03-28T15:06:32.299] [INFO] [selfplay:0] [SelfPlay] 71/1500 (4%)  pos=6402  W/D/B=27/13/31  (38%/18%/43%)  d5/d8  1.1 games/s (avg 0.2)  1.1M nps  ETA 02:37:29 
[2026-03-28T15:06:34.504] [INFO] [selfplay:0] [SelfPlay] 72/1500 (4%)  pos=6471  W/D/B=28/13/31  (38%/18%/43%)  d5/d8  0.9 games/s (avg 0.2)  1.1M nps  ETA 02:37:25 
[2026-03-28T15:06:43.167] [INFO] [selfplay:0] [SelfPlay] 73/1500 (4%)  pos=6546  W/D/B=28/14/31  (38%/19%/42%)  d5/d8  0.9 games/s (avg 0.2)  1.1M nps  ETA 02:35:45 
[2026-03-28T15:06:49.874] [INFO] [selfplay:0] [SelfPlay] 74/1500 (4%)  pos=6571  W/D/B=29/14/31  (39%/18%/41%)  d5/d8  0.8 games/s (avg 0.2)  1.1M nps  ETA 02:36:22 
[2026-03-28T15:07:08.175] [INFO] [selfplay:0] [SelfPlay] 75/1500 (5%)  pos=6651  W/D/B=30/14/31  (40%/18%/41%)  d5/d8  0.7 games/s (avg 0.2)  1.0M nps  ETA 02:36:05 
[2026-03-28T15:07:08.849] [INFO] [selfplay:0] [SelfPlay] 76/1500 (5%)  pos=6724  W/D/B=31/14/31  (40%/18%/40%)  d5/d8  0.6 games/s (avg 0.1)  1.1M nps  ETA 02:39:57 
[2026-03-28T15:07:12.815] [INFO] [selfplay:0] [SelfPlay] 77/1500 (5%)  pos=6799  W/D/B=31/14/32  (40%/18%/41%)  d5/d8  0.7 games/s (avg 0.2)  1.1M nps  ETA 02:37:54 
[2026-03-28T15:07:14.938] [INFO] [selfplay:0] [SelfPlay] 78/1500 (5%)  pos=6889  W/D/B=31/15/32  (39%/19%/41%)  d5/d8  0.7 games/s (avg 0.2)  1.1M nps  ETA 02:37:00 
[2026-03-28T15:07:15.738] [INFO] [selfplay:0] [SelfPlay] 79/1500 (5%)  pos=7020  W/D/B=32/15/32  (40%/18%/40%)  d5/d8  0.6 games/s (avg 0.2)  1.1M nps  ETA 02:35:33 
[2026-03-28T15:07:20.852] [INFO] [selfplay:0] [SelfPlay] 80/1500 (5%)  pos=7164  W/D/B=33/15/32  (41%/18%/40%)  d5/d8  0.7 games/s (avg 0.2)  1.1M nps  ETA 02:33:40 
[2026-03-28T15:07:22.747] [INFO] [selfplay:0] [SelfPlay] 81/1500 (5%)  pos=7259  W/D/B=33/15/33  (40%/18%/40%)  d5/d8  0.7 games/s (avg 0.2)  1.1M nps  ETA 02:33:13 
[2026-03-28T15:07:36.298] [INFO] [selfplay:0] [SelfPlay] 82/1500 (5%)  pos=7299  W/D/B=33/15/34  (40%/18%/41%)  d5/d8  0.6 games/s (avg 0.2)  1.1M nps  ETA 02:31:35 
[2026-03-28T15:07:38.875] [INFO] [selfplay:0] [SelfPlay] 83/1500 (5%)  pos=7418  W/D/B=33/15/35  (39%/18%/42%)  d5/d8  0.5 games/s (avg 0.2)  1.1M nps  ETA 02:33:42 
[2026-03-28T15:07:44.917] [INFO] [selfplay:0] [SelfPlay] 84/1500 (5%)  pos=7536  W/D/B=34/15/35  (40%/17%/41%)  d5/d8  0.5 games/s (avg 0.2)  1.1M nps  ETA 02:32:25 
[2026-03-28T15:07:50.583] [INFO] [selfplay:0] [SelfPlay] 85/1500 (5%)  pos=7610  W/D/B=34/15/36  (40%/17%/42%)  d5/d8  0.5 games/s (avg 0.2)  1.1M nps  ETA 02:32:12 
[2026-03-28T15:08:00.146] [INFO] [selfplay:0] [SelfPlay] 86/1500 (5%)  pos=7744  W/D/B=35/15/36  (40%/17%/41%)  d5/d8  0.4 games/s (avg 0.2)  1.0M nps  ETA 02:31:48 
[2026-03-28T15:08:02.229] [INFO] [selfplay:0] [SelfPlay] 87/1500 (5%)  pos=7798  W/D/B=35/16/36  (40%/18%/41%)  d5/d8  0.4 games/s (avg 0.2)  1.0M nps  ETA 02:32:41 
[2026-03-28T15:08:10.904] [INFO] [selfplay:0] [SelfPlay] 88/1500 (5%)  pos=7892  W/D/B=36/16/36  (40%/18%/40%)  d5/d8  0.4 games/s (avg 0.2)  1.0M nps  ETA 02:31:17 
[2026-03-28T15:08:11.695] [INFO] [selfplay:0] [SelfPlay] 89/1500 (5%)  pos=7938  W/D/B=36/16/37  (40%/17%/41%)  d5/d8  0.4 games/s (avg 0.2)  1.0M nps  ETA 02:31:54 
[2026-03-28T15:08:13.436] [INFO] [selfplay:0] [SelfPlay] 90/1500 (6%)  pos=8061  W/D/B=37/16/37  (41%/17%/41%)  d5/d8  0.5 games/s (avg 0.2)  1.0M nps  ETA 02:30:17 
[2026-03-28T15:08:16.421] [INFO] [selfplay:0] [SelfPlay] 91/1500 (6%)  pos=8103  W/D/B=37/17/37  (40%/18%/40%)  d5/d8  0.5 games/s (avg 0.2)  1.0M nps  ETA 02:28:58 
[2026-03-28T15:08:16.784] [INFO] [selfplay:0] [SelfPlay] 92/1500 (6%)  pos=8259  W/D/B=38/17/37  (41%/18%/40%)  d5/d8  0.5 games/s (avg 0.2)  1.0M nps  ETA 02:28:03 
[2026-03-28T15:08:23.428] [INFO] [selfplay:0] [SelfPlay] 93/1500 (6%)  pos=8295  W/D/B=38/17/38  (40%/18%/40%)  d5/d8  0.8 games/s (avg 0.2)  1.0M nps  ETA 02:26:20 
[2026-03-28T15:08:41.268] [INFO] [selfplay:0] [SelfPlay] 94/1500 (6%)  pos=8432  W/D/B=38/17/39  (40%/18%/41%)  d5/d8  0.7 games/s (avg 0.2)  1.0M nps  ETA 02:26:08 
[2026-03-28T15:08:53.332] [INFO] [selfplay:0] [SelfPlay] 95/1500 (6%)  pos=8544  W/D/B=39/17/39  (41%/17%/41%)  d5/d8  0.7 games/s (avg 0.2)  1.0M nps  ETA 02:29:00 
[2026-03-28T15:08:58.715] [INFO] [selfplay:0] [SelfPlay] 96/1500 (6%)  pos=8580  W/D/B=39/17/40  (40%/17%/41%)  d5/d8  0.6 games/s (avg 0.2)  1.0M nps  ETA 02:30:24 
[2026-03-28T15:09:01.696] [INFO] [selfplay:0] [SelfPlay] 97/1500 (6%)  pos=8684  W/D/B=39/17/41  (40%/17%/42%)  d5/d8  0.5 games/s (avg 0.2)  1.0M nps  ETA 02:30:04 
[2026-03-28T15:09:10.681] [INFO] [selfplay:0] [SelfPlay] 98/1500 (6%)  pos=8720  W/D/B=39/18/41  (39%/18%/41%)  d5/d8  0.5 games/s (avg 0.2)  1.0M nps  ETA 02:29:02 
[2026-03-28T15:09:13.024] [INFO] [selfplay:0] [SelfPlay] 99/1500 (6%)  pos=8761  W/D/B=40/18/41  (40%/18%/41%)  d5/d8  0.4 games/s (avg 0.2)  998.2K nps  ETA 02:29:39
[2026-03-28T15:09:13.119] [INFO] [selfplay:0] [SelfPlay] 100/1500 (6%)  pos=8858  W/D/B=41/18/41  (41%/18%/41%)  d5/d8  0.4 games/s (avg 0.2)  1.0M nps  ETA 02:28:38
[2026-03-28T15:09:13.417] [INFO] [selfplay:0] [SelfPlay] 101/1500 (6%)  pos=8938  W/D/B=41/18/42  (40%/17%/41%)  d5/d8  2.0 games/s (avg 0.2)  1.0M nps  ETA 02:27:05
[2026-03-28T15:09:14.217] [INFO] [selfplay:0] [SelfPlay] 102/1500 (6%)  pos=9005  W/D/B=41/18/43  (40%/17%/42%)  d5/d8  2.2 games/s (avg 0.2)  1.0M nps  ETA 02:25:35
[2026-03-28T15:09:14.979] [INFO] [selfplay:0] [SelfPlay] 103/1500 (6%)  pos=9103  W/D/B=41/19/43  (39%/18%/41%)  d5/d8  2.0 games/s (avg 0.2)  1.0M nps  ETA 02:24:15
[2026-03-28T15:09:15.068] [INFO] [selfplay:0] [SelfPlay] 104/1500 (6%)  pos=9206  W/D/B=42/19/43  (40%/18%/41%)  d5/d8  1.9 games/s (avg 0.2)  1.1M nps  ETA 02:22:57
[2026-03-28T15:09:18.368] [INFO] [selfplay:0] [SelfPlay] 105/1500 (7%)  pos=9350  W/D/B=42/19/44  (40%/18%/41%)  d5/d8  3.3 games/s (avg 0.2)  1.1M nps  ETA 02:21:27
[2026-03-28T15:09:19.498] [INFO] [selfplay:0] [SelfPlay] 106/1500 (7%)  pos=9463  W/D/B=42/19/45  (39%/17%/42%)  d5/d8  3.1 games/s (avg 0.2)  1.1M nps  ETA 02:20:47
[2026-03-28T15:09:19.645] [INFO] [selfplay:0] [SelfPlay] 107/1500 (7%)  pos=9499  W/D/B=42/20/45  (39%/18%/42%)  d5/d8  2.7 games/s (avg 0.2)  1.1M nps  ETA 02:19:37
[2026-03-28T15:09:19.667] [INFO] [selfplay:0] [SelfPlay] 108/1500 (7%)  pos=9547  W/D/B=42/20/46  (38%/18%/42%)  d5/d8  3.3 games/s (avg 0.2)  1.1M nps  ETA 02:18:16
[2026-03-28T15:09:28.405] [INFO] [selfplay:0] [SelfPlay] 109/1500 (7%)  pos=9613  W/D/B=42/20/47  (38%/18%/43%)  d5/d8  9.7 games/s (avg 0.2)  1.1M nps  ETA 02:16:45
[2026-03-28T15:09:32.577] [INFO] [selfplay:0] [SelfPlay] 110/1500 (7%)  pos=9698  W/D/B=42/20/48  (38%/18%/43%)  d5/d8  9.0 games/s (avg 0.2)  1.1M nps  ETA 02:17:20
[2026-03-28T15:09:54.011] [INFO] [selfplay:0] [SelfPlay] 111/1500 (7%)  pos=9734  W/D/B=42/21/48  (37%/18%/43%)  d5/d8  8.3 games/s (avg 0.2)  1.1M nps  ETA 02:16:34
[2026-03-28T15:09:54.957] [INFO] [selfplay:0] [SelfPlay] 112/1500 (7%)  pos=9828  W/D/B=42/21/49  (37%/18%/43%)  d5/d8  7.7 games/s (avg 0.2)  1.1M nps  ETA 02:20:02
[2026-03-28T15:09:58.531] [INFO] [selfplay:0] [SelfPlay] 113/1500 (7%)  pos=9856  W/D/B=43/21/49  (38%/18%/43%)  d5/d8  6.7 games/s (avg 0.2)  1.1M nps  ETA 02:18:50
[2026-03-28T15:10:15.974] [INFO] [selfplay:0] [SelfPlay] 114/1500 (7%)  pos=10010  W/D/B=43/22/49  (37%/19%/42%)  d5/d8  6.2 games/s (avg 0.2)  1.1M nps  ETA 02:18:00
[2026-03-28T15:10:19.680] [INFO] [selfplay:0] [SelfPlay] 115/1500 (7%)  pos=10100  W/D/B=43/23/49  (37%/20%/42%)  d5/d8  5.7 games/s (avg 0.2)  1.1M nps  ETA 02:20:27
[2026-03-28T15:10:27.202] [INFO] [selfplay:0] [SelfPlay] 116/1500 (7%)  pos=10199  W/D/B=43/23/50  (37%/19%/43%)  d5/d8  5.3 games/s (avg 0.2)  1.1M nps  ETA 02:19:48
[2026-03-28T15:10:31.741] [INFO] [selfplay:0] [SelfPlay] 117/1500 (7%)  pos=10371  W/D/B=43/24/50  (36%/20%/42%)  d5/d8  4.9 games/s (avg 0.2)  1.1M nps  ETA 02:20:03
[2026-03-28T15:10:33.600] [INFO] [selfplay:0] [SelfPlay] 118/1500 (7%)  pos=10415  W/D/B=44/24/50  (37%/20%/42%)  d5/d8  4.5 games/s (avg 0.2)  1.1M nps  ETA 02:19:41
[2026-03-28T15:10:34.094] [INFO] [selfplay:0] [SelfPlay] 119/1500 (7%)  pos=10565  W/D/B=44/24/51  (36%/20%/42%)  d5/d8  3.9 games/s (avg 0.2)  1.2M nps  ETA 02:18:47
[2026-03-28T15:10:36.902] [INFO] [selfplay:0] [SelfPlay] 120/1500 (8%)  pos=10681  W/D/B=44/24/52  (36%/20%/43%)  d5/d8  3.7 games/s (avg 0.2)  1.2M nps  ETA 02:17:36
[2026-03-28T15:10:39.943] [INFO] [selfplay:0] [SelfPlay] 121/1500 (8%)  pos=10702  W/D/B=44/24/53  (36%/19%/43%)  d5/d8  3.4 games/s (avg 0.2)  1.2M nps  ETA 02:16:53
[2026-03-28T15:10:41.949] [INFO] [selfplay:0] [SelfPlay] 122/1500 (8%)  pos=10811  W/D/B=44/24/54  (36%/19%/44%)  d5/d8  3.1 games/s (avg 0.2)  1.2M nps  ETA 02:16:15
[2026-03-28T15:10:44.351] [INFO] [selfplay:0] [SelfPlay] 123/1500 (8%)  pos=10868  W/D/B=44/24/55  (35%/19%/44%)  d5/d8  2.7 games/s (avg 0.2)  1.2M nps  ETA 02:15:24
[2026-03-28T15:10:55.678] [INFO] [selfplay:0] [SelfPlay] 124/1500 (8%)  pos=10934  W/D/B=44/25/55  (35%/20%/44%)  d5/d8  2.4 games/s (avg 0.2)  1.2M nps  ETA 02:14:31
[2026-03-28T15:10:56.763] [INFO] [selfplay:0] [SelfPlay] 125/1500 (8%)  pos=11112  W/D/B=45/25/55  (36%/20%/44%)  d5/d8  2.2 games/s (avg 0.2)  1.2M nps  ETA 02:15:35
[2026-03-28T15:10:57.587] [INFO] [selfplay:0] [SelfPlay] 126/1500 (8%)  pos=11162  W/D/B=45/26/55  (35%/20%/43%)  d5/d8  2.0 games/s (avg 0.2)  1.2M nps  ETA 02:14:37
[2026-03-28T15:11:21.265] [INFO] [selfplay:0] [SelfPlay] 127/1500 (8%)  pos=11189  W/D/B=46/26/55  (36%/20%/43%)  d5/d8  1.9 games/s (avg 0.2)  1.2M nps  ETA 02:13:13
[2026-03-28T15:11:23.123] [INFO] [selfplay:0] [SelfPlay] 128/1500 (8%)  pos=11299  W/D/B=46/26/56  (35%/20%/43%)  d5/d8  1.8 games/s (avg 0.2)  1.2M nps  ETA 02:16:41
[2026-03-28T15:11:23.753] [INFO] [selfplay:0] [SelfPlay] 129/1500 (8%)  pos=11388  W/D/B=47/26/56  (36%/20%/43%)  d5/d8  1.6 games/s (avg 0.2)  1.2M nps  ETA 02:15:53
[2026-03-28T15:11:35.063] [INFO] [selfplay:0] [SelfPlay] 130/1500 (8%)  pos=11465  W/D/B=47/27/56  (36%/20%/43%)  d5/d8  1.6 games/s (avg 0.2)  1.2M nps  ETA 02:14:39
[2026-03-28T15:11:43.664] [INFO] [selfplay:0] [SelfPlay] 131/1500 (8%)  pos=11552  W/D/B=48/27/56  (36%/20%/42%)  d5/d8  1.5 games/s (avg 0.2)  1.2M nps  ETA 02:15:33
[2026-03-28T15:11:43.779] [INFO] [selfplay:0] [SelfPlay] 132/1500 (8%)  pos=11640  W/D/B=49/27/56  (37%/20%/42%)  d5/d8  1.3 games/s (avg 0.2)  1.3M nps  ETA 02:16:03
[2026-03-28T15:11:44.358] [INFO] [selfplay:0] [SelfPlay] 133/1500 (8%)  pos=11704  W/D/B=49/27/57  (36%/20%/42%)  d5/d8  2.5 games/s (avg 0.2)  1.3M nps  ETA 02:14:56
[2026-03-28T15:11:49.635] [INFO] [selfplay:0] [SelfPlay] 134/1500 (8%)  pos=11759  W/D/B=49/28/57  (36%/20%/42%)  d5/d8  2.3 games/s (avg 0.2)  1.3M nps  ETA 02:13:51
[2026-03-28T15:11:49.891] [INFO] [selfplay:0] [SelfPlay] 135/1500 (9%)  pos=11869  W/D/B=50/28/57  (37%/20%/42%)  d5/d8  2.2 games/s (avg 0.2)  1.3M nps  ETA 02:13:44
[2026-03-28T15:11:49.935] [INFO] [selfplay:0] [SelfPlay] 136/1500 (9%)  pos=11984  W/D/B=50/28/58  (36%/20%/42%)  d5/d8  2.4 games/s (avg 0.2)  1.3M nps  ETA 02:12:42
[2026-03-28T15:11:56.226] [INFO] [selfplay:0] [SelfPlay] 137/1500 (9%)  pos=12054  W/D/B=50/28/59  (36%/20%/43%)  d5/d8  5.5 games/s (avg 0.2)  1.3M nps  ETA 02:11:32
[2026-03-28T15:12:06.702] [INFO] [selfplay:0] [SelfPlay] 138/1500 (9%)  pos=12187  W/D/B=51/28/59  (36%/20%/42%)  d5/d8  5.1 games/s (avg 0.2)  1.3M nps  ETA 02:11:28
[2026-03-28T15:12:12.749] [INFO] [selfplay:0] [SelfPlay] 139/1500 (9%)  pos=12305  W/D/B=52/28/59  (37%/20%/42%)  d5/d8  4.7 games/s (avg 0.2)  1.3M nps  ETA 02:12:12
[2026-03-28T15:12:13.488] [INFO] [selfplay:0] [SelfPlay] 140/1500 (9%)  pos=12379  W/D/B=52/29/59  (37%/20%/42%)  d5/d8  4.4 games/s (avg 0.2)  1.3M nps  ETA 02:12:13
[2026-03-28T15:12:16.037] [INFO] [selfplay:0] [SelfPlay] 141/1500 (9%)  pos=12426  W/D/B=52/29/60  (36%/20%/42%)  d5/d8  3.9 games/s (avg 0.2)  1.3M nps  ETA 02:11:16
[2026-03-28T15:12:25.143] [INFO] [selfplay:0] [SelfPlay] 142/1500 (9%)  pos=12463  W/D/B=53/29/60  (37%/20%/42%)  d5/d8  3.4 games/s (avg 0.2)  1.3M nps  ETA 02:10:33
[2026-03-28T15:12:32.247] [INFO] [selfplay:0] [SelfPlay] 143/1500 (9%)  pos=12566  W/D/B=54/29/60  (37%/20%/41%)  d5/d8  3.1 games/s (avg 0.2)  1.3M nps  ETA 02:11:01
[2026-03-28T15:12:45.057] [INFO] [selfplay:0] [SelfPlay] 144/1500 (9%)  pos=12666  W/D/B=55/29/60  (38%/20%/41%)  d5/d8  2.9 games/s (avg 0.2)  1.3M nps  ETA 02:11:02
[2026-03-28T15:12:48.480] [INFO] [selfplay:0] [SelfPlay] 145/1500 (9%)  pos=12778  W/D/B=55/29/61  (37%/20%/42%)  d5/d8  2.7 games/s (avg 0.2)  1.3M nps  ETA 02:12:11
[2026-03-28T15:12:55.767] [INFO] [selfplay:0] [SelfPlay] 146/1500 (9%)  pos=12795  W/D/B=56/29/61  (38%/19%/41%)  d5/d8  2.3 games/s (avg 0.2)  1.3M nps  ETA 02:11:39
[2026-03-28T15:13:03.911] [INFO] [selfplay:0] [SelfPlay] 147/1500 (9%)  pos=12873  W/D/B=56/29/62  (38%/19%/42%)  d5/d8  2.1 games/s (avg 0.2)  1.3M nps  ETA 02:11:45
[2026-03-28T15:13:04.907] [INFO] [selfplay:0] [SelfPlay] 148/1500 (9%)  pos=12910  W/D/B=57/29/62  (38%/19%/41%)  d5/d8  2.0 games/s (avg 0.2)  1.4M nps  ETA 02:12:07
[2026-03-28T15:13:07.371] [INFO] [selfplay:0] [SelfPlay] 149/1500 (9%)  pos=13015  W/D/B=58/29/62  (38%/19%/41%)  d5/d8  1.8 games/s (avg 0.2)  1.4M nps  ETA 02:11:15
[2026-03-28T15:13:35.073] [INFO] [selfplay:0] [SelfPlay] 150/1500 (10%)  pos=13070  W/D/B=59/29/62  (39%/19%/41%)  d5/d8  1.6 games/s (avg 0.2)  1.4M nps  ETA 02:10:14
[2026-03-28T15:13:35.500] [INFO] [selfplay:0] [SelfPlay] 151/1500 (10%)  pos=13122  W/D/B=59/29/63  (39%/19%/41%)  d5/d8  1.5 games/s (avg 0.2)  1.4M nps  ETA 02:13:52
[2026-03-28T15:13:40.186] [INFO] [selfplay:0] [SelfPlay] 152/1500 (10%)  pos=13149  W/D/B=60/29/63  (39%/19%/41%)  d5/d8  1.6 games/s (avg 0.2)  1.4M nps  ETA 02:12:52
[2026-03-28T15:13:42.645] [INFO] [selfplay:0] [SelfPlay] 153/1500 (10%)  pos=13255  W/D/B=60/30/63  (39%/19%/41%)  d5/d8  1.4 games/s (avg 0.2)  1.4M nps  ETA 02:12:38
[2026-03-28T15:13:45.142] [INFO] [selfplay:0] [SelfPlay] 154/1500 (10%)  pos=13312  W/D/B=60/30/64  (38%/19%/41%)  d5/d8  1.3 games/s (avg 0.2)  1.4M nps  ETA 02:12:01
[2026-03-28T15:13:47.146] [INFO] [selfplay:0] [SelfPlay] 155/1500 (10%)  pos=13429  W/D/B=60/31/64  (38%/20%/41%)  d5/d8  1.1 games/s (avg 0.2)  1.4M nps  ETA 02:11:27
[2026-03-28T15:13:47.402] [INFO] [selfplay:0] [SelfPlay] 156/1500 (10%)  pos=13551  W/D/B=61/31/64  (39%/19%/41%)  d5/d8  1.0 games/s (avg 0.2)  1.4M nps  ETA 02:10:50
[2026-03-28T15:13:48.468] [INFO] [selfplay:0] [SelfPlay] 157/1500 (10%)  pos=13612  W/D/B=61/31/65  (38%/19%/41%)  d5/d8  1.5 games/s (avg 0.2)  1.4M nps  ETA 02:09:55
[2026-03-28T15:13:49.706] [INFO] [selfplay:0] [SelfPlay] 158/1500 (10%)  pos=13776  W/D/B=62/31/65  (39%/19%/41%)  d5/d8  1.4 games/s (avg 0.2)  1.4M nps  ETA 02:09:09
[2026-03-28T15:13:52.433] [INFO] [selfplay:0] [SelfPlay] 159/1500 (10%)  pos=13883  W/D/B=63/31/65  (39%/19%/40%)  d5/d8  1.3 games/s (avg 0.2)  1.4M nps  ETA 02:08:23
[2026-03-28T15:13:55.163] [INFO] [selfplay:0] [SelfPlay] 160/1500 (10%)  pos=13958  W/D/B=63/31/66  (39%/19%/41%)  d5/d8  1.2 games/s (avg 0.2)  1.4M nps  ETA 02:07:52
[2026-03-28T15:13:57.441] [INFO] [selfplay:0] [SelfPlay] 161/1500 (10%)  pos=14026  W/D/B=64/31/66  (39%/19%/40%)  d5/d8  1.0 games/s (avg 0.2)  1.4M nps  ETA 02:07:22
[2026-03-28T15:14:16.139] [INFO] [selfplay:0] [SelfPlay] 162/1500 (10%)  pos=14067  W/D/B=64/31/67  (39%/19%/41%)  d5/d8  1.0 games/s (avg 0.2)  1.4M nps  ETA 02:06:31
[2026-03-28T15:14:21.027] [INFO] [selfplay:0] [SelfPlay] 163/1500 (10%)  pos=14106  W/D/B=65/31/67  (39%/19%/41%)  d5/d8  0.9 games/s (avg 0.2)  1.4M nps  ETA 02:08:26
[2026-03-28T15:14:21.914] [INFO] [selfplay:0] [SelfPlay] 164/1500 (10%)  pos=14150  W/D/B=66/31/67  (40%/18%/40%)  d5/d8  0.8 games/s (avg 0.2)  1.4M nps  ETA 02:08:18
[2026-03-28T15:14:22.783] [INFO] [selfplay:0] [SelfPlay] 165/1500 (11%)  pos=14191  W/D/B=66/31/68  (40%/18%/41%)  d5/d8  0.8 games/s (avg 0.2)  1.4M nps  ETA 02:07:32
[2026-03-28T15:14:28.366] [INFO] [selfplay:0] [SelfPlay] 166/1500 (11%)  pos=14321  W/D/B=66/31/69  (39%/18%/41%)  d5/d8  0.9 games/s (avg 0.2)  1.4M nps  ETA 02:06:42
[2026-03-28T15:14:36.041] [INFO] [selfplay:0] [SelfPlay] 167/1500 (11%)  pos=14407  W/D/B=67/31/69  (40%/18%/41%)  d5/d8  0.8 games/s (avg 0.2)  1.4M nps  ETA 02:06:34
[2026-03-28T15:14:37.870] [INFO] [selfplay:0] [SelfPlay] 168/1500 (11%)  pos=14444  W/D/B=67/32/69  (39%/19%/41%)  d5/d8  0.7 games/s (avg 0.2)  1.4M nps  ETA 02:06:51
[2026-03-28T15:14:44.108] [INFO] [selfplay:0] [SelfPlay] 169/1500 (11%)  pos=14489  W/D/B=67/32/70  (39%/18%/41%)  d5/d8  0.7 games/s (avg 0.2)  1.4M nps  ETA 02:06:08
[2026-03-28T15:15:04.504] [INFO] [selfplay:0] [SelfPlay] 170/1500 (11%)  pos=14600  W/D/B=68/32/70  (40%/18%/41%)  d5/d8  0.6 games/s (avg 0.2)  1.3M nps  ETA 02:05:54
[2026-03-28T15:15:07.990] [INFO] [selfplay:0] [SelfPlay] 171/1500 (11%)  pos=14646  W/D/B=69/32/70  (40%/18%/40%)  d5/d8  0.5 games/s (avg 0.2)  1.4M nps  ETA 02:07:58
[2026-03-28T15:15:26.126] [INFO] [selfplay:0] [SelfPlay] 172/1500 (11%)  pos=14757  W/D/B=70/32/70  (40%/18%/40%)  d5/d8  0.5 games/s (avg 0.2)  1.4M nps  ETA 02:07:21
[2026-03-28T15:15:26.526] [INFO] [selfplay:0] [SelfPlay] 173/1500 (11%)  pos=14812  W/D/B=71/32/70  (41%/18%/40%)  d5/d8  0.4 games/s (avg 0.2)  1.3M nps  ETA 02:09:08
[2026-03-28T15:15:32.265] [INFO] [selfplay:0] [SelfPlay] 174/1500 (11%)  pos=14875  W/D/B=71/32/71  (40%/18%/40%)  d5/d8  0.7 games/s (avg 0.2)  1.3M nps  ETA 02:08:15
[2026-03-28T15:15:33.129] [INFO] [selfplay:0] [SelfPlay] 175/1500 (11%)  pos=14956  W/D/B=72/32/71  (41%/18%/40%)  d5/d8  0.7 games/s (avg 0.2)  1.3M nps  ETA 02:08:13
[2026-03-28T15:15:36.314] [INFO] [selfplay:0] [SelfPlay] 176/1500 (11%)  pos=15134  W/D/B=72/32/72  (40%/18%/40%)  d5/d8  0.7 games/s (avg 0.2)  1.3M nps  ETA 02:07:28
[2026-03-28T15:15:41.891] [INFO] [selfplay:0] [SelfPlay] 177/1500 (11%)  pos=15209  W/D/B=72/32/73  (40%/18%/41%)  d5/d8  0.7 games/s (avg 0.2)  1.3M nps  ETA 02:07:01
[2026-03-28T15:15:50.579] [INFO] [selfplay:0] [SelfPlay] 178/1500 (11%)  pos=15335  W/D/B=72/32/74  (40%/17%/41%)  d5/d8  0.6 games/s (avg 0.2)  1.3M nps  ETA 02:06:50
[2026-03-28T15:15:59.180] [INFO] [selfplay:0] [SelfPlay] 179/1500 (11%)  pos=15416  W/D/B=73/32/74  (40%/17%/41%)  d5/d8  0.5 games/s (avg 0.2)  1.3M nps  ETA 02:07:06
[2026-03-28T15:16:18.790] [INFO] [selfplay:0] [SelfPlay] 180/1500 (12%)  pos=15492  W/D/B=73/32/75  (40%/17%/41%)  d5/d8  0.5 games/s (avg 0.2)  1.3M nps  ETA 02:07:11
[2026-03-28T15:16:23.833] [INFO] [selfplay:0] [SelfPlay] 181/1500 (12%)  pos=15565  W/D/B=74/32/75  (40%/17%/41%)  d5/d8  0.4 games/s (avg 0.2)  1.3M nps  ETA 02:09:00
[2026-03-28T15:16:28.544] [INFO] [selfplay:0] [SelfPlay] 182/1500 (12%)  pos=15638  W/D/B=74/32/76  (40%/17%/41%)  d5/d8  0.4 games/s (avg 0.2)  1.3M nps  ETA 02:08:48
[2026-03-28T15:16:33.736] [INFO] [selfplay:0] [SelfPlay] 183/1500 (12%)  pos=15755  W/D/B=75/32/76  (40%/17%/41%)  d5/d8  0.3 games/s (avg 0.2)  1.3M nps  ETA 02:08:34
[2026-03-28T15:16:39.601] [INFO] [selfplay:0] [SelfPlay] 184/1500 (12%)  pos=15900  W/D/B=75/32/77  (40%/17%/41%)  d5/d8  0.3 games/s (avg 0.2)  1.2M nps  ETA 02:08:22
[2026-03-28T15:16:40.616] [INFO] [selfplay:0] [SelfPlay] 185/1500 (12%)  pos=16075  W/D/B=76/32/77  (41%/17%/41%)  d5/d8  0.3 games/s (avg 0.2)  1.2M nps  ETA 02:08:21
[2026-03-28T15:16:41.266] [INFO] [selfplay:0] [SelfPlay] 186/1500 (12%)  pos=16195  W/D/B=76/32/78  (40%/17%/41%)  d5/d8  0.4 games/s (avg 0.2)  1.2M nps  ETA 02:07:41
[2026-03-28T15:16:41.572] [INFO] [selfplay:0] [SelfPlay] 187/1500 (12%)  pos=16340  W/D/B=76/32/79  (40%/17%/42%)  d5/d8  0.6 games/s (avg 0.2)  1.3M nps  ETA 02:07:00
[2026-03-28T15:16:42.409] [INFO] [selfplay:0] [SelfPlay] 188/1500 (12%)  pos=16454  W/D/B=76/32/80  (40%/17%/42%)  d5/d8  1.0 games/s (avg 0.2)  1.3M nps  ETA 02:06:15
[2026-03-28T15:16:48.336] [INFO] [selfplay:0] [SelfPlay] 189/1500 (12%)  pos=16535  W/D/B=76/32/81  (40%/16%/42%)  d5/d8  1.0 games/s (avg 0.2)  1.3M nps  ETA 02:05:30
[2026-03-28T15:16:49.340] [INFO] [selfplay:0] [SelfPlay] 190/1500 (12%)  pos=16657  W/D/B=76/32/82  (40%/16%/43%)  d5/d8  0.9 games/s (avg 0.2)  1.3M nps  ETA 02:05:30
[2026-03-28T15:16:59.706] [INFO] [selfplay:0] [SelfPlay] 191/1500 (12%)  pos=16730  W/D/B=76/32/83  (39%/16%/43%)  d5/d8  0.9 games/s (avg 0.2)  1.3M nps  ETA 02:04:43
[2026-03-28T15:17:05.963] [INFO] [selfplay:0] [SelfPlay] 192/1500 (12%)  pos=16841  W/D/B=77/32/83  (40%/16%/43%)  d5/d8  0.8 games/s (avg 0.2)  1.3M nps  ETA 02:05:13
[2026-03-28T15:17:07.412] [INFO] [selfplay:0] [SelfPlay] 193/1500 (12%)  pos=16921  W/D/B=77/32/84  (39%/16%/43%)  d5/d8  0.7 games/s (avg 0.2)  1.2M nps  ETA 02:05:14
[2026-03-28T15:17:16.075] [INFO] [selfplay:0] [SelfPlay] 194/1500 (12%)  pos=16990  W/D/B=77/33/84  (39%/17%/43%)  d5/d8  0.7 games/s (avg 0.2)  1.3M nps  ETA 02:04:33
[2026-03-28T15:17:26.208] [INFO] [selfplay:0] [SelfPlay] 195/1500 (13%)  pos=17122  W/D/B=77/34/84  (39%/17%/43%)  d5/d8  0.6 games/s (avg 0.2)  1.2M nps  ETA 02:04:46
[2026-03-28T15:17:30.304] [INFO] [selfplay:0] [SelfPlay] 196/1500 (13%)  pos=17187  W/D/B=77/35/84  (39%/17%/42%)  d5/d8  0.5 games/s (avg 0.2)  1.2M nps  ETA 02:05:15
[2026-03-28T15:17:31.545] [INFO] [selfplay:0] [SelfPlay] 197/1500 (13%)  pos=17328  W/D/B=77/35/85  (39%/17%/43%)  d5/d8  0.5 games/s (avg 0.2)  1.2M nps  ETA 02:05:01
[2026-03-28T15:17:56.684] [INFO] [selfplay:0] [SelfPlay] 198/1500 (13%)  pos=17469  W/D/B=77/35/86  (38%/17%/43%)  d5/d8  0.5 games/s (avg 0.2)  1.2M nps  ETA 02:04:02
[2026-03-28T15:17:57.342] [INFO] [selfplay:0] [SelfPlay] 199/1500 (13%)  pos=17566  W/D/B=78/35/86  (39%/17%/43%)  d5/d8  0.5 games/s (avg 0.2)  1.2M nps  ETA 02:06:27
[2026-03-28T15:18:00.556] [INFO] [selfplay:0] [SelfPlay] 200/1500 (13%)  pos=17640  W/D/B=78/35/87  (39%/17%/43%)  d5/d8  0.6 games/s (avg 0.2)  1.2M nps  ETA 02:05:45
[2026-03-28T15:18:01.395] [INFO] [selfplay:0] [SelfPlay] 201/1500 (13%)  pos=17703  W/D/B=79/35/87  (39%/17%/43%)  d5/d8  0.6 games/s (avg 0.2)  1.2M nps  ETA 02:05:25
[2026-03-28T15:18:02.245] [INFO] [selfplay:0] [SelfPlay] 202/1500 (13%)  pos=17767  W/D/B=79/36/87  (39%/17%/43%)  d5/d8  0.7 games/s (avg 0.2)  1.2M nps  ETA 02:04:47
[2026-03-28T15:18:09.416] [INFO] [selfplay:0] [SelfPlay] 203/1500 (13%)  pos=17843  W/D/B=79/37/87  (38%/18%/42%)  d5/d8  0.8 games/s (avg 0.2)  1.2M nps  ETA 02:04:04
[2026-03-28T15:18:30.733] [INFO] [selfplay:0] [SelfPlay] 204/1500 (13%)  pos=17926  W/D/B=79/37/88  (38%/18%/43%)  d5/d8  0.7 games/s (avg 0.2)  1.2M nps  ETA 02:03:53
[2026-03-28T15:18:37.143] [INFO] [selfplay:0] [SelfPlay] 205/1500 (13%)  pos=17991  W/D/B=80/37/88  (39%/18%/42%)  d5/d8  0.6 games/s (avg 0.2)  1.2M nps  ETA 02:05:40
[2026-03-28T15:18:40.209] [INFO] [selfplay:0] [SelfPlay] 206/1500 (13%)  pos=18062  W/D/B=81/37/88  (39%/17%/42%)  d5/d8  0.5 games/s (avg 0.2)  1.2M nps  ETA 02:05:42
[2026-03-28T15:18:45.617] [INFO] [selfplay:0] [SelfPlay] 207/1500 (13%)  pos=18186  W/D/B=81/37/89  (39%/17%/42%)  d5/d8  0.5 games/s (avg 0.2)  1.2M nps  ETA 02:05:17
[2026-03-28T15:19:00.807] [INFO] [selfplay:0] [SelfPlay] 208/1500 (13%)  pos=18365  W/D/B=81/37/90  (38%/17%/43%)  d5/d8  0.5 games/s (avg 0.2)  1.2M nps  ETA 02:04:58
[2026-03-28T15:19:01.382] [INFO] [selfplay:0] [SelfPlay] 209/1500 (13%)  pos=18549  W/D/B=81/38/90  (38%/18%/43%)  d5/d8  0.4 games/s (avg 0.2)  1.2M nps  ETA 02:06:04
[2026-03-28T15:19:10.878] [INFO] [selfplay:0] [SelfPlay] 210/1500 (14%)  pos=18719  W/D/B=81/39/90  (38%/18%/42%)  d5/d8  0.6 games/s (avg 0.2)  1.2M nps  ETA 02:05:18
[2026-03-28T15:19:11.658] [INFO] [selfplay:0] [SelfPlay] 211/1500 (14%)  pos=18795  W/D/B=81/39/91  (38%/18%/43%)  d5/d8  0.5 games/s (avg 0.2)  1.2M nps  ETA 02:05:43
[2026-03-28T15:19:15.352] [INFO] [selfplay:0] [SelfPlay] 212/1500 (14%)  pos=18921  W/D/B=81/40/91  (38%/18%/42%)  d5/d8  0.6 games/s (avg 0.2)  1.2M nps  ETA 02:05:03
[2026-03-28T15:19:18.981] [INFO] [selfplay:0] [SelfPlay] 213/1500 (14%)  pos=18992  W/D/B=82/40/91  (38%/18%/42%)  d5/d8  0.6 games/s (avg 0.2)  1.2M nps  ETA 02:04:44
[2026-03-28T15:19:19.442] [INFO] [selfplay:0] [SelfPlay] 214/1500 (14%)  pos=19028  W/D/B=82/41/91  (38%/19%/42%)  d5/d8  0.5 games/s (avg 0.2)  1.2M nps  ETA 02:04:29
[2026-03-28T15:19:22.797] [INFO] [selfplay:0] [SelfPlay] 215/1500 (14%)  pos=19072  W/D/B=83/41/91  (38%/19%/42%)  d5/d8  0.8 games/s (avg 0.2)  1.2M nps  ETA 02:03:48
[2026-03-28T15:19:23.493] [INFO] [selfplay:0] [SelfPlay] 216/1500 (14%)  pos=19164  W/D/B=84/41/91  (38%/18%/42%)  d5/d8  0.7 games/s (avg 0.2)  1.2M nps  ETA 02:03:30
[2026-03-28T15:19:27.307] [INFO] [selfplay:0] [SelfPlay] 217/1500 (14%)  pos=19339  W/D/B=84/42/91  (38%/19%/41%)  d5/d8  0.8 games/s (avg 0.2)  1.2M nps  ETA 02:02:51
[2026-03-28T15:19:30.752] [INFO] [selfplay:0] [SelfPlay] 218/1500 (14%)  pos=19438  W/D/B=84/42/92  (38%/19%/42%)  d5/d8  0.7 games/s (avg 0.2)  1.2M nps  ETA 02:02:35
[2026-03-28T15:19:35.928] [INFO] [selfplay:0] [SelfPlay] 219/1500 (14%)  pos=19566  W/D/B=84/43/92  (38%/19%/42%)  d5/d8  0.7 games/s (avg 0.2)  1.2M nps  ETA 02:02:14
[2026-03-28T15:19:36.555] [INFO] [selfplay:0] [SelfPlay] 220/1500 (14%)  pos=19701  W/D/B=85/43/92  (38%/19%/41%)  d5/d8  0.6 games/s (avg 0.2)  1.2M nps  ETA 02:02:09
[2026-03-28T15:19:37.715] [INFO] [selfplay:0] [SelfPlay] 221/1500 (14%)  pos=19874  W/D/B=86/43/92  (38%/19%/41%)  d5/d8  0.7 games/s (avg 0.2)  1.2M nps  ETA 02:01:34
[2026-03-28T15:19:39.030] [INFO] [selfplay:0] [SelfPlay] 222/1500 (14%)  pos=19992  W/D/B=86/43/93  (38%/19%/41%)  d5/d8  0.8 games/s (avg 0.2)  1.2M nps  ETA 02:01:01
[2026-03-28T15:19:48.228] [INFO] [selfplay:0] [SelfPlay] 223/1500 (14%)  pos=20040  W/D/B=87/43/93  (39%/19%/41%)  d5/d8  0.8 games/s (avg 0.2)  1.2M nps  ETA 02:00:23
[2026-03-28T15:19:48.865] [INFO] [selfplay:0] [SelfPlay] 224/1500 (14%)  pos=20127  W/D/B=88/43/93  (39%/19%/41%)  d5/d8  0.7 games/s (avg 0.2)  1.2M nps  ETA 02:00:47
[2026-03-28T15:19:52.160] [INFO] [selfplay:0] [SelfPlay] 225/1500 (15%)  pos=20256  W/D/B=88/43/94  (39%/19%/41%)  d5/d8  0.8 games/s (avg 0.2)  1.2M nps  ETA 02:00:09
[2026-03-28T15:19:54.518] [INFO] [selfplay:0] [SelfPlay] 226/1500 (15%)  pos=20324  W/D/B=88/43/95  (38%/19%/42%)  d5/d8  0.7 games/s (avg 0.2)  1.2M nps  ETA 01:59:52
[2026-03-28T15:20:02.425] [INFO] [selfplay:0] [SelfPlay] 227/1500 (15%)  pos=20426  W/D/B=89/43/95  (39%/18%/41%)  d5/d8  0.7 games/s (avg 0.2)  1.2M nps  ETA 01:59:22
[2026-03-28T15:20:09.352] [INFO] [selfplay:0] [SelfPlay] 228/1500 (15%)  pos=20499  W/D/B=90/43/95  (39%/18%/41%)  d5/d8  0.6 games/s (avg 0.2)  1.2M nps  ETA 01:59:30
[2026-03-28T15:20:13.558] [INFO] [selfplay:0] [SelfPlay] 229/1500 (15%)  pos=20536  W/D/B=91/43/95  (39%/18%/41%)  d5/d8  0.5 games/s (avg 0.2)  1.2M nps  ETA 01:59:34
[2026-03-28T15:20:19.035] [INFO] [selfplay:0] [SelfPlay] 230/1500 (15%)  pos=20683  W/D/B=92/43/95  (40%/18%/41%)  d5/d8  0.5 games/s (avg 0.2)  1.2M nps  ETA 01:59:18
[2026-03-28T15:20:19.046] [INFO] [selfplay:0] [SelfPlay] 231/1500 (15%)  pos=20687  W/D/B=93/43/95  (40%/18%/41%)  d5/d8  0.4 games/s (avg 0.2)  1.2M nps  ETA 01:59:18
[2026-03-28T15:20:23.096] [INFO] [selfplay:0] [SelfPlay] 232/1500 (15%)  pos=20874  W/D/B=93/43/96  (40%/18%/41%)  d5/d8  13.1 games/s (avg 0.2)  1.2M nps  ETA 01:58:38
[2026-03-28T15:20:25.096] [INFO] [selfplay:0] [SelfPlay] 233/1500 (15%)  pos=20938  W/D/B=93/43/97  (39%/18%/41%)  d5/d8  12.1 games/s (avg 0.2)  1.2M nps  ETA 01:58:25
[2026-03-28T15:20:28.734] [INFO] [selfplay:0] [SelfPlay] 234/1500 (15%)  pos=21022  W/D/B=93/44/97  (39%/18%/41%)  d5/d8  11.2 games/s (avg 0.2)  1.2M nps  ETA 01:57:59
[2026-03-28T15:20:29.845] [INFO] [selfplay:0] [SelfPlay] 235/1500 (15%)  pos=21125  W/D/B=93/44/98  (39%/18%/41%)  d5/d8  10.4 games/s (avg 0.2)  1.2M nps  ETA 01:57:45
[2026-03-28T15:20:56.551] [INFO] [selfplay:0] [SelfPlay] 236/1500 (15%)  pos=21196  W/D/B=93/45/98  (39%/19%/41%)  d5/d8  9.6 games/s (avg 0.2)  1.2M nps  ETA 01:56:50
[2026-03-28T15:20:58.543] [INFO] [selfplay:0] [SelfPlay] 237/1500 (15%)  pos=21251  W/D/B=93/46/98  (39%/19%/41%)  d5/d8  8.9 games/s (avg 0.2)  1.2M nps  ETA 01:59:02
[2026-03-28T15:21:00.477] [INFO] [selfplay:0] [SelfPlay] 238/1500 (15%)  pos=21293  W/D/B=93/47/98  (39%/19%/41%)  d5/d8  8.2 games/s (avg 0.2)  1.2M nps  ETA 01:58:37
[2026-03-28T15:21:01.567] [INFO] [selfplay:0] [SelfPlay] 239/1500 (15%)  pos=21445  W/D/B=94/47/98  (39%/19%/41%)  d5/d8  7.6 games/s (avg 0.2)  1.2M nps  ETA 01:58:12
[2026-03-28T15:21:06.740] [INFO] [selfplay:0] [SelfPlay] 240/1500 (16%)  pos=21486  W/D/B=94/47/99  (39%/19%/41%)  d5/d8  6.6 games/s (avg 0.2)  1.2M nps  ETA 01:57:39
[2026-03-28T15:21:13.304] [INFO] [selfplay:0] [SelfPlay] 241/1500 (16%)  pos=21603  W/D/B=94/48/99  (39%/19%/41%)  d5/d8  6.1 games/s (avg 0.2)  1.2M nps  ETA 01:57:29
[2026-03-28T15:21:18.403] [INFO] [selfplay:0] [SelfPlay] 242/1500 (16%)  pos=21704  W/D/B=94/48/100  (38%/19%/41%)  d5/d8  5.7 games/s (avg 0.2)  1.2M nps  ETA 01:57:30
[2026-03-28T15:21:26.939] [INFO] [selfplay:0] [SelfPlay] 243/1500 (16%)  pos=21806  W/D/B=94/48/101  (38%/19%/41%)  d5/d8  5.2 games/s (avg 0.2)  1.2M nps  ETA 01:57:19
[2026-03-28T15:21:31.833] [INFO] [selfplay:0] [SelfPlay] 244/1500 (16%)  pos=21865  W/D/B=95/48/101  (38%/19%/41%)  d5/d8  4.8 games/s (avg 0.2)  1.2M nps  ETA 01:57:32
[2026-03-28T15:21:33.543] [INFO] [selfplay:0] [SelfPlay] 245/1500 (16%)  pos=21955  W/D/B=95/49/101  (38%/20%/41%)  d5/d8  4.5 games/s (avg 0.2)  1.2M nps  ETA 01:57:25
[2026-03-28T15:21:38.981] [INFO] [selfplay:0] [SelfPlay] 246/1500 (16%)  pos=22050  W/D/B=96/49/101  (39%/19%/41%)  d5/d8  3.9 games/s (avg 0.2)  1.2M nps  ETA 01:56:56
[2026-03-28T15:21:41.889] [INFO] [selfplay:0] [SelfPlay] 247/1500 (16%)  pos=22138  W/D/B=96/49/102  (38%/19%/41%)  d5/d8  3.6 games/s (avg 0.2)  1.2M nps  ETA 01:56:53
[2026-03-28T15:21:45.176] [INFO] [selfplay:0] [SelfPlay] 248/1500 (16%)  pos=22143  W/D/B=96/49/103  (38%/19%/41%)  d5/d8  3.3 games/s (avg 0.2)  1.2M nps  ETA 01:56:32
[2026-03-28T15:21:46.823] [INFO] [selfplay:0] [SelfPlay] 249/1500 (16%)  pos=22201  W/D/B=96/49/104  (38%/19%/41%)  d5/d8  3.1 games/s (avg 0.2)  1.3M nps  ETA 01:56:18
[2026-03-28T15:21:47.940] [INFO] [selfplay:0] [SelfPlay] 250/1500 (16%)  pos=22286  W/D/B=97/49/104  (38%/19%/41%)  d5/d8  2.7 games/s (avg 0.2)  1.3M nps  ETA 01:55:53
[2026-03-28T15:21:59.341] [INFO] [selfplay:0] [SelfPlay] 251/1500 (16%)  pos=22406  W/D/B=97/50/104  (38%/19%/41%)  d5/d8  2.4 games/s (avg 0.2)  1.3M nps  ETA 01:55:14
[2026-03-28T15:22:15.446] [INFO] [selfplay:0] [SelfPlay] 252/1500 (16%)  pos=22503  W/D/B=98/50/104  (38%/19%/41%)  d5/d8  2.3 games/s (avg 0.2)  1.3M nps  ETA 01:55:34
[2026-03-28T15:22:24.907] [INFO] [selfplay:0] [SelfPlay] 253/1500 (16%)  pos=22589  W/D/B=98/50/105  (38%/19%/41%)  d5/d8  2.1 games/s (avg 0.2)  1.3M nps  ETA 01:56:27
[2026-03-28T15:22:25.586] [INFO] [selfplay:0] [SelfPlay] 254/1500 (16%)  pos=22694  W/D/B=99/50/105  (38%/19%/41%)  d5/d8  1.9 games/s (avg 0.2)  1.3M nps  ETA 01:56:48
[2026-03-28T15:22:28.239] [INFO] [selfplay:0] [SelfPlay] 255/1500 (17%)  pos=22772  W/D/B=100/50/105  (39%/19%/41%)  d5/d8  1.9 games/s (avg 0.2)  1.3M nps  ETA 01:56:16
[2026-03-28T15:22:33.489] [INFO] [selfplay:0] [SelfPlay] 256/1500 (17%)  pos=22840  W/D/B=100/50/106  (39%/19%/41%)  d5/d8  1.6 games/s (avg 0.2)  1.3M nps  ETA 01:55:54
[2026-03-28T15:22:33.617] [INFO] [selfplay:0] [SelfPlay] 257/1500 (17%)  pos=22966  W/D/B=101/50/106  (39%/19%/41%)  d5/d8  1.4 games/s (avg 0.2)  1.3M nps  ETA 01:55:52
[2026-03-28T15:22:43.691] [INFO] [selfplay:0] [SelfPlay] 258/1500 (17%)  pos=23101  W/D/B=101/50/107  (39%/19%/41%)  d5/d8  2.4 games/s (avg 0.2)  1.3M nps  ETA 01:55:10
[2026-03-28T15:22:49.512] [INFO] [selfplay:0] [SelfPlay] 259/1500 (17%)  pos=23173  W/D/B=101/50/108  (38%/19%/41%)  d5/d8  2.2 games/s (avg 0.2)  1.3M nps  ETA 01:55:30
[2026-03-28T15:22:56.202] [INFO] [selfplay:0] [SelfPlay] 260/1500 (17%)  pos=23228  W/D/B=101/50/109  (38%/19%/41%)  d5/d8  2.0 games/s (avg 0.2)  1.3M nps  ETA 01:55:25
[2026-03-28T15:22:58.420] [INFO] [selfplay:0] [SelfPlay] 261/1500 (17%)  pos=23357  W/D/B=102/50/109  (39%/19%/41%)  d5/d8  1.9 games/s (avg 0.2)  1.3M nps  ETA 01:55:29
[2026-03-28T15:23:03.115] [INFO] [selfplay:0] [SelfPlay] 262/1500 (17%)  pos=23428  W/D/B=103/50/109  (39%/19%/41%)  d5/d8  1.7 games/s (avg 0.2)  1.3M nps  ETA 01:55:05
[2026-03-28T15:23:04.087] [INFO] [selfplay:0] [SelfPlay] 263/1500 (17%)  pos=23481  W/D/B=104/50/109  (39%/19%/41%)  d5/d8  1.4 games/s (avg 0.2)  1.3M nps  ETA 01:54:59
[2026-03-28T15:23:21.093] [INFO] [selfplay:0] [SelfPlay] 264/1500 (17%)  pos=23571  W/D/B=105/50/109  (39%/18%/41%)  d5/d8  1.4 games/s (avg 0.2)  1.3M nps  ETA 01:54:16
[2026-03-28T15:23:28.535] [INFO] [selfplay:0] [SelfPlay] 265/1500 (17%)  pos=23626  W/D/B=105/50/110  (39%/18%/41%)  d5/d8  1.3 games/s (avg 0.2)  1.3M nps  ETA 01:55:14
[2026-03-28T15:23:31.408] [INFO] [selfplay:0] [SelfPlay] 266/1500 (17%)  pos=23730  W/D/B=105/50/111  (39%/18%/41%)  d5/d8  1.1 games/s (avg 0.2)  1.3M nps  ETA 01:55:21
[2026-03-28T15:23:33.494] [INFO] [selfplay:0] [SelfPlay] 267/1500 (17%)  pos=23790  W/D/B=105/50/112  (39%/18%/41%)  d5/d8  1.0 games/s (avg 0.2)  1.3M nps  ETA 01:55:03
[2026-03-28T15:23:33.762] [INFO] [selfplay:0] [SelfPlay] 268/1500 (17%)  pos=23830  W/D/B=105/51/112  (39%/19%/41%)  d5/d8  0.9 games/s (avg 0.2)  1.3M nps  ETA 01:54:44
[2026-03-28T15:23:38.560] [INFO] [selfplay:0] [SelfPlay] 269/1500 (17%)  pos=23906  W/D/B=105/51/113  (39%/18%/42%)  d5/d8  1.3 games/s (avg 0.2)  1.3M nps  ETA 01:54:09
[2026-03-28T15:23:39.156] [INFO] [selfplay:0] [SelfPlay] 270/1500 (18%)  pos=24011  W/D/B=105/52/113  (38%/19%/41%)  d5/d8  1.2 games/s (avg 0.2)  1.3M nps  ETA 01:54:04
[2026-03-28T15:23:52.811] [INFO] [selfplay:0] [SelfPlay] 271/1500 (18%)  pos=24091  W/D/B=106/52/113  (39%/19%/41%)  d5/d8  1.2 games/s (avg 0.2)  1.3M nps  ETA 01:53:24
[2026-03-28T15:23:55.118] [INFO] [selfplay:0] [SelfPlay] 272/1500 (18%)  pos=24117  W/D/B=106/52/114  (38%/19%/41%)  d5/d8  1.2 games/s (avg 0.2)  1.3M nps  ETA 01:54:05
[2026-03-28T15:23:55.296] [INFO] [selfplay:0] [SelfPlay] 273/1500 (18%)  pos=24299  W/D/B=106/53/114  (38%/19%/41%)  d5/d8  1.0 games/s (avg 0.2)  1.3M nps  ETA 01:53:47
[2026-03-28T15:24:01.143] [INFO] [selfplay:0] [SelfPlay] 274/1500 (18%)  pos=24381  W/D/B=106/53/115  (38%/19%/41%)  d5/d8  1.7 games/s (avg 0.2)  1.3M nps  ETA 01:53:12
[2026-03-28T15:24:04.963] [INFO] [selfplay:0] [SelfPlay] 275/1500 (18%)  pos=24435  W/D/B=106/53/116  (38%/19%/42%)  d5/d8  1.6 games/s (avg 0.2)  1.3M nps  ETA 01:53:10
[2026-03-28T15:24:12.496] [INFO] [selfplay:0] [SelfPlay] 276/1500 (18%)  pos=24464  W/D/B=107/53/116  (38%/19%/42%)  d5/d8  1.4 games/s (avg 0.2)  1.3M nps  ETA 01:52:52
[2026-03-28T15:24:13.919] [INFO] [selfplay:0] [SelfPlay] 277/1500 (18%)  pos=24526  W/D/B=108/53/116  (38%/19%/41%)  d5/d8  1.3 games/s (avg 0.2)  1.3M nps  ETA 01:53:03
[2026-03-28T15:24:27.264] [INFO] [selfplay:0] [SelfPlay] 278/1500 (18%)  pos=24670  W/D/B=108/54/116  (38%/19%/41%)  d5/d8  1.2 games/s (avg 0.2)  1.3M nps  ETA 01:52:26
[2026-03-28T15:24:29.841] [INFO] [selfplay:0] [SelfPlay] 279/1500 (18%)  pos=24719  W/D/B=109/54/116  (39%/19%/41%)  d5/d8  1.1 games/s (avg 0.2)  1.3M nps  ETA 01:53:07
[2026-03-28T15:24:31.834] [INFO] [selfplay:0] [SelfPlay] 280/1500 (18%)  pos=24766  W/D/B=109/54/117  (38%/19%/41%)  d5/d8  1.0 games/s (avg 0.2)  1.3M nps  ETA 01:52:48
[2026-03-28T15:24:50.665] [INFO] [selfplay:0] [SelfPlay] 281/1500 (18%)  pos=24803  W/D/B=110/54/117  (39%/19%/41%)  d5/d8  0.9 games/s (avg 0.2)  1.3M nps  ETA 01:52:10
[2026-03-28T15:24:50.832] [INFO] [selfplay:0] [SelfPlay] 282/1500 (18%)  pos=24900  W/D/B=110/54/118  (39%/19%/41%)  d5/d8  0.9 games/s (avg 0.2)  1.3M nps  ETA 01:53:21
[2026-03-28T15:24:51.139] [INFO] [selfplay:0] [SelfPlay] 283/1500 (18%)  pos=24982  W/D/B=110/54/119  (38%/19%/42%)  d5/d8  1.6 games/s (avg 0.2)  1.3M nps  ETA 01:52:51
[2026-03-28T15:25:10.237] [INFO] [selfplay:0] [SelfPlay] 284/1500 (18%)  pos=25085  W/D/B=111/54/119  (39%/19%/41%)  d5/d8  1.9 games/s (avg 0.2)  1.3M nps  ETA 01:52:05
[2026-03-28T15:25:13.289] [INFO] [selfplay:0] [SelfPlay] 285/1500 (19%)  pos=25157  W/D/B=111/54/120  (38%/18%/42%)  d5/d8  1.7 games/s (avg 0.2)  1.3M nps  ETA 01:53:13
[2026-03-28T15:25:18.106] [INFO] [selfplay:0] [SelfPlay] 286/1500 (19%)  pos=25267  W/D/B=111/54/121  (38%/18%/42%)  d5/d8  1.5 games/s (avg 0.2)  1.3M nps  ETA 01:52:55
[2026-03-28T15:25:26.160] [INFO] [selfplay:0] [SelfPlay] 287/1500 (19%)  pos=25345  W/D/B=111/54/122  (38%/18%/42%)  d5/d8  1.3 games/s (avg 0.2)  1.3M nps  ETA 01:52:43
[2026-03-28T15:25:26.712] [INFO] [selfplay:0] [SelfPlay] 288/1500 (19%)  pos=25438  W/D/B=111/54/123  (38%/18%/42%)  d5/d8  1.2 games/s (avg 0.2)  1.4M nps  ETA 01:52:56
[2026-03-28T15:25:27.885] [INFO] [selfplay:0] [SelfPlay] 289/1500 (19%)  pos=25626  W/D/B=112/54/123  (38%/18%/42%)  d5/d8  1.3 games/s (avg 0.2)  1.4M nps  ETA 01:52:28
[2026-03-28T15:25:32.025] [INFO] [selfplay:0] [SelfPlay] 290/1500 (19%)  pos=25653  W/D/B=113/54/123  (38%/18%/42%)  d5/d8  1.2 games/s (avg 0.2)  1.4M nps  ETA 01:52:00
[2026-03-28T15:25:37.776] [INFO] [selfplay:0] [SelfPlay] 291/1500 (19%)  pos=25709  W/D/B=114/54/123  (39%/18%/42%)  d5/d8  1.1 games/s (avg 0.2)  1.4M nps  ETA 01:51:49
[2026-03-28T15:25:38.714] [INFO] [selfplay:0] [SelfPlay] 292/1500 (19%)  pos=25858  W/D/B=115/54/123  (39%/18%/42%)  d5/d8  1.0 games/s (avg 0.2)  1.3M nps  ETA 01:51:48
[2026-03-28T15:25:47.981] [INFO] [selfplay:0] [SelfPlay] 293/1500 (19%)  pos=25922  W/D/B=115/54/124  (39%/18%/42%)  d5/d8  1.0 games/s (avg 0.2)  1.3M nps  ETA 01:51:14
[2026-03-28T15:25:51.980] [INFO] [selfplay:0] [SelfPlay] 294/1500 (19%)  pos=26099  W/D/B=115/55/124  (39%/18%/42%)  d5/d8  0.8 games/s (avg 0.2)  1.3M nps  ETA 01:51:30
[2026-03-28T15:25:52.516] [INFO] [selfplay:0] [SelfPlay] 295/1500 (19%)  pos=26238  W/D/B=116/55/124  (39%/18%/42%)  d5/d8  0.8 games/s (avg 0.2)  1.3M nps  ETA 01:51:22
[2026-03-28T15:25:55.116] [INFO] [selfplay:0] [SelfPlay] 296/1500 (19%)  pos=26372  W/D/B=116/55/125  (39%/18%/42%)  d5/d8  0.9 games/s (avg 0.2)  1.3M nps  ETA 01:50:53
[2026-03-28T15:26:06.027] [INFO] [selfplay:0] [SelfPlay] 297/1500 (19%)  pos=26450  W/D/B=116/55/126  (39%/18%/42%)  d5/d8  0.8 games/s (avg 0.2)  1.3M nps  ETA 01:50:28
[2026-03-28T15:26:42.573] [INFO] [selfplay:0] [SelfPlay] 298/1500 (19%)  pos=26561  W/D/B=116/55/127  (38%/18%/42%)  d5/d8  0.7 games/s (avg 0.2)  1.3M nps  ETA 01:50:19
[2026-03-28T15:26:47.337] [INFO] [selfplay:0] [SelfPlay] 299/1500 (19%)  pos=26659  W/D/B=116/55/128  (38%/18%/42%)  d5/d8  0.7 games/s (avg 0.2)  1.3M nps  ETA 01:52:49
[2026-03-28T15:26:52.573] [INFO] [selfplay:0] [SelfPlay] 300/1500 (20%)  pos=26725  W/D/B=117/55/128  (39%/18%/42%)  d5/d8  0.6 games/s (avg 0.2)  1.3M nps  ETA 01:52:40
[2026-03-28T15:26:53.974] [INFO] [selfplay:0] [SelfPlay] 301/1500 (20%)  pos=26781  W/D/B=117/55/129  (38%/18%/42%)  d5/d8  0.5 games/s (avg 0.2)  1.3M nps  ETA 01:52:37
[2026-03-28T15:26:54.962] [INFO] [selfplay:0] [SelfPlay] 302/1500 (20%)  pos=26839  W/D/B=118/55/129  (39%/18%/42%)  d5/d8  0.6 games/s (avg 0.2)  1.3M nps  ETA 01:52:14
[2026-03-28T15:26:55.634] [INFO] [selfplay:0] [SelfPlay] 303/1500 (20%)  pos=26898  W/D/B=119/55/129  (39%/18%/42%)  d5/d8  0.6 games/s (avg 0.2)  1.3M nps  ETA 01:51:50
[2026-03-28T15:26:59.871] [INFO] [selfplay:0] [SelfPlay] 304/1500 (20%)  pos=27029  W/D/B=119/56/129  (39%/18%/42%)  d5/d8  0.8 games/s (avg 0.2)  1.3M nps  ETA 01:51:22
[2026-03-28T15:27:02.041] [INFO] [selfplay:0] [SelfPlay] 305/1500 (20%)  pos=27242  W/D/B=119/57/129  (39%/18%/42%)  d5/d8  0.7 games/s (avg 0.2)  1.3M nps  ETA 01:51:12
[2026-03-28T15:27:04.322] [INFO] [selfplay:0] [SelfPlay] 306/1500 (20%)  pos=27278  W/D/B=119/58/129  (38%/18%/42%)  d5/d8  0.7 games/s (avg 0.2)  1.3M nps  ETA 01:50:55
[2026-03-28T15:27:05.916] [INFO] [selfplay:0] [SelfPlay] 307/1500 (20%)  pos=27291  W/D/B=120/58/129  (39%/18%/42%)  d5/d8  0.6 games/s (avg 0.2)  1.3M nps  ETA 01:50:37
[2026-03-28T15:27:08.024] [INFO] [selfplay:0] [SelfPlay] 308/1500 (20%)  pos=27317  W/D/B=121/58/129  (39%/18%/41%)  d5/d8  0.6 games/s (avg 0.2)  1.3M nps  ETA 01:50:14
[2026-03-28T15:27:08.498] [INFO] [selfplay:0] [SelfPlay] 309/1500 (20%)  pos=27324  W/D/B=121/58/130  (39%/18%/42%)  d5/d8  0.6 games/s (avg 0.2)  1.3M nps  ETA 01:49:58
[2026-03-28T15:27:14.202] [INFO] [selfplay:0] [SelfPlay] 310/1500 (20%)  pos=27385  W/D/B=122/58/130  (39%/18%/41%)  d5/d8  0.8 games/s (avg 0.2)  1.3M nps  ETA 01:49:27
[2026-03-28T15:27:18.610] [INFO] [selfplay:0] [SelfPlay] 311/1500 (20%)  pos=27548  W/D/B=122/59/130  (39%/18%/41%)  d5/d8  0.7 games/s (avg 0.2)  1.3M nps  ETA 01:49:25
[2026-03-28T15:27:29.913] [INFO] [selfplay:0] [SelfPlay] 312/1500 (20%)  pos=27675  W/D/B=122/60/130  (39%/19%/41%)  d5/d8  0.7 games/s (avg 0.2)  1.3M nps  ETA 01:49:08
[2026-03-28T15:27:35.381] [INFO] [selfplay:0] [SelfPlay] 313/1500 (20%)  pos=27726  W/D/B=122/60/131  (38%/19%/41%)  d5/d8  0.6 games/s (avg 0.2)  1.3M nps  ETA 01:49:29
[2026-03-28T15:27:41.909] [INFO] [selfplay:0] [SelfPlay] 314/1500 (20%)  pos=27886  W/D/B=122/60/132  (38%/19%/42%)  d5/d8  0.5 games/s (avg 0.2)  1.3M nps  ETA 01:49:23
[2026-03-28T15:27:44.167] [INFO] [selfplay:0] [SelfPlay] 315/1500 (21%)  pos=28061  W/D/B=123/60/132  (39%/19%/41%)  d5/d8  0.5 games/s (avg 0.2)  1.3M nps  ETA 01:49:25
[2026-03-28T15:27:50.148] [INFO] [selfplay:0] [SelfPlay] 316/1500 (21%)  pos=28105  W/D/B=124/60/132  (39%/18%/41%)  d5/d8  0.5 games/s (avg 0.2)  1.3M nps  ETA 01:49:04
[2026-03-28T15:27:51.275] [INFO] [selfplay:0] [SelfPlay] 317/1500 (21%)  pos=28286  W/D/B=124/61/132  (39%/19%/41%)  d5/d8  0.4 games/s (avg 0.2)  1.3M nps  ETA 01:49:05
[2026-03-28T15:27:53.366] [INFO] [selfplay:0] [SelfPlay] 318/1500 (21%)  pos=28365  W/D/B=124/61/133  (38%/19%/41%)  d5/d8  0.5 games/s (avg 0.2)  1.3M nps  ETA 01:48:42
[2026-03-28T15:27:56.933] [INFO] [selfplay:0] [SelfPlay] 319/1500 (21%)  pos=28385  W/D/B=124/61/134  (38%/19%/42%)  d5/d8  0.5 games/s (avg 0.2)  1.3M nps  ETA 01:48:23
[2026-03-28T15:28:01.429] [INFO] [selfplay:0] [SelfPlay] 320/1500 (21%)  pos=28509  W/D/B=124/61/135  (38%/19%/42%)  d5/d8  0.5 games/s (avg 0.2)  1.3M nps  ETA 01:48:08
[2026-03-28T15:28:16.605] [INFO] [selfplay:0] [SelfPlay] 321/1500 (21%)  pos=28662  W/D/B=124/62/135  (38%/19%/42%)  d5/d8  0.4 games/s (avg 0.2)  1.3M nps  ETA 01:47:49
[2026-03-28T15:28:17.564] [INFO] [selfplay:0] [SelfPlay] 322/1500 (21%)  pos=28724  W/D/B=125/62/135  (38%/19%/41%)  d5/d8  0.4 games/s (avg 0.2)  1.3M nps  ETA 01:48:33
[2026-03-28T15:28:21.221] [INFO] [selfplay:0] [SelfPlay] 323/1500 (21%)  pos=28844  W/D/B=126/62/135  (39%/19%/41%)  d5/d8  0.5 games/s (avg 0.2)  1.3M nps  ETA 01:48:08
[2026-03-28T15:28:25.159] [INFO] [selfplay:0] [SelfPlay] 324/1500 (21%)  pos=28940  W/D/B=127/62/135  (39%/19%/41%)  d5/d8  0.4 games/s (avg 0.2)  1.3M nps  ETA 01:47:55
[2026-03-28T15:28:32.780] [INFO] [selfplay:0] [SelfPlay] 325/1500 (21%)  pos=29066  W/D/B=127/62/136  (39%/19%/41%)  d5/d8  0.4 games/s (avg 0.2)  1.3M nps  ETA 01:47:41
[2026-03-28T15:28:35.430] [INFO] [selfplay:0] [SelfPlay] 326/1500 (21%)  pos=29109  W/D/B=127/62/137  (38%/19%/42%)  d5/d8  0.4 games/s (avg 0.2)  1.3M nps  ETA 01:47:47
[2026-03-28T15:28:36.038] [INFO] [selfplay:0] [SelfPlay] 327/1500 (21%)  pos=29175  W/D/B=127/62/138  (38%/18%/42%)  d5/d8  0.4 games/s (avg 0.2)  1.3M nps  ETA 01:47:33
[2026-03-28T15:28:38.983] [INFO] [selfplay:0] [SelfPlay] 328/1500 (21%)  pos=29232  W/D/B=128/62/138  (39%/18%/42%)  d5/d8  0.6 games/s (avg 0.2)  1.3M nps  ETA 01:47:08
[2026-03-28T15:28:42.984] [INFO] [selfplay:0] [SelfPlay] 329/1500 (21%)  pos=29297  W/D/B=129/62/138  (39%/18%/41%)  d5/d8  0.5 games/s (avg 0.2)  1.3M nps  ETA 01:46:53
[2026-03-28T15:28:44.525] [INFO] [selfplay:0] [SelfPlay] 330/1500 (22%)  pos=29415  W/D/B=130/62/138  (39%/18%/41%)  d5/d8  0.5 games/s (avg 0.2)  1.3M nps  ETA 01:46:45
[2026-03-28T15:28:48.554] [INFO] [selfplay:0] [SelfPlay] 331/1500 (22%)  pos=29559  W/D/B=131/62/138  (39%/18%/41%)  d5/d8  0.5 games/s (avg 0.2)  1.3M nps  ETA 01:46:23
[2026-03-28T15:29:00.571] [INFO] [selfplay:0] [SelfPlay] 332/1500 (22%)  pos=29713  W/D/B=132/62/138  (39%/18%/41%)  d5/d8  0.5 games/s (avg 0.2)  1.3M nps  ETA 01:46:04
[2026-03-28T15:29:02.356] [INFO] [selfplay:0] [SelfPlay] 333/1500 (22%)  pos=29751  W/D/B=132/62/139  (39%/18%/41%)  d5/d8  0.4 games/s (avg 0.2)  1.3M nps  ETA 01:46:32
[2026-03-28T15:29:08.880] [INFO] [selfplay:0] [SelfPlay] 334/1500 (22%)  pos=29800  W/D/B=133/62/139  (39%/18%/41%)  d5/d8  0.4 games/s (avg 0.2)  1.3M nps  ETA 01:46:09
[2026-03-28T15:29:09.596] [INFO] [selfplay:0] [SelfPlay] 335/1500 (22%)  pos=29946  W/D/B=133/63/139  (39%/18%/41%)  d5/d8  0.4 games/s (avg 0.2)  1.3M nps  ETA 01:46:13
[2026-03-28T15:29:10.447] [INFO] [selfplay:0] [SelfPlay] 336/1500 (22%)  pos=30032  W/D/B=134/63/139  (39%/18%/41%)  d5/d8  0.5 games/s (avg 0.2)  1.3M nps  ETA 01:45:51
[2026-03-28T15:29:10.758] [INFO] [selfplay:0] [SelfPlay] 337/1500 (22%)  pos=30089  W/D/B=134/63/140  (39%/18%/41%)  d5/d8  0.6 games/s (avg 0.2)  1.3M nps  ETA 01:45:30
[2026-03-28T15:29:14.807] [INFO] [selfplay:0] [SelfPlay] 338/1500 (22%)  pos=30199  W/D/B=135/63/140  (39%/18%/41%)  d5/d8  1.0 games/s (avg 0.2)  1.3M nps  ETA 01:45:03
[2026-03-28T15:29:16.715] [INFO] [selfplay:0] [SelfPlay] 339/1500 (22%)  pos=30302  W/D/B=135/64/140  (39%/18%/41%)  d5/d8  0.9 games/s (avg 0.2)  1.3M nps  ETA 01:44:55
[2026-03-28T15:29:19.106] [INFO] [selfplay:0] [SelfPlay] 340/1500 (22%)  pos=30423  W/D/B=135/65/140  (39%/19%/41%)  d5/d8  0.9 games/s (avg 0.2)  1.3M nps  ETA 01:44:37
[2026-03-28T15:29:22.878] [INFO] [selfplay:0] [SelfPlay] 341/1500 (22%)  pos=30493  W/D/B=135/65/141  (39%/19%/41%)  d5/d8  0.8 games/s (avg 0.2)  1.3M nps  ETA 01:44:21
[2026-03-28T15:29:24.874] [INFO] [selfplay:0] [SelfPlay] 342/1500 (22%)  pos=30558  W/D/B=135/65/142  (39%/19%/41%)  d5/d8  0.7 games/s (avg 0.2)  1.3M nps  ETA 01:44:11
[2026-03-28T15:29:47.554] [INFO] [selfplay:0] [SelfPlay] 343/1500 (22%)  pos=30637  W/D/B=135/65/143  (39%/18%/41%)  d5/d8  0.7 games/s (avg 0.2)  1.3M nps  ETA 01:43:33
[2026-03-28T15:29:48.598] [INFO] [selfplay:0] [SelfPlay] 344/1500 (22%)  pos=30717  W/D/B=136/65/143  (39%/18%/41%)  d5/d8  0.6 games/s (avg 0.2)  1.3M nps  ETA 01:44:48
[2026-03-28T15:29:52.393] [INFO] [selfplay:0] [SelfPlay] 345/1500 (23%)  pos=30756  W/D/B=136/66/143  (39%/19%/41%)  d5/d8  0.7 games/s (avg 0.2)  1.3M nps  ETA 01:44:25
[2026-03-28T15:29:53.162] [INFO] [selfplay:0] [SelfPlay] 346/1500 (23%)  pos=30833  W/D/B=136/66/144  (39%/19%/41%)  d5/d8  0.6 games/s (avg 0.2)  1.3M nps  ETA 01:44:17
[2026-03-28T15:29:57.037] [INFO] [selfplay:0] [SelfPlay] 347/1500 (23%)  pos=30869  W/D/B=136/67/144  (39%/19%/41%)  d5/d8  0.7 games/s (avg 0.2)  1.3M nps  ETA 01:43:53
[2026-03-28T15:30:01.674] [INFO] [selfplay:0] [SelfPlay] 348/1500 (23%)  pos=31038  W/D/B=137/67/144  (39%/19%/41%)  d5/d8  0.6 games/s (avg 0.2)  1.3M nps  ETA 01:43:43
[2026-03-28T15:30:09.066] [INFO] [selfplay:0] [SelfPlay] 349/1500 (23%)  pos=31097  W/D/B=138/67/144  (39%/19%/41%)  d5/d8  0.6 games/s (avg 0.2)  1.3M nps  ETA 01:43:31
[2026-03-28T15:30:11.591] [INFO] [selfplay:0] [SelfPlay] 350/1500 (23%)  pos=31212  W/D/B=138/67/145  (39%/19%/41%)  d5/d8  0.5 games/s (avg 0.2)  1.3M nps  ETA 01:43:38
[2026-03-28T15:30:12.677] [INFO] [selfplay:0] [SelfPlay] 351/1500 (23%)  pos=31338  W/D/B=138/67/146  (39%/19%/41%)  d5/d8  0.5 games/s (avg 0.2)  1.3M nps  ETA 01:43:24
[2026-03-28T15:30:39.807] [INFO] [selfplay:0] [SelfPlay] 352/1500 (23%)  pos=31439  W/D/B=138/68/146  (39%/19%/41%)  d5/d8  0.6 games/s (avg 0.2)  1.3M nps  ETA 01:42:38
[2026-03-28T15:30:40.894] [INFO] [selfplay:0] [SelfPlay] 353/1500 (23%)  pos=31516  W/D/B=138/68/147  (39%/19%/41%)  d5/d8  0.5 games/s (avg 0.2)  1.3M nps  ETA 01:44:10
[2026-03-28T15:30:43.038] [INFO] [selfplay:0] [SelfPlay] 354/1500 (23%)  pos=31651  W/D/B=138/68/148  (38%/19%/41%)  d5/d8  0.6 games/s (avg 0.2)  1.3M nps  ETA 01:43:48
[2026-03-28T15:30:44.339] [INFO] [selfplay:0] [SelfPlay] 355/1500 (23%)  pos=31734  W/D/B=139/68/148  (39%/19%/41%)  d5/d8  0.6 games/s (avg 0.2)  1.3M nps  ETA 01:43:34
[2026-03-28T15:30:51.289] [INFO] [selfplay:0] [SelfPlay] 356/1500 (23%)  pos=31774  W/D/B=140/68/148  (39%/19%/41%)  d5/d8  0.6 games/s (avg 0.2)  1.3M nps  ETA 01:43:09
[2026-03-28T15:30:53.808] [INFO] [selfplay:0] [SelfPlay] 357/1500 (23%)  pos=31870  W/D/B=140/68/149  (39%/19%/41%)  d5/d8  0.5 games/s (avg 0.2)  1.3M nps  ETA 01:43:14
[2026-03-28T15:30:54.444] [INFO] [selfplay:0] [SelfPlay] 358/1500 (23%)  pos=31957  W/D/B=141/68/149  (39%/18%/41%)  d5/d8  0.5 games/s (avg 0.2)  1.3M nps  ETA 01:43:00
[2026-03-28T15:30:58.884] [INFO] [selfplay:0] [SelfPlay] 359/1500 (23%)  pos=32004  W/D/B=142/68/149  (39%/18%/41%)  d5/d8  0.7 games/s (avg 0.2)  1.3M nps  ETA 01:42:37
[2026-03-28T15:31:09.421] [INFO] [selfplay:0] [SelfPlay] 360/1500 (24%)  pos=32087  W/D/B=142/69/149  (39%/19%/41%)  d5/d8  0.6 games/s (avg 0.2)  1.3M nps  ETA 01:42:21
[2026-03-28T15:31:16.151] [INFO] [selfplay:0] [SelfPlay] 361/1500 (24%)  pos=32202  W/D/B=143/69/149  (39%/19%/41%)  d5/d8  0.5 games/s (avg 0.2)  1.3M nps  ETA 01:42:36
[2026-03-28T15:31:18.793] [INFO] [selfplay:0] [SelfPlay] 362/1500 (24%)  pos=32323  W/D/B=144/69/149  (39%/19%/41%)  d5/d8  0.5 games/s (avg 0.2)  1.3M nps  ETA 01:42:40
[2026-03-28T15:31:33.352] [INFO] [selfplay:0] [SelfPlay] 363/1500 (24%)  pos=32384  W/D/B=145/69/149  (39%/19%/41%)  d5/d8  0.5 games/s (avg 0.2)  1.3M nps  ETA 01:42:13
[2026-03-28T15:31:41.336] [INFO] [selfplay:0] [SelfPlay] 364/1500 (24%)  pos=32476  W/D/B=145/69/150  (39%/18%/41%)  d5/d8  0.4 games/s (avg 0.2)  1.2M nps  ETA 01:42:43
[2026-03-28T15:31:43.616] [INFO] [selfplay:0] [SelfPlay] 365/1500 (24%)  pos=32561  W/D/B=146/69/150  (40%/18%/41%)  d5/d8  0.4 games/s (avg 0.2)  1.2M nps  ETA 01:42:51
[2026-03-28T15:31:47.982] [INFO] [selfplay:0] [SelfPlay] 366/1500 (24%)  pos=32725  W/D/B=147/69/150  (40%/18%/40%)  d5/d8  0.4 games/s (avg 0.2)  1.2M nps  ETA 01:42:33
[2026-03-28T15:31:56.740] [INFO] [selfplay:0] [SelfPlay] 367/1500 (24%)  pos=32796  W/D/B=147/69/151  (40%/18%/41%)  d5/d8  0.3 games/s (avg 0.2)  1.2M nps  ETA 01:42:21
[2026-03-28T15:31:58.713] [INFO] [selfplay:0] [SelfPlay] 368/1500 (24%)  pos=32949  W/D/B=148/69/151  (40%/18%/41%)  d5/d8  0.3 games/s (avg 0.2)  1.2M nps  ETA 01:42:32
[2026-03-28T15:32:05.211] [INFO] [selfplay:0] [SelfPlay] 369/1500 (24%)  pos=33097  W/D/B=148/69/152  (40%/18%/41%)  d5/d8  0.3 games/s (avg 0.2)  1.2M nps  ETA 01:42:11
[2026-03-28T15:32:06.977] [INFO] [selfplay:0] [SelfPlay] 370/1500 (24%)  pos=33287  W/D/B=148/70/152  (40%/18%/41%)  d5/d8  0.3 games/s (avg 0.2)  1.2M nps  ETA 01:42:14
[2026-03-28T15:32:08.905] [INFO] [selfplay:0] [SelfPlay] 371/1500 (24%)  pos=33469  W/D/B=148/71/152  (39%/19%/40%)  d5/d8  0.4 games/s (avg 0.2)  1.2M nps  ETA 01:41:58
[2026-03-28T15:32:14.164] [INFO] [selfplay:0] [SelfPlay] 372/1500 (24%)  pos=33505  W/D/B=148/72/152  (39%/19%/40%)  d5/d8  0.4 games/s (avg 0.2)  1.2M nps  ETA 01:41:37
[2026-03-28T15:32:18.988] [INFO] [selfplay:0] [SelfPlay] 373/1500 (24%)  pos=33565  W/D/B=149/72/152  (39%/19%/40%)  d5/d8  0.3 games/s (avg 0.2)  1.2M nps  ETA 01:41:32
[2026-03-28T15:32:20.292] [INFO] [selfplay:0] [SelfPlay] 374/1500 (24%)  pos=33621  W/D/B=149/73/152  (39%/19%/40%)  d5/d8  0.3 games/s (avg 0.2)  1.2M nps  ETA 01:41:29
[2026-03-28T15:32:21.971] [INFO] [selfplay:0] [SelfPlay] 375/1500 (25%)  pos=33722  W/D/B=149/73/153  (39%/19%/40%)  d5/d8  0.4 games/s (avg 0.2)  1.2M nps  ETA 01:41:10
[2026-03-28T15:32:22.391] [INFO] [selfplay:0] [SelfPlay] 376/1500 (25%)  pos=33882  W/D/B=149/73/154  (39%/19%/40%)  d5/d8  0.4 games/s (avg 0.2)  1.2M nps  ETA 01:40:56
[2026-03-28T15:32:22.841] [INFO] [selfplay:0] [SelfPlay] 377/1500 (25%)  pos=34079  W/D/B=149/73/155  (39%/19%/41%)  d5/d8  0.7 games/s (avg 0.2)  1.2M nps  ETA 01:40:36
[2026-03-28T15:32:31.845] [INFO] [selfplay:0] [SelfPlay] 378/1500 (25%)  pos=34115  W/D/B=149/74/155  (39%/19%/41%)  d5/d8  0.9 games/s (avg 0.2)  1.2M nps  ETA 01:40:07
[2026-03-28T15:32:32.432] [INFO] [selfplay:0] [SelfPlay] 379/1500 (25%)  pos=34267  W/D/B=149/75/155  (39%/19%/40%)  d5/d8  0.8 games/s (avg 0.2)  1.2M nps  ETA 01:40:20
[2026-03-28T15:32:36.036] [INFO] [selfplay:0] [SelfPlay] 380/1500 (25%)  pos=34329  W/D/B=149/75/156  (39%/19%/41%)  d5/d8  1.0 games/s (avg 0.2)  1.2M nps  ETA 01:39:58
[2026-03-28T15:32:44.617] [INFO] [selfplay:0] [SelfPlay] 381/1500 (25%)  pos=34384  W/D/B=149/75/157  (39%/19%/41%)  d5/d8  0.8 games/s (avg 0.2)  1.2M nps  ETA 01:39:43
[2026-03-28T15:32:54.011] [INFO] [selfplay:0] [SelfPlay] 382/1500 (25%)  pos=34458  W/D/B=150/75/157  (39%/19%/41%)  d5/d8  0.7 games/s (avg 0.2)  1.2M nps  ETA 01:39:45
[2026-03-28T15:32:59.004] [INFO] [selfplay:0] [SelfPlay] 383/1500 (25%)  pos=34515  W/D/B=151/75/157  (39%/19%/40%)  d5/d8  0.6 games/s (avg 0.2)  1.2M nps  ETA 01:39:57
[2026-03-28T15:33:04.148] [INFO] [selfplay:0] [SelfPlay] 384/1500 (25%)  pos=34638  W/D/B=151/75/158  (39%/19%/41%)  d5/d8  0.6 games/s (avg 0.2)  1.2M nps  ETA 01:39:50
[2026-03-28T15:33:10.280] [INFO] [selfplay:0] [SelfPlay] 385/1500 (25%)  pos=34675  W/D/B=152/75/158  (39%/19%/41%)  d5/d8  0.5 games/s (avg 0.2)  1.2M nps  ETA 01:39:43
[2026-03-28T15:33:12.093] [INFO] [selfplay:0] [SelfPlay] 386/1500 (25%)  pos=34717  W/D/B=152/76/158  (39%/19%/40%)  d5/d8  0.5 games/s (avg 0.2)  1.2M nps  ETA 01:39:44
[2026-03-28T15:33:18.545] [INFO] [selfplay:0] [SelfPlay] 387/1500 (25%)  pos=34828  W/D/B=153/76/158  (39%/19%/40%)  d5/d8  0.5 games/s (avg 0.2)  1.2M nps  ETA 01:39:24
[2026-03-28T15:33:19.928] [INFO] [selfplay:0] [SelfPlay] 388/1500 (25%)  pos=34867  W/D/B=153/76/159  (39%/19%/40%)  d5/d8  0.4 games/s (avg 0.2)  1.2M nps  ETA 01:39:27
[2026-03-28T15:33:28.324] [INFO] [selfplay:0] [SelfPlay] 389/1500 (25%)  pos=34946  W/D/B=154/76/159  (39%/19%/40%)  d5/d8  0.5 games/s (avg 0.2)  1.2M nps  ETA 01:39:02
[2026-03-28T15:33:31.357] [INFO] [selfplay:0] [SelfPlay] 390/1500 (26%)  pos=35087  W/D/B=154/77/159  (39%/19%/40%)  d5/d8  0.4 games/s (avg 0.2)  1.2M nps  ETA 01:39:12
[2026-03-28T15:33:34.207] [INFO] [selfplay:0] [SelfPlay] 391/1500 (26%)  pos=35186  W/D/B=155/77/159  (39%/19%/40%)  d5/d8  0.4 games/s (avg 0.2)  1.2M nps  ETA 01:39:00
[2026-03-28T15:33:40.425] [INFO] [selfplay:0] [SelfPlay] 392/1500 (26%)  pos=35369  W/D/B=155/77/160  (39%/19%/40%)  d5/d8  0.4 games/s (avg 0.2)  1.2M nps  ETA 01:38:44
[2026-03-28T15:33:40.853] [INFO] [selfplay:0] [SelfPlay] 393/1500 (26%)  pos=35433  W/D/B=155/77/161  (39%/19%/40%)  d5/d8  0.4 games/s (avg 0.2)  1.2M nps  ETA 01:38:47
[2026-03-28T15:33:43.397] [INFO] [selfplay:0] [SelfPlay] 394/1500 (26%)  pos=35527  W/D/B=156/77/161  (39%/19%/40%)  d5/d8  0.7 games/s (avg 0.2)  1.2M nps  ETA 01:38:25
[2026-03-28T15:33:45.716] [INFO] [selfplay:0] [SelfPlay] 395/1500 (26%)  pos=35544  W/D/B=157/77/161  (39%/19%/40%)  d5/d8  0.6 games/s (avg 0.2)  1.2M nps  ETA 01:38:13
[2026-03-28T15:33:54.972] [INFO] [selfplay:0] [SelfPlay] 396/1500 (26%)  pos=35561  W/D/B=157/77/162  (39%/19%/40%)  d5/d8  0.6 games/s (avg 0.2)  1.2M nps  ETA 01:37:52
[2026-03-28T15:33:55.044] [INFO] [selfplay:0] [SelfPlay] 397/1500 (26%)  pos=35645  W/D/B=157/77/163  (39%/19%/41%)  d5/d8  0.5 games/s (avg 0.2)  1.2M nps  ETA 01:38:06
[2026-03-28T15:33:55.714] [INFO] [selfplay:0] [SelfPlay] 398/1500 (26%)  pos=35695  W/D/B=157/77/164  (39%/19%/41%)  d5/d8  2.5 games/s (avg 0.2)  1.2M nps  ETA 01:37:47
[2026-03-28T15:34:00.152] [INFO] [selfplay:0] [SelfPlay] 399/1500 (26%)  pos=35764  W/D/B=158/77/164  (39%/19%/41%)  d5/d8  2.4 games/s (avg 0.2)  1.2M nps  ETA 01:37:24
[2026-03-28T15:34:10.840] [INFO] [selfplay:0] [SelfPlay] 400/1500 (26%)  pos=35815  W/D/B=159/77/164  (39%/19%/41%)  d5/d8  2.2 games/s (avg 0.2)  1.2M nps  ETA 01:37:11
[2026-03-28T15:34:20.781] [INFO] [selfplay:0] [SelfPlay] 401/1500 (26%)  pos=35866  W/D/B=159/77/165  (39%/19%/41%)  d5/d8  2.0 games/s (avg 0.2)  1.2M nps  ETA 01:37:20
[2026-03-28T15:34:40.125] [INFO] [selfplay:0] [SelfPlay] 402/1500 (26%)  pos=35982  W/D/B=160/77/165  (39%/19%/41%)  d5/d8  1.9 games/s (avg 0.2)  1.2M nps  ETA 01:37:18
[2026-03-28T15:34:45.597] [INFO] [selfplay:0] [SelfPlay] 403/1500 (26%)  pos=36036  W/D/B=161/77/165  (39%/19%/40%)  d5/d8  1.7 games/s (avg 0.2)  1.2M nps  ETA 01:38:06
[2026-03-28T15:34:46.925] [INFO] [selfplay:0] [SelfPlay] 404/1500 (26%)  pos=36115  W/D/B=162/77/165  (40%/19%/40%)  d5/d8  1.5 games/s (avg 0.2)  1.2M nps  ETA 01:38:04
[2026-03-28T15:34:51.589] [INFO] [selfplay:0] [SelfPlay] 405/1500 (27%)  pos=36237  W/D/B=163/77/165  (40%/19%/40%)  d5/d8  1.4 games/s (avg 0.2)  1.2M nps  ETA 01:37:44
[2026-03-28T15:35:04.360] [INFO] [selfplay:0] [SelfPlay] 406/1500 (27%)  pos=36280  W/D/B=163/77/166  (40%/18%/40%)  d5/d8  1.2 games/s (avg 0.2)  1.2M nps  ETA 01:37:29
[2026-03-28T15:35:10.132] [INFO] [selfplay:0] [SelfPlay] 407/1500 (27%)  pos=36349  W/D/B=163/77/167  (40%/18%/41%)  d5/d8  1.1 games/s (avg 0.2)  1.2M nps  ETA 01:37:50
[2026-03-28T15:35:14.824] [INFO] [selfplay:0] [SelfPlay] 408/1500 (27%)  pos=36480  W/D/B=163/77/168  (39%/18%/41%)  d5/d8  1.0 games/s (avg 0.2)  1.2M nps  ETA 01:37:48
[2026-03-28T15:35:15.998] [INFO] [selfplay:0] [SelfPlay] 409/1500 (27%)  pos=36541  W/D/B=164/77/168  (40%/18%/41%)  d5/d8  0.9 games/s (avg 0.2)  1.2M nps  ETA 01:37:43
[2026-03-28T15:35:17.540] [INFO] [selfplay:0] [SelfPlay] 410/1500 (27%)  pos=36645  W/D/B=164/78/168  (40%/19%/40%)  d5/d8  0.9 games/s (avg 0.2)  1.2M nps  ETA 01:37:27
[2026-03-28T15:35:18.304] [INFO] [selfplay:0] [SelfPlay] 411/1500 (27%)  pos=36765  W/D/B=164/78/169  (39%/18%/41%)  d5/d8  0.8 games/s (avg 0.2)  1.2M nps  ETA 01:37:12
[2026-03-28T15:35:32.264] [INFO] [selfplay:0] [SelfPlay] 412/1500 (27%)  pos=36854  W/D/B=165/78/169  (40%/18%/41%)  d5/d8  0.9 games/s (avg 0.2)  1.2M nps  ETA 01:36:41
[2026-03-28T15:35:32.630] [INFO] [selfplay:0] [SelfPlay] 413/1500 (27%)  pos=36901  W/D/B=165/79/169  (39%/19%/40%)  d5/d8  0.8 games/s (avg 0.2)  1.2M nps  ETA 01:37:13
[2026-03-28T15:35:39.288] [INFO] [selfplay:0] [SelfPlay] 414/1500 (27%)  pos=36975  W/D/B=166/79/169  (40%/19%/40%)  d5/d8  1.1 games/s (avg 0.2)  1.2M nps  ETA 01:36:47
[2026-03-28T15:35:46.812] [INFO] [selfplay:0] [SelfPlay] 415/1500 (27%)  pos=37044  W/D/B=166/79/170  (40%/19%/40%)  d5/d8  1.0 games/s (avg 0.2)  1.2M nps  ETA 01:36:45
[2026-03-28T15:35:53.434] [INFO] [selfplay:0] [SelfPlay] 416/1500 (27%)  pos=37061  W/D/B=167/79/170  (40%/18%/40%)  d5/d8  0.8 games/s (avg 0.2)  1.2M nps  ETA 01:36:46
[2026-03-28T15:35:58.238] [INFO] [selfplay:0] [SelfPlay] 417/1500 (27%)  pos=37119  W/D/B=168/79/170  (40%/18%/40%)  d5/d8  0.7 games/s (avg 0.2)  1.2M nps  ETA 01:36:45
[2026-03-28T15:36:03.374] [INFO] [selfplay:0] [SelfPlay] 418/1500 (27%)  pos=37212  W/D/B=169/79/170  (40%/18%/40%)  d5/d8  0.7 games/s (avg 0.2)  1.2M nps  ETA 01:36:39
[2026-03-28T15:36:09.904] [INFO] [selfplay:0] [SelfPlay] 419/1500 (27%)  pos=37382  W/D/B=170/79/170  (40%/18%/40%)  d5/d8  0.6 games/s (avg 0.2)  1.2M nps  ETA 01:36:32
[2026-03-28T15:36:10.811] [INFO] [selfplay:0] [SelfPlay] 420/1500 (28%)  pos=37446  W/D/B=171/79/170  (40%/18%/40%)  d5/d8  0.5 games/s (avg 0.2)  1.2M nps  ETA 01:36:34
[2026-03-28T15:36:11.932] [INFO] [selfplay:0] [SelfPlay] 421/1500 (28%)  pos=37503  W/D/B=171/79/171  (40%/18%/40%)  d5/d8  0.6 games/s (avg 0.2)  1.2M nps  ETA 01:36:18
[2026-03-28T15:36:12.594] [INFO] [selfplay:0] [SelfPlay] 422/1500 (28%)  pos=37610  W/D/B=171/79/172  (40%/18%/40%)  d5/d8  0.7 games/s (avg 0.2)  1.2M nps  ETA 01:36:01
[2026-03-28T15:36:13.723] [INFO] [selfplay:0] [SelfPlay] 423/1500 (28%)  pos=37734  W/D/B=171/79/173  (40%/18%/40%)  d5/d8  0.8 games/s (avg 0.2)  1.2M nps  ETA 01:35:44
[2026-03-28T15:36:19.257] [INFO] [selfplay:0] [SelfPlay] 424/1500 (28%)  pos=37776  W/D/B=172/79/173  (40%/18%/40%)  d5/d8  0.8 games/s (avg 0.2)  1.2M nps  ETA 01:35:23
[2026-03-28T15:36:21.177] [INFO] [selfplay:0] [SelfPlay] 425/1500 (28%)  pos=37917  W/D/B=173/79/173  (40%/18%/40%)  d5/d8  0.7 games/s (avg 0.2)  1.2M nps  ETA 01:35:22
[2026-03-28T15:36:31.291] [INFO] [selfplay:0] [SelfPlay] 426/1500 (28%)  pos=37949  W/D/B=173/80/173  (40%/18%/40%)  d5/d8  0.7 games/s (avg 0.2)  1.2M nps  ETA 01:35:00
[2026-03-28T15:36:40.838] [INFO] [selfplay:0] [SelfPlay] 427/1500 (28%)  pos=38026  W/D/B=173/80/174  (40%/18%/40%)  d5/d8  0.6 games/s (avg 0.2)  1.2M nps  ETA 01:35:08
[2026-03-28T15:36:47.798] [INFO] [selfplay:0] [SelfPlay] 428/1500 (28%)  pos=38103  W/D/B=173/80/175  (40%/18%/40%)  d5/d8  0.5 games/s (avg 0.2)  1.2M nps  ETA 01:35:15
[2026-03-28T15:36:50.254] [INFO] [selfplay:0] [SelfPlay] 429/1500 (28%)  pos=38234  W/D/B=174/80/175  (40%/18%/40%)  d5/d8  0.5 games/s (avg 0.2)  1.2M nps  ETA 01:35:18
[2026-03-28T15:36:51.839] [INFO] [selfplay:0] [SelfPlay] 430/1500 (28%)  pos=38356  W/D/B=174/80/176  (40%/18%/40%)  d5/d8  0.5 games/s (avg 0.2)  1.2M nps  ETA 01:35:08
[2026-03-28T15:36:56.409] [INFO] [selfplay:0] [SelfPlay] 431/1500 (28%)  pos=38449  W/D/B=174/80/177  (40%/18%/41%)  d5/d8  0.5 games/s (avg 0.2)  1.2M nps  ETA 01:34:49
[2026-03-28T15:37:23.328] [INFO] [selfplay:0] [SelfPlay] 432/1500 (28%)  pos=38497  W/D/B=174/81/177  (40%/18%/40%)  d5/d8  0.4 games/s (avg 0.2)  1.2M nps  ETA 01:34:20
[2026-03-28T15:37:31.058] [INFO] [selfplay:0] [SelfPlay] 433/1500 (28%)  pos=38546  W/D/B=175/81/177  (40%/18%/40%)  d5/d8  0.4 games/s (avg 0.2)  1.2M nps  ETA 01:35:27
[2026-03-28T15:37:41.655] [INFO] [selfplay:0] [SelfPlay] 434/1500 (28%)  pos=38619  W/D/B=176/81/177  (40%/18%/40%)  d5/d8  0.4 games/s (avg 0.2)  1.2M nps  ETA 01:35:25
[2026-03-28T15:37:42.024] [INFO] [selfplay:0] [SelfPlay] 435/1500 (29%)  pos=38661  W/D/B=176/81/178  (40%/18%/40%)  d5/d8  0.3 games/s (avg 0.2)  1.2M nps  ETA 01:35:41
[2026-03-28T15:37:42.511] [INFO] [selfplay:0] [SelfPlay] 436/1500 (29%)  pos=38752  W/D/B=176/81/179  (40%/18%/41%)  d5/d8  0.7 games/s (avg 0.2)  1.2M nps  ETA 01:35:25
[2026-03-28T15:37:44.802] [INFO] [selfplay:0] [SelfPlay] 437/1500 (29%)  pos=38838  W/D/B=176/81/180  (40%/18%/41%)  d5/d8  0.9 games/s (avg 0.2)  1.2M nps  ETA 01:35:05
[2026-03-28T15:37:45.395] [INFO] [selfplay:0] [SelfPlay] 438/1500 (29%)  pos=38873  W/D/B=177/81/180  (40%/18%/41%)  d5/d8  0.8 games/s (avg 0.2)  1.2M nps  ETA 01:34:54
[2026-03-28T15:37:47.618] [INFO] [selfplay:0] [SelfPlay] 439/1500 (29%)  pos=38877  W/D/B=177/81/181  (40%/18%/41%)  d5/d8  1.0 games/s (avg 0.2)  1.2M nps  ETA 01:34:36
[2026-03-28T15:37:51.550] [INFO] [selfplay:0] [SelfPlay] 440/1500 (29%)  pos=38980  W/D/B=177/82/181  (40%/18%/41%)  d5/d8  0.9 games/s (avg 0.2)  1.2M nps  ETA 01:34:21
[2026-03-28T15:37:54.481] [INFO] [selfplay:0] [SelfPlay] 441/1500 (29%)  pos=39115  W/D/B=177/82/182  (40%/18%/41%)  d5/d8  0.8 games/s (avg 0.2)  1.2M nps  ETA 01:34:13
[2026-03-28T15:38:14.719] [INFO] [selfplay:0] [SelfPlay] 442/1500 (29%)  pos=39232  W/D/B=177/82/183  (40%/18%/41%)  d5/d8  0.7 games/s (avg 0.2)  1.2M nps  ETA 01:33:45
[2026-03-28T15:38:22.584] [INFO] [selfplay:0] [SelfPlay] 443/1500 (29%)  pos=39357  W/D/B=178/82/183  (40%/18%/41%)  d5/d8  0.7 games/s (avg 0.2)  1.2M nps  ETA 01:34:27
[2026-03-28T15:38:24.189] [INFO] [selfplay:0] [SelfPlay] 444/1500 (29%)  pos=39496  W/D/B=179/82/183  (40%/18%/41%)  d5/d8  0.6 games/s (avg 0.2)  1.2M nps  ETA 01:34:34
[2026-03-28T15:38:24.409] [INFO] [selfplay:0] [SelfPlay] 445/1500 (29%)  pos=39657  W/D/B=179/82/184  (40%/18%/41%)  d5/d8  0.6 games/s (avg 0.2)  1.2M nps  ETA 01:34:21
[2026-03-28T15:38:48.147] [INFO] [selfplay:0] [SelfPlay] 446/1500 (29%)  pos=39799  W/D/B=179/82/185  (40%/18%/41%)  d5/d8  1.2 games/s (avg 0.2)  1.2M nps  ETA 01:33:40
[2026-03-28T15:38:49.842] [INFO] [selfplay:0] [SelfPlay] 447/1500 (29%)  pos=39871  W/D/B=179/83/185  (40%/18%/41%)  d5/d8  1.1 games/s (avg 0.2)  1.2M nps  ETA 01:34:41
[2026-03-28T15:38:49.955] [INFO] [selfplay:0] [SelfPlay] 448/1500 (29%)  pos=39971  W/D/B=179/83/186  (39%/18%/41%)  d5/d8  1.0 games/s (avg 0.2)  1.2M nps  ETA 01:34:28
[2026-03-28T15:38:49.987] [INFO] [selfplay:0] [SelfPlay] 449/1500 (29%)  pos=40067  W/D/B=179/83/187  (39%/18%/41%)  d5/d8  2.2 games/s (avg 0.2)  1.2M nps  ETA 01:34:09
[2026-03-28T15:38:55.985] [INFO] [selfplay:0] [SelfPlay] 450/1500 (30%)  pos=40222  W/D/B=180/83/187  (40%/18%/41%)  d5/d8  6.6 games/s (avg 0.2)  1.2M nps  ETA 01:33:46
[2026-03-28T15:39:00.369] [INFO] [selfplay:0] [SelfPlay] 451/1500 (30%)  pos=40337  W/D/B=180/84/187  (39%/18%/41%)  d5/d8  6.1 games/s (avg 0.2)  1.2M nps  ETA 01:33:44
[2026-03-28T15:39:05.388] [INFO] [selfplay:0] [SelfPlay] 452/1500 (30%)  pos=40377  W/D/B=180/85/187  (39%/18%/41%)  d5/d8  5.6 games/s (avg 0.2)  1.2M nps  ETA 01:33:36
[2026-03-28T15:39:12.196] [INFO] [selfplay:0] [SelfPlay] 453/1500 (30%)  pos=40414  W/D/B=180/86/187  (39%/18%/41%)  d5/d8  5.2 games/s (avg 0.2)  1.2M nps  ETA 01:33:28
[2026-03-28T15:39:21.080] [INFO] [selfplay:0] [SelfPlay] 454/1500 (30%)  pos=40485  W/D/B=181/86/187  (39%/18%/41%)  d5/d8  4.8 games/s (avg 0.2)  1.2M nps  ETA 01:33:23
[2026-03-28T15:39:25.946] [INFO] [selfplay:0] [SelfPlay] 455/1500 (30%)  pos=40537  W/D/B=182/86/187  (40%/18%/41%)  d5/d8  4.4 games/s (avg 0.2)  1.2M nps  ETA 01:33:31
[2026-03-28T15:39:42.990] [INFO] [selfplay:0] [SelfPlay] 456/1500 (30%)  pos=40671  W/D/B=183/86/187  (40%/18%/41%)  d5/d8  4.1 games/s (avg 0.2)  1.2M nps  ETA 01:33:11
[2026-03-28T15:39:45.054] [INFO] [selfplay:0] [SelfPlay] 457/1500 (30%)  pos=40729  W/D/B=184/86/187  (40%/18%/40%)  d5/d8  3.8 games/s (avg 0.2)  1.2M nps  ETA 01:33:48
[2026-03-28T15:39:50.211] [INFO] [selfplay:0] [SelfPlay] 458/1500 (30%)  pos=40793  W/D/B=185/86/187  (40%/18%/40%)  d5/d8  3.3 games/s (avg 0.2)  1.2M nps  ETA 01:33:32
[2026-03-28T15:40:01.447] [INFO] [selfplay:0] [SelfPlay] 459/1500 (30%)  pos=40849  W/D/B=185/86/188  (40%/18%/40%)  d5/d8  3.1 games/s (avg 0.2)  1.2M nps  ETA 01:33:20
[2026-03-28T15:40:09.248] [INFO] [selfplay:0] [SelfPlay] 460/1500 (30%)  pos=40906  W/D/B=186/86/188  (40%/18%/40%)  d5/d8  2.8 games/s (avg 0.2)  1.2M nps  ETA 01:33:31
[2026-03-28T15:40:09.672] [INFO] [selfplay:0] [SelfPlay] 461/1500 (30%)  pos=41070  W/D/B=187/86/188  (40%/18%/40%)  d5/d8  2.6 games/s (avg 0.2)  1.2M nps  ETA 01:33:39
[2026-03-28T15:40:21.726] [INFO] [selfplay:0] [SelfPlay] 462/1500 (30%)  pos=41234  W/D/B=187/87/188  (40%/18%/40%)  d5/d8  2.6 games/s (avg 0.2)  1.2M nps  ETA 01:33:10
[2026-03-28T15:40:29.147] [INFO] [selfplay:0] [SelfPlay] 463/1500 (30%)  pos=41311  W/D/B=187/87/189  (40%/18%/40%)  d5/d8  2.4 games/s (avg 0.2)  1.2M nps  ETA 01:33:24
[2026-03-28T15:40:29.189] [INFO] [selfplay:0] [SelfPlay] 464/1500 (30%)  pos=41389  W/D/B=188/87/189  (40%/18%/40%)  d5/d8  2.2 games/s (avg 0.2)  1.2M nps  ETA 01:33:31
[2026-03-28T15:40:34.792] [INFO] [selfplay:0] [SelfPlay] 465/1500 (31%)  pos=41508  W/D/B=188/87/190  (40%/18%/40%)  d5/d8  5.5 games/s (avg 0.2)  1.2M nps  ETA 01:33:08
[2026-03-28T15:40:36.151] [INFO] [selfplay:0] [SelfPlay] 466/1500 (31%)  pos=41569  W/D/B=188/87/191  (40%/18%/40%)  d5/d8  5.0 games/s (avg 0.2)  1.2M nps  ETA 01:33:06
[2026-03-28T15:40:45.208] [INFO] [selfplay:0] [SelfPlay] 467/1500 (31%)  pos=41612  W/D/B=188/88/191  (40%/18%/40%)  d5/d8  4.4 games/s (avg 0.2)  1.2M nps  ETA 01:32:45
[2026-03-28T15:40:51.288] [INFO] [selfplay:0] [SelfPlay] 468/1500 (31%)  pos=41779  W/D/B=189/88/191  (40%/18%/40%)  d5/d8  4.1 games/s (avg 0.2)  1.2M nps  ETA 01:32:51
[2026-03-28T15:40:51.325] [INFO] [selfplay:0] [SelfPlay] 469/1500 (31%)  pos=41908  W/D/B=189/88/192  (40%/18%/40%)  d5/d8  3.8 games/s (avg 0.2)  1.3M nps  ETA 01:32:53
[2026-03-28T15:40:55.205] [INFO] [selfplay:0] [SelfPlay] 470/1500 (31%)  pos=42009  W/D/B=190/88/192  (40%/18%/40%)  d5/d8  7.2 games/s (avg 0.2)  1.3M nps  ETA 01:32:32
[2026-03-28T15:40:55.257] [INFO] [selfplay:0] [SelfPlay] 471/1500 (31%)  pos=42080  W/D/B=190/88/193  (40%/18%/40%)  d5/d8  6.7 games/s (avg 0.2)  1.3M nps  ETA 01:32:27
[2026-03-28T15:40:58.094] [INFO] [selfplay:0] [SelfPlay] 472/1500 (31%)  pos=42126  W/D/B=190/89/193  (40%/18%/40%)  d5/d8  8.6 games/s (avg 0.2)  1.3M nps  ETA 01:32:07
[2026-03-28T15:41:01.346] [INFO] [selfplay:0] [SelfPlay] 473/1500 (31%)  pos=42202  W/D/B=191/89/193  (40%/18%/40%)  d5/d8  7.9 games/s (avg 0.2)  1.3M nps  ETA 01:31:56
[2026-03-28T15:41:03.450] [INFO] [selfplay:0] [SelfPlay] 474/1500 (31%)  pos=42287  W/D/B=192/89/193  (40%/18%/40%)  d5/d8  7.3 games/s (avg 0.2)  1.3M nps  ETA 01:31:47
[2026-03-28T15:41:24.039] [INFO] [selfplay:0] [SelfPlay] 475/1500 (31%)  pos=42323  W/D/B=192/90/193  (40%/18%/40%)  d5/d8  6.8 games/s (avg 0.2)  1.3M nps  ETA 01:31:16
[2026-03-28T15:41:25.969] [INFO] [selfplay:0] [SelfPlay] 476/1500 (31%)  pos=42534  W/D/B=192/91/193  (40%/19%/40%)  d5/d8  6.3 games/s (avg 0.2)  1.3M nps  ETA 01:32:03
[2026-03-28T15:41:31.359] [INFO] [selfplay:0] [SelfPlay] 477/1500 (31%)  pos=42672  W/D/B=192/91/194  (40%/19%/40%)  d5/d8  5.8 games/s (avg 0.2)  1.3M nps  ETA 01:31:45
[2026-03-28T15:41:47.624] [INFO] [selfplay:0] [SelfPlay] 478/1500 (31%)  pos=42698  W/D/B=193/91/194  (40%/19%/40%)  d5/d8  5.4 games/s (avg 0.2)  1.3M nps  ETA 01:31:30
[2026-03-28T15:41:51.026] [INFO] [selfplay:0] [SelfPlay] 479/1500 (31%)  pos=42754  W/D/B=193/92/194  (40%/19%/40%)  d5/d8  5.0 games/s (avg 0.2)  1.3M nps  ETA 01:32:00
[2026-03-28T15:42:04.473] [INFO] [selfplay:0] [SelfPlay] 480/1500 (32%)  pos=42886  W/D/B=193/92/195  (40%/19%/40%)  d5/d8  4.6 games/s (avg 0.2)  1.3M nps  ETA 01:31:41
[2026-03-28T15:42:05.792] [INFO] [selfplay:0] [SelfPlay] 481/1500 (32%)  pos=43120  W/D/B=194/92/195  (40%/19%/40%)  d5/d8  4.3 games/s (avg 0.2)  1.3M nps  ETA 01:32:05
[2026-03-28T15:42:12.786] [INFO] [selfplay:0] [SelfPlay] 482/1500 (32%)  pos=43146  W/D/B=195/92/195  (40%/19%/40%)  d5/d8  3.7 games/s (avg 0.2)  1.3M nps  ETA 01:31:45
[2026-03-28T15:42:15.339] [INFO] [selfplay:0] [SelfPlay] 483/1500 (32%)  pos=43244  W/D/B=196/92/195  (40%/19%/40%)  d5/d8  3.5 games/s (avg 0.2)  1.3M nps  ETA 01:31:46
[2026-03-28T15:42:23.988] [INFO] [selfplay:0] [SelfPlay] 484/1500 (32%)  pos=43318  W/D/B=196/93/195  (40%/19%/40%)  d5/d8  3.0 games/s (avg 0.2)  1.3M nps  ETA 01:31:29
[2026-03-28T15:42:24.458] [INFO] [selfplay:0] [SelfPlay] 485/1500 (32%)  pos=43445  W/D/B=196/93/196  (40%/19%/40%)  d5/d8  2.8 games/s (avg 0.2)  1.3M nps  ETA 01:31:39
[2026-03-28T15:42:24.848] [INFO] [selfplay:0] [SelfPlay] 486/1500 (32%)  pos=43503  W/D/B=197/93/196  (40%/19%/40%)  d5/d8  2.7 games/s (avg 0.2)  1.3M nps  ETA 01:31:24
[2026-03-28T15:42:28.323] [INFO] [selfplay:0] [SelfPlay] 487/1500 (32%)  pos=43574  W/D/B=198/93/196  (40%/19%/40%)  d5/d8  2.7 games/s (avg 0.2)  1.3M nps  ETA 01:31:04
[2026-03-28T15:42:32.402] [INFO] [selfplay:0] [SelfPlay] 488/1500 (32%)  pos=43650  W/D/B=198/93/197  (40%/19%/40%)  d5/d8  2.3 games/s (avg 0.2)  1.3M nps  ETA 01:30:54
[2026-03-28T15:42:40.329] [INFO] [selfplay:0] [SelfPlay] 489/1500 (32%)  pos=43792  W/D/B=198/93/198  (40%/19%/40%)  d5/d8  2.0 games/s (avg 0.2)  1.3M nps  ETA 01:30:42
[2026-03-28T15:43:01.823] [INFO] [selfplay:0] [SelfPlay] 490/1500 (32%)  pos=43863  W/D/B=199/93/198  (40%/18%/40%)  d5/d8  1.8 games/s (avg 0.2)  1.3M nps  ETA 01:30:29
[2026-03-28T15:43:03.037] [INFO] [selfplay:0] [SelfPlay] 491/1500 (32%)  pos=44023  W/D/B=199/93/199  (40%/18%/40%)  d5/d8  1.7 games/s (avg 0.2)  1.3M nps  ETA 01:31:16
[2026-03-28T15:43:05.146] [INFO] [selfplay:0] [SelfPlay] 492/1500 (32%)  pos=44106  W/D/B=199/93/200  (40%/18%/40%)  d5/d8  1.6 games/s (avg 0.2)  1.3M nps  ETA 01:31:02
[2026-03-28T15:43:18.863] [INFO] [selfplay:0] [SelfPlay] 493/1500 (32%)  pos=44226  W/D/B=199/93/201  (40%/18%/40%)  d5/d8  1.4 games/s (avg 0.2)  1.3M nps  ETA 01:30:39
[2026-03-28T15:43:36.210] [INFO] [selfplay:0] [SelfPlay] 494/1500 (32%)  pos=44277  W/D/B=200/93/201  (40%/18%/40%)  d5/d8  1.3 games/s (avg 0.2)  1.3M nps  ETA 01:30:45
[2026-03-28T15:43:38.400] [INFO] [selfplay:0] [SelfPlay] 495/1500 (33%)  pos=44428  W/D/B=200/93/202  (40%/18%/40%)  d5/d8  1.2 games/s (avg 0.2)  1.3M nps  ETA 01:31:20
[2026-03-28T15:43:41.372] [INFO] [selfplay:0] [SelfPlay] 496/1500 (33%)  pos=44544  W/D/B=200/93/203  (40%/18%/40%)  d5/d8  1.1 games/s (avg 0.2)  1.3M nps  ETA 01:31:07
[2026-03-28T15:43:42.464] [INFO] [selfplay:0] [SelfPlay] 497/1500 (33%)  pos=44621  W/D/B=201/93/203  (40%/18%/40%)  d5/d8  1.0 games/s (avg 0.2)  1.3M nps  ETA 01:30:58
[2026-03-28T15:43:43.351] [INFO] [selfplay:0] [SelfPlay] 498/1500 (33%)  pos=44695  W/D/B=201/93/204  (40%/18%/40%)  d5/d8  1.0 games/s (avg 0.2)  1.3M nps  ETA 01:30:44
[2026-03-28T15:43:47.247] [INFO] [selfplay:0] [SelfPlay] 499/1500 (33%)  pos=44828  W/D/B=201/94/204  (40%/18%/40%)  d5/d8  1.0 games/s (avg 0.2)  1.3M nps  ETA 01:30:27
[2026-03-28T15:43:52.679] [INFO] [selfplay:0] [SelfPlay] 500/1500 (33%)  pos=44927  W/D/B=201/94/205  (40%/18%/41%)  d5/d8  0.9 games/s (avg 0.2)  1.3M nps  ETA 01:30:17
[2026-03-28T15:43:57.127] [INFO] [selfplay:0] [SelfPlay] 501/1500 (33%)  pos=44965  W/D/B=201/95/205  (40%/18%/40%)  d5/d8  0.8 games/s (avg 0.2)  1.3M nps  ETA 01:30:12
[2026-03-28T15:43:58.754] [INFO] [selfplay:0] [SelfPlay] 502/1500 (33%)  pos=45122  W/D/B=202/95/205  (40%/18%/40%)  d5/d8  0.7 games/s (avg 0.2)  1.3M nps  ETA 01:30:08
[2026-03-28T15:44:01.814] [INFO] [selfplay:0] [SelfPlay] 503/1500 (33%)  pos=45182  W/D/B=202/95/206  (40%/18%/40%)  d5/d8  0.7 games/s (avg 0.2)  1.3M nps  ETA 01:29:53
[2026-03-28T15:44:15.992] [INFO] [selfplay:0] [SelfPlay] 504/1500 (33%)  pos=45222  W/D/B=203/95/206  (40%/18%/40%)  d5/d8  0.6 games/s (avg 0.2)  1.3M nps  ETA 01:29:31
[2026-03-28T15:44:17.892] [INFO] [selfplay:0] [SelfPlay] 505/1500 (33%)  pos=45237  W/D/B=203/95/207  (40%/18%/40%)  d5/d8  0.5 games/s (avg 0.2)  1.3M nps  ETA 01:29:57
[2026-03-28T15:44:27.520] [INFO] [selfplay:0] [SelfPlay] 506/1500 (33%)  pos=45299  W/D/B=204/95/207  (40%/18%/40%)  d5/d8  0.5 games/s (avg 0.2)  1.3M nps  ETA 01:29:36
[2026-03-28T15:44:28.015] [INFO] [selfplay:0] [SelfPlay] 507/1500 (33%)  pos=45335  W/D/B=204/96/207  (40%/18%/40%)  d5/d8  0.5 games/s (avg 0.2)  1.3M nps  ETA 01:29:48
[2026-03-28T15:44:33.011] [INFO] [selfplay:0] [SelfPlay] 508/1500 (33%)  pos=45444  W/D/B=204/96/208  (40%/18%/40%)  d5/d8  0.7 games/s (avg 0.2)  1.3M nps  ETA 01:29:29
[2026-03-28T15:44:33.032] [INFO] [selfplay:0] [SelfPlay] 509/1500 (33%)  pos=45479  W/D/B=204/96/209  (40%/18%/41%)  d5/d8  0.6 games/s (avg 0.2)  1.3M nps  ETA 01:29:27
[2026-03-28T15:44:35.638] [INFO] [selfplay:0] [SelfPlay] 510/1500 (34%)  pos=45528  W/D/B=205/96/209  (40%/18%/40%)  d5/d8  7.7 games/s (avg 0.2)  1.3M nps  ETA 01:29:09
[2026-03-28T15:44:38.936] [INFO] [selfplay:0] [SelfPlay] 511/1500 (34%)  pos=45568  W/D/B=206/96/209  (40%/18%/40%)  d5/d8  7.1 games/s (avg 0.2)  1.3M nps  ETA 01:28:58
[2026-03-28T15:44:42.618] [INFO] [selfplay:0] [SelfPlay] 512/1500 (34%)  pos=45596  W/D/B=206/96/210  (40%/18%/41%)  d5/d8  6.6 games/s (avg 0.2)  1.3M nps  ETA 01:28:47
[2026-03-28T15:44:43.498] [INFO] [selfplay:0] [SelfPlay] 513/1500 (34%)  pos=45706  W/D/B=206/97/210  (40%/18%/40%)  d5/d8  6.1 games/s (avg 0.2)  1.3M nps  ETA 01:28:41
[2026-03-28T15:44:48.068] [INFO] [selfplay:0] [SelfPlay] 514/1500 (34%)  pos=45840  W/D/B=206/97/211  (40%/18%/41%)  d5/d8  5.3 games/s (avg 0.2)  1.3M nps  ETA 01:28:23
[2026-03-28T15:44:48.219] [INFO] [selfplay:0] [SelfPlay] 515/1500 (34%)  pos=45915  W/D/B=207/97/211  (40%/18%/40%)  d5/d8  4.9 games/s (avg 0.2)  1.3M nps  ETA 01:28:21
[2026-03-28T15:44:53.891] [INFO] [selfplay:0] [SelfPlay] 516/1500 (34%)  pos=46058  W/D/B=208/97/211  (40%/18%/40%)  d5/d8  5.2 games/s (avg 0.2)  1.3M nps  ETA 01:28:01
[2026-03-28T15:45:18.944] [INFO] [selfplay:0] [SelfPlay] 517/1500 (34%)  pos=46182  W/D/B=208/98/211  (40%/18%/40%)  d5/d8  4.8 games/s (avg 0.2)  1.3M nps  ETA 01:27:36
[2026-03-28T15:45:19.387] [INFO] [selfplay:0] [SelfPlay] 518/1500 (34%)  pos=46212  W/D/B=209/98/211  (40%/18%/40%)  d5/d8  4.4 games/s (avg 0.2)  1.3M nps  ETA 01:28:32
[2026-03-28T15:45:22.235] [INFO] [selfplay:0] [SelfPlay] 519/1500 (34%)  pos=46267  W/D/B=210/98/211  (40%/18%/40%)  d5/d8  4.1 games/s (avg 0.2)  1.3M nps  ETA 01:28:15
[2026-03-28T15:45:29.500] [INFO] [selfplay:0] [SelfPlay] 520/1500 (34%)  pos=46370  W/D/B=211/98/211  (40%/18%/40%)  d5/d8  3.8 games/s (avg 0.2)  1.3M nps  ETA 01:28:01
[2026-03-28T15:45:49.009] [INFO] [selfplay:0] [SelfPlay] 521/1500 (34%)  pos=46473  W/D/B=211/98/212  (40%/18%/40%)  d5/d8  3.5 games/s (avg 0.2)  1.3M nps  ETA 01:27:46
[2026-03-28T15:45:49.378] [INFO] [selfplay:0] [SelfPlay] 522/1500 (34%)  pos=46553  W/D/B=211/98/213  (40%/18%/40%)  d5/d8  3.3 games/s (avg 0.2)  1.3M nps  ETA 01:28:27
[2026-03-28T15:45:51.511] [INFO] [selfplay:0] [SelfPlay] 523/1500 (34%)  pos=46693  W/D/B=212/98/213  (40%/18%/40%)  d5/d8  3.2 games/s (avg 0.2)  1.3M nps  ETA 01:28:11
[2026-03-28T15:45:52.903] [INFO] [selfplay:0] [SelfPlay] 524/1500 (34%)  pos=46822  W/D/B=213/98/213  (40%/18%/40%)  d5/d8  2.8 games/s (avg 0.2)  1.3M nps  ETA 01:28:00
[2026-03-28T15:45:55.294] [INFO] [selfplay:0] [SelfPlay] 525/1500 (35%)  pos=46901  W/D/B=214/98/213  (40%/18%/40%)  d5/d8  2.5 games/s (avg 0.2)  1.3M nps  ETA 01:27:45
[2026-03-28T15:45:55.300] [INFO] [selfplay:0] [SelfPlay] 526/1500 (35%)  pos=46959  W/D/B=215/98/213  (40%/18%/40%)  d5/d8  2.2 games/s (avg 0.2)  1.3M nps  ETA 01:27:37
[2026-03-28T15:46:24.994] [INFO] [selfplay:0] [SelfPlay] 527/1500 (35%)  pos=47056  W/D/B=215/98/214  (40%/18%/40%)  d5/d8  26.8 games/s (avg 0.2)  1.3M nps  ETA 01:26:52
[2026-03-28T15:46:33.957] [INFO] [selfplay:0] [SelfPlay] 528/1500 (35%)  pos=47160  W/D/B=215/99/214  (40%/18%/40%)  d5/d8  24.8 games/s (avg 0.2)  1.3M nps  ETA 01:27:53
[2026-03-28T15:46:33.977] [INFO] [selfplay:0] [SelfPlay] 529/1500 (35%)  pos=47241  W/D/B=215/99/215  (40%/18%/40%)  d5/d8  23.0 games/s (avg 0.2)  1.3M nps  ETA 01:28:01
[2026-03-28T15:46:36.566] [INFO] [selfplay:0] [SelfPlay] 530/1500 (35%)  pos=47273  W/D/B=215/99/216  (40%/18%/40%)  d5/d8  26.9 games/s (avg 0.2)  1.3M nps  ETA 01:27:45
[2026-03-28T15:46:40.303] [INFO] [selfplay:0] [SelfPlay] 531/1500 (35%)  pos=47437  W/D/B=215/99/217  (40%/18%/40%)  d5/d8  24.9 games/s (avg 0.2)  1.4M nps  ETA 01:27:32
[2026-03-28T15:46:43.027] [INFO] [selfplay:0] [SelfPlay] 532/1500 (35%)  pos=47480  W/D/B=216/99/217  (40%/18%/40%)  d5/d8  23.0 games/s (avg 0.2)  1.4M nps  ETA 01:27:25
[2026-03-28T15:46:45.603] [INFO] [selfplay:0] [SelfPlay] 533/1500 (35%)  pos=47522  W/D/B=217/99/217  (40%/18%/40%)  d5/d8  21.3 games/s (avg 0.2)  1.4M nps  ETA 01:27:15
[2026-03-28T15:46:46.484] [INFO] [selfplay:0] [SelfPlay] 534/1500 (35%)  pos=47600  W/D/B=217/99/218  (40%/18%/40%)  d5/d8  19.7 games/s (avg 0.2)  1.4M nps  ETA 01:27:06
[2026-03-28T15:46:48.612] [INFO] [selfplay:0] [SelfPlay] 535/1500 (35%)  pos=47702  W/D/B=217/99/219  (40%/18%/40%)  d5/d8  18.2 games/s (avg 0.2)  1.4M nps  ETA 01:26:51
[2026-03-28T15:46:49.342] [INFO] [selfplay:0] [SelfPlay] 536/1500 (35%)  pos=47828  W/D/B=217/99/220  (40%/18%/41%)  d5/d8  16.8 games/s (avg 0.2)  1.4M nps  ETA 01:26:41
[2026-03-28T15:46:49.689] [INFO] [selfplay:0] [SelfPlay] 537/1500 (35%)  pos=47913  W/D/B=217/99/221  (40%/18%/41%)  d5/d8  15.6 games/s (avg 0.2)  1.4M nps  ETA 01:26:28
[2026-03-28T15:46:51.508] [INFO] [selfplay:0] [SelfPlay] 538/1500 (35%)  pos=47941  W/D/B=217/99/222  (40%/18%/41%)  d5/d8  13.7 games/s (avg 0.2)  1.4M nps  ETA 01:26:12
[2026-03-28T15:47:00.966] [INFO] [selfplay:0] [SelfPlay] 539/1500 (35%)  pos=48002  W/D/B=218/99/222  (40%/18%/41%)  d5/d8  12.6 games/s (avg 0.2)  1.4M nps  ETA 01:25:53
[2026-03-28T15:47:02.739] [INFO] [selfplay:0] [SelfPlay] 540/1500 (36%)  pos=48124  W/D/B=218/99/223  (40%/18%/41%)  d5/d8  11.7 games/s (avg 0.2)  1.4M nps  ETA 01:26:02
[2026-03-28T15:47:17.764] [INFO] [selfplay:0] [SelfPlay] 541/1500 (36%)  pos=48216  W/D/B=219/99/223  (40%/18%/41%)  d5/d8  10.8 games/s (avg 0.2)  1.4M nps  ETA 01:25:37
[2026-03-28T15:47:29.622] [INFO] [selfplay:0] [SelfPlay] 542/1500 (36%)  pos=48275  W/D/B=219/99/224  (40%/18%/41%)  d5/d8  10.0 games/s (avg 0.2)  1.4M nps  ETA 01:25:52
[2026-03-28T15:47:32.737] [INFO] [selfplay:0] [SelfPlay] 543/1500 (36%)  pos=48390  W/D/B=220/99/224  (40%/18%/41%)  d5/d8  9.3 games/s (avg 0.2)  1.4M nps  ETA 01:26:07
[2026-03-28T15:47:36.872] [INFO] [selfplay:0] [SelfPlay] 544/1500 (36%)  pos=48456  W/D/B=220/100/224  (40%/18%/41%)  d5/d8  8.6 games/s (avg 0.2)  1.4M nps  ETA 01:25:56
[2026-03-28T15:47:40.598] [INFO] [selfplay:0] [SelfPlay] 545/1500 (36%)  pos=48508  W/D/B=220/100/225  (40%/18%/41%)  d5/d8  7.9 games/s (avg 0.2)  1.4M nps  ETA 01:25:49
[2026-03-28T15:47:41.589] [INFO] [selfplay:0] [SelfPlay] 546/1500 (36%)  pos=48656  W/D/B=220/101/225  (40%/18%/41%)  d5/d8  7.3 games/s (avg 0.2)  1.4M nps  ETA 01:25:44
[2026-03-28T15:47:47.705] [INFO] [selfplay:0] [SelfPlay] 547/1500 (36%)  pos=48818  W/D/B=221/101/225  (40%/18%/41%)  d5/d8  6.4 games/s (avg 0.2)  1.4M nps  ETA 01:25:25
[2026-03-28T15:47:51.726] [INFO] [selfplay:0] [SelfPlay] 548/1500 (36%)  pos=48884  W/D/B=222/101/225  (40%/18%/41%)  d5/d8  5.9 games/s (avg 0.2)  1.4M nps  ETA 01:25:23
[2026-03-28T15:47:56.476] [INFO] [selfplay:0] [SelfPlay] 549/1500 (36%)  pos=48990  W/D/B=222/101/226  (40%/18%/41%)  d5/d8  5.5 games/s (avg 0.2)  1.4M nps  ETA 01:25:15
[2026-03-28T15:48:18.137] [INFO] [selfplay:0] [SelfPlay] 550/1500 (36%)  pos=49061  W/D/B=223/101/226  (40%/18%/41%)  d5/d8  5.0 games/s (avg 0.2)  1.4M nps  ETA 01:24:51
[2026-03-28T15:48:23.084] [INFO] [selfplay:0] [SelfPlay] 551/1500 (36%)  pos=49166  W/D/B=224/101/226  (40%/18%/41%)  d5/d8  4.7 games/s (avg 0.2)  1.4M nps  ETA 01:25:31
[2026-03-28T15:48:23.404] [INFO] [selfplay:0] [SelfPlay] 552/1500 (36%)  pos=49267  W/D/B=225/101/226  (40%/18%/40%)  d5/d8  4.3 games/s (avg 0.2)  1.4M nps  ETA 01:25:30
[2026-03-28T15:48:28.062] [INFO] [selfplay:0] [SelfPlay] 553/1500 (36%)  pos=49377  W/D/B=226/101/226  (40%/18%/40%)  d5/d8  4.1 games/s (avg 0.2)  1.4M nps  ETA 01:25:10
[2026-03-28T15:48:35.784] [INFO] [selfplay:0] [SelfPlay] 554/1500 (36%)  pos=49381  W/D/B=227/101/226  (40%/18%/40%)  d5/d8  3.8 games/s (avg 0.2)  1.4M nps  ETA 01:25:02
[2026-03-28T15:48:37.038] [INFO] [selfplay:0] [SelfPlay] 555/1500 (37%)  pos=49463  W/D/B=228/101/226  (41%/18%/40%)  d5/d8  3.5 games/s (avg 0.2)  1.4M nps  ETA 01:25:05
[2026-03-28T15:48:45.210] [INFO] [selfplay:0] [SelfPlay] 556/1500 (37%)  pos=49549  W/D/B=228/101/227  (41%/18%/40%)  d5/d8  3.1 games/s (avg 0.2)  1.4M nps  ETA 01:24:47
[2026-03-28T15:48:58.970] [INFO] [selfplay:0] [SelfPlay] 557/1500 (37%)  pos=49604  W/D/B=229/101/227  (41%/18%/40%)  d5/d8  2.9 games/s (avg 0.2)  1.4M nps  ETA 01:24:41
[2026-03-28T15:49:00.926] [INFO] [selfplay:0] [SelfPlay] 558/1500 (37%)  pos=49704  W/D/B=229/101/228  (41%/18%/40%)  d5/d8  2.7 games/s (avg 0.2)  1.4M nps  ETA 01:25:01
[2026-03-28T15:49:08.419] [INFO] [selfplay:0] [SelfPlay] 559/1500 (37%)  pos=49749  W/D/B=230/101/228  (41%/18%/40%)  d5/d8  2.4 games/s (avg 0.2)  1.4M nps  ETA 01:24:44
[2026-03-28T15:49:11.331] [INFO] [selfplay:0] [SelfPlay] 560/1500 (37%)  pos=49989  W/D/B=230/102/228  (41%/18%/40%)  d5/d8  2.2 games/s (avg 0.2)  1.4M nps  ETA 01:24:47
[2026-03-28T15:49:12.218] [INFO] [selfplay:0] [SelfPlay] 561/1500 (37%)  pos=50062  W/D/B=230/102/229  (40%/18%/40%)  d5/d8  1.9 games/s (avg 0.2)  1.4M nps  ETA 01:24:39
[2026-03-28T15:49:13.368] [INFO] [selfplay:0] [SelfPlay] 562/1500 (37%)  pos=50187  W/D/B=230/103/229  (40%/18%/40%)  d5/d8  1.8 games/s (avg 0.2)  1.4M nps  ETA 01:24:26
[2026-03-28T15:49:16.765] [INFO] [selfplay:0] [SelfPlay] 563/1500 (37%)  pos=50307  W/D/B=231/103/229  (41%/18%/40%)  d5/d8  1.6 games/s (avg 0.2)  1.4M nps  ETA 01:24:12
[2026-03-28T15:49:29.189] [INFO] [selfplay:0] [SelfPlay] 564/1500 (37%)  pos=50311  W/D/B=232/103/229  (41%/18%/40%)  d5/d8  1.4 games/s (avg 0.2)  1.4M nps  ETA 01:23:53
[2026-03-28T15:49:32.345] [INFO] [selfplay:0] [SelfPlay] 565/1500 (37%)  pos=50418  W/D/B=233/103/229  (41%/18%/40%)  d5/d8  1.3 games/s (avg 0.2)  1.4M nps  ETA 01:24:09
[2026-03-28T15:49:40.306] [INFO] [selfplay:0] [SelfPlay] 566/1500 (37%)  pos=50627  W/D/B=234/103/229  (41%/18%/40%)  d5/d8  1.2 games/s (avg 0.2)  1.4M nps  ETA 01:23:55
[2026-03-28T15:49:41.017] [INFO] [selfplay:0] [SelfPlay] 567/1500 (37%)  pos=50860  W/D/B=234/104/229  (41%/18%/40%)  d5/d8  1.0 games/s (avg 0.2)  1.4M nps  ETA 01:24:01
[2026-03-28T15:49:41.865] [INFO] [selfplay:0] [SelfPlay] 568/1500 (37%)  pos=50921  W/D/B=234/104/230  (41%/18%/40%)  d5/d8  1.1 games/s (avg 0.2)  1.4M nps  ETA 01:23:49
[2026-03-28T15:49:44.087] [INFO] [selfplay:0] [SelfPlay] 569/1500 (37%)  pos=51002  W/D/B=235/104/230  (41%/18%/40%)  d5/d8  1.1 games/s (avg 0.2)  1.4M nps  ETA 01:23:33
[2026-03-28T15:49:44.308] [INFO] [selfplay:0] [SelfPlay] 570/1500 (38%)  pos=51057  W/D/B=235/105/230  (41%/18%/40%)  d5/d8  1.0 games/s (avg 0.2)  1.4M nps  ETA 01:23:25
[2026-03-28T15:49:50.932] [INFO] [selfplay:0] [SelfPlay] 571/1500 (38%)  pos=51088  W/D/B=235/105/231  (41%/18%/40%)  d5/d8  1.5 games/s (avg 0.2)  1.4M nps  ETA 01:23:06
[2026-03-28T15:49:57.298] [INFO] [selfplay:0] [SelfPlay] 572/1500 (38%)  pos=51142  W/D/B=235/106/231  (41%/18%/40%)  d5/d8  1.4 games/s (avg 0.2)  1.4M nps  ETA 01:23:01
[2026-03-28T15:50:11.357] [INFO] [selfplay:0] [SelfPlay] 573/1500 (38%)  pos=51257  W/D/B=236/106/231  (41%/18%/40%)  d5/d8  1.2 games/s (avg 0.2)  1.4M nps  ETA 01:22:50
[2026-03-28T15:50:13.256] [INFO] [selfplay:0] [SelfPlay] 574/1500 (38%)  pos=51284  W/D/B=236/107/231  (41%/18%/40%)  d5/d8  1.1 games/s (avg 0.2)  1.4M nps  ETA 01:23:11
[2026-03-28T15:50:44.577] [INFO] [selfplay:0] [SelfPlay] 575/1500 (38%)  pos=51337  W/D/B=236/107/232  (41%/18%/40%)  d5/d8  1.0 games/s (avg 0.2)  1.4M nps  ETA 01:22:31
[2026-03-28T15:50:51.084] [INFO] [selfplay:0] [SelfPlay] 576/1500 (38%)  pos=51373  W/D/B=236/108/232  (40%/18%/40%)  d5/d8  1.0 games/s (avg 0.2)  1.4M nps  ETA 01:23:31
[2026-03-28T15:50:52.104] [INFO] [selfplay:0] [SelfPlay] 577/1500 (38%)  pos=51461  W/D/B=237/108/232  (41%/18%/40%)  d5/d8  0.8 games/s (avg 0.2)  1.4M nps  ETA 01:23:34
[2026-03-28T15:50:58.630] [INFO] [selfplay:0] [SelfPlay] 578/1500 (38%)  pos=51562  W/D/B=238/108/232  (41%/18%/40%)  d5/d8  0.9 games/s (avg 0.2)  1.4M nps  ETA 01:23:16
[2026-03-28T15:51:00.944] [INFO] [selfplay:0] [SelfPlay] 579/1500 (38%)  pos=51674  W/D/B=239/108/232  (41%/18%/40%)  d5/d8  0.8 games/s (avg 0.2)  1.4M nps  ETA 01:23:16
[2026-03-28T15:51:06.432] [INFO] [selfplay:0] [SelfPlay] 580/1500 (38%)  pos=51751  W/D/B=239/109/232  (41%/18%/40%)  d5/d8  0.7 games/s (avg 0.2)  1.4M nps  ETA 01:23:02
[2026-03-28T15:51:10.338] [INFO] [selfplay:0] [SelfPlay] 581/1500 (38%)  pos=51839  W/D/B=240/109/232  (41%/18%/39%)  d5/d8  0.6 games/s (avg 0.2)  1.4M nps  ETA 01:22:59
[2026-03-28T15:51:13.595] [INFO] [selfplay:0] [SelfPlay] 582/1500 (38%)  pos=51903  W/D/B=241/109/232  (41%/18%/39%)  d5/d8  0.6 games/s (avg 0.2)  1.4M nps  ETA 01:22:52
[2026-03-28T15:51:15.019] [INFO] [selfplay:0] [SelfPlay] 583/1500 (38%)  pos=51954  W/D/B=242/109/232  (41%/18%/39%)  d5/d8  0.5 games/s (avg 0.2)  1.4M nps  ETA 01:22:44
[2026-03-28T15:51:17.461] [INFO] [selfplay:0] [SelfPlay] 584/1500 (38%)  pos=52016  W/D/B=242/109/233  (41%/18%/39%)  d5/d8  0.6 games/s (avg 0.2)  1.4M nps  ETA 01:22:32
[2026-03-28T15:51:21.475] [INFO] [selfplay:0] [SelfPlay] 585/1500 (39%)  pos=52129  W/D/B=242/109/234  (41%/18%/40%)  d5/d8  0.5 games/s (avg 0.2)  1.4M nps  ETA 01:22:20
[2026-03-28T15:51:29.493] [INFO] [selfplay:0] [SelfPlay] 586/1500 (39%)  pos=52225  W/D/B=243/109/234  (41%/18%/39%)  d5/d8  0.5 games/s (avg 0.2)  1.4M nps  ETA 01:22:09
[2026-03-28T15:51:31.904] [INFO] [selfplay:0] [SelfPlay] 587/1500 (39%)  pos=52272  W/D/B=244/109/234  (41%/18%/39%)  d5/d8  0.4 games/s (avg 0.2)  1.4M nps  ETA 01:22:14
[2026-03-28T15:51:36.907] [INFO] [selfplay:0] [SelfPlay] 588/1500 (39%)  pos=52314  W/D/B=244/110/234  (41%/18%/39%)  d5/d8  0.4 games/s (avg 0.2)  1.4M nps  ETA 01:22:00
[2026-03-28T15:51:38.592] [INFO] [selfplay:0] [SelfPlay] 589/1500 (39%)  pos=52386  W/D/B=245/110/234  (41%/18%/39%)  d5/d8  0.4 games/s (avg 0.2)  1.4M nps  ETA 01:21:57
[2026-03-28T15:51:43.928] [INFO] [selfplay:0] [SelfPlay] 590/1500 (39%)  pos=52462  W/D/B=245/110/235  (41%/18%/39%)  d5/d8  0.4 games/s (avg 0.2)  1.4M nps  ETA 01:21:43
[2026-03-28T15:51:46.911] [INFO] [selfplay:0] [SelfPlay] 591/1500 (39%)  pos=52650  W/D/B=245/110/236  (41%/18%/39%)  d5/d8  0.4 games/s (avg 0.2)  1.4M nps  ETA 01:21:40
[2026-03-28T15:51:47.744] [INFO] [selfplay:0] [SelfPlay] 592/1500 (39%)  pos=52705  W/D/B=245/110/237  (41%/18%/40%)  d5/d8  0.4 games/s (avg 0.2)  1.4M nps  ETA 01:21:33
[2026-03-28T15:52:04.396] [INFO] [selfplay:0] [SelfPlay] 593/1500 (39%)  pos=52810  W/D/B=246/110/237  (41%/18%/39%)  d5/d8  0.5 games/s (avg 0.2)  1.4M nps  ETA 01:21:04
[2026-03-28T15:52:10.387] [INFO] [selfplay:0] [SelfPlay] 594/1500 (39%)  pos=53001  W/D/B=246/110/238  (41%/18%/40%)  d5/d8  0.4 games/s (avg 0.2)  1.4M nps  ETA 01:21:27
[2026-03-28T15:52:12.418] [INFO] [selfplay:0] [SelfPlay] 595/1500 (39%)  pos=53123  W/D/B=247/110/238  (41%/18%/40%)  d5/d8  0.4 games/s (avg 0.2)  1.4M nps  ETA 01:21:27
[2026-03-28T15:52:17.394] [INFO] [selfplay:0] [SelfPlay] 596/1500 (39%)  pos=53190  W/D/B=248/110/238  (41%/18%/39%)  d5/d8  0.4 games/s (avg 0.2)  1.4M nps  ETA 01:21:13
[2026-03-28T15:52:19.288] [INFO] [selfplay:0] [SelfPlay] 597/1500 (39%)  pos=53430  W/D/B=248/111/238  (41%/18%/39%)  d5/d8  0.4 games/s (avg 0.2)  1.4M nps  ETA 01:21:10
[2026-03-28T15:52:22.591] [INFO] [selfplay:0] [SelfPlay] 598/1500 (39%)  pos=53431  W/D/B=249/111/238  (41%/18%/39%)  d5/d8  0.4 games/s (avg 0.2)  1.4M nps  ETA 01:20:58
[2026-03-28T15:52:26.709] [INFO] [selfplay:0] [SelfPlay] 599/1500 (39%)  pos=53549  W/D/B=249/111/239  (41%/18%/39%)  d5/d8  0.4 games/s (avg 0.2)  1.4M nps  ETA 01:20:49
[2026-03-28T15:52:48.433] [INFO] [selfplay:0] [SelfPlay] 600/1500 (40%)  pos=53627  W/D/B=250/111/239  (41%/18%/39%)  d5/d8  0.4 games/s (avg 0.2)  1.4M nps  ETA 01:20:24
[2026-03-28T15:52:50.916] [INFO] [selfplay:0] [SelfPlay] 601/1500 (40%)  pos=53691  W/D/B=250/112/239  (41%/18%/39%)  d5/d8  0.3 games/s (avg 0.2)  1.4M nps  ETA 01:21:03
[2026-03-28T15:52:52.541] [INFO] [selfplay:0] [SelfPlay] 602/1500 (40%)  pos=53931  W/D/B=250/113/239  (41%/18%/39%)  d5/d8  0.3 games/s (avg 0.2)  1.4M nps  ETA 01:20:53
[2026-03-28T15:52:54.628] [INFO] [selfplay:0] [SelfPlay] 603/1500 (40%)  pos=53969  W/D/B=250/113/240  (41%/18%/39%)  d5/d8  0.4 games/s (avg 0.2)  1.4M nps  ETA 01:20:42
[2026-03-28T15:53:01.889] [INFO] [selfplay:0] [SelfPlay] 604/1500 (40%)  pos=54052  W/D/B=251/113/240  (41%/18%/39%)  d5/d8  0.4 games/s (avg 0.2)  1.4M nps  ETA 01:20:27
[2026-03-28T15:53:08.440] [INFO] [selfplay:0] [SelfPlay] 605/1500 (40%)  pos=54141  W/D/B=252/113/240  (41%/18%/39%)  d5/d8  0.4 games/s (avg 0.2)  1.4M nps  ETA 01:20:24
[2026-03-28T15:53:20.419] [INFO] [selfplay:0] [SelfPlay] 606/1500 (40%)  pos=54228  W/D/B=253/113/240  (41%/18%/39%)  d5/d8  0.3 games/s (avg 0.2)  1.4M nps  ETA 01:20:15
[2026-03-28T15:53:26.570] [INFO] [selfplay:0] [SelfPlay] 607/1500 (40%)  pos=54289  W/D/B=254/113/240  (41%/18%/39%)  d5/d8  0.3 games/s (avg 0.2)  1.4M nps  ETA 01:20:25
[2026-03-28T15:53:35.407] [INFO] [selfplay:0] [SelfPlay] 608/1500 (40%)  pos=54396  W/D/B=255/113/240  (41%/18%/39%)  d5/d8  0.3 games/s (avg 0.2)  1.4M nps  ETA 01:20:18
[2026-03-28T15:53:37.287] [INFO] [selfplay:0] [SelfPlay] 609/1500 (40%)  pos=54506  W/D/B=255/113/241  (41%/18%/39%)  d5/d8  0.2 games/s (avg 0.2)  1.4M nps  ETA 01:20:25
[2026-03-28T15:53:39.415] [INFO] [selfplay:0] [SelfPlay] 610/1500 (40%)  pos=54681  W/D/B=255/113/242  (41%/18%/39%)  d5/d8  0.3 games/s (avg 0.2)  1.4M nps  ETA 01:20:14
[2026-03-28T15:53:40.952] [INFO] [selfplay:0] [SelfPlay] 611/1500 (40%)  pos=54713  W/D/B=255/113/243  (41%/18%/39%)  d5/d8  0.3 games/s (avg 0.2)  1.4M nps  ETA 01:20:05
[2026-03-28T15:53:48.687] [INFO] [selfplay:0] [SelfPlay] 612/1500 (40%)  pos=54777  W/D/B=255/114/243  (41%/18%/39%)  d5/d8  0.4 games/s (avg 0.2)  1.4M nps  ETA 01:19:47
[2026-03-28T15:53:53.658] [INFO] [selfplay:0] [SelfPlay] 613/1500 (40%)  pos=54894  W/D/B=255/114/244  (41%/18%/39%)  d5/d8  0.3 games/s (avg 0.2)  1.4M nps  ETA 01:19:48
[2026-03-28T15:53:59.611] [INFO] [selfplay:0] [SelfPlay] 614/1500 (40%)  pos=54982  W/D/B=255/114/245  (41%/18%/39%)  d5/d8  0.3 games/s (avg 0.2)  1.4M nps  ETA 01:19:41
[2026-03-28T15:54:00.112] [INFO] [selfplay:0] [SelfPlay] 615/1500 (41%)  pos=55053  W/D/B=256/114/245  (41%/18%/39%)  d5/d8  0.3 games/s (avg 0.2)  1.4M nps  ETA 01:19:41
[2026-03-28T15:54:12.865] [INFO] [selfplay:0] [SelfPlay] 616/1500 (41%)  pos=55287  W/D/B=256/115/245  (41%/18%/39%)  d5/d8  0.5 games/s (avg 0.2)  1.4M nps  ETA 01:19:18
[2026-03-28T15:54:17.093] [INFO] [selfplay:0] [SelfPlay] 617/1500 (41%)  pos=55523  W/D/B=256/115/246  (41%/18%/39%)  d5/d8  0.5 games/s (avg 0.2)  1.3M nps  ETA 01:19:30
[2026-03-28T15:54:19.323] [INFO] [selfplay:0] [SelfPlay] 618/1500 (41%)  pos=55596  W/D/B=257/115/246  (41%/18%/39%)  d5/d8  0.4 games/s (avg 0.2)  1.3M nps  ETA 01:19:26
[2026-03-28T15:54:20.092] [INFO] [selfplay:0] [SelfPlay] 619/1500 (41%)  pos=55632  W/D/B=258/115/246  (41%/18%/39%)  d5/d8  0.4 games/s (avg 0.2)  1.3M nps  ETA 01:19:17
[2026-03-28T15:54:27.426] [INFO] [selfplay:0] [SelfPlay] 620/1500 (41%)  pos=55684  W/D/B=258/115/247  (41%/18%/39%)  d5/d8  0.6 games/s (avg 0.2)  1.4M nps  ETA 01:18:59
[2026-03-28T15:54:29.600] [INFO] [selfplay:0] [SelfPlay] 621/1500 (41%)  pos=55746  W/D/B=258/115/248  (41%/18%/39%)  d5/d8  0.5 games/s (avg 0.2)  1.3M nps  ETA 01:19:01
[2026-03-28T15:54:34.754] [INFO] [selfplay:0] [SelfPlay] 622/1500 (41%)  pos=55879  W/D/B=259/115/248  (41%/18%/39%)  d5/d8  0.5 games/s (avg 0.2)  1.3M nps  ETA 01:18:48
[2026-03-28T15:54:41.495] [INFO] [selfplay:0] [SelfPlay] 623/1500 (41%)  pos=55921  W/D/B=259/115/249  (41%/18%/39%)  d5/d8  0.5 games/s (avg 0.2)  1.3M nps  ETA 01:18:41
[2026-03-28T15:54:50.670] [INFO] [selfplay:0] [SelfPlay] 624/1500 (41%)  pos=55994  W/D/B=259/115/250  (41%/18%/40%)  d5/d8  0.4 games/s (avg 0.2)  1.3M nps  ETA 01:18:35
[2026-03-28T15:54:56.092] [INFO] [selfplay:0] [SelfPlay] 625/1500 (41%)  pos=56083  W/D/B=260/115/250  (41%/18%/40%)  d5/d8  0.4 games/s (avg 0.2)  1.3M nps  ETA 01:18:38
[2026-03-28T15:55:05.867] [INFO] [selfplay:0] [SelfPlay] 626/1500 (41%)  pos=56213  W/D/B=260/115/251  (41%/18%/40%)  d5/d8  0.3 games/s (avg 0.2)  1.3M nps  ETA 01:18:30
[2026-03-28T15:55:08.463] [INFO] [selfplay:0] [SelfPlay] 627/1500 (41%)  pos=56274  W/D/B=261/115/251  (41%/18%/40%)  d5/d8  0.3 games/s (avg 0.2)  1.3M nps  ETA 01:18:36
[2026-03-28T15:55:10.765] [INFO] [selfplay:0] [SelfPlay] 628/1500 (41%)  pos=56352  W/D/B=262/115/251  (41%/18%/39%)  d5/d8  0.3 games/s (avg 0.2)  1.3M nps  ETA 01:18:28
[2026-03-28T15:55:12.323] [INFO] [selfplay:0] [SelfPlay] 629/1500 (41%)  pos=56400  W/D/B=262/115/252  (41%/18%/40%)  d5/d8  0.3 games/s (avg 0.2)  1.3M nps  ETA 01:18:18
[2026-03-28T15:55:15.264] [INFO] [selfplay:0] [SelfPlay] 630/1500 (42%)  pos=56437  W/D/B=263/115/252  (41%/18%/40%)  d5/d8  0.4 games/s (avg 0.2)  1.3M nps  ETA 01:18:07
[2026-03-28T15:55:23.468] [INFO] [selfplay:0] [SelfPlay] 631/1500 (42%)  pos=56520  W/D/B=264/115/252  (41%/18%/39%)  d5/d8  0.4 games/s (avg 0.2)  1.3M nps  ETA 01:17:53
[2026-03-28T15:55:23.653] [INFO] [selfplay:0] [SelfPlay] 632/1500 (42%)  pos=56580  W/D/B=265/115/252  (41%/18%/39%)  d5/d8  0.3 games/s (avg 0.2)  1.3M nps  ETA 01:17:59
[2026-03-28T15:55:47.697] [INFO] [selfplay:0] [SelfPlay] 633/1500 (42%)  pos=56676  W/D/B=265/115/253  (41%/18%/39%)  d5/d8  1.1 games/s (avg 0.2)  1.3M nps  ETA 01:17:23
[2026-03-28T15:56:11.180] [INFO] [selfplay:0] [SelfPlay] 634/1500 (42%)  pos=56763  W/D/B=265/115/254  (41%/18%/40%)  d5/d8  1.0 games/s (avg 0.2)  1.3M nps  ETA 01:17:43
[2026-03-28T15:56:12.301] [INFO] [selfplay:0] [SelfPlay] 635/1500 (42%)  pos=56858  W/D/B=265/115/255  (41%/18%/40%)  d5/d8  0.9 games/s (avg 0.2)  1.3M nps  ETA 01:18:25
[2026-03-28T15:56:13.777] [INFO] [selfplay:0] [SelfPlay] 636/1500 (42%)  pos=56935  W/D/B=265/115/256  (41%/18%/40%)  d5/d8  0.9 games/s (avg 0.2)  1.3M nps  ETA 01:18:14
[2026-03-28T15:56:16.440] [INFO] [selfplay:0] [SelfPlay] 637/1500 (42%)  pos=57056  W/D/B=265/115/257  (41%/18%/40%)  d5/d8  0.9 games/s (avg 0.2)  1.3M nps  ETA 01:18:01
[2026-03-28T15:56:21.740] [INFO] [selfplay:0] [SelfPlay] 638/1500 (42%)  pos=57111  W/D/B=266/115/257  (41%/18%/40%)  d5/d8  0.8 games/s (avg 0.2)  1.3M nps  ETA 01:17:50
[2026-03-28T15:56:32.252] [INFO] [selfplay:0] [SelfPlay] 639/1500 (42%)  pos=57190  W/D/B=266/115/258  (41%/17%/40%)  d5/d8  0.7 games/s (avg 0.2)  1.3M nps  ETA 01:17:38
[2026-03-28T15:56:34.230] [INFO] [selfplay:0] [SelfPlay] 640/1500 (42%)  pos=57259  W/D/B=266/115/259  (41%/17%/40%)  d5/d8  0.6 games/s (avg 0.2)  1.3M nps  ETA 01:17:49
[2026-03-28T15:56:35.506] [INFO] [selfplay:0] [SelfPlay] 641/1500 (42%)  pos=57332  W/D/B=266/115/260  (41%/17%/40%)  d5/d8  0.6 games/s (avg 0.2)  1.3M nps  ETA 01:17:40
[2026-03-28T15:56:44.046] [INFO] [selfplay:0] [SelfPlay] 642/1500 (42%)  pos=57378  W/D/B=267/115/260  (41%/17%/40%)  d5/d8  0.6 games/s (avg 0.2)  1.3M nps  ETA 01:17:21
[2026-03-28T15:56:57.123] [INFO] [selfplay:0] [SelfPlay] 643/1500 (42%)  pos=57433  W/D/B=268/115/260  (41%/17%/40%)  d5/d8  0.6 games/s (avg 0.2)  1.3M nps  ETA 01:17:15
[2026-03-28T15:57:03.344] [INFO] [selfplay:0] [SelfPlay] 644/1500 (42%)  pos=57504  W/D/B=268/115/261  (41%/17%/40%)  d5/d8  0.5 games/s (avg 0.2)  1.3M nps  ETA 01:17:27
[2026-03-28T15:57:22.528] [INFO] [selfplay:0] [SelfPlay] 645/1500 (43%)  pos=57558  W/D/B=268/115/262  (41%/17%/40%)  d5/d8  0.4 games/s (avg 0.2)  1.3M nps  ETA 01:17:10
[2026-03-28T15:57:29.105] [INFO] [selfplay:0] [SelfPlay] 646/1500 (43%)  pos=57614  W/D/B=268/116/262  (41%/17%/40%)  d5/d8  0.4 games/s (avg 0.2)  1.3M nps  ETA 01:17:35
[2026-03-28T15:57:29.603] [INFO] [selfplay:0] [SelfPlay] 647/1500 (43%)  pos=57681  W/D/B=269/116/262  (41%/17%/40%)  d5/d8  0.3 games/s (avg 0.2)  1.3M nps  ETA 01:17:38
[2026-03-28T15:57:33.789] [INFO] [selfplay:0] [SelfPlay] 648/1500 (43%)  pos=57716  W/D/B=270/116/262  (41%/17%/40%)  d5/d8  0.6 games/s (avg 0.2)  1.3M nps  ETA 01:17:22
[2026-03-28T15:57:51.901] [INFO] [selfplay:0] [SelfPlay] 649/1500 (43%)  pos=57834  W/D/B=271/116/262  (41%/17%/40%)  d5/d8  0.5 games/s (avg 0.2)  1.3M nps  ETA 01:17:00
[2026-03-28T15:57:56.850] [INFO] [selfplay:0] [SelfPlay] 650/1500 (43%)  pos=57897  W/D/B=271/117/262  (41%/18%/40%)  d5/d8  0.5 games/s (avg 0.2)  1.3M nps  ETA 01:17:25
[2026-03-28T15:58:02.735] [INFO] [selfplay:0] [SelfPlay] 651/1500 (43%)  pos=58026  W/D/B=271/117/263  (41%/17%/40%)  d5/d8  0.4 games/s (avg 0.2)  1.3M nps  ETA 01:17:17
[2026-03-28T15:58:05.377] [INFO] [selfplay:0] [SelfPlay] 652/1500 (43%)  pos=58115  W/D/B=272/117/263  (41%/17%/40%)  d5/d8  0.4 games/s (avg 0.2)  1.3M nps  ETA 01:17:15
[2026-03-28T15:58:08.457] [INFO] [selfplay:0] [SelfPlay] 653/1500 (43%)  pos=58152  W/D/B=273/117/263  (41%/17%/40%)  d5/d8  0.4 games/s (avg 0.2)  1.3M nps  ETA 01:17:06
[2026-03-28T15:58:13.586] [INFO] [selfplay:0] [SelfPlay] 654/1500 (43%)  pos=58209  W/D/B=273/117/264  (41%/17%/40%)  d5/d8  0.4 games/s (avg 0.2)  1.3M nps  ETA 01:16:56
[2026-03-28T15:58:15.112] [INFO] [selfplay:0] [SelfPlay] 655/1500 (43%)  pos=58374  W/D/B=274/117/264  (41%/17%/40%)  d5/d8  0.4 games/s (avg 0.2)  1.3M nps  ETA 01:16:53
[2026-03-28T15:58:18.028] [INFO] [selfplay:0] [SelfPlay] 656/1500 (43%)  pos=58475  W/D/B=274/118/264  (41%/17%/40%)  d5/d8  0.4 games/s (avg 0.2)  1.3M nps  ETA 01:16:41
[2026-03-28T15:58:22.440] [INFO] [selfplay:0] [SelfPlay] 657/1500 (43%)  pos=58577  W/D/B=274/118/265  (41%/17%/40%)  d5/d8  0.4 games/s (avg 0.2)  1.3M nps  ETA 01:16:32
[2026-03-28T15:58:29.375] [INFO] [selfplay:0] [SelfPlay] 658/1500 (43%)  pos=58707  W/D/B=275/118/265  (41%/17%/40%)  d5/d8  0.4 games/s (avg 0.2)  1.3M nps  ETA 01:16:22
[2026-03-28T15:58:30.149] [INFO] [selfplay:0] [SelfPlay] 659/1500 (43%)  pos=58796  W/D/B=276/118/265  (41%/17%/40%)  d5/d8  0.3 games/s (avg 0.2)  1.3M nps  ETA 01:16:24
[2026-03-28T15:58:37.667] [INFO] [selfplay:0] [SelfPlay] 660/1500 (44%)  pos=58874  W/D/B=277/118/265  (41%/17%/40%)  d5/d8  0.5 games/s (avg 0.2)  1.3M nps  ETA 01:16:07
[2026-03-28T15:58:45.821] [INFO] [selfplay:0] [SelfPlay] 661/1500 (44%)  pos=58977  W/D/B=277/118/266  (41%/17%/40%)  d5/d8  0.4 games/s (avg 0.2)  1.3M nps  ETA 01:16:03
[2026-03-28T15:58:45.989] [INFO] [selfplay:0] [SelfPlay] 662/1500 (44%)  pos=59026  W/D/B=277/118/267  (41%/17%/40%)  d5/d8  0.4 games/s (avg 0.2)  1.3M nps  ETA 01:16:08
[2026-03-28T15:58:54.739] [INFO] [selfplay:0] [SelfPlay] 663/1500 (44%)  pos=59150  W/D/B=277/118/268  (41%/17%/40%)  d5/d8  1.2 games/s (avg 0.2)  1.3M nps  ETA 01:15:49
[2026-03-28T15:58:57.476] [INFO] [selfplay:0] [SelfPlay] 664/1500 (44%)  pos=59199  W/D/B=278/118/268  (41%/17%/40%)  d5/d8  1.1 games/s (avg 0.2)  1.3M nps  ETA 01:15:53
[2026-03-28T15:59:23.135] [INFO] [selfplay:0] [SelfPlay] 665/1500 (44%)  pos=59289  W/D/B=279/118/268  (41%/17%/40%)  d5/d8  1.0 games/s (avg 0.2)  1.3M nps  ETA 01:15:21
[2026-03-28T15:59:31.605] [INFO] [selfplay:0] [SelfPlay] 666/1500 (44%)  pos=59350  W/D/B=279/118/269  (41%/17%/40%)  d5/d8  0.9 games/s (avg 0.2)  1.3M nps  ETA 01:15:59
[2026-03-28T15:59:34.284] [INFO] [selfplay:0] [SelfPlay] 667/1500 (44%)  pos=59429  W/D/B=280/118/269  (41%/17%/40%)  d5/d8  0.8 games/s (avg 0.2)  1.3M nps  ETA 01:16:02
[2026-03-28T15:59:34.658] [INFO] [selfplay:0] [SelfPlay] 668/1500 (44%)  pos=59465  W/D/B=280/119/269  (41%/17%/40%)  d5/d8  0.7 games/s (avg 0.2)  1.3M nps  ETA 01:15:56
[2026-03-28T15:59:39.624] [INFO] [selfplay:0] [SelfPlay] 669/1500 (44%)  pos=59504  W/D/B=280/120/269  (41%/17%/40%)  d5/d8  1.0 games/s (avg 0.2)  1.3M nps  ETA 01:15:39
[2026-03-28T15:59:41.414] [INFO] [selfplay:0] [SelfPlay] 670/1500 (44%)  pos=59559  W/D/B=280/121/269  (41%/18%/40%)  d5/d8  0.9 games/s (avg 0.2)  1.3M nps  ETA 01:15:36
[2026-03-28T15:59:48.423] [INFO] [selfplay:0] [SelfPlay] 671/1500 (44%)  pos=59648  W/D/B=281/121/269  (41%/18%/40%)  d5/d8  0.9 games/s (avg 0.2)  1.3M nps  ETA 01:15:21
[2026-03-28T16:00:03.022] [INFO] [selfplay:0] [SelfPlay] 672/1500 (44%)  pos=59769  W/D/B=282/121/269  (41%/18%/40%)  d5/d8  0.7 games/s (avg 0.2)  1.3M nps  ETA 01:15:09
[2026-03-28T16:00:22.741] [INFO] [selfplay:0] [SelfPlay] 673/1500 (44%)  pos=59948  W/D/B=283/121/269  (42%/17%/39%)  d5/d8  0.7 games/s (avg 0.2)  1.3M nps  ETA 01:15:11
[2026-03-28T16:00:27.212] [INFO] [selfplay:0] [SelfPlay] 674/1500 (44%)  pos=60019  W/D/B=283/121/270  (41%/17%/40%)  d5/d8  0.6 games/s (avg 0.2)  1.3M nps  ETA 01:15:37
[2026-03-28T16:00:30.446] [INFO] [selfplay:0] [SelfPlay] 675/1500 (45%)  pos=60067  W/D/B=283/122/270  (41%/18%/40%)  d5/d8  0.6 games/s (avg 0.2)  1.3M nps  ETA 01:15:32
[2026-03-28T16:00:32.328] [INFO] [selfplay:0] [SelfPlay] 676/1500 (45%)  pos=60176  W/D/B=284/122/270  (42%/18%/39%)  d5/d8  0.5 games/s (avg 0.2)  1.3M nps  ETA 01:15:25
[2026-03-28T16:00:45.377] [INFO] [selfplay:0] [SelfPlay] 677/1500 (45%)  pos=60296  W/D/B=284/123/270  (41%/18%/39%)  d5/d8  0.5 games/s (avg 0.2)  1.3M nps  ETA 01:15:04
[2026-03-28T16:00:52.945] [INFO] [selfplay:0] [SelfPlay] 678/1500 (45%)  pos=60388  W/D/B=285/123/270  (42%/18%/39%)  d5/d8  0.5 games/s (avg 0.2)  1.3M nps  ETA 01:15:14
[2026-03-28T16:00:56.129] [INFO] [selfplay:0] [SelfPlay] 679/1500 (45%)  pos=60458  W/D/B=285/123/271  (41%/18%/39%)  d5/d8  0.4 games/s (avg 0.2)  1.3M nps  ETA 01:15:14
[2026-03-28T16:00:58.402] [INFO] [selfplay:0] [SelfPlay] 680/1500 (45%)  pos=60556  W/D/B=285/123/272  (41%/18%/40%)  d5/d8  0.4 games/s (avg 0.2)  1.3M nps  ETA 01:15:08
[2026-03-28T16:00:59.100] [INFO] [selfplay:0] [SelfPlay] 681/1500 (45%)  pos=60635  W/D/B=285/124/272  (41%/18%/39%)  d5/d8  0.4 games/s (avg 0.2)  1.3M nps  ETA 01:14:59
[2026-03-28T16:00:59.710] [INFO] [selfplay:0] [SelfPlay] 682/1500 (45%)  pos=60672  W/D/B=285/125/272  (41%/18%/39%)  d5/d8  0.6 games/s (avg 0.2)  1.3M nps  ETA 01:14:49
[2026-03-28T16:01:02.063] [INFO] [selfplay:0] [SelfPlay] 683/1500 (45%)  pos=60819  W/D/B=286/125/272  (41%/18%/39%)  d5/d8  0.7 games/s (avg 0.2)  1.3M nps  ETA 01:14:35
[2026-03-28T16:01:03.594] [INFO] [selfplay:0] [SelfPlay] 684/1500 (45%)  pos=60940  W/D/B=286/126/272  (41%/18%/39%)  d5/d8  0.7 games/s (avg 0.2)  1.3M nps  ETA 01:14:28
[2026-03-28T16:01:04.246] [INFO] [selfplay:0] [SelfPlay] 685/1500 (45%)  pos=61082  W/D/B=286/126/273  (41%/18%/39%)  d5/d8  0.7 games/s (avg 0.2)  1.3M nps  ETA 01:14:17
[2026-03-28T16:01:04.596] [INFO] [selfplay:0] [SelfPlay] 686/1500 (45%)  pos=61216  W/D/B=286/126/274  (41%/18%/39%)  d5/d8  0.8 games/s (avg 0.2)  1.3M nps  ETA 01:14:07
[2026-03-28T16:01:11.718] [INFO] [selfplay:0] [SelfPlay] 687/1500 (45%)  pos=61278  W/D/B=287/126/274  (41%/18%/39%)  d5/d8  1.1 games/s (avg 0.2)  1.3M nps  ETA 01:13:49
[2026-03-28T16:01:20.343] [INFO] [selfplay:0] [SelfPlay] 688/1500 (45%)  pos=61413  W/D/B=288/126/274  (41%/18%/39%)  d5/d8  1.0 games/s (avg 0.2)  1.3M nps  ETA 01:13:43
[2026-03-28T16:01:25.679] [INFO] [selfplay:0] [SelfPlay] 689/1500 (45%)  pos=61424  W/D/B=288/126/275  (41%/18%/39%)  d5/d8  0.8 games/s (avg 0.2)  1.3M nps  ETA 01:13:45
[2026-03-28T16:01:32.032] [INFO] [selfplay:0] [SelfPlay] 690/1500 (46%)  pos=61477  W/D/B=288/127/275  (41%/18%/39%)  d5/d8  0.7 games/s (avg 0.2)  1.3M nps  ETA 01:13:38
[2026-03-28T16:01:34.961] [INFO] [selfplay:0] [SelfPlay] 691/1500 (46%)  pos=61490  W/D/B=288/127/276  (41%/18%/39%)  d5/d8  0.7 games/s (avg 0.2)  1.3M nps  ETA 01:13:38
[2026-03-28T16:01:37.587] [INFO] [selfplay:0] [SelfPlay] 692/1500 (46%)  pos=61572  W/D/B=288/127/277  (41%/18%/40%)  d5/d8  0.6 games/s (avg 0.2)  1.3M nps  ETA 01:13:29
[2026-03-28T16:01:41.727] [INFO] [selfplay:0] [SelfPlay] 693/1500 (46%)  pos=61631  W/D/B=288/127/278  (41%/18%/40%)  d5/d8  0.6 games/s (avg 0.2)  1.3M nps  ETA 01:13:19
[2026-03-28T16:01:45.324] [INFO] [selfplay:0] [SelfPlay] 694/1500 (46%)  pos=61676  W/D/B=288/128/278  (41%/18%/40%)  d5/d8  0.5 games/s (avg 0.2)  1.3M nps  ETA 01:13:12
[2026-03-28T16:01:49.149] [INFO] [selfplay:0] [SelfPlay] 695/1500 (46%)  pos=61779  W/D/B=288/128/279  (41%/18%/40%)  d5/d8  0.5 games/s (avg 0.2)  1.3M nps  ETA 01:13:05
[2026-03-28T16:01:58.657] [INFO] [selfplay:0] [SelfPlay] 696/1500 (46%)  pos=61935  W/D/B=288/129/279  (41%/18%/40%)  d5/d8  0.5 games/s (avg 0.2)  1.3M nps  ETA 01:12:52
[2026-03-28T16:02:15.740] [INFO] [selfplay:0] [SelfPlay] 697/1500 (46%)  pos=62069  W/D/B=288/129/280  (41%/18%/40%)  d5/d8  0.4 games/s (avg 0.2)  1.3M nps  ETA 01:12:44
[2026-03-28T16:02:17.366] [INFO] [selfplay:0] [SelfPlay] 698/1500 (46%)  pos=62160  W/D/B=289/129/280  (41%/18%/40%)  d5/d8  0.3 games/s (avg 0.2)  1.3M nps  ETA 01:13:06
[2026-03-28T16:02:19.833] [INFO] [selfplay:0] [SelfPlay] 699/1500 (46%)  pos=62195  W/D/B=290/129/280  (41%/18%/40%)  d5/d8  0.4 games/s (avg 0.2)  1.3M nps  ETA 01:12:57
[2026-03-28T16:02:27.154] [INFO] [selfplay:0] [SelfPlay] 700/1500 (46%)  pos=62309  W/D/B=290/129/281  (41%/18%/40%)  d5/d8  0.4 games/s (avg 0.2)  1.3M nps  ETA 01:12:42
[2026-03-28T16:02:34.174] [INFO] [selfplay:0] [SelfPlay] 701/1500 (46%)  pos=62384  W/D/B=291/129/281  (41%/18%/40%)  d5/d8  0.4 games/s (avg 0.2)  1.3M nps  ETA 01:12:39
[2026-03-28T16:02:34.308] [INFO] [selfplay:0] [SelfPlay] 702/1500 (46%)  pos=62416  W/D/B=292/129/281  (41%/18%/40%)  d5/d8  0.3 games/s (avg 0.2)  1.3M nps  ETA 01:12:43
[2026-03-28T16:02:41.091] [INFO] [selfplay:0] [SelfPlay] 703/1500 (46%)  pos=62486  W/D/B=293/129/281  (41%/18%/39%)  d5/d8  1.4 games/s (avg 0.2)  1.3M nps  ETA 01:12:24
[2026-03-28T16:02:49.066] [INFO] [selfplay:0] [SelfPlay] 704/1500 (46%)  pos=62621  W/D/B=294/129/281  (41%/18%/39%)  d5/d8  1.2 games/s (avg 0.2)  1.3M nps  ETA 01:12:19
[2026-03-28T16:02:50.978] [INFO] [selfplay:0] [SelfPlay] 705/1500 (47%)  pos=62671  W/D/B=294/130/281  (41%/18%/39%)  d5/d8  1.0 games/s (avg 0.2)  1.3M nps  ETA 01:12:22
[2026-03-28T16:02:54.513] [INFO] [selfplay:0] [SelfPlay] 706/1500 (47%)  pos=62911  W/D/B=294/131/281  (41%/18%/39%)  d5/d8  1.0 games/s (avg 0.2)  1.3M nps  ETA 01:12:11
[2026-03-28T16:03:00.376] [INFO] [selfplay:0] [SelfPlay] 707/1500 (47%)  pos=62956  W/D/B=295/131/281  (41%/18%/39%)  d5/d8  0.9 games/s (avg 0.2)  1.3M nps  ETA 01:12:01
[2026-03-28T16:03:00.579] [INFO] [selfplay:0] [SelfPlay] 708/1500 (47%)  pos=63057  W/D/B=296/131/281  (41%/18%/39%)  d5/d8  0.8 games/s (avg 0.2)  1.3M nps  ETA 01:12:02
[2026-03-28T16:03:08.992] [INFO] [selfplay:0] [SelfPlay] 709/1500 (47%)  pos=63151  W/D/B=296/131/282  (41%/18%/39%)  d5/d8  1.4 games/s (avg 0.2)  1.3M nps  ETA 01:11:42
[2026-03-28T16:03:12.264] [INFO] [selfplay:0] [SelfPlay] 710/1500 (47%)  pos=63251  W/D/B=296/131/283  (41%/18%/39%)  d5/d8  1.3 games/s (avg 0.2)  1.3M nps  ETA 01:11:46
[2026-03-28T16:03:13.581] [INFO] [selfplay:0] [SelfPlay] 711/1500 (47%)  pos=63314  W/D/B=297/131/283  (41%/18%/39%)  d5/d8  1.1 games/s (avg 0.2)  1.3M nps  ETA 01:11:40
[2026-03-28T16:03:20.663] [INFO] [selfplay:0] [SelfPlay] 712/1500 (47%)  pos=63363  W/D/B=298/131/283  (41%/18%/39%)  d5/d8  1.1 games/s (avg 0.2)  1.3M nps  ETA 01:11:24
[2026-03-28T16:03:40.754] [INFO] [selfplay:0] [SelfPlay] 713/1500 (47%)  pos=63440  W/D/B=299/131/283  (41%/18%/39%)  d5/d8  0.9 games/s (avg 0.2)  1.3M nps  ETA 01:11:07
[2026-03-28T16:03:44.763] [INFO] [selfplay:0] [SelfPlay] 714/1500 (47%)  pos=63563  W/D/B=300/131/283  (42%/18%/39%)  d5/d8  0.9 games/s (avg 0.2)  1.3M nps  ETA 01:11:34
[2026-03-28T16:03:45.064] [INFO] [selfplay:0] [SelfPlay] 715/1500 (47%)  pos=63750  W/D/B=300/132/283  (41%/18%/39%)  d5/d8  0.8 games/s (avg 0.2)  1.3M nps  ETA 01:11:30
[2026-03-28T16:03:50.641] [INFO] [selfplay:0] [SelfPlay] 716/1500 (47%)  pos=63836  W/D/B=301/132/283  (42%/18%/39%)  d5/d8  1.2 games/s (avg 0.2)  1.3M nps  ETA 01:11:15
[2026-03-28T16:03:52.904] [INFO] [selfplay:0] [SelfPlay] 717/1500 (47%)  pos=63924  W/D/B=302/132/283  (42%/18%/39%)  d5/d8  1.0 games/s (avg 0.2)  1.3M nps  ETA 01:11:13
[2026-03-28T16:04:02.514] [INFO] [selfplay:0] [SelfPlay] 718/1500 (47%)  pos=63982  W/D/B=302/132/284  (42%/18%/39%)  d5/d8  0.9 games/s (avg 0.2)  1.3M nps  ETA 01:10:56
[2026-03-28T16:04:06.473] [INFO] [selfplay:0] [SelfPlay] 719/1500 (47%)  pos=64040  W/D/B=303/132/284  (42%/18%/39%)  d5/d8  0.8 games/s (avg 0.2)  1.3M nps  ETA 01:11:01
[2026-03-28T16:04:36.068] [INFO] [selfplay:0] [SelfPlay] 720/1500 (48%)  pos=64087  W/D/B=304/132/284  (42%/18%/39%)  d5/d8  0.7 games/s (avg 0.2)  1.3M nps  ETA 01:10:28
[2026-03-28T16:04:39.607] [INFO] [selfplay:0] [SelfPlay] 721/1500 (48%)  pos=64156  W/D/B=305/132/284  (42%/18%/39%)  d5/d8  0.7 games/s (avg 0.2)  1.3M nps  ETA 01:11:15
[2026-03-28T16:04:40.943] [INFO] [selfplay:0] [SelfPlay] 722/1500 (48%)  pos=64266  W/D/B=305/132/285  (42%/18%/39%)  d5/d8  0.6 games/s (avg 0.2)  1.3M nps  ETA 01:11:10
[2026-03-28T16:04:49.724] [INFO] [selfplay:0] [SelfPlay] 723/1500 (48%)  pos=64351  W/D/B=306/132/285  (42%/18%/39%)  d5/d8  0.6 games/s (avg 0.2)  1.3M nps  ETA 01:10:52
[2026-03-28T16:04:54.437] [INFO] [selfplay:0] [SelfPlay] 724/1500 (48%)  pos=64450  W/D/B=306/133/285  (42%/18%/39%)  d5/d8  0.6 games/s (avg 0.2)  1.3M nps  ETA 01:10:54
[2026-03-28T16:04:55.226] [INFO] [selfplay:0] [SelfPlay] 725/1500 (48%)  pos=64513  W/D/B=307/133/285  (42%/18%/39%)  d5/d8  0.5 games/s (avg 0.2)  1.3M nps  ETA 01:10:51
[2026-03-28T16:04:55.745] [INFO] [selfplay:0] [SelfPlay] 726/1500 (48%)  pos=64623  W/D/B=307/133/286  (42%/18%/39%)  d5/d8  0.6 games/s (avg 0.2)  1.3M nps  ETA 01:10:42
[2026-03-28T16:04:59.015] [INFO] [selfplay:0] [SelfPlay] 727/1500 (48%)  pos=64739  W/D/B=308/133/286  (42%/18%/39%)  d5/d8  0.8 games/s (avg 0.2)  1.3M nps  ETA 01:10:27
[2026-03-28T16:05:04.749] [INFO] [selfplay:0] [SelfPlay] 728/1500 (48%)  pos=64784  W/D/B=308/134/286  (42%/18%/39%)  d5/d8  0.7 games/s (avg 0.2)  1.3M nps  ETA 01:10:18
[2026-03-28T16:05:06.585] [INFO] [selfplay:0] [SelfPlay] 729/1500 (48%)  pos=64849  W/D/B=309/134/286  (42%/18%/39%)  d5/d8  0.7 games/s (avg 0.2)  1.3M nps  ETA 01:10:16
[2026-03-28T16:05:10.953] [INFO] [selfplay:0] [SelfPlay] 730/1500 (48%)  pos=64922  W/D/B=310/134/286  (42%/18%/39%)  d5/d8  0.6 games/s (avg 0.2)  1.3M nps  ETA 01:10:05
[2026-03-28T16:05:17.453] [INFO] [selfplay:0] [SelfPlay] 731/1500 (48%)  pos=64961  W/D/B=310/134/287  (42%/18%/39%)  d5/d8  0.6 games/s (avg 0.2)  1.3M nps  ETA 01:09:55
[2026-03-28T16:05:18.338] [INFO] [selfplay:0] [SelfPlay] 732/1500 (48%)  pos=65039  W/D/B=310/134/288  (42%/18%/39%)  d5/d8  0.5 games/s (avg 0.2)  1.3M nps  ETA 01:09:57
[2026-03-28T16:05:20.883] [INFO] [selfplay:0] [SelfPlay] 733/1500 (48%)  pos=65132  W/D/B=311/134/288  (42%/18%/39%)  d5/d8  0.6 games/s (avg 0.2)  1.3M nps  ETA 01:09:46
[2026-03-28T16:05:21.509] [INFO] [selfplay:0] [SelfPlay] 734/1500 (48%)  pos=65224  W/D/B=311/134/289  (42%/18%/39%)  d5/d8  0.6 games/s (avg 0.2)  1.3M nps  ETA 01:09:38
[2026-03-28T16:05:34.803] [INFO] [selfplay:0] [SelfPlay] 735/1500 (49%)  pos=65269  W/D/B=311/135/289  (42%/18%/39%)  d5/d8  0.7 games/s (avg 0.2)  1.3M nps  ETA 01:09:16
[2026-03-28T16:05:40.234] [INFO] [selfplay:0] [SelfPlay] 736/1500 (49%)  pos=65381  W/D/B=311/135/290  (42%/18%/39%)  d5/d8  0.6 games/s (avg 0.2)  1.3M nps  ETA 01:09:25
[2026-03-28T16:05:40.796] [INFO] [selfplay:0] [SelfPlay] 737/1500 (49%)  pos=65486  W/D/B=311/135/291  (42%/18%/39%)  d5/d8  0.6 games/s (avg 0.2)  1.3M nps  ETA 01:09:26
[2026-03-28T16:05:55.421] [INFO] [selfplay:0] [SelfPlay] 738/1500 (49%)  pos=65645  W/D/B=311/136/291  (42%/18%/39%)  d5/d8  0.7 games/s (avg 0.2)  1.3M nps  ETA 01:09:00
[2026-03-28T16:05:58.589] [INFO] [selfplay:0] [SelfPlay] 739/1500 (49%)  pos=65682  W/D/B=311/137/291  (42%/18%/39%)  d5/d8  0.7 games/s (avg 0.2)  1.3M nps  ETA 01:09:16
[2026-03-28T16:06:00.731] [INFO] [selfplay:0] [SelfPlay] 740/1500 (49%)  pos=65744  W/D/B=311/137/292  (42%/18%/39%)  d5/d8  0.6 games/s (avg 0.2)  1.3M nps  ETA 01:09:09
[2026-03-28T16:06:12.170] [INFO] [selfplay:0] [SelfPlay] 741/1500 (49%)  pos=65869  W/D/B=311/138/292  (41%/18%/39%)  d5/d8  0.6 games/s (avg 0.2)  1.3M nps  ETA 01:08:51
[2026-03-28T16:06:12.284] [INFO] [selfplay:0] [SelfPlay] 742/1500 (49%)  pos=65963  W/D/B=312/138/292  (42%/18%/39%)  d5/d8  0.5 games/s (avg 0.2)  1.3M nps  ETA 01:09:03
[2026-03-28T16:06:18.159] [INFO] [selfplay:0] [SelfPlay] 743/1500 (49%)  pos=66019  W/D/B=312/138/293  (41%/18%/39%)  d5/d8  1.8 games/s (avg 0.2)  1.3M nps  ETA 01:08:46
[2026-03-28T16:06:18.752] [INFO] [selfplay:0] [SelfPlay] 744/1500 (49%)  pos=66061  W/D/B=312/138/294  (41%/18%/39%)  d5/d8  1.6 games/s (avg 0.2)  1.3M nps  ETA 01:08:47
[2026-03-28T16:06:23.645] [INFO] [selfplay:0] [SelfPlay] 745/1500 (49%)  pos=66161  W/D/B=313/138/294  (42%/18%/39%)  d5/d8  1.6 games/s (avg 0.2)  1.3M nps  ETA 01:08:32
[2026-03-28T16:06:33.790] [INFO] [selfplay:0] [SelfPlay] 746/1500 (49%)  pos=66252  W/D/B=314/138/294  (42%/18%/39%)  d5/d8  1.4 games/s (avg 0.2)  1.3M nps  ETA 01:08:21
[2026-03-28T16:06:34.103] [INFO] [selfplay:0] [SelfPlay] 747/1500 (49%)  pos=66338  W/D/B=315/138/294  (42%/18%/39%)  d5/d8  1.3 games/s (avg 0.2)  1.3M nps  ETA 01:08:29
[2026-03-28T16:06:35.677] [INFO] [selfplay:0] [SelfPlay] 748/1500 (49%)  pos=66442  W/D/B=315/138/295  (42%/18%/39%)  d5/d8  1.6 games/s (avg 0.2)  1.3M nps  ETA 01:08:18
[2026-03-28T16:06:38.720] [INFO] [selfplay:0] [SelfPlay] 749/1500 (49%)  pos=66557  W/D/B=316/138/295  (42%/18%/39%)  d5/d8  1.5 games/s (avg 0.2)  1.3M nps  ETA 01:08:07
[2026-03-28T16:06:39.840] [INFO] [selfplay:0] [SelfPlay] 750/1500 (50%)  pos=66600  W/D/B=316/139/295  (42%/18%/39%)  d5/d8  1.3 games/s (avg 0.2)  1.3M nps  ETA 01:08:01
[2026-03-28T16:06:46.914] [INFO] [selfplay:0] [SelfPlay] 751/1500 (50%)  pos=66657  W/D/B=317/139/295  (42%/18%/39%)  d5/d8  1.2 games/s (avg 0.2)  1.3M nps  ETA 01:07:46
[2026-03-28T16:06:52.136] [INFO] [selfplay:0] [SelfPlay] 752/1500 (50%)  pos=66814  W/D/B=317/139/296  (42%/18%/39%)  d5/d8  1.1 games/s (avg 0.2)  1.3M nps  ETA 01:07:43
[2026-03-28T16:06:52.517] [INFO] [selfplay:0] [SelfPlay] 753/1500 (50%)  pos=66878  W/D/B=317/139/297  (42%/18%/39%)  d5/d8  0.9 games/s (avg 0.2)  1.3M nps  ETA 01:07:43
[2026-03-28T16:06:55.091] [INFO] [selfplay:0] [SelfPlay] 754/1500 (50%)  pos=66923  W/D/B=318/139/297  (42%/18%/39%)  d5/d8  1.2 games/s (avg 0.2)  1.3M nps  ETA 01:07:30
[2026-03-28T16:06:57.242] [INFO] [selfplay:0] [SelfPlay] 755/1500 (50%)  pos=66978  W/D/B=318/139/298  (42%/18%/39%)  d5/d8  1.1 games/s (avg 0.2)  1.3M nps  ETA 01:07:22
[2026-03-28T16:07:00.352] [INFO] [selfplay:0] [SelfPlay] 756/1500 (50%)  pos=67035  W/D/B=318/140/298  (42%/18%/39%)  d5/d8  1.0 games/s (avg 0.2)  1.3M nps  ETA 01:07:13
[2026-03-28T16:07:04.926] [INFO] [selfplay:0] [SelfPlay] 757/1500 (50%)  pos=67097  W/D/B=318/141/298  (42%/18%/39%)  d5/d8  0.9 games/s (avg 0.2)  1.3M nps  ETA 01:07:04
[2026-03-28T16:07:06.099] [INFO] [selfplay:0] [SelfPlay] 758/1500 (50%)  pos=67150  W/D/B=318/141/299  (41%/18%/39%)  d5/d8  0.8 games/s (avg 0.2)  1.3M nps  ETA 01:07:00
[2026-03-28T16:07:14.806] [INFO] [selfplay:0] [SelfPlay] 759/1500 (50%)  pos=67265  W/D/B=318/142/299  (41%/18%/39%)  d5/d8  0.8 games/s (avg 0.2)  1.3M nps  ETA 01:06:44
[2026-03-28T16:07:27.353] [INFO] [selfplay:0] [SelfPlay] 760/1500 (50%)  pos=67316  W/D/B=318/142/300  (41%/18%/39%)  d5/d8  0.7 games/s (avg 0.2)  1.3M nps  ETA 01:06:37
[2026-03-28T16:07:27.447] [INFO] [selfplay:0] [SelfPlay] 761/1500 (50%)  pos=67334  W/D/B=319/142/300  (41%/18%/39%)  d5/d8  0.6 games/s (avg 0.2)  1.2M nps  ETA 01:06:51
[2026-03-28T16:07:31.008] [INFO] [selfplay:0] [SelfPlay] 762/1500 (50%)  pos=67452  W/D/B=320/142/300  (41%/18%/39%)  d5/d8  2.1 games/s (avg 0.2)  1.3M nps  ETA 01:06:37
[2026-03-28T16:07:34.331] [INFO] [selfplay:0] [SelfPlay] 763/1500 (50%)  pos=67588  W/D/B=321/142/300  (42%/18%/39%)  d5/d8  1.8 games/s (avg 0.2)  1.3M nps  ETA 01:06:31
[2026-03-28T16:07:36.106] [INFO] [selfplay:0] [SelfPlay] 764/1500 (50%)  pos=67651  W/D/B=321/142/301  (42%/18%/39%)  d5/d8  1.6 games/s (avg 0.2)  1.2M nps  ETA 01:06:24
[2026-03-28T16:07:46.854] [INFO] [selfplay:0] [SelfPlay] 765/1500 (51%)  pos=67782  W/D/B=321/143/301  (41%/18%/39%)  d5/d8  1.4 games/s (avg 0.2)  1.2M nps  ETA 01:06:07
[2026-03-28T16:07:52.881] [INFO] [selfplay:0] [SelfPlay] 766/1500 (51%)  pos=67868  W/D/B=321/143/302  (41%/18%/39%)  d5/d8  1.3 games/s (avg 0.2)  1.2M nps  ETA 01:06:11
[2026-03-28T16:07:56.731] [INFO] [selfplay:0] [SelfPlay] 767/1500 (51%)  pos=67899  W/D/B=321/143/303  (41%/18%/39%)  d5/d8  1.2 games/s (avg 0.2)  1.2M nps  ETA 01:06:08
[2026-03-28T16:08:00.390] [INFO] [selfplay:0] [SelfPlay] 768/1500 (51%)  pos=68008  W/D/B=322/143/303  (41%/18%/39%)  d5/d8  1.0 games/s (avg 0.2)  1.2M nps  ETA 01:06:01
[2026-03-28T16:08:00.585] [INFO] [selfplay:0] [SelfPlay] 769/1500 (51%)  pos=68114  W/D/B=322/143/304  (41%/18%/39%)  d5/d8  0.9 games/s (avg 0.2)  1.2M nps  ETA 01:05:58
[2026-03-28T16:08:11.399] [INFO] [selfplay:0] [SelfPlay] 770/1500 (51%)  pos=68230  W/D/B=322/143/305  (41%/18%/39%)  d5/d8  1.5 games/s (avg 0.2)  1.2M nps  ETA 01:05:37
[2026-03-28T16:08:12.532] [INFO] [selfplay:0] [SelfPlay] 771/1500 (51%)  pos=68340  W/D/B=323/143/305  (41%/18%/39%)  d5/d8  1.4 games/s (avg 0.2)  1.2M nps  ETA 01:05:46
[2026-03-28T16:08:15.851] [INFO] [selfplay:0] [SelfPlay] 772/1500 (51%)  pos=68420  W/D/B=324/143/305  (41%/18%/39%)  d5/d8  1.3 games/s (avg 0.2)  1.3M nps  ETA 01:05:35
[2026-03-28T16:08:17.428] [INFO] [selfplay:0] [SelfPlay] 773/1500 (51%)  pos=68515  W/D/B=324/144/305  (41%/18%/39%)  d5/d8  1.2 games/s (avg 0.2)  1.2M nps  ETA 01:05:29
[2026-03-28T16:08:21.736] [INFO] [selfplay:0] [SelfPlay] 774/1500 (51%)  pos=68602  W/D/B=325/144/305  (41%/18%/39%)  d5/d8  1.1 games/s (avg 0.2)  1.3M nps  ETA 01:05:18
[2026-03-28T16:08:27.232] [INFO] [selfplay:0] [SelfPlay] 775/1500 (51%)  pos=68804  W/D/B=325/145/305  (41%/18%/39%)  d5/d8  1.0 games/s (avg 0.2)  1.2M nps  ETA 01:05:09
[2026-03-28T16:08:29.036] [INFO] [selfplay:0] [SelfPlay] 776/1500 (51%)  pos=68849  W/D/B=325/146/305  (41%/18%/39%)  d5/d8  0.9 games/s (avg 0.2)  1.2M nps  ETA 01:05:08
[2026-03-28T16:08:55.534] [INFO] [selfplay:0] [SelfPlay] 777/1500 (51%)  pos=68988  W/D/B=326/146/305  (41%/18%/39%)  d5/d8  0.8 games/s (avg 0.2)  1.2M nps  ETA 01:04:35
[2026-03-28T16:08:57.444] [INFO] [selfplay:0] [SelfPlay] 778/1500 (51%)  pos=69199  W/D/B=326/146/306  (41%/18%/39%)  d5/d8  0.8 games/s (avg 0.2)  1.3M nps  ETA 01:05:13
[2026-03-28T16:08:58.193] [INFO] [selfplay:0] [SelfPlay] 779/1500 (51%)  pos=69297  W/D/B=326/146/307  (41%/18%/39%)  d5/d8  0.7 games/s (avg 0.2)  1.3M nps  ETA 01:05:06
[2026-03-28T16:09:03.172] [INFO] [selfplay:0] [SelfPlay] 780/1500 (52%)  pos=69360  W/D/B=326/146/308  (41%/18%/39%)  d5/d8  0.8 games/s (avg 0.2)  1.3M nps  ETA 01:04:52
[2026-03-28T16:09:09.553] [INFO] [selfplay:0] [SelfPlay] 781/1500 (52%)  pos=69470  W/D/B=327/146/308  (41%/18%/39%)  d5/d8  0.7 games/s (avg 0.2)  1.3M nps  ETA 01:04:45
[2026-03-28T16:09:13.115] [INFO] [selfplay:0] [SelfPlay] 782/1500 (52%)  pos=69547  W/D/B=327/146/309  (41%/18%/39%)  d5/d8  0.6 games/s (avg 0.2)  1.3M nps  ETA 01:04:43
[2026-03-28T16:09:17.128] [INFO] [selfplay:0] [SelfPlay] 783/1500 (52%)  pos=69653  W/D/B=327/147/309  (41%/18%/39%)  d5/d8  0.6 games/s (avg 0.2)  1.3M nps  ETA 01:04:35
[2026-03-28T16:09:20.680] [INFO] [selfplay:0] [SelfPlay] 784/1500 (52%)  pos=69723  W/D/B=327/148/309  (41%/18%/39%)  d5/d8  0.5 games/s (avg 0.2)  1.3M nps  ETA 01:04:30
[2026-03-28T16:09:22.757] [INFO] [selfplay:0] [SelfPlay] 785/1500 (52%)  pos=69785  W/D/B=327/148/310  (41%/18%/39%)  d5/d8  0.5 games/s (avg 0.2)  1.3M nps  ETA 01:04:24
[2026-03-28T16:09:27.165] [INFO] [selfplay:0] [SelfPlay] 786/1500 (52%)  pos=69821  W/D/B=328/148/310  (41%/18%/39%)  d5/d8  0.5 games/s (avg 0.2)  1.3M nps  ETA 01:04:12
[2026-03-28T16:09:37.773] [INFO] [selfplay:0] [SelfPlay] 787/1500 (52%)  pos=69975  W/D/B=328/148/311  (41%/18%/39%)  d5/d8  0.5 games/s (avg 0.2)  1.3M nps  ETA 01:04:01
[2026-03-28T16:09:52.047] [INFO] [selfplay:0] [SelfPlay] 788/1500 (52%)  pos=70102  W/D/B=328/148/312  (41%/18%/39%)  d5/d8  0.4 games/s (avg 0.2)  1.2M nps  ETA 01:03:55
[2026-03-28T16:09:57.503] [INFO] [selfplay:0] [SelfPlay] 789/1500 (52%)  pos=70148  W/D/B=328/148/313  (41%/18%/39%)  d5/d8  0.3 games/s (avg 0.2)  1.2M nps  ETA 01:04:08
[2026-03-28T16:10:03.594] [INFO] [selfplay:0] [SelfPlay] 790/1500 (52%)  pos=70303  W/D/B=329/148/313  (41%/18%/39%)  d5/d8  0.3 games/s (avg 0.2)  1.2M nps  ETA 01:04:01
[2026-03-28T16:10:11.328] [INFO] [selfplay:0] [SelfPlay] 791/1500 (52%)  pos=70423  W/D/B=329/148/314  (41%/18%/39%)  d5/d8  0.3 games/s (avg 0.2)  1.2M nps  ETA 01:03:55
[2026-03-28T16:10:13.145] [INFO] [selfplay:0] [SelfPlay] 792/1500 (52%)  pos=70463  W/D/B=330/148/314  (41%/18%/39%)  d5/d8  0.3 games/s (avg 0.2)  1.2M nps  ETA 01:03:57
[2026-03-28T16:10:26.093] [INFO] [selfplay:0] [SelfPlay] 793/1500 (52%)  pos=70582  W/D/B=331/148/314  (41%/18%/39%)  d5/d8  0.3 games/s (avg 0.2)  1.2M nps  ETA 01:03:38
[2026-03-28T16:10:34.183] [INFO] [selfplay:0] [SelfPlay] 794/1500 (52%)  pos=70638  W/D/B=332/148/314  (41%/18%/39%)  d5/d8  0.3 games/s (avg 0.2)  1.2M nps  ETA 01:03:44
[2026-03-28T16:10:36.786] [INFO] [selfplay:0] [SelfPlay] 795/1500 (53%)  pos=70716  W/D/B=333/148/314  (41%/18%/39%)  d5/d8  0.3 games/s (avg 0.2)  1.2M nps  ETA 01:03:47
[2026-03-28T16:10:38.192] [INFO] [selfplay:0] [SelfPlay] 796/1500 (53%)  pos=70817  W/D/B=333/148/315  (41%/18%/39%)  d5/d8  0.3 games/s (avg 0.2)  1.2M nps  ETA 01:03:39
[2026-03-28T16:10:38.201] [INFO] [selfplay:0] [SelfPlay] 797/1500 (53%)  pos=70893  W/D/B=333/148/316  (41%/18%/39%)  d5/d8  0.3 games/s (avg 0.2)  1.2M nps  ETA 01:03:32
[2026-03-28T16:10:41.631] [INFO] [selfplay:0] [SelfPlay] 798/1500 (53%)  pos=70954  W/D/B=333/149/316  (41%/18%/39%)  d5/d8  17.1 games/s (avg 0.2)  1.2M nps  ETA 01:03:19
[2026-03-28T16:10:48.359] [INFO] [selfplay:0] [SelfPlay] 799/1500 (53%)  pos=71091  W/D/B=333/149/317  (41%/18%/39%)  d5/d8  15.8 games/s (avg 0.2)  1.2M nps  ETA 01:03:08
[2026-03-28T16:11:00.896] [INFO] [selfplay:0] [SelfPlay] 800/1500 (53%)  pos=71168  W/D/B=333/149/318  (41%/18%/39%)  d5/d8  14.6 games/s (avg 0.2)  1.2M nps  ETA 01:02:58
[2026-03-28T16:11:02.015] [INFO] [selfplay:0] [SelfPlay] 801/1500 (53%)  pos=71219  W/D/B=334/149/318  (41%/18%/39%)  d5/d8  13.5 games/s (avg 0.2)  1.2M nps  ETA 01:03:09
[2026-03-28T16:11:08.250] [INFO] [selfplay:0] [SelfPlay] 802/1500 (53%)  pos=71349  W/D/B=334/149/319  (41%/18%/39%)  d5/d8  12.5 games/s (avg 0.2)  1.2M nps  ETA 01:02:56
[2026-03-28T16:11:13.165] [INFO] [selfplay:0] [SelfPlay] 803/1500 (53%)  pos=71555  W/D/B=334/150/319  (41%/18%/39%)  d5/d8  11.6 games/s (avg 0.2)  1.2M nps  ETA 01:02:52
[2026-03-28T16:11:20.718] [INFO] [selfplay:0] [SelfPlay] 804/1500 (53%)  pos=71658  W/D/B=334/151/319  (41%/18%/39%)  d5/d8  10.7 games/s (avg 0.2)  1.2M nps  ETA 01:02:44
[2026-03-28T16:11:25.014] [INFO] [selfplay:0] [SelfPlay] 805/1500 (53%)  pos=71715  W/D/B=334/151/320  (41%/18%/39%)  d5/d8  9.9 games/s (avg 0.2)  1.2M nps  ETA 01:02:43
[2026-03-28T16:11:29.125] [INFO] [selfplay:0] [SelfPlay] 806/1500 (53%)  pos=71820  W/D/B=335/151/320  (41%/18%/39%)  d5/d8  9.1 games/s (avg 0.2)  1.2M nps  ETA 01:02:37
[2026-03-28T16:11:30.155] [INFO] [selfplay:0] [SelfPlay] 807/1500 (53%)  pos=71878  W/D/B=335/152/320  (41%/18%/39%)  d5/d8  8.5 games/s (avg 0.2)  1.2M nps  ETA 01:02:34
[2026-03-28T16:11:36.932] [INFO] [selfplay:0] [SelfPlay] 808/1500 (53%)  pos=71933  W/D/B=336/152/320  (41%/18%/39%)  d5/d8  7.3 games/s (avg 0.2)  1.2M nps  ETA 01:02:20
[2026-03-28T16:11:53.405] [INFO] [selfplay:0] [SelfPlay] 809/1500 (53%)  pos=72001  W/D/B=336/152/321  (41%/18%/39%)  d5/d8  6.8 games/s (avg 0.2)  1.2M nps  ETA 01:02:04
[2026-03-28T16:11:59.468] [INFO] [selfplay:0] [SelfPlay] 810/1500 (54%)  pos=72055  W/D/B=336/152/322  (41%/18%/39%)  d5/d8  6.3 games/s (avg 0.2)  1.3M nps  ETA 01:02:19
[2026-03-28T16:12:02.307] [INFO] [selfplay:0] [SelfPlay] 811/1500 (54%)  pos=72157  W/D/B=336/152/323  (41%/18%/39%)  d5/d8  5.8 games/s (avg 0.2)  1.3M nps  ETA 01:02:18
[2026-03-28T16:12:09.216] [INFO] [selfplay:0] [SelfPlay] 812/1500 (54%)  pos=72294  W/D/B=337/152/323  (41%/18%/39%)  d5/d8  5.4 games/s (avg 0.2)  1.3M nps  ETA 01:02:06
[2026-03-28T16:12:10.408] [INFO] [selfplay:0] [SelfPlay] 813/1500 (54%)  pos=72438  W/D/B=338/152/323  (41%/18%/39%)  d5/d8  5.0 games/s (avg 0.2)  1.3M nps  ETA 01:02:08
[2026-03-28T16:12:16.603] [INFO] [selfplay:0] [SelfPlay] 814/1500 (54%)  pos=72531  W/D/B=338/152/324  (41%/18%/39%)  d5/d8  4.3 games/s (avg 0.2)  1.3M nps  ETA 01:01:54
[2026-03-28T16:12:18.091] [INFO] [selfplay:0] [SelfPlay] 815/1500 (54%)  pos=72591  W/D/B=338/152/325  (41%/18%/39%)  d5/d8  4.0 games/s (avg 0.2)  1.3M nps  ETA 01:01:53
[2026-03-28T16:12:30.261] [INFO] [selfplay:0] [SelfPlay] 816/1500 (54%)  pos=72681  W/D/B=338/152/326  (41%/18%/39%)  d5/d8  3.5 games/s (avg 0.2)  1.3M nps  ETA 01:01:34
[2026-03-28T16:12:32.806] [INFO] [selfplay:0] [SelfPlay] 817/1500 (54%)  pos=72731  W/D/B=338/152/327  (41%/18%/40%)  d5/d8  3.3 games/s (avg 0.2)  1.3M nps  ETA 01:01:45
[2026-03-28T16:12:33.561] [INFO] [selfplay:0] [SelfPlay] 818/1500 (54%)  pos=72851  W/D/B=338/152/328  (41%/18%/40%)  d5/d8  2.8 games/s (avg 0.2)  1.3M nps  ETA 01:01:38
[2026-03-28T16:12:40.024] [INFO] [selfplay:0] [SelfPlay] 819/1500 (54%)  pos=73001  W/D/B=338/153/328  (41%/18%/40%)  d5/d8  2.6 games/s (avg 0.2)  1.3M nps  ETA 01:01:22
[2026-03-28T16:12:44.466] [INFO] [selfplay:0] [SelfPlay] 820/1500 (54%)  pos=73165  W/D/B=339/153/328  (41%/18%/40%)  d5/d8  2.4 games/s (avg 0.2)  1.3M nps  ETA 01:01:21
[2026-03-28T16:13:12.871] [INFO] [selfplay:0] [SelfPlay] 821/1500 (54%)  pos=73227  W/D/B=339/154/328  (41%/18%/39%)  d5/d8  2.2 games/s (avg 0.2)  1.3M nps  ETA 01:00:51
[2026-03-28T16:13:17.645] [INFO] [selfplay:0] [SelfPlay] 822/1500 (54%)  pos=73336  W/D/B=340/154/328  (41%/18%/39%)  d5/d8  2.1 games/s (avg 0.2)  1.3M nps  ETA 01:01:27
[2026-03-28T16:13:18.666] [INFO] [selfplay:0] [SelfPlay] 823/1500 (54%)  pos=73402  W/D/B=341/154/328  (41%/18%/39%)  d5/d8  1.8 games/s (avg 0.2)  1.3M nps  ETA 01:01:25
[2026-03-28T16:13:19.064] [INFO] [selfplay:0] [SelfPlay] 824/1500 (54%)  pos=73468  W/D/B=342/154/328  (41%/18%/39%)  d5/d8  1.7 games/s (avg 0.2)  1.3M nps  ETA 01:01:16
[2026-03-28T16:13:36.900] [INFO] [selfplay:0] [SelfPlay] 825/1500 (55%)  pos=73521  W/D/B=343/154/328  (41%/18%/39%)  d5/d8  1.8 games/s (avg 0.2)  1.3M nps  ETA 01:00:50
[2026-03-28T16:13:49.570] [INFO] [selfplay:0] [SelfPlay] 826/1500 (55%)  pos=73654  W/D/B=343/155/328  (41%/18%/39%)  d5/d8  1.7 games/s (avg 0.2)  1.3M nps  ETA 01:00:59
[2026-03-28T16:13:51.215] [INFO] [selfplay:0] [SelfPlay] 827/1500 (55%)  pos=73700  W/D/B=344/155/328  (41%/18%/39%)  d5/d8  1.5 games/s (avg 0.2)  1.3M nps  ETA 01:01:11
[2026-03-28T16:13:51.486] [INFO] [selfplay:0] [SelfPlay] 828/1500 (55%)  pos=73808  W/D/B=345/155/328  (41%/18%/39%)  d5/d8  1.4 games/s (avg 0.2)  1.3M nps  ETA 01:01:04
[2026-03-28T16:13:52.499] [INFO] [selfplay:0] [SelfPlay] 829/1500 (55%)  pos=73920  W/D/B=346/155/328  (41%/18%/39%)  d5/d8  1.7 games/s (avg 0.2)  1.3M nps  ETA 01:00:53
[2026-03-28T16:13:57.281] [INFO] [selfplay:0] [SelfPlay] 830/1500 (55%)  pos=74049  W/D/B=346/155/329  (41%/18%/39%)  d5/d8  1.6 games/s (avg 0.2)  1.3M nps  ETA 01:00:40
[2026-03-28T16:14:06.055] [INFO] [selfplay:0] [SelfPlay] 831/1500 (55%)  pos=74130  W/D/B=347/155/329  (41%/18%/39%)  d5/d8  1.4 games/s (avg 0.2)  1.3M nps  ETA 01:00:30
[2026-03-28T16:14:08.681] [INFO] [selfplay:0] [SelfPlay] 832/1500 (55%)  pos=74182  W/D/B=348/155/329  (41%/18%/39%)  d5/d8  1.3 games/s (avg 0.2)  1.3M nps  ETA 01:00:35
[2026-03-28T16:14:11.445] [INFO] [selfplay:0] [SelfPlay] 833/1500 (55%)  pos=74296  W/D/B=348/155/330  (41%/18%/39%)  d5/d8  1.2 games/s (avg 0.2)  1.3M nps  ETA 01:00:26
[2026-03-28T16:14:16.995] [INFO] [selfplay:0] [SelfPlay] 834/1500 (55%)  pos=74358  W/D/B=348/155/331  (41%/18%/39%)  d5/d8  1.0 games/s (avg 0.2)  1.3M nps  ETA 01:00:15
[2026-03-28T16:14:17.329] [INFO] [selfplay:0] [SelfPlay] 835/1500 (55%)  pos=74462  W/D/B=349/155/331  (41%/18%/39%)  d5/d8  0.9 games/s (avg 0.2)  1.3M nps  ETA 01:00:16
[2026-03-28T16:14:27.500] [INFO] [selfplay:0] [SelfPlay] 836/1500 (55%)  pos=74541  W/D/B=349/155/332  (41%/18%/39%)  d5/d8  1.2 games/s (avg 0.2)  1.3M nps  ETA 00:59:57
[2026-03-28T16:14:33.027] [INFO] [selfplay:0] [SelfPlay] 837/1500 (55%)  pos=74646  W/D/B=350/155/332  (41%/18%/39%)  d5/d8  1.1 games/s (avg 0.2)  1.3M nps  ETA 00:59:59
[2026-03-28T16:14:35.479] [INFO] [selfplay:0] [SelfPlay] 838/1500 (55%)  pos=74685  W/D/B=350/156/332  (41%/18%/39%)  d5/d8  1.0 games/s (avg 0.2)  1.3M nps  ETA 00:59:57
[2026-03-28T16:14:37.096] [INFO] [selfplay:0] [SelfPlay] 839/1500 (55%)  pos=74767  W/D/B=351/156/332  (41%/18%/39%)  d5/d8  0.9 games/s (avg 0.2)  1.3M nps  ETA 00:59:50
[2026-03-28T16:14:42.426] [INFO] [selfplay:0] [SelfPlay] 840/1500 (56%)  pos=74858  W/D/B=351/156/333  (41%/18%/39%)  d5/d8  0.9 games/s (avg 0.2)  1.3M nps  ETA 00:59:38
[2026-03-28T16:15:00.457] [INFO] [selfplay:0] [SelfPlay] 841/1500 (56%)  pos=74915  W/D/B=351/156/334  (41%/18%/39%)  d5/d8  0.8 games/s (avg 0.2)  1.3M nps  ETA 00:59:20
[2026-03-28T16:15:15.440] [INFO] [selfplay:0] [SelfPlay] 842/1500 (56%)  pos=75083  W/D/B=352/156/334  (41%/18%/39%)  d5/d8  0.7 games/s (avg 0.2)  1.3M nps  ETA 00:59:27
[2026-03-28T16:15:16.071] [INFO] [selfplay:0] [SelfPlay] 843/1500 (56%)  pos=75119  W/D/B=352/157/334  (41%/18%/39%)  d5/d8  0.7 games/s (avg 0.2)  1.3M nps  ETA 00:59:43
[2026-03-28T16:15:16.819] [INFO] [selfplay:0] [SelfPlay] 844/1500 (56%)  pos=75306  W/D/B=352/158/334  (41%/18%/39%)  d5/d8  0.8 games/s (avg 0.2)  1.3M nps  ETA 00:59:35
[2026-03-28T16:15:20.658] [INFO] [selfplay:0] [SelfPlay] 845/1500 (56%)  pos=75421  W/D/B=353/158/334  (41%/18%/39%)  d5/d8  0.9 games/s (avg 0.2)  1.3M nps  ETA 00:59:22
[2026-03-28T16:15:29.127] [INFO] [selfplay:0] [SelfPlay] 846/1500 (56%)  pos=75533  W/D/B=354/158/334  (41%/18%/39%)  d5/d8  0.8 games/s (avg 0.2)  1.3M nps  ETA 00:59:10
[2026-03-28T16:15:31.404] [INFO] [selfplay:0] [SelfPlay] 847/1500 (56%)  pos=75595  W/D/B=354/158/335  (41%/18%/39%)  d5/d8  0.7 games/s (avg 0.2)  1.3M nps  ETA 00:59:14
[2026-03-28T16:15:35.622] [INFO] [selfplay:0] [SelfPlay] 848/1500 (56%)  pos=75636  W/D/B=354/158/336  (41%/18%/39%)  d5/d8  0.6 games/s (avg 0.2)  1.3M nps  ETA 00:59:04
[2026-03-28T16:15:38.761] [INFO] [selfplay:0] [SelfPlay] 849/1500 (56%)  pos=75742  W/D/B=355/158/336  (41%/18%/39%)  d5/d8  0.6 games/s (avg 0.2)  1.3M nps  ETA 00:58:59
[2026-03-28T16:15:38.935] [INFO] [selfplay:0] [SelfPlay] 850/1500 (56%)  pos=75771  W/D/B=355/158/337  (41%/18%/39%)  d5/d8  0.5 games/s (avg 0.2)  1.3M nps  ETA 00:58:55
[2026-03-28T16:15:53.572] [INFO] [selfplay:0] [SelfPlay] 851/1500 (56%)  pos=75907  W/D/B=356/158/337  (41%/18%/39%)  d5/d8  1.3 games/s (avg 0.2)  1.3M nps  ETA 00:58:30
[2026-03-28T16:15:57.485] [INFO] [selfplay:0] [SelfPlay] 852/1500 (56%)  pos=76005  W/D/B=357/158/337  (41%/18%/39%)  d5/d8  1.2 games/s (avg 0.2)  1.3M nps  ETA 00:58:43
[2026-03-28T16:16:13.637] [INFO] [selfplay:0] [SelfPlay] 853/1500 (56%)  pos=76092  W/D/B=358/158/337  (41%/18%/39%)  d5/d8  1.1 games/s (avg 0.2)  1.3M nps  ETA 00:58:24
[2026-03-28T16:16:20.219] [INFO] [selfplay:0] [SelfPlay] 854/1500 (56%)  pos=76226  W/D/B=358/158/338  (41%/18%/39%)  d5/d8  1.0 games/s (avg 0.2)  1.3M nps  ETA 00:58:36
[2026-03-28T16:16:23.366] [INFO] [selfplay:0] [SelfPlay] 855/1500 (57%)  pos=76262  W/D/B=358/159/338  (41%/18%/39%)  d5/d8  0.9 games/s (avg 0.2)  1.3M nps  ETA 00:58:35
[2026-03-28T16:16:23.997] [INFO] [selfplay:0] [SelfPlay] 856/1500 (57%)  pos=76330  W/D/B=359/159/338  (41%/18%/39%)  d5/d8  0.8 games/s (avg 0.2)  1.3M nps  ETA 00:58:30
[2026-03-28T16:16:32.911] [INFO] [selfplay:0] [SelfPlay] 857/1500 (57%)  pos=76427  W/D/B=359/160/338  (41%/18%/39%)  d5/d8  0.9 games/s (avg 0.2)  1.3M nps  ETA 00:58:14
[2026-03-28T16:16:40.745] [INFO] [selfplay:0] [SelfPlay] 858/1500 (57%)  pos=76489  W/D/B=360/160/338  (41%/18%/39%)  d5/d8  0.8 games/s (avg 0.2)  1.3M nps  ETA 00:58:11
[2026-03-28T16:16:43.036] [INFO] [selfplay:0] [SelfPlay] 859/1500 (57%)  pos=76519  W/D/B=360/160/339  (41%/18%/39%)  d5/d8  0.7 games/s (avg 0.2)  1.3M nps  ETA 00:58:12
[2026-03-28T16:17:08.499] [INFO] [selfplay:0] [SelfPlay] 860/1500 (57%)  pos=76553  W/D/B=360/160/340  (41%/18%/39%)  d5/d8  0.7 games/s (avg 0.2)  1.3M nps  ETA 00:57:43
[2026-03-28T16:17:12.649] [INFO] [selfplay:0] [SelfPlay] 861/1500 (57%)  pos=76647  W/D/B=361/160/340  (41%/18%/39%)  d5/d8  0.6 games/s (avg 0.2)  1.3M nps  ETA 00:58:13
[2026-03-28T16:17:28.876] [INFO] [selfplay:0] [SelfPlay] 862/1500 (57%)  pos=76702  W/D/B=362/160/340  (41%/18%/39%)  d5/d8  0.5 games/s (avg 0.2)  1.3M nps  ETA 00:57:55
[2026-03-28T16:17:30.043] [INFO] [selfplay:0] [SelfPlay] 863/1500 (57%)  pos=76758  W/D/B=362/160/341  (41%/18%/39%)  d5/d8  0.5 games/s (avg 0.2)  1.3M nps  ETA 00:58:11
[2026-03-28T16:17:30.515] [INFO] [selfplay:0] [SelfPlay] 864/1500 (57%)  pos=76824  W/D/B=363/160/341  (42%/18%/39%)  d5/d8  0.5 games/s (avg 0.2)  1.3M nps  ETA 00:58:04
[2026-03-28T16:17:31.870] [INFO] [selfplay:0] [SelfPlay] 865/1500 (57%)  pos=76992  W/D/B=363/160/342  (41%/18%/39%)  d5/d8  0.8 games/s (avg 0.2)  1.3M nps  ETA 00:57:54
[2026-03-28T16:17:33.205] [INFO] [selfplay:0] [SelfPlay] 866/1500 (57%)  pos=77052  W/D/B=364/160/342  (42%/18%/39%)  d5/d8  0.8 games/s (avg 0.2)  1.3M nps  ETA 00:57:45
[2026-03-28T16:17:35.461] [INFO] [selfplay:0] [SelfPlay] 867/1500 (57%)  pos=77153  W/D/B=364/160/343  (41%/18%/39%)  d5/d8  0.8 games/s (avg 0.2)  1.3M nps  ETA 00:57:36
[2026-03-28T16:17:39.268] [INFO] [selfplay:0] [SelfPlay] 868/1500 (57%)  pos=77228  W/D/B=365/160/343  (42%/18%/39%)  d5/d8  0.7 games/s (avg 0.2)  1.3M nps  ETA 00:57:26
[2026-03-28T16:17:51.945] [INFO] [selfplay:0] [SelfPlay] 869/1500 (57%)  pos=77346  W/D/B=365/161/343  (42%/18%/39%)  d5/d8  0.6 games/s (avg 0.2)  1.3M nps  ETA 00:57:12
[2026-03-28T16:17:53.051] [INFO] [selfplay:0] [SelfPlay] 870/1500 (58%)  pos=77416  W/D/B=365/161/344  (41%/18%/39%)  d5/d8  0.6 games/s (avg 0.2)  1.3M nps  ETA 00:57:21
[2026-03-28T16:18:21.815] [INFO] [selfplay:0] [SelfPlay] 871/1500 (58%)  pos=77492  W/D/B=365/161/345  (41%/18%/39%)  d5/d8  0.6 games/s (avg 0.2)  1.3M nps  ETA 00:56:47
[2026-03-28T16:18:23.780] [INFO] [selfplay:0] [SelfPlay] 872/1500 (58%)  pos=77570  W/D/B=365/162/345  (41%/18%/39%)  d5/d8  0.6 games/s (avg 0.2)  1.3M nps  ETA 00:57:24
[2026-03-28T16:18:25.265] [INFO] [selfplay:0] [SelfPlay] 873/1500 (58%)  pos=77611  W/D/B=366/162/345  (41%/18%/39%)  d5/d8  0.6 games/s (avg 0.2)  1.3M nps  ETA 00:57:16
[2026-03-28T16:18:27.967] [INFO] [selfplay:0] [SelfPlay] 874/1500 (58%)  pos=77672  W/D/B=366/163/345  (41%/18%/39%)  d5/d8  0.6 games/s (avg 0.2)  1.3M nps  ETA 00:57:08
[2026-03-28T16:18:33.303] [INFO] [selfplay:0] [SelfPlay] 875/1500 (58%)  pos=77729  W/D/B=366/164/345  (41%/18%/39%)  d5/d8  0.5 games/s (avg 0.2)  1.3M nps  ETA 00:56:57
[2026-03-28T16:18:35.741] [INFO] [selfplay:0] [SelfPlay] 876/1500 (58%)  pos=77760  W/D/B=366/164/346  (41%/18%/39%)  d5/d8  0.5 games/s (avg 0.2)  1.3M nps  ETA 00:56:55
[2026-03-28T16:18:37.499] [INFO] [selfplay:0] [SelfPlay] 877/1500 (58%)  pos=77813  W/D/B=366/164/347  (41%/18%/39%)  d5/d8  0.5 games/s (avg 0.2)  1.3M nps  ETA 00:56:47
[2026-03-28T16:18:38.886] [INFO] [selfplay:0] [SelfPlay] 878/1500 (58%)  pos=77958  W/D/B=366/165/347  (41%/18%/39%)  d5/d8  0.5 games/s (avg 0.2)  1.3M nps  ETA 00:56:40
[2026-03-28T16:18:39.476] [INFO] [selfplay:0] [SelfPlay] 879/1500 (58%)  pos=78077  W/D/B=366/166/347  (41%/18%/39%)  d5/d8  0.5 games/s (avg 0.2)  1.3M nps  ETA 00:56:32
[2026-03-28T16:18:40.372] [INFO] [selfplay:0] [SelfPlay] 880/1500 (58%)  pos=78130  W/D/B=367/166/347  (41%/18%/39%)  d5/d8  0.7 games/s (avg 0.2)  1.3M nps  ETA 00:56:23
[2026-03-28T16:18:42.348] [INFO] [selfplay:0] [SelfPlay] 881/1500 (58%)  pos=78223  W/D/B=368/166/347  (41%/18%/39%)  d5/d8  0.8 games/s (avg 0.2)  1.3M nps  ETA 00:56:13
[2026-03-28T16:18:42.539] [INFO] [selfplay:0] [SelfPlay] 882/1500 (58%)  pos=78304  W/D/B=369/166/347  (41%/18%/39%)  d5/d8  0.7 games/s (avg 0.2)  1.3M nps  ETA 00:56:07
[2026-03-28T16:18:42.687] [INFO] [selfplay:0] [SelfPlay] 883/1500 (58%)  pos=78415  W/D/B=370/166/347  (41%/18%/39%)  d5/d8  1.4 games/s (avg 0.2)  1.3M nps  ETA 00:55:58
[2026-03-28T16:18:47.779] [INFO] [selfplay:0] [SelfPlay] 884/1500 (58%)  pos=78513  W/D/B=370/166/348  (41%/18%/39%)  d5/d8  2.2 games/s (avg 0.2)  1.3M nps  ETA 00:55:44
[2026-03-28T16:18:51.746] [INFO] [selfplay:0] [SelfPlay] 885/1500 (59%)  pos=78553  W/D/B=370/167/348  (41%/18%/39%)  d5/d8  2.0 games/s (avg 0.2)  1.3M nps  ETA 00:55:39
[2026-03-28T16:18:53.020] [INFO] [selfplay:0] [SelfPlay] 886/1500 (59%)  pos=78615  W/D/B=370/167/349  (41%/18%/39%)  d5/d8  1.8 games/s (avg 0.2)  1.3M nps  ETA 00:55:35
[2026-03-28T16:18:56.827] [INFO] [selfplay:0] [SelfPlay] 887/1500 (59%)  pos=78685  W/D/B=370/168/349  (41%/18%/39%)  d5/d8  1.6 games/s (avg 0.2)  1.3M nps  ETA 00:55:26
[2026-03-28T16:18:59.743] [INFO] [selfplay:0] [SelfPlay] 888/1500 (59%)  pos=78773  W/D/B=370/168/350  (41%/18%/39%)  d5/d8  1.4 games/s (avg 0.2)  1.3M nps  ETA 00:55:19
[2026-03-28T16:19:13.503] [INFO] [selfplay:0] [SelfPlay] 889/1500 (59%)  pos=78809  W/D/B=370/169/350  (41%/19%/39%)  d5/d8  1.3 games/s (avg 0.2)  1.3M nps  ETA 00:55:01
[2026-03-28T16:19:23.371] [INFO] [selfplay:0] [SelfPlay] 890/1500 (59%)  pos=78872  W/D/B=371/169/350  (41%/18%/39%)  d5/d8  1.2 games/s (avg 0.2)  1.3M nps  ETA 00:55:05
[2026-03-28T16:19:27.449] [INFO] [selfplay:0] [SelfPlay] 891/1500 (59%)  pos=78994  W/D/B=371/169/351  (41%/18%/39%)  d5/d8  1.1 games/s (avg 0.2)  1.3M nps  ETA 00:55:09
[2026-03-28T16:19:32.298] [INFO] [selfplay:0] [SelfPlay] 892/1500 (59%)  pos=79143  W/D/B=372/169/351  (41%/18%/39%)  d5/d8  1.0 games/s (avg 0.2)  1.3M nps  ETA 00:55:01
[2026-03-28T16:19:33.490] [INFO] [selfplay:0] [SelfPlay] 893/1500 (59%)  pos=79280  W/D/B=373/169/351  (41%/18%/39%)  d5/d8  0.8 games/s (avg 0.2)  1.3M nps  ETA 00:55:00
[2026-03-28T16:19:52.462] [INFO] [selfplay:0] [SelfPlay] 894/1500 (59%)  pos=79378  W/D/B=373/169/352  (41%/18%/39%)  d5/d8  0.8 games/s (avg 0.2)  1.3M nps  ETA 00:54:33
[2026-03-28T16:20:02.743] [INFO] [selfplay:0] [SelfPlay] 895/1500 (59%)  pos=79470  W/D/B=373/170/352  (41%/18%/39%)  d5/d8  0.8 games/s (avg 0.2)  1.3M nps  ETA 00:54:46
[2026-03-28T16:20:10.526] [INFO] [selfplay:0] [SelfPlay] 896/1500 (59%)  pos=79530  W/D/B=374/170/352  (41%/18%/39%)  d5/d8  0.7 games/s (avg 0.2)  1.3M nps  ETA 00:54:46
[2026-03-28T16:20:12.057] [INFO] [selfplay:0] [SelfPlay] 897/1500 (59%)  pos=79642  W/D/B=375/170/352  (41%/18%/39%)  d5/d8  0.6 games/s (avg 0.2)  1.3M nps  ETA 00:54:48
[2026-03-28T16:20:13.108] [INFO] [selfplay:0] [SelfPlay] 898/1500 (59%)  pos=79773  W/D/B=376/170/352  (41%/18%/39%)  d5/d8  0.6 games/s (avg 0.2)  1.3M nps  ETA 00:54:41
[2026-03-28T16:20:16.616] [INFO] [selfplay:0] [SelfPlay] 899/1500 (59%)  pos=79830  W/D/B=377/170/352  (41%/18%/39%)  d5/d8  0.7 games/s (avg 0.2)  1.3M nps  ETA 00:54:30
[2026-03-28T16:20:17.627] [INFO] [selfplay:0] [SelfPlay] 900/1500 (60%)  pos=79879  W/D/B=377/171/352  (41%/19%/39%)  d5/d8  0.6 games/s (avg 0.2)  1.3M nps  ETA 00:54:26
[2026-03-28T16:20:20.049] [INFO] [selfplay:0] [SelfPlay] 901/1500 (60%)  pos=79954  W/D/B=377/171/353  (41%/18%/39%)  d5/d8  0.7 games/s (avg 0.2)  1.3M nps  ETA 00:54:15
[2026-03-28T16:20:25.695] [INFO] [selfplay:0] [SelfPlay] 902/1500 (60%)  pos=80085  W/D/B=377/171/354  (41%/18%/39%)  d5/d8  0.6 games/s (avg 0.2)  1.3M nps  ETA 00:54:06
[2026-03-28T16:20:32.481] [INFO] [selfplay:0] [SelfPlay] 903/1500 (60%)  pos=80242  W/D/B=377/172/354  (41%/19%/39%)  d5/d8  0.6 games/s (avg 0.2)  1.3M nps  ETA 00:53:58
[2026-03-28T16:20:37.801] [INFO] [selfplay:0] [SelfPlay] 904/1500 (60%)  pos=80309  W/D/B=378/172/354  (41%/19%/39%)  d5/d8  0.5 games/s (avg 0.2)  1.3M nps  ETA 00:53:56
[2026-03-28T16:20:38.538] [INFO] [selfplay:0] [SelfPlay] 905/1500 (60%)  pos=80437  W/D/B=378/172/355  (41%/19%/39%)  d5/d8  0.4 games/s (avg 0.2)  1.3M nps  ETA 00:53:54
[2026-03-28T16:20:38.787] [INFO] [selfplay:0] [SelfPlay] 906/1500 (60%)  pos=80595  W/D/B=379/172/355  (41%/18%/39%)  d5/d8  0.6 games/s (avg 0.2)  1.3M nps  ETA 00:53:47
[2026-03-28T16:20:42.557] [INFO] [selfplay:0] [SelfPlay] 907/1500 (60%)  pos=80815  W/D/B=379/173/355  (41%/19%/39%)  d5/d8  1.1 games/s (avg 0.2)  1.3M nps  ETA 00:53:34
[2026-03-28T16:21:00.225] [INFO] [selfplay:0] [SelfPlay] 908/1500 (60%)  pos=80853  W/D/B=379/174/355  (41%/19%/39%)  d5/d8  1.0 games/s (avg 0.2)  1.3M nps  ETA 00:53:14
[2026-03-28T16:21:02.342] [INFO] [selfplay:0] [SelfPlay] 909/1500 (60%)  pos=80950  W/D/B=380/174/355  (41%/19%/39%)  d5/d8  0.9 games/s (avg 0.2)  1.3M nps  ETA 00:53:32
[2026-03-28T16:21:05.521] [INFO] [selfplay:0] [SelfPlay] 910/1500 (60%)  pos=81007  W/D/B=380/174/356  (41%/19%/39%)  d5/d8  0.8 games/s (avg 0.2)  1.3M nps  ETA 00:53:23
[2026-03-28T16:21:08.118] [INFO] [selfplay:0] [SelfPlay] 911/1500 (60%)  pos=81048  W/D/B=380/175/356  (41%/19%/39%)  d5/d8  0.8 games/s (avg 0.2)  1.3M nps  ETA 00:53:17
[2026-03-28T16:21:24.338] [INFO] [selfplay:0] [SelfPlay] 912/1500 (60%)  pos=81140  W/D/B=380/176/356  (41%/19%/39%)  d5/d8  0.7 games/s (avg 0.2)  1.3M nps  ETA 00:52:56
[2026-03-28T16:21:29.118] [INFO] [selfplay:0] [SelfPlay] 913/1500 (60%)  pos=81216  W/D/B=380/176/357  (41%/19%/39%)  d5/d8  0.6 games/s (avg 0.2)  1.3M nps  ETA 00:53:09
[2026-03-28T16:21:32.243] [INFO] [selfplay:0] [SelfPlay] 914/1500 (60%)  pos=81456  W/D/B=380/177/357  (41%/19%/39%)  d5/d8  0.6 games/s (avg 0.2)  1.3M nps  ETA 00:53:05
[2026-03-28T16:21:41.424] [INFO] [selfplay:0] [SelfPlay] 915/1500 (61%)  pos=81565  W/D/B=380/177/358  (41%/19%/39%)  d5/d8  0.5 games/s (avg 0.2)  1.3M nps  ETA 00:52:52
[2026-03-28T16:21:49.192] [INFO] [selfplay:0] [SelfPlay] 916/1500 (61%)  pos=81641  W/D/B=381/177/358  (41%/19%/39%)  d5/d8  0.5 games/s (avg 0.2)  1.3M nps  ETA 00:52:50
[2026-03-28T16:21:50.895] [INFO] [selfplay:0] [SelfPlay] 917/1500 (61%)  pos=81678  W/D/B=381/177/359  (41%/19%/39%)  d5/d8  0.4 games/s (avg 0.2)  1.3M nps  ETA 00:52:53
[2026-03-28T16:22:10.150] [INFO] [selfplay:0] [SelfPlay] 918/1500 (61%)  pos=81721  W/D/B=381/178/359  (41%/19%/39%)  d5/d8  0.5 games/s (avg 0.2)  1.3M nps  ETA 00:52:26
[2026-03-28T16:22:26.155] [INFO] [selfplay:0] [SelfPlay] 919/1500 (61%)  pos=81841  W/D/B=382/178/359  (41%/19%/39%)  d5/d8  0.4 games/s (avg 0.2)  1.3M nps  ETA 00:52:34
[2026-03-28T16:22:29.253] [INFO] [selfplay:0] [SelfPlay] 920/1500 (61%)  pos=81962  W/D/B=383/178/359  (41%/19%/39%)  d5/d8  0.3 games/s (avg 0.2)  1.3M nps  ETA 00:52:48
[2026-03-28T16:22:39.102] [INFO] [selfplay:0] [SelfPlay] 921/1500 (61%)  pos=82032  W/D/B=384/178/359  (41%/19%/38%)  d5/d8  0.3 games/s (avg 0.2)  1.3M nps  ETA 00:52:34
[2026-03-28T16:22:40.500] [INFO] [selfplay:0] [SelfPlay] 922/1500 (61%)  pos=82079  W/D/B=385/178/359  (41%/19%/38%)  d5/d8  0.3 games/s (avg 0.2)  1.3M nps  ETA 00:52:40
[2026-03-28T16:22:48.826] [INFO] [selfplay:0] [SelfPlay] 923/1500 (61%)  pos=82123  W/D/B=385/178/360  (41%/19%/39%)  d5/d8  0.4 games/s (avg 0.2)  1.3M nps  ETA 00:52:25
[2026-03-28T16:22:49.643] [INFO] [selfplay:0] [SelfPlay] 924/1500 (61%)  pos=82224  W/D/B=385/178/361  (41%/19%/39%)  d5/d8  0.3 games/s (avg 0.2)  1.3M nps  ETA 00:52:28
[2026-03-28T16:23:01.989] [INFO] [selfplay:0] [SelfPlay] 925/1500 (61%)  pos=82291  W/D/B=386/178/361  (41%/19%/39%)  d5/d8  0.5 games/s (avg 0.2)  1.3M nps  ETA 00:52:08
[2026-03-28T16:23:17.896] [INFO] [selfplay:0] [SelfPlay] 926/1500 (61%)  pos=82404  W/D/B=387/178/361  (41%/19%/38%)  d5/d8  0.4 games/s (avg 0.2)  1.3M nps  ETA 00:52:05
[2026-03-28T16:23:25.158] [INFO] [selfplay:0] [SelfPlay] 927/1500 (61%)  pos=82440  W/D/B=387/179/361  (41%/19%/38%)  d5/d8  0.4 games/s (avg 0.2)  1.3M nps  ETA 00:52:13
[2026-03-28T16:23:28.571] [INFO] [selfplay:0] [SelfPlay] 928/1500 (61%)  pos=82499  W/D/B=387/179/362  (41%/19%/39%)  d5/d8  0.3 games/s (avg 0.2)  1.3M nps  ETA 00:52:13
[2026-03-28T16:23:45.231] [INFO] [selfplay:0] [SelfPlay] 929/1500 (61%)  pos=82603  W/D/B=388/179/362  (41%/19%/38%)  d5/d8  0.3 games/s (avg 0.2)  1.3M nps  ETA 00:51:53
[2026-03-28T16:23:53.252] [INFO] [selfplay:0] [SelfPlay] 930/1500 (62%)  pos=82674  W/D/B=389/179/362  (41%/19%/38%)  d5/d8  0.3 games/s (avg 0.2)  1.3M nps  ETA 00:52:03
[2026-03-28T16:23:58.906] [INFO] [selfplay:0] [SelfPlay] 931/1500 (62%)  pos=82797  W/D/B=390/179/362  (41%/19%/38%)  d5/d8  0.3 games/s (avg 0.2)  1.2M nps  ETA 00:52:02
[2026-03-28T16:24:13.572] [INFO] [selfplay:0] [SelfPlay] 932/1500 (62%)  pos=82870  W/D/B=390/179/363  (41%/19%/38%)  d5/d8  0.2 games/s (avg 0.2)  1.3M nps  ETA 00:51:47
[2026-03-28T16:24:17.502] [INFO] [selfplay:0] [SelfPlay] 933/1500 (62%)  pos=82912  W/D/B=391/179/363  (41%/19%/38%)  d5/d8  0.2 games/s (avg 0.2)  1.2M nps  ETA 00:51:58
[2026-03-28T16:24:21.585] [INFO] [selfplay:0] [SelfPlay] 934/1500 (62%)  pos=82995  W/D/B=392/179/363  (41%/19%/38%)  d5/d8  0.2 games/s (avg 0.2)  1.2M nps  ETA 00:51:51
[2026-03-28T16:24:26.239] [INFO] [selfplay:0] [SelfPlay] 935/1500 (62%)  pos=83064  W/D/B=392/180/363  (41%/19%/38%)  d5/d8  0.2 games/s (avg 0.2)  1.2M nps  ETA 00:51:44
[2026-03-28T16:24:37.571] [INFO] [selfplay:0] [SelfPlay] 936/1500 (62%)  pos=83278  W/D/B=392/180/364  (41%/19%/38%)  d5/d8  0.2 games/s (avg 0.2)  1.2M nps  ETA 00:51:32
[2026-03-28T16:24:46.337] [INFO] [selfplay:0] [SelfPlay] 937/1500 (62%)  pos=83405  W/D/B=392/180/365  (41%/19%/38%)  d5/d8  0.2 games/s (avg 0.2)  1.2M nps  ETA 00:51:32
[2026-03-28T16:24:50.890] [INFO] [selfplay:0] [SelfPlay] 938/1500 (62%)  pos=83458  W/D/B=393/180/365  (41%/19%/38%)  d5/d8  0.2 games/s (avg 0.2)  1.2M nps  ETA 00:51:33
[2026-03-28T16:24:55.335] [INFO] [selfplay:0] [SelfPlay] 939/1500 (62%)  pos=83656  W/D/B=393/181/365  (41%/19%/38%)  d5/d8  0.2 games/s (avg 0.2)  1.2M nps  ETA 00:51:26
[2026-03-28T16:24:55.624] [INFO] [selfplay:0] [SelfPlay] 940/1500 (62%)  pos=83701  W/D/B=394/181/365  (41%/19%/38%)  d5/d8  0.2 games/s (avg 0.2)  1.2M nps  ETA 00:51:25
[2026-03-28T16:24:58.761] [INFO] [selfplay:0] [SelfPlay] 941/1500 (62%)  pos=83766  W/D/B=395/181/365  (41%/19%/38%)  d5/d8  0.7 games/s (avg 0.2)  1.2M nps  ETA 00:51:13
[2026-03-28T16:25:02.887] [INFO] [selfplay:0] [SelfPlay] 942/1500 (62%)  pos=83812  W/D/B=395/182/365  (41%/19%/38%)  d5/d8  0.6 games/s (avg 0.2)  1.2M nps  ETA 00:51:06
[2026-03-28T16:25:03.498] [INFO] [selfplay:0] [SelfPlay] 943/1500 (62%)  pos=83875  W/D/B=395/183/365  (41%/19%/38%)  d5/d8  0.6 games/s (avg 0.2)  1.2M nps  ETA 00:51:02
[2026-03-28T16:25:04.003] [INFO] [selfplay:0] [SelfPlay] 944/1500 (62%)  pos=83914  W/D/B=396/183/365  (41%/19%/38%)  d5/d8  0.7 games/s (avg 0.2)  1.2M nps  ETA 00:50:54
[2026-03-28T16:25:06.437] [INFO] [selfplay:0] [SelfPlay] 945/1500 (63%)  pos=84039  W/D/B=397/183/365  (42%/19%/38%)  d5/d8  0.9 games/s (avg 0.2)  1.2M nps  ETA 00:50:44
[2026-03-28T16:25:07.310] [INFO] [selfplay:0] [SelfPlay] 946/1500 (63%)  pos=84279  W/D/B=397/184/365  (41%/19%/38%)  d5/d8  0.8 games/s (avg 0.2)  1.2M nps  ETA 00:50:38
[2026-03-28T16:25:09.988] [INFO] [selfplay:0] [SelfPlay] 947/1500 (63%)  pos=84314  W/D/B=398/184/365  (42%/19%/38%)  d5/d8  0.9 games/s (avg 0.2)  1.2M nps  ETA 00:50:28
[2026-03-28T16:25:13.731] [INFO] [selfplay:0] [SelfPlay] 948/1500 (63%)  pos=84363  W/D/B=398/184/366  (41%/19%/38%)  d5/d8  0.8 games/s (avg 0.2)  1.2M nps  ETA 00:50:21
[2026-03-28T16:25:30.079] [INFO] [selfplay:0] [SelfPlay] 949/1500 (63%)  pos=84415  W/D/B=398/185/366  (41%/19%/38%)  d5/d8  0.7 games/s (avg 0.2)  1.2M nps  ETA 00:50:00
[2026-03-28T16:25:30.708] [INFO] [selfplay:0] [SelfPlay] 950/1500 (63%)  pos=84459  W/D/B=399/185/366  (42%/19%/38%)  d5/d8  0.7 games/s (avg 0.2)  1.2M nps  ETA 00:50:18
[2026-03-28T16:25:31.739] [INFO] [selfplay:0] [SelfPlay] 951/1500 (63%)  pos=84574  W/D/B=399/185/367  (41%/19%/38%)  d5/d8  0.8 games/s (avg 0.2)  1.2M nps  ETA 00:50:09
[2026-03-28T16:25:33.179] [INFO] [selfplay:0] [SelfPlay] 952/1500 (63%)  pos=84745  W/D/B=399/185/368  (41%/19%/38%)  d5/d8  0.8 games/s (avg 0.2)  1.2M nps  ETA 00:50:00
[2026-03-28T16:25:51.256] [INFO] [selfplay:0] [SelfPlay] 953/1500 (63%)  pos=84768  W/D/B=399/185/369  (41%/19%/38%)  d5/d8  0.8 games/s (avg 0.2)  1.2M nps  ETA 00:49:36
[2026-03-28T16:25:55.186] [INFO] [selfplay:0] [SelfPlay] 954/1500 (63%)  pos=84863  W/D/B=399/185/370  (41%/19%/38%)  d5/d8  0.8 games/s (avg 0.2)  1.2M nps  ETA 00:49:52
[2026-03-28T16:25:55.842] [INFO] [selfplay:0] [SelfPlay] 955/1500 (63%)  pos=84940  W/D/B=399/185/371  (41%/19%/38%)  d5/d8  0.7 games/s (avg 0.2)  1.2M nps  ETA 00:49:49
[2026-03-28T16:25:56.183] [INFO] [selfplay:0] [SelfPlay] 956/1500 (63%)  pos=85053  W/D/B=399/185/372  (41%/19%/38%)  d5/d8  0.8 games/s (avg 0.2)  1.2M nps  ETA 00:49:40
[2026-03-28T16:25:59.960] [INFO] [selfplay:0] [SelfPlay] 957/1500 (63%)  pos=85106  W/D/B=400/185/372  (41%/19%/38%)  d5/d8  1.1 games/s (avg 0.2)  1.2M nps  ETA 00:49:30
[2026-03-28T16:26:04.262] [INFO] [selfplay:0] [SelfPlay] 958/1500 (63%)  pos=85172  W/D/B=401/185/372  (41%/19%/38%)  d5/d8  1.0 games/s (avg 0.2)  1.2M nps  ETA 00:49:21
[2026-03-28T16:26:29.256] [INFO] [selfplay:0] [SelfPlay] 959/1500 (63%)  pos=85342  W/D/B=402/185/372  (41%/19%/38%)  d5/d8  0.9 games/s (avg 0.2)  1.2M nps  ETA 00:48:55
[2026-03-28T16:26:35.323] [INFO] [selfplay:0] [SelfPlay] 960/1500 (64%)  pos=85493  W/D/B=403/185/372  (41%/19%/38%)  d5/d8  0.8 games/s (avg 0.2)  1.2M nps  ETA 00:49:20
[2026-03-28T16:26:43.414] [INFO] [selfplay:0] [SelfPlay] 961/1500 (64%)  pos=85529  W/D/B=403/186/372  (41%/19%/38%)  d5/d8  0.7 games/s (avg 0.2)  1.2M nps  ETA 00:49:13
[2026-03-28T16:26:52.937] [INFO] [selfplay:0] [SelfPlay] 962/1500 (64%)  pos=85643  W/D/B=403/186/373  (41%/19%/38%)  d5/d8  0.6 games/s (avg 0.2)  1.2M nps  ETA 00:49:08
[2026-03-28T16:27:00.017] [INFO] [selfplay:0] [SelfPlay] 963/1500 (64%)  pos=85698  W/D/B=403/186/374  (41%/19%/38%)  d5/d8  0.6 games/s (avg 0.2)  1.2M nps  ETA 00:49:05
[2026-03-28T16:27:02.690] [INFO] [selfplay:0] [SelfPlay] 964/1500 (64%)  pos=85759  W/D/B=403/186/375  (41%/19%/38%)  d5/d8  0.5 games/s (avg 0.2)  1.2M nps  ETA 00:49:07
[2026-03-28T16:27:08.035] [INFO] [selfplay:0] [SelfPlay] 965/1500 (64%)  pos=85900  W/D/B=403/186/376  (41%/19%/38%)  d5/d8  0.5 games/s (avg 0.2)  1.2M nps  ETA 00:48:56
[2026-03-28T16:27:16.107] [INFO] [selfplay:0] [SelfPlay] 966/1500 (64%)  pos=86021  W/D/B=404/186/376  (41%/19%/38%)  d5/d8  0.4 games/s (avg 0.2)  1.2M nps  ETA 00:48:48
[2026-03-28T16:27:16.179] [INFO] [selfplay:0] [SelfPlay] 967/1500 (64%)  pos=86125  W/D/B=405/186/376  (41%/19%/38%)  d5/d8  0.4 games/s (avg 0.2)  1.2M nps  ETA 00:48:52
[2026-03-28T16:27:20.025] [INFO] [selfplay:0] [SelfPlay] 968/1500 (64%)  pos=86164  W/D/B=405/187/376  (41%/19%/38%)  d5/d8  2.4 games/s (avg 0.2)  1.2M nps  ETA 00:48:39
[2026-03-28T16:27:25.443] [INFO] [selfplay:0] [SelfPlay] 969/1500 (64%)  pos=86302  W/D/B=406/187/376  (41%/19%/38%)  d5/d8  2.1 games/s (avg 0.2)  1.2M nps  ETA 00:48:32
[2026-03-28T16:27:31.383] [INFO] [selfplay:0] [SelfPlay] 970/1500 (64%)  pos=86355  W/D/B=406/187/377  (41%/19%/38%)  d5/d8  1.9 games/s (avg 0.2)  1.2M nps  ETA 00:48:25
[2026-03-28T16:27:31.403] [INFO] [selfplay:0] [SelfPlay] 971/1500 (64%)  pos=86456  W/D/B=407/187/377  (41%/19%/38%)  d5/d8  1.8 games/s (avg 0.2)  1.2M nps  ETA 00:48:26
[2026-03-28T16:27:39.047] [INFO] [selfplay:0] [SelfPlay] 972/1500 (64%)  pos=86491  W/D/B=407/187/378  (41%/19%/38%)  d5/d8  9.3 games/s (avg 0.2)  1.2M nps  ETA 00:48:10
[2026-03-28T16:27:53.837] [INFO] [selfplay:0] [SelfPlay] 973/1500 (64%)  pos=86539  W/D/B=407/187/379  (41%/19%/38%)  d5/d8  8.6 games/s (avg 0.2)  1.2M nps  ETA 00:47:59
[2026-03-28T16:27:58.180] [INFO] [selfplay:0] [SelfPlay] 974/1500 (64%)  pos=86648  W/D/B=408/187/379  (41%/19%/38%)  d5/d8  7.9 games/s (avg 0.2)  1.2M nps  ETA 00:48:08
[2026-03-28T16:28:13.855] [INFO] [selfplay:0] [SelfPlay] 975/1500 (65%)  pos=86716  W/D/B=408/187/380  (41%/19%/38%)  d5/d8  7.3 games/s (avg 0.2)  1.2M nps  ETA 00:47:52
[2026-03-28T16:28:17.456] [INFO] [selfplay:0] [SelfPlay] 976/1500 (65%)  pos=86852  W/D/B=408/187/381  (41%/19%/39%)  d5/d8  6.8 games/s (avg 0.2)  1.3M nps  ETA 00:48:03
[2026-03-28T16:28:26.162] [INFO] [selfplay:0] [SelfPlay] 977/1500 (65%)  pos=86997  W/D/B=409/187/381  (41%/19%/38%)  d5/d8  6.3 games/s (avg 0.2)  1.3M nps  ETA 00:47:51
[2026-03-28T16:28:26.429] [INFO] [selfplay:0] [SelfPlay] 978/1500 (65%)  pos=87030  W/D/B=410/187/381  (41%/19%/38%)  d5/d8  5.8 games/s (avg 0.2)  1.3M nps  ETA 00:47:56
[2026-03-28T16:28:31.700] [INFO] [selfplay:0] [SelfPlay] 979/1500 (65%)  pos=87086  W/D/B=411/187/381  (41%/19%/38%)  d5/d8  5.5 games/s (avg 0.2)  1.3M nps  ETA 00:47:43
[2026-03-28T16:28:35.399] [INFO] [selfplay:0] [SelfPlay] 980/1500 (65%)  pos=87216  W/D/B=411/188/381  (41%/19%/38%)  d5/d8  5.1 games/s (avg 0.2)  1.3M nps  ETA 00:47:39
[2026-03-28T16:28:44.424] [INFO] [selfplay:0] [SelfPlay] 981/1500 (65%)  pos=87296  W/D/B=412/188/381  (41%/19%/38%)  d5/d8  4.7 games/s (avg 0.2)  1.3M nps  ETA 00:47:27
[2026-03-28T16:28:46.616] [INFO] [selfplay:0] [SelfPlay] 982/1500 (65%)  pos=87510  W/D/B=412/189/381  (41%/19%/38%)  d5/d8  4.3 games/s (avg 0.2)  1.3M nps  ETA 00:47:30
[2026-03-28T16:28:48.614] [INFO] [selfplay:0] [SelfPlay] 983/1500 (65%)  pos=87568  W/D/B=413/189/381  (42%/19%/38%)  d5/d8  3.8 games/s (avg 0.2)  1.3M nps  ETA 00:47:23
[2026-03-28T16:28:57.962] [INFO] [selfplay:0] [SelfPlay] 984/1500 (65%)  pos=87696  W/D/B=414/189/381  (42%/19%/38%)  d5/d8  3.3 games/s (avg 0.2)  1.3M nps  ETA 00:47:09
[2026-03-28T16:29:08.958] [INFO] [selfplay:0] [SelfPlay] 985/1500 (65%)  pos=87764  W/D/B=414/189/382  (42%/19%/38%)  d5/d8  3.0 games/s (avg 0.2)  1.3M nps  ETA 00:47:03
[2026-03-28T16:29:16.868] [INFO] [selfplay:0] [SelfPlay] 986/1500 (65%)  pos=87898  W/D/B=414/189/383  (41%/19%/38%)  d5/d8  2.8 games/s (avg 0.2)  1.3M nps  ETA 00:47:04
[2026-03-28T16:29:19.476] [INFO] [selfplay:0] [SelfPlay] 987/1500 (65%)  pos=87932  W/D/B=415/189/383  (42%/19%/38%)  d5/d8  2.6 games/s (avg 0.2)  1.3M nps  ETA 00:47:04
[2026-03-28T16:29:24.084] [INFO] [selfplay:0] [SelfPlay] 988/1500 (65%)  pos=87983  W/D/B=416/189/383  (42%/19%/38%)  d5/d8  2.3 games/s (avg 0.2)  1.3M nps  ETA 00:46:55
[2026-03-28T16:29:30.050] [INFO] [selfplay:0] [SelfPlay] 989/1500 (65%)  pos=88160  W/D/B=416/190/383  (42%/19%/38%)  d5/d8  2.1 games/s (avg 0.2)  1.3M nps  ETA 00:46:48
[2026-03-28T16:29:32.128] [INFO] [selfplay:0] [SelfPlay] 990/1500 (66%)  pos=88264  W/D/B=416/190/384  (42%/19%/38%)  d5/d8  1.9 games/s (avg 0.2)  1.3M nps  ETA 00:46:47
[2026-03-28T16:29:33.810] [INFO] [selfplay:0] [SelfPlay] 991/1500 (66%)  pos=88388  W/D/B=417/190/384  (42%/19%/38%)  d5/d8  1.7 games/s (avg 0.2)  1.3M nps  ETA 00:46:41
[2026-03-28T16:29:35.581] [INFO] [selfplay:0] [SelfPlay] 992/1500 (66%)  pos=88476  W/D/B=417/190/385  (42%/19%/38%)  d5/d8  1.5 games/s (avg 0.2)  1.3M nps  ETA 00:46:32
[2026-03-28T16:29:49.311] [INFO] [selfplay:0] [SelfPlay] 993/1500 (66%)  pos=88629  W/D/B=417/190/386  (41%/19%/38%)  d5/d8  1.4 games/s (avg 0.2)  1.3M nps  ETA 00:46:13
[2026-03-28T16:29:53.512] [INFO] [selfplay:0] [SelfPlay] 994/1500 (66%)  pos=88777  W/D/B=418/190/386  (42%/19%/38%)  d5/d8  1.3 games/s (avg 0.2)  1.3M nps  ETA 00:46:22
[2026-03-28T16:29:55.361] [INFO] [selfplay:0] [SelfPlay] 995/1500 (66%)  pos=88829  W/D/B=418/190/387  (42%/19%/38%)  d5/d8  1.1 games/s (avg 0.2)  1.3M nps  ETA 00:46:18
[2026-03-28T16:29:59.834] [INFO] [selfplay:0] [SelfPlay] 996/1500 (66%)  pos=88929  W/D/B=419/190/387  (42%/19%/38%)  d5/d8  1.0 games/s (avg 0.2)  1.3M nps  ETA 00:46:08
[2026-03-28T16:30:06.207] [INFO] [selfplay:0] [SelfPlay] 997/1500 (66%)  pos=89031  W/D/B=419/191/387  (42%/19%/38%)  d5/d8  0.9 games/s (avg 0.2)  1.3M nps  ETA 00:45:59
[2026-03-28T16:30:06.505] [INFO] [selfplay:0] [SelfPlay] 998/1500 (66%)  pos=89176  W/D/B=419/191/388  (41%/19%/38%)  d5/d8  0.8 games/s (avg 0.2)  1.3M nps  ETA 00:46:01
[2026-03-28T16:30:10.230] [INFO] [selfplay:0] [SelfPlay] 999/1500 (66%)  pos=89250  W/D/B=419/191/389  (41%/19%/38%)  d5/d8  1.2 games/s (avg 0.2)  1.3M nps  ETA 00:45:49
[2026-03-28T16:30:21.768] [INFO] [selfplay:0] [SelfPlay] 1000/1500 (66%)  pos=89315  W/D/B=420/191/389  (42%/19%/38%)  d5/d8  1.1 games/s (avg 0.2)  1.3M nps  ETA 00:45:36
[2026-03-28T16:30:23.856] [INFO] [selfplay:0] [SelfPlay] 1001/1500 (66%)  pos=89408  W/D/B=421/191/389  (42%/19%/38%)  d5/d8  1.0 games/s (avg 0.2)  1.3M nps  ETA 00:45:42
[2026-03-28T16:30:37.816] [INFO] [selfplay:0] [SelfPlay] 1002/1500 (66%)  pos=89512  W/D/B=422/191/389  (42%/19%/38%)  d5/d8  0.9 games/s (avg 0.2)  1.3M nps  ETA 00:45:23
[2026-03-28T16:30:42.505] [INFO] [selfplay:0] [SelfPlay] 1003/1500 (66%)  pos=89580  W/D/B=423/191/389  (42%/19%/38%)  d5/d8  0.8 games/s (avg 0.2)  1.3M nps  ETA 00:45:31
[2026-03-28T16:30:49.273] [INFO] [selfplay:0] [SelfPlay] 1004/1500 (66%)  pos=89696  W/D/B=424/191/389  (42%/19%/38%)  d5/d8  0.7 games/s (avg 0.2)  1.3M nps  ETA 00:45:23
[2026-03-28T16:30:49.448] [INFO] [selfplay:0] [SelfPlay] 1005/1500 (67%)  pos=89888  W/D/B=425/191/389  (42%/19%/38%)  d5/d8  0.7 games/s (avg 0.2)  1.3M nps  ETA 00:45:25
[2026-03-28T16:30:49.953] [INFO] [selfplay:0] [SelfPlay] 1006/1500 (67%)  pos=89940  W/D/B=425/191/390  (42%/18%/38%)  d5/d8  1.4 games/s (avg 0.2)  1.3M nps  ETA 00:45:17
[2026-03-28T16:30:51.761] [INFO] [selfplay:0] [SelfPlay] 1007/1500 (67%)  pos=90046  W/D/B=426/191/390  (42%/18%/38%)  d5/d8  1.5 games/s (avg 0.2)  1.3M nps  ETA 00:45:07
[2026-03-28T16:30:54.278] [INFO] [selfplay:0] [SelfPlay] 1008/1500 (67%)  pos=90069  W/D/B=427/191/390  (42%/18%/38%)  d5/d8  1.4 games/s (avg 0.2)  1.3M nps  ETA 00:44:58
[2026-03-28T16:31:08.096] [INFO] [selfplay:0] [SelfPlay] 1009/1500 (67%)  pos=90126  W/D/B=427/191/391  (42%/18%/38%)  d5/d8  1.2 games/s (avg 0.2)  1.3M nps  ETA 00:44:41
[2026-03-28T16:31:10.706] [INFO] [selfplay:0] [SelfPlay] 1010/1500 (67%)  pos=90219  W/D/B=428/191/391  (42%/18%/38%)  d5/d8  1.1 games/s (avg 0.2)  1.3M nps  ETA 00:44:51
[2026-03-28T16:31:17.348] [INFO] [selfplay:0] [SelfPlay] 1011/1500 (67%)  pos=90329  W/D/B=429/191/391  (42%/18%/38%)  d5/d8  1.0 games/s (avg 0.2)  1.3M nps  ETA 00:44:39
[2026-03-28T16:31:22.120] [INFO] [selfplay:0] [SelfPlay] 1012/1500 (67%)  pos=90395  W/D/B=429/191/392  (42%/18%/38%)  d5/d8  0.9 games/s (avg 0.2)  1.3M nps  ETA 00:44:36
[2026-03-28T16:31:24.199] [INFO] [selfplay:0] [SelfPlay] 1013/1500 (67%)  pos=90538  W/D/B=429/191/393  (42%/18%/38%)  d5/d8  0.8 games/s (avg 0.2)  1.3M nps  ETA 00:44:33
[2026-03-28T16:31:28.354] [INFO] [selfplay:0] [SelfPlay] 1014/1500 (67%)  pos=90590  W/D/B=429/191/394  (42%/18%/38%)  d5/d8  0.7 games/s (avg 0.2)  1.3M nps  ETA 00:44:24
[2026-03-28T16:31:31.743] [INFO] [selfplay:0] [SelfPlay] 1015/1500 (67%)  pos=90704  W/D/B=429/191/395  (42%/18%/38%)  d5/d8  0.7 games/s (avg 0.2)  1.3M nps  ETA 00:44:19
[2026-03-28T16:31:48.191] [INFO] [selfplay:0] [SelfPlay] 1016/1500 (67%)  pos=90756  W/D/B=429/191/396  (42%/18%/38%)  d5/d8  0.6 games/s (avg 0.2)  1.3M nps  ETA 00:43:59
[2026-03-28T16:31:52.058] [INFO] [selfplay:0] [SelfPlay] 1017/1500 (67%)  pos=90864  W/D/B=429/191/397  (42%/18%/39%)  d5/d8  0.5 games/s (avg 0.2)  1.3M nps  ETA 00:44:11
[2026-03-28T16:31:54.398] [INFO] [selfplay:0] [SelfPlay] 1018/1500 (67%)  pos=90916  W/D/B=429/191/398  (42%/18%/39%)  d5/d8  0.5 games/s (avg 0.2)  1.3M nps  ETA 00:44:07
[2026-03-28T16:31:58.011] [INFO] [selfplay:0] [SelfPlay] 1019/1500 (67%)  pos=90984  W/D/B=430/191/398  (42%/18%/39%)  d5/d8  0.5 games/s (avg 0.2)  1.3M nps  ETA 00:43:58
[2026-03-28T16:32:06.642] [INFO] [selfplay:0] [SelfPlay] 1020/1500 (68%)  pos=91022  W/D/B=430/192/398  (42%/18%/39%)  d5/d8  0.4 games/s (avg 0.2)  1.3M nps  ETA 00:43:48
[2026-03-28T16:32:12.114] [INFO] [selfplay:0] [SelfPlay] 1021/1500 (68%)  pos=91164  W/D/B=431/192/398  (42%/18%/38%)  d5/d8  0.4 games/s (avg 0.2)  1.3M nps  ETA 00:43:46
[2026-03-28T16:32:13.780] [INFO] [selfplay:0] [SelfPlay] 1022/1500 (68%)  pos=91207  W/D/B=432/192/398  (42%/18%/38%)  d5/d8  0.4 games/s (avg 0.2)  1.3M nps  ETA 00:43:45
[2026-03-28T16:32:16.911] [INFO] [selfplay:0] [SelfPlay] 1023/1500 (68%)  pos=91262  W/D/B=432/192/399  (42%/18%/39%)  d5/d8  0.4 games/s (avg 0.2)  1.3M nps  ETA 00:43:36
[2026-03-28T16:32:23.536] [INFO] [selfplay:0] [SelfPlay] 1024/1500 (68%)  pos=91408  W/D/B=432/192/400  (42%/18%/39%)  d5/d8  0.4 games/s (avg 0.2)  1.3M nps  ETA 00:43:25
[2026-03-28T16:32:39.046] [INFO] [selfplay:0] [SelfPlay] 1025/1500 (68%)  pos=91551  W/D/B=432/192/401  (42%/18%/39%)  d5/d8  0.4 games/s (avg 0.2)  1.3M nps  ETA 00:43:11
[2026-03-28T16:32:39.821] [INFO] [selfplay:0] [SelfPlay] 1026/1500 (68%)  pos=91652  W/D/B=432/192/402  (42%/18%/39%)  d5/d8  0.3 games/s (avg 0.2)  1.3M nps  ETA 00:43:27
[2026-03-28T16:32:42.359] [INFO] [selfplay:0] [SelfPlay] 1027/1500 (68%)  pos=91757  W/D/B=433/192/402  (42%/18%/39%)  d5/d8  0.5 games/s (avg 0.2)  1.3M nps  ETA 00:43:16
[2026-03-28T16:32:48.171] [INFO] [selfplay:0] [SelfPlay] 1028/1500 (68%)  pos=91798  W/D/B=434/192/402  (42%/18%/39%)  d5/d8  0.4 games/s (avg 0.2)  1.3M nps  ETA 00:43:06
[2026-03-28T16:32:51.785] [INFO] [selfplay:0] [SelfPlay] 1029/1500 (68%)  pos=91885  W/D/B=435/192/402  (42%/18%/39%)  d5/d8  0.4 games/s (avg 0.2)  1.3M nps  ETA 00:43:04
[2026-03-28T16:32:55.778] [INFO] [selfplay:0] [SelfPlay] 1030/1500 (68%)  pos=91931  W/D/B=435/193/402  (42%/18%/39%)  d5/d8  0.4 games/s (avg 0.2)  1.3M nps  ETA 00:42:56
[2026-03-28T16:32:59.881] [INFO] [selfplay:0] [SelfPlay] 1031/1500 (68%)  pos=91976  W/D/B=435/194/402  (42%/18%/38%)  d5/d8  0.4 games/s (avg 0.2)  1.3M nps  ETA 00:42:50
[2026-03-28T16:33:09.132] [INFO] [selfplay:0] [SelfPlay] 1032/1500 (68%)  pos=92000  W/D/B=435/194/403  (42%/18%/39%)  d5/d8  0.3 games/s (avg 0.2)  1.2M nps  ETA 00:42:38
[2026-03-28T16:33:15.096] [INFO] [selfplay:0] [SelfPlay] 1033/1500 (68%)  pos=92061  W/D/B=436/194/403  (42%/18%/39%)  d5/d8  0.3 games/s (avg 0.2)  1.2M nps  ETA 00:42:38
[2026-03-28T16:33:19.110] [INFO] [selfplay:0] [SelfPlay] 1034/1500 (68%)  pos=92162  W/D/B=437/194/403  (42%/18%/38%)  d5/d8  0.3 games/s (avg 0.2)  1.2M nps  ETA 00:42:35
[2026-03-28T16:33:26.030] [INFO] [selfplay:0] [SelfPlay] 1035/1500 (69%)  pos=92256  W/D/B=438/194/403  (42%/18%/38%)  d5/d8  0.3 games/s (avg 0.2)  1.2M nps  ETA 00:42:26
[2026-03-28T16:33:26.409] [INFO] [selfplay:0] [SelfPlay] 1036/1500 (69%)  pos=92327  W/D/B=439/194/403  (42%/18%/38%)  d5/d8  0.3 games/s (avg 0.2)  1.2M nps  ETA 00:42:28
[2026-03-28T16:33:33.495] [INFO] [selfplay:0] [SelfPlay] 1037/1500 (69%)  pos=92420  W/D/B=440/194/403  (42%/18%/38%)  d5/d8  0.6 games/s (avg 0.2)  1.2M nps  ETA 00:42:13
[2026-03-28T16:33:37.228] [INFO] [selfplay:0] [SelfPlay] 1038/1500 (69%)  pos=92543  W/D/B=440/195/403  (42%/18%/38%)  d5/d8  0.5 games/s (avg 0.2)  1.2M nps  ETA 00:42:11
[2026-03-28T16:33:40.663] [INFO] [selfplay:0] [SelfPlay] 1039/1500 (69%)  pos=92649  W/D/B=441/195/403  (42%/18%/38%)  d5/d8  0.5 games/s (avg 0.2)  1.2M nps  ETA 00:42:06
[2026-03-28T16:33:42.246] [INFO] [selfplay:0] [SelfPlay] 1040/1500 (69%)  pos=92691  W/D/B=442/195/403  (42%/18%/38%)  d5/d8  0.5 games/s (avg 0.2)  1.2M nps  ETA 00:42:01
[2026-03-28T16:33:48.495] [INFO] [selfplay:0] [SelfPlay] 1041/1500 (69%)  pos=92766  W/D/B=442/195/404  (42%/18%/38%)  d5/d8  0.5 games/s (avg 0.2)  1.2M nps  ETA 00:41:50
[2026-03-28T16:34:02.230] [INFO] [selfplay:0] [SelfPlay] 1042/1500 (69%)  pos=92860  W/D/B=443/195/404  (42%/18%/38%)  d5/d8  0.4 games/s (avg 0.2)  1.2M nps  ETA 00:41:36
[2026-03-28T16:34:04.856] [INFO] [selfplay:0] [SelfPlay] 1043/1500 (69%)  pos=92981  W/D/B=443/195/405  (42%/18%/38%)  d5/d8  0.4 games/s (avg 0.2)  1.2M nps  ETA 00:41:47
[2026-03-28T16:34:05.439] [INFO] [selfplay:0] [SelfPlay] 1044/1500 (69%)  pos=93063  W/D/B=443/195/406  (42%/18%/38%)  d5/d8  0.4 games/s (avg 0.2)  1.2M nps  ETA 00:41:41
[2026-03-28T16:34:09.234] [INFO] [selfplay:0] [SelfPlay] 1045/1500 (69%)  pos=93131  W/D/B=443/195/407  (42%/18%/38%)  d5/d8  0.6 games/s (avg 0.2)  1.2M nps  ETA 00:41:30
[2026-03-28T16:34:10.072] [INFO] [selfplay:0] [SelfPlay] 1046/1500 (69%)  pos=93188  W/D/B=444/195/407  (42%/18%/38%)  d5/d8  0.5 games/s (avg 0.2)  1.2M nps  ETA 00:41:27
[2026-03-28T16:34:12.887] [INFO] [selfplay:0] [SelfPlay] 1047/1500 (69%)  pos=93311  W/D/B=444/196/407  (42%/18%/38%)  d5/d8  0.6 games/s (avg 0.2)  1.2M nps  ETA 00:41:18
[2026-03-28T16:34:13.421] [INFO] [selfplay:0] [SelfPlay] 1048/1500 (69%)  pos=93373  W/D/B=445/196/407  (42%/18%/38%)  d5/d8  0.6 games/s (avg 0.2)  1.2M nps  ETA 00:41:13
[2026-03-28T16:34:18.905] [INFO] [selfplay:0] [SelfPlay] 1049/1500 (69%)  pos=93452  W/D/B=445/196/408  (42%/18%/38%)  d5/d8  0.8 games/s (avg 0.2)  1.2M nps  ETA 00:41:01
[2026-03-28T16:34:24.647] [INFO] [selfplay:0] [SelfPlay] 1050/1500 (70%)  pos=93522  W/D/B=445/196/409  (42%/18%/38%)  d5/d8  0.7 games/s (avg 0.2)  1.2M nps  ETA 00:40:55
[2026-03-28T16:34:31.198] [INFO] [selfplay:0] [SelfPlay] 1051/1500 (70%)  pos=93595  W/D/B=446/196/409  (42%/18%/38%)  d5/d8  0.6 games/s (avg 0.2)  1.2M nps  ETA 00:40:48
[2026-03-28T16:34:34.654] [INFO] [selfplay:0] [SelfPlay] 1052/1500 (70%)  pos=93636  W/D/B=447/196/409  (42%/18%/38%)  d5/d8  0.5 games/s (avg 0.2)  1.2M nps  ETA 00:40:47
[2026-03-28T16:34:38.858] [INFO] [selfplay:0] [SelfPlay] 1053/1500 (70%)  pos=93691  W/D/B=448/196/409  (42%/18%/38%)  d5/d8  0.5 games/s (avg 0.2)  1.2M nps  ETA 00:40:40
[2026-03-28T16:34:41.290] [INFO] [selfplay:0] [SelfPlay] 1054/1500 (70%)  pos=93780  W/D/B=448/197/409  (42%/18%/38%)  d5/d8  0.5 games/s (avg 0.2)  1.2M nps  ETA 00:40:35
[2026-03-28T16:34:53.167] [INFO] [selfplay:0] [SelfPlay] 1055/1500 (70%)  pos=93816  W/D/B=448/198/409  (42%/18%/38%)  d5/d8  0.5 games/s (avg 0.2)  1.2M nps  ETA 00:40:19
[2026-03-28T16:35:08.512] [INFO] [selfplay:0] [SelfPlay] 1056/1500 (70%)  pos=93860  W/D/B=448/199/409  (42%/18%/38%)  d5/d8  0.4 games/s (avg 0.2)  1.2M nps  ETA 00:40:14
[2026-03-28T16:35:08.780] [INFO] [selfplay:0] [SelfPlay] 1057/1500 (70%)  pos=93919  W/D/B=448/199/410  (42%/18%/38%)  d5/d8  0.4 games/s (avg 0.2)  1.2M nps  ETA 00:40:27
[2026-03-28T16:35:11.989] [INFO] [selfplay:0] [SelfPlay] 1058/1500 (70%)  pos=94010  W/D/B=448/199/411  (42%/18%/38%)  d5/d8  0.9 games/s (avg 0.2)  1.2M nps  ETA 00:40:16
[2026-03-28T16:35:18.111] [INFO] [selfplay:0] [SelfPlay] 1059/1500 (70%)  pos=94050  W/D/B=448/200/411  (42%/18%/38%)  d5/d8  0.8 games/s (avg 0.2)  1.2M nps  ETA 00:40:07
[2026-03-28T16:35:26.612] [INFO] [selfplay:0] [SelfPlay] 1060/1500 (70%)  pos=94152  W/D/B=449/200/411  (42%/18%/38%)  d5/d8  0.7 games/s (avg 0.2)  1.2M nps  ETA 00:40:00
[2026-03-28T16:35:31.825] [INFO] [selfplay:0] [SelfPlay] 1061/1500 (70%)  pos=94227  W/D/B=449/200/412  (42%/18%/38%)  d5/d8  0.6 games/s (avg 0.2)  1.2M nps  ETA 00:39:59
[2026-03-28T16:35:31.990] [INFO] [selfplay:0] [SelfPlay] 1062/1500 (70%)  pos=94269  W/D/B=450/200/412  (42%/18%/38%)  d5/d8  0.5 games/s (avg 0.2)  1.2M nps  ETA 00:39:57
[2026-03-28T16:35:38.358] [INFO] [selfplay:0] [SelfPlay] 1063/1500 (70%)  pos=94320  W/D/B=450/200/413  (42%/18%/38%)  d5/d8  1.4 games/s (avg 0.2)  1.2M nps  ETA 00:39:44
[2026-03-28T16:35:40.618] [INFO] [selfplay:0] [SelfPlay] 1064/1500 (70%)  pos=94349  W/D/B=451/200/413  (42%/18%/38%)  d5/d8  1.2 games/s (avg 0.2)  1.2M nps  ETA 00:39:43
[2026-03-28T16:35:44.991] [INFO] [selfplay:0] [SelfPlay] 1065/1500 (71%)  pos=94400  W/D/B=451/201/413  (42%/18%/38%)  d5/d8  1.1 games/s (avg 0.2)  1.2M nps  ETA 00:39:34
[2026-03-28T16:35:53.632] [INFO] [selfplay:0] [SelfPlay] 1066/1500 (71%)  pos=94476  W/D/B=452/201/413  (42%/18%/38%)  d5/d8  0.9 games/s (avg 0.2)  1.2M nps  ETA 00:39:25
[2026-03-28T16:35:57.307] [INFO] [selfplay:0] [SelfPlay] 1067/1500 (71%)  pos=94548  W/D/B=453/201/413  (42%/18%/38%)  d5/d8  0.8 games/s (avg 0.2)  1.2M nps  ETA 00:39:24
[2026-03-28T16:36:13.767] [INFO] [selfplay:0] [SelfPlay] 1068/1500 (71%)  pos=94608  W/D/B=454/201/413  (42%/18%/38%)  d5/d8  0.7 games/s (avg 0.2)  1.2M nps  ETA 00:39:06
[2026-03-28T16:36:14.680] [INFO] [selfplay:0] [SelfPlay] 1069/1500 (71%)  pos=94682  W/D/B=454/201/414  (42%/18%/38%)  d5/d8  0.7 games/s (avg 0.2)  1.2M nps  ETA 00:39:20
[2026-03-28T16:36:21.463] [INFO] [selfplay:0] [SelfPlay] 1070/1500 (71%)  pos=94778  W/D/B=455/201/414  (42%/18%/38%)  d5/d8  0.7 games/s (avg 0.2)  1.2M nps  ETA 00:39:07
[2026-03-28T16:36:30.894] [INFO] [selfplay:0] [SelfPlay] 1071/1500 (71%)  pos=94851  W/D/B=456/201/414  (42%/18%/38%)  d5/d8  0.7 games/s (avg 0.2)  1.2M nps  ETA 00:39:00
[2026-03-28T16:36:36.194] [INFO] [selfplay:0] [SelfPlay] 1072/1500 (71%)  pos=94964  W/D/B=457/201/414  (42%/18%/38%)  d5/d8  0.6 games/s (avg 0.2)  1.2M nps  ETA 00:38:59
[2026-03-28T16:36:39.802] [INFO] [selfplay:0] [SelfPlay] 1073/1500 (71%)  pos=95045  W/D/B=457/201/415  (42%/18%/38%)  d5/d8  0.5 games/s (avg 0.2)  1.2M nps  ETA 00:38:57
[2026-03-28T16:36:41.592] [INFO] [selfplay:0] [SelfPlay] 1074/1500 (71%)  pos=95086  W/D/B=457/201/416  (42%/18%/38%)  d5/d8  0.5 games/s (avg 0.2)  1.2M nps  ETA 00:38:51
[2026-03-28T16:36:42.319] [INFO] [selfplay:0] [SelfPlay] 1075/1500 (71%)  pos=95198  W/D/B=457/201/417  (42%/18%/38%)  d5/d8  0.5 games/s (avg 0.2)  1.2M nps  ETA 00:38:45
[2026-03-28T16:36:47.540] [INFO] [selfplay:0] [SelfPlay] 1076/1500 (71%)  pos=95245  W/D/B=457/202/417  (42%/18%/38%)  d5/d8  0.6 games/s (avg 0.2)  1.2M nps  ETA 00:38:34
[2026-03-28T16:36:58.340] [INFO] [selfplay:0] [SelfPlay] 1077/1500 (71%)  pos=95394  W/D/B=457/202/418  (42%/18%/38%)  d5/d8  0.6 games/s (avg 0.2)  1.2M nps  ETA 00:38:22
[2026-03-28T16:37:04.773] [INFO] [selfplay:0] [SelfPlay] 1078/1500 (71%)  pos=95451  W/D/B=457/202/419  (42%/18%/38%)  d5/d8  0.5 games/s (avg 0.2)  1.2M nps  ETA 00:38:24
[2026-03-28T16:37:10.395] [INFO] [selfplay:0] [SelfPlay] 1079/1500 (71%)  pos=95573  W/D/B=457/202/420  (42%/18%/38%)  d5/d8  0.4 games/s (avg 0.2)  1.2M nps  ETA 00:38:19
[2026-03-28T16:37:10.713] [INFO] [selfplay:0] [SelfPlay] 1080/1500 (72%)  pos=95684  W/D/B=457/202/421  (42%/18%/38%)  d5/d8  0.4 games/s (avg 0.2)  1.2M nps  ETA 00:38:20
[2026-03-28T16:37:12.576] [INFO] [selfplay:0] [SelfPlay] 1081/1500 (72%)  pos=95766  W/D/B=458/202/421  (42%/18%/38%)  d5/d8  0.8 games/s (avg 0.2)  1.2M nps  ETA 00:38:10
[2026-03-28T16:37:12.989] [INFO] [selfplay:0] [SelfPlay] 1082/1500 (72%)  pos=95860  W/D/B=458/202/422  (42%/18%/39%)  d5/d8  0.8 games/s (avg 0.2)  1.2M nps  ETA 00:38:04
[2026-03-28T16:37:16.114] [INFO] [selfplay:0] [SelfPlay] 1083/1500 (72%)  pos=95931  W/D/B=459/202/422  (42%/18%/38%)  d5/d8  1.0 games/s (avg 0.2)  1.2M nps  ETA 00:37:55
[2026-03-28T16:37:16.738] [INFO] [selfplay:0] [SelfPlay] 1084/1500 (72%)  pos=96012  W/D/B=459/202/423  (42%/18%/39%)  d5/d8  0.9 games/s (avg 0.2)  1.2M nps  ETA 00:37:51
[2026-03-28T16:37:23.575] [INFO] [selfplay:0] [SelfPlay] 1085/1500 (72%)  pos=96111  W/D/B=460/202/423  (42%/18%/38%)  d5/d8  1.0 games/s (avg 0.2)  1.2M nps  ETA 00:37:37
[2026-03-28T16:37:26.863] [INFO] [selfplay:0] [SelfPlay] 1086/1500 (72%)  pos=96221  W/D/B=460/203/423  (42%/18%/38%)  d5/d8  0.9 games/s (avg 0.2)  1.2M nps  ETA 00:37:36
[2026-03-28T16:37:27.754] [INFO] [selfplay:0] [SelfPlay] 1087/1500 (72%)  pos=96373  W/D/B=460/204/423  (42%/18%/38%)  d5/d8  0.8 games/s (avg 0.2)  1.2M nps  ETA 00:37:32
[2026-03-28T16:37:31.991] [INFO] [selfplay:0] [SelfPlay] 1088/1500 (72%)  pos=96433  W/D/B=461/204/423  (42%/18%/38%)  d5/d8  0.8 games/s (avg 0.2)  1.2M nps  ETA 00:37:21
[2026-03-28T16:37:32.569] [INFO] [selfplay:0] [SelfPlay] 1089/1500 (72%)  pos=96496  W/D/B=461/205/423  (42%/18%/38%)  d5/d8  0.8 games/s (avg 0.2)  1.2M nps  ETA 00:37:20
[2026-03-28T16:37:37.557] [INFO] [selfplay:0] [SelfPlay] 1090/1500 (72%)  pos=96586  W/D/B=461/205/424  (42%/18%/38%)  d5/d8  0.9 games/s (avg 0.2)  1.2M nps  ETA 00:37:08
[2026-03-28T16:37:37.648] [INFO] [selfplay:0] [SelfPlay] 1091/1500 (72%)  pos=96674  W/D/B=461/206/424  (42%/18%/38%)  d5/d8  0.8 games/s (avg 0.2)  1.2M nps  ETA 00:37:07
[2026-03-28T16:37:52.422] [INFO] [selfplay:0] [SelfPlay] 1092/1500 (72%)  pos=96813  W/D/B=462/206/424  (42%/18%/38%)  d5/d8  2.3 games/s (avg 0.2)  1.2M nps  ETA 00:36:44
[2026-03-28T16:38:00.110] [INFO] [selfplay:0] [SelfPlay] 1093/1500 (72%)  pos=96882  W/D/B=463/206/424  (42%/18%/38%)  d5/d8  2.2 games/s (avg 0.2)  1.2M nps  ETA 00:36:50
[2026-03-28T16:38:08.557] [INFO] [selfplay:0] [SelfPlay] 1094/1500 (72%)  pos=97004  W/D/B=463/206/425  (42%/18%/38%)  d5/d8  2.0 games/s (avg 0.2)  1.2M nps  ETA 00:36:45
[2026-03-28T16:38:20.693] [INFO] [selfplay:0] [SelfPlay] 1095/1500 (73%)  pos=97147  W/D/B=463/207/425  (42%/18%/38%)  d5/d8  1.8 games/s (avg 0.2)  1.2M nps  ETA 00:36:37
[2026-03-28T16:38:26.234] [INFO] [selfplay:0] [SelfPlay] 1096/1500 (73%)  pos=97264  W/D/B=464/207/425  (42%/18%/38%)  d5/d8  1.7 games/s (avg 0.2)  1.2M nps  ETA 00:36:40
[2026-03-28T16:38:28.262] [INFO] [selfplay:0] [SelfPlay] 1097/1500 (73%)  pos=97317  W/D/B=465/207/425  (42%/18%/38%)  d5/d8  1.5 games/s (avg 0.2)  1.2M nps  ETA 00:36:38
[2026-03-28T16:38:32.539] [INFO] [selfplay:0] [SelfPlay] 1098/1500 (73%)  pos=97382  W/D/B=466/207/425  (42%/18%/38%)  d5/d8  1.3 games/s (avg 0.2)  1.2M nps  ETA 00:36:29
[2026-03-28T16:38:37.338] [INFO] [selfplay:0] [SelfPlay] 1099/1500 (73%)  pos=97446  W/D/B=466/207/426  (42%/18%/38%)  d5/d8  1.2 games/s (avg 0.2)  1.2M nps  ETA 00:36:23
[2026-03-28T16:38:40.779] [INFO] [selfplay:0] [SelfPlay] 1100/1500 (73%)  pos=97616  W/D/B=467/207/426  (42%/18%/38%)  d5/d8  1.0 games/s (avg 0.2)  1.2M nps  ETA 00:36:19
[2026-03-28T16:38:45.510] [INFO] [selfplay:0] [SelfPlay] 1101/1500 (73%)  pos=97722  W/D/B=468/207/426  (42%/18%/38%)  d5/d8  0.9 games/s (avg 0.2)  1.2M nps  ETA 00:36:11
[2026-03-28T16:38:48.139] [INFO] [selfplay:0] [SelfPlay] 1102/1500 (73%)  pos=97805  W/D/B=468/207/427  (42%/18%/38%)  d5/d8  0.8 games/s (avg 0.2)  1.2M nps  ETA 00:36:07
[2026-03-28T16:38:49.989] [INFO] [selfplay:0] [SelfPlay] 1103/1500 (73%)  pos=97854  W/D/B=468/207/428  (42%/18%/38%)  d5/d8  0.7 games/s (avg 0.2)  1.2M nps  ETA 00:36:01
[2026-03-28T16:38:55.445] [INFO] [selfplay:0] [SelfPlay] 1104/1500 (73%)  pos=97889  W/D/B=469/207/428  (42%/18%/38%)  d5/d8  0.7 games/s (avg 0.2)  1.2M nps  ETA 00:35:52
[2026-03-28T16:38:59.041] [INFO] [selfplay:0] [SelfPlay] 1105/1500 (73%)  pos=98032  W/D/B=469/208/428  (42%/18%/38%)  d5/d8  0.6 games/s (avg 0.2)  1.2M nps  ETA 00:35:47
[2026-03-28T16:39:01.729] [INFO] [selfplay:0] [SelfPlay] 1106/1500 (73%)  pos=98146  W/D/B=469/208/429  (42%/18%/38%)  d5/d8  0.6 games/s (avg 0.2)  1.2M nps  ETA 00:35:43
[2026-03-28T16:39:03.612] [INFO] [selfplay:0] [SelfPlay] 1107/1500 (73%)  pos=98197  W/D/B=469/209/429  (42%/18%/38%)  d5/d8  0.5 games/s (avg 0.2)  1.2M nps  ETA 00:35:37
[2026-03-28T16:39:15.519] [INFO] [selfplay:0] [SelfPlay] 1108/1500 (73%)  pos=98251  W/D/B=469/209/430  (42%/18%/38%)  d5/d8  0.5 games/s (avg 0.2)  1.2M nps  ETA 00:35:20
[2026-03-28T16:39:18.529] [INFO] [selfplay:0] [SelfPlay] 1109/1500 (73%)  pos=98314  W/D/B=469/209/431  (42%/18%/38%)  d5/d8  0.5 games/s (avg 0.2)  1.2M nps  ETA 00:35:26
[2026-03-28T16:39:19.135] [INFO] [selfplay:0] [SelfPlay] 1110/1500 (74%)  pos=98400  W/D/B=469/209/432  (42%/18%/38%)  d5/d8  0.5 games/s (avg 0.2)  1.2M nps  ETA 00:35:22
[2026-03-28T16:39:20.695] [INFO] [selfplay:0] [SelfPlay] 1111/1500 (74%)  pos=98471  W/D/B=470/209/432  (42%/18%/38%)  d5/d8  0.6 games/s (avg 0.2)  1.2M nps  ETA 00:35:14
[2026-03-28T16:39:32.996] [INFO] [selfplay:0] [SelfPlay] 1112/1500 (74%)  pos=98533  W/D/B=470/209/433  (42%/18%/38%)  d5/d8  0.6 games/s (avg 0.2)  1.2M nps  ETA 00:34:56
[2026-03-28T16:39:34.393] [INFO] [selfplay:0] [SelfPlay] 1113/1500 (74%)  pos=98604  W/D/B=470/209/434  (42%/18%/38%)  d5/d8  0.6 games/s (avg 0.2)  1.2M nps  ETA 00:35:05
[2026-03-28T16:39:45.022] [INFO] [selfplay:0] [SelfPlay] 1114/1500 (74%)  pos=98661  W/D/B=470/210/434  (42%/18%/38%)  d5/d8  0.6 games/s (avg 0.2)  1.2M nps  ETA 00:34:48
[2026-03-28T16:39:50.928] [INFO] [selfplay:0] [SelfPlay] 1115/1500 (74%)  pos=98721  W/D/B=470/210/435  (42%/18%/39%)  d5/d8  0.5 games/s (avg 0.2)  1.2M nps  ETA 00:34:50
[2026-03-28T16:39:54.303] [INFO] [selfplay:0] [SelfPlay] 1116/1500 (74%)  pos=98824  W/D/B=470/210/436  (42%/18%/39%)  d5/d8  0.5 games/s (avg 0.2)  1.2M nps  ETA 00:34:46
[2026-03-28T16:40:00.693] [INFO] [selfplay:0] [SelfPlay] 1117/1500 (74%)  pos=98860  W/D/B=470/211/436  (42%/18%/39%)  d5/d8  0.4 games/s (avg 0.2)  1.2M nps  ETA 00:34:38
[2026-03-28T16:40:03.715] [INFO] [selfplay:0] [SelfPlay] 1118/1500 (74%)  pos=98957  W/D/B=470/212/436  (42%/18%/38%)  d5/d8  0.4 games/s (avg 0.2)  1.2M nps  ETA 00:34:36
[2026-03-28T16:40:05.186] [INFO] [selfplay:0] [SelfPlay] 1119/1500 (74%)  pos=99009  W/D/B=470/212/437  (42%/18%/39%)  d5/d8  0.4 games/s (avg 0.2)  1.2M nps  ETA 00:34:30
[2026-03-28T16:40:09.215] [INFO] [selfplay:0] [SelfPlay] 1120/1500 (74%)  pos=99058  W/D/B=471/212/437  (42%/18%/39%)  d5/d8  0.4 games/s (avg 0.2)  1.2M nps  ETA 00:34:21
[2026-03-28T16:40:10.896] [INFO] [selfplay:0] [SelfPlay] 1121/1500 (74%)  pos=99130  W/D/B=472/212/437  (42%/18%/38%)  d5/d8  0.4 games/s (avg 0.2)  1.2M nps  ETA 00:34:19
[2026-03-28T16:40:16.504] [INFO] [selfplay:0] [SelfPlay] 1122/1500 (74%)  pos=99178  W/D/B=473/212/437  (42%/18%/38%)  d5/d8  0.4 games/s (avg 0.2)  1.2M nps  ETA 00:34:07
[2026-03-28T16:40:25.192] [INFO] [selfplay:0] [SelfPlay] 1123/1500 (74%)  pos=99282  W/D/B=473/212/438  (42%/18%/39%)  d5/d8  0.4 games/s (avg 0.2)  1.2M nps  ETA 00:33:58
[2026-03-28T16:40:28.338] [INFO] [selfplay:0] [SelfPlay] 1124/1500 (74%)  pos=99393  W/D/B=473/213/438  (42%/18%/38%)  d5/d8  0.3 games/s (avg 0.2)  1.2M nps  ETA 00:34:00
[2026-03-28T16:40:33.498] [INFO] [selfplay:0] [SelfPlay] 1125/1500 (75%)  pos=99526  W/D/B=474/213/438  (42%/18%/38%)  d5/d8  0.3 games/s (avg 0.2)  1.2M nps  ETA 00:33:52
[2026-03-28T16:40:41.006] [INFO] [selfplay:0] [SelfPlay] 1126/1500 (75%)  pos=99690  W/D/B=475/213/438  (42%/18%/38%)  d5/d8  0.3 games/s (avg 0.2)  1.2M nps  ETA 00:33:43
[2026-03-28T16:40:51.317] [INFO] [selfplay:0] [SelfPlay] 1127/1500 (75%)  pos=99750  W/D/B=475/213/439  (42%/18%/38%)  d5/d8  0.3 games/s (avg 0.2)  1.2M nps  ETA 00:33:37
[2026-03-28T16:40:51.668] [INFO] [selfplay:0] [SelfPlay] 1128/1500 (75%)  pos=99923  W/D/B=475/213/440  (42%/18%/39%)  d5/d8  0.3 games/s (avg 0.2)  1.2M nps  ETA 00:33:43
[2026-03-28T16:40:57.177] [INFO] [selfplay:0] [SelfPlay] 1129/1500 (75%)  pos=100003  W/D/B=475/213/441  (42%/18%/39%)  d5/d8  0.7 games/s (avg 0.2)  1.2M nps  ETA 00:33:30
[2026-03-28T16:41:04.789] [INFO] [selfplay:0] [SelfPlay] 1130/1500 (75%)  pos=100173  W/D/B=475/214/441  (42%/18%/39%)  d5/d8  0.6 games/s (avg 0.2)  1.2M nps  ETA 00:33:23
[2026-03-28T16:41:11.580] [INFO] [selfplay:0] [SelfPlay] 1131/1500 (75%)  pos=100280  W/D/B=475/214/442  (41%/18%/39%)  d5/d8  0.5 games/s (avg 0.2)  1.2M nps  ETA 00:33:19
[2026-03-28T16:41:16.966] [INFO] [selfplay:0] [SelfPlay] 1132/1500 (75%)  pos=100480  W/D/B=475/215/442  (41%/18%/39%)  d5/d8  0.5 games/s (avg 0.2)  1.2M nps  ETA 00:33:16
[2026-03-28T16:41:18.900] [INFO] [selfplay:0] [SelfPlay] 1133/1500 (75%)  pos=100587  W/D/B=476/215/442  (42%/18%/39%)  d5/d8  0.4 games/s (avg 0.2)  1.2M nps  ETA 00:33:13
[2026-03-28T16:41:36.729] [INFO] [selfplay:0] [SelfPlay] 1134/1500 (75%)  pos=100609  W/D/B=476/215/443  (41%/18%/39%)  d5/d8  0.4 games/s (avg 0.2)  1.2M nps  ETA 00:32:51
[2026-03-28T16:41:39.005] [INFO] [selfplay:0] [SelfPlay] 1135/1500 (75%)  pos=100651  W/D/B=476/216/443  (41%/19%/39%)  d5/d8  0.4 games/s (avg 0.2)  1.2M nps  ETA 00:33:04
[2026-03-28T16:41:44.594] [INFO] [selfplay:0] [SelfPlay] 1136/1500 (75%)  pos=100734  W/D/B=476/217/443  (41%/19%/38%)  d5/d8  0.4 games/s (avg 0.2)  1.2M nps  ETA 00:32:56
[2026-03-28T16:41:44.912] [INFO] [selfplay:0] [SelfPlay] 1137/1500 (75%)  pos=100836  W/D/B=476/217/444  (41%/19%/39%)  d5/d8  0.4 games/s (avg 0.2)  1.2M nps  ETA 00:32:55
[2026-03-28T16:41:51.376] [INFO] [selfplay:0] [SelfPlay] 1138/1500 (75%)  pos=100959  W/D/B=477/217/444  (41%/19%/39%)  d5/d8  0.8 games/s (avg 0.2)  1.2M nps  ETA 00:32:41
[2026-03-28T16:41:51.853] [INFO] [selfplay:0] [SelfPlay] 1139/1500 (75%)  pos=101022  W/D/B=477/217/445  (41%/19%/39%)  d5/d8  0.7 games/s (avg 0.2)  1.2M nps  ETA 00:32:43
[2026-03-28T16:41:54.664] [INFO] [selfplay:0] [SelfPlay] 1140/1500 (76%)  pos=101091  W/D/B=478/217/445  (41%/19%/39%)  d5/d8  0.9 games/s (avg 0.2)  1.2M nps  ETA 00:32:33
[2026-03-28T16:41:59.626] [INFO] [selfplay:0] [SelfPlay] 1141/1500 (76%)  pos=101152  W/D/B=478/217/446  (41%/19%/39%)  d5/d8  0.8 games/s (avg 0.2)  1.2M nps  ETA 00:32:25
[2026-03-28T16:42:00.011] [INFO] [selfplay:0] [SelfPlay] 1142/1500 (76%)  pos=101226  W/D/B=478/217/447  (41%/19%/39%)  d5/d8  0.7 games/s (avg 0.2)  1.2M nps  ETA 00:32:23
[2026-03-28T16:42:03.570] [INFO] [selfplay:0] [SelfPlay] 1143/1500 (76%)  pos=101334  W/D/B=478/218/447  (41%/19%/39%)  d5/d8  1.0 games/s (avg 0.2)  1.2M nps  ETA 00:32:14
[2026-03-28T16:42:16.327] [INFO] [selfplay:0] [SelfPlay] 1144/1500 (76%)  pos=101437  W/D/B=478/218/448  (41%/19%/39%)  d5/d8  0.9 games/s (avg 0.2)  1.2M nps  ETA 00:31:58
[2026-03-28T16:42:19.229] [INFO] [selfplay:0] [SelfPlay] 1145/1500 (76%)  pos=101489  W/D/B=479/218/448  (41%/19%/39%)  d5/d8  0.8 games/s (avg 0.2)  1.2M nps  ETA 00:32:05
[2026-03-28T16:42:24.638] [INFO] [selfplay:0] [SelfPlay] 1146/1500 (76%)  pos=101600  W/D/B=479/218/449  (41%/19%/39%)  d5/d8  0.8 games/s (avg 0.2)  1.2M nps  ETA 00:31:57
[2026-03-28T16:42:31.678] [INFO] [selfplay:0] [SelfPlay] 1147/1500 (76%)  pos=101696  W/D/B=480/218/449  (41%/19%/39%)  d5/d8  0.7 games/s (avg 0.2)  1.2M nps  ETA 00:31:49
[2026-03-28T16:42:35.445] [INFO] [selfplay:0] [SelfPlay] 1148/1500 (76%)  pos=101804  W/D/B=480/218/450  (41%/18%/39%)  d5/d8  0.6 games/s (avg 0.2)  1.2M nps  ETA 00:31:47
[2026-03-28T16:42:45.712] [INFO] [selfplay:0] [SelfPlay] 1149/1500 (76%)  pos=101875  W/D/B=480/219/450  (41%/19%/39%)  d5/d8  0.5 games/s (avg 0.2)  1.2M nps  ETA 00:31:36
[2026-03-28T16:42:57.965] [INFO] [selfplay:0] [SelfPlay] 1150/1500 (76%)  pos=101879  W/D/B=480/219/451  (41%/19%/39%)  d5/d8  0.5 games/s (avg 0.2)  1.2M nps  ETA 00:31:30
[2026-03-28T16:43:01.650] [INFO] [selfplay:0] [SelfPlay] 1151/1500 (76%)  pos=101968  W/D/B=480/219/452  (41%/19%/39%)  d5/d8  0.4 games/s (avg 0.2)  1.2M nps  ETA 00:31:34
[2026-03-28T16:43:10.769] [INFO] [selfplay:0] [SelfPlay] 1152/1500 (76%)  pos=102156  W/D/B=481/219/452  (41%/19%/39%)  d5/d8  0.4 games/s (avg 0.2)  1.2M nps  ETA 00:31:23
[2026-03-28T16:43:13.096] [INFO] [selfplay:0] [SelfPlay] 1153/1500 (76%)  pos=102228  W/D/B=481/219/453  (41%/18%/39%)  d5/d8  0.4 games/s (avg 0.2)  1.2M nps  ETA 00:31:25
[2026-03-28T16:43:16.249] [INFO] [selfplay:0] [SelfPlay] 1154/1500 (76%)  pos=102289  W/D/B=481/219/454  (41%/18%/39%)  d5/d8  0.4 games/s (avg 0.2)  1.2M nps  ETA 00:31:19
[2026-03-28T16:43:17.261] [INFO] [selfplay:0] [SelfPlay] 1155/1500 (77%)  pos=102375  W/D/B=482/219/454  (41%/18%/39%)  d5/d8  0.4 games/s (avg 0.2)  1.2M nps  ETA 00:31:14
[2026-03-28T16:43:19.719] [INFO] [selfplay:0] [SelfPlay] 1156/1500 (77%)  pos=102509  W/D/B=483/219/454  (41%/18%/39%)  d5/d8  0.5 games/s (avg 0.2)  1.2M nps  ETA 00:31:07
[2026-03-28T16:43:20.695] [INFO] [selfplay:0] [SelfPlay] 1157/1500 (77%)  pos=102589  W/D/B=483/219/455  (41%/18%/39%)  d5/d8  0.4 games/s (avg 0.2)  1.2M nps  ETA 00:31:01
[2026-03-28T16:43:24.088] [INFO] [selfplay:0] [SelfPlay] 1158/1500 (77%)  pos=102707  W/D/B=483/219/456  (41%/18%/39%)  d5/d8  0.5 games/s (avg 0.2)  1.2M nps  ETA 00:30:52
[2026-03-28T16:43:25.276] [INFO] [selfplay:0] [SelfPlay] 1159/1500 (77%)  pos=102751  W/D/B=484/219/456  (41%/18%/39%)  d5/d8  0.5 games/s (avg 0.2)  1.2M nps  ETA 00:30:49
[2026-03-28T16:43:31.484] [INFO] [selfplay:0] [SelfPlay] 1160/1500 (77%)  pos=102905  W/D/B=484/219/457  (41%/18%/39%)  d5/d8  0.5 games/s (avg 0.2)  1.2M nps  ETA 00:30:37
[2026-03-28T16:43:45.545] [INFO] [selfplay:0] [SelfPlay] 1161/1500 (77%)  pos=103020  W/D/B=484/220/457  (41%/18%/39%)  d5/d8  0.5 games/s (avg 0.2)  1.2M nps  ETA 00:30:24
[2026-03-28T16:43:55.259] [INFO] [selfplay:0] [SelfPlay] 1162/1500 (77%)  pos=103128  W/D/B=484/220/458  (41%/18%/39%)  d5/d8  0.4 games/s (avg 0.2)  1.2M nps  ETA 00:30:25
[2026-03-28T16:44:00.298] [INFO] [selfplay:0] [SelfPlay] 1163/1500 (77%)  pos=103177  W/D/B=484/220/459  (41%/18%/39%)  d5/d8  0.4 games/s (avg 0.2)  1.2M nps  ETA 00:30:26
[2026-03-28T16:44:14.692] [INFO] [selfplay:0] [SelfPlay] 1164/1500 (77%)  pos=103214  W/D/B=485/220/459  (41%/18%/39%)  d5/d8  0.4 games/s (avg 0.2)  1.2M nps  ETA 00:30:11
[2026-03-28T16:44:28.155] [INFO] [selfplay:0] [SelfPlay] 1165/1500 (77%)  pos=103259  W/D/B=486/220/459  (41%/18%/39%)  d5/d8  0.3 games/s (avg 0.2)  1.2M nps  ETA 00:30:08
[2026-03-28T16:44:29.041] [INFO] [selfplay:0] [SelfPlay] 1166/1500 (77%)  pos=103429  W/D/B=486/220/460  (41%/18%/39%)  d5/d8  0.3 games/s (avg 0.2)  1.2M nps  ETA 00:30:18
[2026-03-28T16:44:35.290] [INFO] [selfplay:0] [SelfPlay] 1167/1500 (77%)  pos=103491  W/D/B=486/220/461  (41%/18%/39%)  d5/d8  0.4 games/s (avg 0.2)  1.2M nps  ETA 00:30:06
[2026-03-28T16:44:41.657] [INFO] [selfplay:0] [SelfPlay] 1168/1500 (77%)  pos=103563  W/D/B=487/220/461  (41%/18%/39%)  d5/d8  0.4 games/s (avg 0.2)  1.2M nps  ETA 00:30:01
[2026-03-28T16:44:43.989] [INFO] [selfplay:0] [SelfPlay] 1169/1500 (77%)  pos=103754  W/D/B=488/220/461  (41%/18%/39%)  d5/d8  0.3 games/s (avg 0.2)  1.2M nps  ETA 00:29:59
[2026-03-28T16:44:49.791] [INFO] [selfplay:0] [SelfPlay] 1170/1500 (78%)  pos=103885  W/D/B=489/220/461  (41%/18%/39%)  d5/d8  0.3 games/s (avg 0.2)  1.2M nps  ETA 00:29:51
[2026-03-28T16:44:49.818] [INFO] [selfplay:0] [SelfPlay] 1171/1500 (78%)  pos=103924  W/D/B=490/220/461  (41%/18%/39%)  d5/d8  0.3 games/s (avg 0.2)  1.2M nps  ETA 00:29:50
[2026-03-28T16:44:50.648] [INFO] [selfplay:0] [SelfPlay] 1172/1500 (78%)  pos=103996  W/D/B=490/221/461  (41%/18%/39%)  d5/d8  5.9 games/s (avg 0.2)  1.2M nps  ETA 00:29:42
[2026-03-28T16:44:52.813] [INFO] [selfplay:0] [SelfPlay] 1173/1500 (78%)  pos=104147  W/D/B=490/221/462  (41%/18%/39%)  d5/d8  5.2 games/s (avg 0.2)  1.2M nps  ETA 00:29:35
[2026-03-28T16:44:56.394] [INFO] [selfplay:0] [SelfPlay] 1174/1500 (78%)  pos=104178  W/D/B=490/221/463  (41%/18%/39%)  d5/d8  4.8 games/s (avg 0.2)  1.2M nps  ETA 00:29:26
[2026-03-28T16:44:57.704] [INFO] [selfplay:0] [SelfPlay] 1175/1500 (78%)  pos=104265  W/D/B=491/221/463  (41%/18%/39%)  d5/d8  4.4 games/s (avg 0.2)  1.2M nps  ETA 00:29:23
[2026-03-28T16:45:02.746] [INFO] [selfplay:0] [SelfPlay] 1176/1500 (78%)  pos=104357  W/D/B=492/221/463  (41%/18%/39%)  d5/d8  3.9 games/s (avg 0.2)  1.2M nps  ETA 00:29:13
[2026-03-28T16:45:05.925] [INFO] [selfplay:0] [SelfPlay] 1177/1500 (78%)  pos=104464  W/D/B=493/221/463  (41%/18%/39%)  d5/d8  3.6 games/s (avg 0.2)  1.2M nps  ETA 00:29:09
[2026-03-28T16:45:14.114] [INFO] [selfplay:0] [SelfPlay] 1178/1500 (78%)  pos=104693  W/D/B=493/221/464  (41%/18%/39%)  d5/d8  3.3 games/s (avg 0.2)  1.2M nps  ETA 00:28:57
[2026-03-28T16:45:21.351] [INFO] [selfplay:0] [SelfPlay] 1179/1500 (78%)  pos=104819  W/D/B=493/222/464  (41%/18%/39%)  d5/d8  3.1 games/s (avg 0.2)  1.2M nps  ETA 00:28:54
[2026-03-28T16:45:24.013] [INFO] [selfplay:0] [SelfPlay] 1180/1500 (78%)  pos=104962  W/D/B=494/222/464  (41%/18%/39%)  d5/d8  2.8 games/s (avg 0.2)  1.2M nps  ETA 00:28:54
[2026-03-28T16:45:34.252] [INFO] [selfplay:0] [SelfPlay] 1181/1500 (78%)  pos=105043  W/D/B=495/222/464  (41%/18%/39%)  d5/d8  2.5 games/s (avg 0.2)  1.2M nps  ETA 00:28:40
[2026-03-28T16:45:40.944] [INFO] [selfplay:0] [SelfPlay] 1182/1500 (78%)  pos=105093  W/D/B=495/223/464  (41%/18%/39%)  d5/d8  2.3 games/s (avg 0.2)  1.2M nps  ETA 00:28:40
[2026-03-28T16:45:51.558] [INFO] [selfplay:0] [SelfPlay] 1183/1500 (78%)  pos=105168  W/D/B=495/223/465  (41%/18%/39%)  d5/d8  2.1 games/s (avg 0.2)  1.2M nps  ETA 00:28:30
[2026-03-28T16:45:52.566] [INFO] [selfplay:0] [SelfPlay] 1184/1500 (78%)  pos=105243  W/D/B=495/223/466  (41%/18%/39%)  d5/d8  1.9 games/s (avg 0.2)  1.2M nps  ETA 00:28:36
[2026-03-28T16:45:54.763] [INFO] [selfplay:0] [SelfPlay] 1185/1500 (79%)  pos=105330  W/D/B=496/223/466  (41%/18%/39%)  d5/d8  1.8 games/s (avg 0.2)  1.2M nps  ETA 00:28:28
[2026-03-28T16:45:58.765] [INFO] [selfplay:0] [SelfPlay] 1186/1500 (79%)  pos=105388  W/D/B=496/223/467  (41%/18%/39%)  d5/d8  1.6 games/s (avg 0.2)  1.2M nps  ETA 00:28:20
[2026-03-28T16:46:04.007] [INFO] [selfplay:0] [SelfPlay] 1187/1500 (79%)  pos=105438  W/D/B=496/224/467  (41%/18%/39%)  d5/d8  1.4 games/s (avg 0.2)  1.2M nps  ETA 00:28:12
[2026-03-28T16:46:04.250] [INFO] [selfplay:0] [SelfPlay] 1188/1500 (79%)  pos=105483  W/D/B=497/224/467  (41%/18%/39%)  d5/d8  1.2 games/s (avg 0.2)  1.2M nps  ETA 00:28:13
[2026-03-28T16:46:07.153] [INFO] [selfplay:0] [SelfPlay] 1189/1500 (79%)  pos=105669  W/D/B=497/225/467  (41%/18%/39%)  d5/d8  1.7 games/s (avg 0.2)  1.2M nps  ETA 00:28:03
[2026-03-28T16:46:12.181] [INFO] [selfplay:0] [SelfPlay] 1190/1500 (79%)  pos=105790  W/D/B=498/225/467  (41%/18%/39%)  d5/d8  1.5 games/s (avg 0.2)  1.2M nps  ETA 00:27:55
[2026-03-28T16:46:22.120] [INFO] [selfplay:0] [SelfPlay] 1191/1500 (79%)  pos=105894  W/D/B=498/225/468  (41%/18%/39%)  d5/d8  1.3 games/s (avg 0.2)  1.2M nps  ETA 00:27:45
[2026-03-28T16:46:28.010] [INFO] [selfplay:0] [SelfPlay] 1192/1500 (79%)  pos=105990  W/D/B=499/225/468  (41%/18%/39%)  d5/d8  1.2 games/s (avg 0.2)  1.2M nps  ETA 00:27:44
[2026-03-28T16:46:35.388] [INFO] [selfplay:0] [SelfPlay] 1193/1500 (79%)  pos=106040  W/D/B=499/225/469  (41%/18%/39%)  d5/d8  1.0 games/s (avg 0.2)  1.2M nps  ETA 00:27:38
[2026-03-28T16:46:47.843] [INFO] [selfplay:0] [SelfPlay] 1194/1500 (79%)  pos=106086  W/D/B=500/225/469  (41%/18%/39%)  d5/d8  0.9 games/s (avg 0.2)  1.2M nps  ETA 00:27:28
[2026-03-28T16:46:50.010] [INFO] [selfplay:0] [SelfPlay] 1195/1500 (79%)  pos=106155  W/D/B=500/225/470  (41%/18%/39%)  d5/d8  0.8 games/s (avg 0.2)  1.2M nps  ETA 00:27:33
[2026-03-28T16:46:54.584] [INFO] [selfplay:0] [SelfPlay] 1196/1500 (79%)  pos=106281  W/D/B=501/225/470  (41%/18%/39%)  d5/d8  0.8 games/s (avg 0.2)  1.2M nps  ETA 00:27:26
[2026-03-28T16:47:10.574] [INFO] [selfplay:0] [SelfPlay] 1197/1500 (79%)  pos=106330  W/D/B=502/225/470  (41%/18%/39%)  d5/d8  0.7 games/s (avg 0.2)  1.2M nps  ETA 00:27:09
[2026-03-28T16:47:15.237] [INFO] [selfplay:0] [SelfPlay] 1198/1500 (79%)  pos=106403  W/D/B=502/225/471  (41%/18%/39%)  d5/d8  0.6 games/s (avg 0.2)  1.2M nps  ETA 00:27:17
[2026-03-28T16:47:36.608] [INFO] [selfplay:0] [SelfPlay] 1199/1500 (79%)  pos=106515  W/D/B=502/225/472  (41%/18%/39%)  d5/d8  0.6 games/s (avg 0.2)  1.2M nps  ETA 00:26:55
[2026-03-28T16:47:40.269] [INFO] [selfplay:0] [SelfPlay] 1200/1500 (80%)  pos=106562  W/D/B=502/225/473  (41%/18%/39%)  d5/d8  0.5 games/s (avg 0.2)  1.2M nps  ETA 00:27:11
[2026-03-28T16:47:43.618] [INFO] [selfplay:0] [SelfPlay] 1201/1500 (80%)  pos=106591  W/D/B=503/225/473  (41%/18%/39%)  d5/d8  0.5 games/s (avg 0.2)  1.2M nps  ETA 00:27:06
[2026-03-28T16:47:45.115] [INFO] [selfplay:0] [SelfPlay] 1202/1500 (80%)  pos=106763  W/D/B=504/225/473  (41%/18%/39%)  d5/d8  0.5 games/s (avg 0.2)  1.2M nps  ETA 00:27:01
[2026-03-28T16:47:49.014] [INFO] [selfplay:0] [SelfPlay] 1203/1500 (80%)  pos=106844  W/D/B=504/225/474  (41%/18%/39%)  d5/d8  0.5 games/s (avg 0.2)  1.2M nps  ETA 00:26:52
[2026-03-28T16:47:52.467] [INFO] [selfplay:0] [SelfPlay] 1204/1500 (80%)  pos=106887  W/D/B=505/225/474  (41%/18%/39%)  d5/d8  0.5 games/s (avg 0.2)  1.2M nps  ETA 00:26:48
[2026-03-28T16:47:54.587] [INFO] [selfplay:0] [SelfPlay] 1205/1500 (80%)  pos=106962  W/D/B=506/225/474  (41%/18%/39%)  d5/d8  0.4 games/s (avg 0.2)  1.2M nps  ETA 00:26:43
[2026-03-28T16:47:58.742] [INFO] [selfplay:0] [SelfPlay] 1206/1500 (80%)  pos=107029  W/D/B=506/225/475  (41%/18%/39%)  d5/d8  0.4 games/s (avg 0.2)  1.2M nps  ETA 00:26:34
[2026-03-28T16:47:59.435] [INFO] [selfplay:0] [SelfPlay] 1207/1500 (80%)  pos=107164  W/D/B=507/225/475  (42%/18%/39%)  d5/d8  0.4 games/s (avg 0.2)  1.2M nps  ETA 00:26:32
[2026-03-28T16:48:02.689] [INFO] [selfplay:0] [SelfPlay] 1208/1500 (80%)  pos=107245  W/D/B=507/225/476  (41%/18%/39%)  d5/d8  0.6 games/s (avg 0.2)  1.2M nps  ETA 00:26:23
[2026-03-28T16:48:12.291] [INFO] [selfplay:0] [SelfPlay] 1209/1500 (80%)  pos=107385  W/D/B=507/226/476  (41%/18%/39%)  d5/d8  0.5 games/s (avg 0.2)  1.2M nps  ETA 00:26:10
[2026-03-28T16:48:16.345] [INFO] [selfplay:0] [SelfPlay] 1210/1500 (80%)  pos=107450  W/D/B=508/226/476  (41%/18%/39%)  d5/d8  0.5 games/s (avg 0.2)  1.2M nps  ETA 00:26:12
[2026-03-28T16:48:18.740] [INFO] [selfplay:0] [SelfPlay] 1211/1500 (80%)  pos=107502  W/D/B=508/227/476  (41%/18%/39%)  d5/d8  0.4 games/s (avg 0.2)  1.2M nps  ETA 00:26:08
[2026-03-28T16:48:21.232] [INFO] [selfplay:0] [SelfPlay] 1212/1500 (80%)  pos=107561  W/D/B=509/227/476  (41%/18%/39%)  d5/d8  0.4 games/s (avg 0.2)  1.2M nps  ETA 00:26:01
[2026-03-28T16:48:31.927] [INFO] [selfplay:0] [SelfPlay] 1213/1500 (80%)  pos=107689  W/D/B=509/227/477  (41%/18%/39%)  d5/d8  0.4 games/s (avg 0.2)  1.2M nps  ETA 00:25:48
[2026-03-28T16:48:44.186] [INFO] [selfplay:0] [SelfPlay] 1214/1500 (80%)  pos=107722  W/D/B=509/227/478  (41%/18%/39%)  d5/d8  0.4 games/s (avg 0.2)  1.2M nps  ETA 00:25:40
[2026-03-28T16:48:47.471] [INFO] [selfplay:0] [SelfPlay] 1215/1500 (81%)  pos=107878  W/D/B=509/227/479  (41%/18%/39%)  d5/d8  0.3 games/s (avg 0.2)  1.2M nps  ETA 00:25:47
[2026-03-28T16:48:56.992] [INFO] [selfplay:0] [SelfPlay] 1216/1500 (81%)  pos=107973  W/D/B=509/227/480  (41%/18%/39%)  d5/d8  0.3 games/s (avg 0.2)  1.2M nps  ETA 00:25:34
[2026-03-28T16:49:01.781] [INFO] [selfplay:0] [SelfPlay] 1217/1500 (81%)  pos=108023  W/D/B=509/227/481  (41%/18%/39%)  d5/d8  0.3 games/s (avg 0.2)  1.2M nps  ETA 00:25:35
[2026-03-28T16:49:06.798] [INFO] [selfplay:0] [SelfPlay] 1218/1500 (81%)  pos=108079  W/D/B=509/227/482  (41%/18%/39%)  d5/d8  0.3 games/s (avg 0.2)  1.2M nps  ETA 00:25:29
[2026-03-28T16:49:09.679] [INFO] [selfplay:0] [SelfPlay] 1219/1500 (81%)  pos=108173  W/D/B=509/228/482  (41%/18%/39%)  d5/d8  0.3 games/s (avg 0.2)  1.2M nps  ETA 00:25:25
[2026-03-28T16:49:11.087] [INFO] [selfplay:0] [SelfPlay] 1220/1500 (81%)  pos=108257  W/D/B=510/228/482  (41%/18%/39%)  d5/d8  0.3 games/s (avg 0.2)  1.2M nps  ETA 00:25:20
[2026-03-28T16:49:18.043] [INFO] [selfplay:0] [SelfPlay] 1221/1500 (81%)  pos=108325  W/D/B=510/228/483  (41%/18%/39%)  d5/d8  0.3 games/s (avg 0.2)  1.2M nps  ETA 00:25:09
[2026-03-28T16:49:27.714] [INFO] [selfplay:0] [SelfPlay] 1222/1500 (81%)  pos=108456  W/D/B=511/228/483  (41%/18%/39%)  d5/d8  0.3 games/s (avg 0.2)  1.2M nps  ETA 00:25:02
[2026-03-28T16:49:34.653] [INFO] [selfplay:0] [SelfPlay] 1223/1500 (81%)  pos=108565  W/D/B=512/228/483  (41%/18%/39%)  d5/d8  0.3 games/s (avg 0.2)  1.2M nps  ETA 00:24:59
[2026-03-28T16:49:39.830] [INFO] [selfplay:0] [SelfPlay] 1224/1500 (81%)  pos=108805  W/D/B=512/229/483  (41%/18%/39%)  d5/d8  0.3 games/s (avg 0.2)  1.2M nps  ETA 00:24:56
[2026-03-28T16:49:42.257] [INFO] [selfplay:0] [SelfPlay] 1225/1500 (81%)  pos=108860  W/D/B=513/229/483  (41%/18%/39%)  d5/d8  0.3 games/s (avg 0.2)  1.2M nps  ETA 00:24:52
[2026-03-28T16:49:49.618] [INFO] [selfplay:0] [SelfPlay] 1226/1500 (81%)  pos=108934  W/D/B=514/229/483  (41%/18%/39%)  d5/d8  0.3 games/s (avg 0.2)  1.2M nps  ETA 00:24:42
[2026-03-28T16:49:49.703] [INFO] [selfplay:0] [SelfPlay] 1227/1500 (81%)  pos=108970  W/D/B=514/230/483  (41%/18%/39%)  d5/d8  0.3 games/s (avg 0.2)  1.2M nps  ETA 00:24:44
[2026-03-28T16:49:56.449] [INFO] [selfplay:0] [SelfPlay] 1228/1500 (81%)  pos=109058  W/D/B=514/230/484  (41%/18%/39%)  d5/d8  2.0 games/s (avg 0.2)  1.2M nps  ETA 00:24:31
[2026-03-28T16:49:57.558] [INFO] [selfplay:0] [SelfPlay] 1229/1500 (81%)  pos=109094  W/D/B=514/231/484  (41%/18%/39%)  d5/d8  1.8 games/s (avg 0.2)  1.2M nps  ETA 00:24:32
[2026-03-28T16:50:10.372] [INFO] [selfplay:0] [SelfPlay] 1230/1500 (82%)  pos=109259  W/D/B=515/231/484  (41%/18%/39%)  d5/d8  1.7 games/s (avg 0.2)  1.2M nps  ETA 00:24:13
[2026-03-28T16:50:15.513] [INFO] [selfplay:0] [SelfPlay] 1231/1500 (82%)  pos=109392  W/D/B=515/231/485  (41%/18%/39%)  d5/d8  1.6 games/s (avg 0.2)  1.2M nps  ETA 00:24:17
[2026-03-28T16:50:17.212] [INFO] [selfplay:0] [SelfPlay] 1232/1500 (82%)  pos=109412  W/D/B=516/231/485  (41%/18%/39%)  d5/d8  1.4 games/s (avg 0.2)  1.2M nps  ETA 00:24:15
[2026-03-28T16:50:23.351] [INFO] [selfplay:0] [SelfPlay] 1233/1500 (82%)  pos=109448  W/D/B=517/231/485  (41%/18%/39%)  d5/d8  1.2 games/s (avg 0.2)  1.2M nps  ETA 00:24:05
[2026-03-28T16:50:23.548] [INFO] [selfplay:0] [SelfPlay] 1234/1500 (82%)  pos=109536  W/D/B=517/231/486  (41%/18%/39%)  d5/d8  1.1 games/s (avg 0.2)  1.2M nps  ETA 00:24:05
[2026-03-28T16:50:29.131] [INFO] [selfplay:0] [SelfPlay] 1235/1500 (82%)  pos=109619  W/D/B=518/231/486  (41%/18%/39%)  d5/d8  1.7 games/s (avg 0.2)  1.2M nps  ETA 00:23:53
[2026-03-28T16:50:47.473] [INFO] [selfplay:0] [SelfPlay] 1236/1500 (82%)  pos=109674  W/D/B=518/231/487  (41%/18%/39%)  d5/d8  1.5 games/s (avg 0.2)  1.2M nps  ETA 00:23:35
[2026-03-28T16:50:57.705] [INFO] [selfplay:0] [SelfPlay] 1237/1500 (82%)  pos=109755  W/D/B=518/231/488  (41%/18%/39%)  d5/d8  1.3 games/s (avg 0.2)  1.2M nps  ETA 00:23:41
[2026-03-28T16:50:59.028] [INFO] [selfplay:0] [SelfPlay] 1238/1500 (82%)  pos=109859  W/D/B=519/231/488  (41%/18%/39%)  d5/d8  1.2 games/s (avg 0.2)  1.2M nps  ETA 00:23:44
[2026-03-28T16:51:00.268] [INFO] [selfplay:0] [SelfPlay] 1239/1500 (82%)  pos=109907  W/D/B=519/232/488  (41%/18%/39%)  d5/d8  1.2 games/s (avg 0.2)  1.2M nps  ETA 00:23:39
[2026-03-28T16:51:06.215] [INFO] [selfplay:0] [SelfPlay] 1240/1500 (82%)  pos=109957  W/D/B=519/233/488  (41%/18%/39%)  d5/d8  1.1 games/s (avg 0.2)  1.2M nps  ETA 00:23:28
[2026-03-28T16:51:06.404] [INFO] [selfplay:0] [SelfPlay] 1241/1500 (82%)  pos=110038  W/D/B=520/233/488  (41%/18%/39%)  d5/d8  1.0 games/s (avg 0.2)  1.2M nps  ETA 00:23:28
[2026-03-28T16:51:12.594] [INFO] [selfplay:0] [SelfPlay] 1242/1500 (82%)  pos=110088  W/D/B=521/233/488  (41%/18%/39%)  d5/d8  1.6 games/s (avg 0.2)  1.2M nps  ETA 00:23:16
[2026-03-28T16:51:21.544] [INFO] [selfplay:0] [SelfPlay] 1243/1500 (82%)  pos=110230  W/D/B=522/233/488  (41%/18%/39%)  d5/d8  1.5 games/s (avg 0.2)  1.2M nps  ETA 00:23:07
[2026-03-28T16:51:21.728] [INFO] [selfplay:0] [SelfPlay] 1244/1500 (82%)  pos=110345  W/D/B=523/233/488  (42%/18%/39%)  d5/d8  1.4 games/s (avg 0.2)  1.2M nps  ETA 00:23:12
[2026-03-28T16:51:24.668] [INFO] [selfplay:0] [SelfPlay] 1245/1500 (83%)  pos=110454  W/D/B=524/233/488  (42%/18%/39%)  d5/d8  2.0 games/s (avg 0.2)  1.2M nps  ETA 00:23:02
[2026-03-28T16:51:31.340] [INFO] [selfplay:0] [SelfPlay] 1246/1500 (83%)  pos=110479  W/D/B=524/233/489  (42%/18%/39%)  d5/d8  1.7 games/s (avg 0.2)  1.2M nps  ETA 00:22:52
[2026-03-28T16:51:33.445] [INFO] [selfplay:0] [SelfPlay] 1247/1500 (83%)  pos=110569  W/D/B=524/234/489  (42%/18%/39%)  d5/d8  1.6 games/s (avg 0.2)  1.2M nps  ETA 00:22:52
[2026-03-28T16:51:41.580] [INFO] [selfplay:0] [SelfPlay] 1248/1500 (83%)  pos=110618  W/D/B=524/235/489  (41%/18%/39%)  d5/d8  1.4 games/s (avg 0.2)  1.2M nps  ETA 00:22:40
[2026-03-28T16:51:43.157] [INFO] [selfplay:0] [SelfPlay] 1249/1500 (83%)  pos=110693  W/D/B=525/235/489  (42%/18%/39%)  d5/d8  1.3 games/s (avg 0.2)  1.2M nps  ETA 00:22:41
[2026-03-28T16:51:44.246] [INFO] [selfplay:0] [SelfPlay] 1250/1500 (83%)  pos=110781  W/D/B=526/235/489  (42%/18%/39%)  d5/d8  1.2 games/s (avg 0.2)  1.2M nps  ETA 00:22:36
[2026-03-28T16:51:47.475] [INFO] [selfplay:0] [SelfPlay] 1251/1500 (83%)  pos=110856  W/D/B=526/236/489  (42%/18%/39%)  d5/d8  1.2 games/s (avg 0.2)  1.2M nps  ETA 00:22:28
[2026-03-28T16:51:49.130] [INFO] [selfplay:0] [SelfPlay] 1252/1500 (83%)  pos=110942  W/D/B=527/236/489  (42%/18%/39%)  d5/d8  1.1 games/s (avg 0.2)  1.2M nps  ETA 00:22:23
[2026-03-28T16:51:53.259] [INFO] [selfplay:0] [SelfPlay] 1253/1500 (83%)  pos=111086  W/D/B=528/236/489  (42%/18%/39%)  d5/d8  1.0 games/s (avg 0.2)  1.2M nps  ETA 00:22:15
[2026-03-28T16:51:57.541] [INFO] [selfplay:0] [SelfPlay] 1254/1500 (83%)  pos=111222  W/D/B=528/236/490  (42%/18%/39%)  d5/d8  0.9 games/s (avg 0.2)  1.2M nps  ETA 00:22:09
[2026-03-28T16:52:02.054] [INFO] [selfplay:0] [SelfPlay] 1255/1500 (83%)  pos=111274  W/D/B=528/237/490  (42%/18%/39%)  d5/d8  0.8 games/s (avg 0.2)  1.2M nps  ETA 00:22:02
[2026-03-28T16:52:08.800] [INFO] [selfplay:0] [SelfPlay] 1256/1500 (83%)  pos=111323  W/D/B=528/237/491  (42%/18%/39%)  d5/d8  0.7 games/s (avg 0.2)  1.2M nps  ETA 00:21:56
[2026-03-28T16:52:19.168] [INFO] [selfplay:0] [SelfPlay] 1257/1500 (83%)  pos=111412  W/D/B=528/237/492  (42%/18%/39%)  d5/d8  0.6 games/s (avg 0.2)  1.2M nps  ETA 00:21:46
[2026-03-28T16:52:26.773] [INFO] [selfplay:0] [SelfPlay] 1258/1500 (83%)  pos=111600  W/D/B=529/237/492  (42%/18%/39%)  d5/d8  0.5 games/s (avg 0.2)  1.2M nps  ETA 00:21:45
[2026-03-28T16:52:28.573] [INFO] [selfplay:0] [SelfPlay] 1259/1500 (83%)  pos=111685  W/D/B=530/237/492  (42%/18%/39%)  d5/d8  0.5 games/s (avg 0.2)  1.2M nps  ETA 00:21:45
[2026-03-28T16:52:36.066] [INFO] [selfplay:0] [SelfPlay] 1260/1500 (84%)  pos=111732  W/D/B=530/238/492  (42%/18%/39%)  d5/d8  0.5 games/s (avg 0.2)  1.2M nps  ETA 00:21:33
[2026-03-28T16:52:36.152] [INFO] [selfplay:0] [SelfPlay] 1261/1500 (84%)  pos=111871  W/D/B=531/238/492  (42%/18%/39%)  d5/d8  0.4 games/s (avg 0.2)  1.2M nps  ETA 00:21:36
[2026-03-28T16:52:37.353] [INFO] [selfplay:0] [SelfPlay] 1262/1500 (84%)  pos=111948  W/D/B=531/239/492  (42%/18%/38%)  d5/d8  2.1 games/s (avg 0.2)  1.2M nps  ETA 00:21:28
[2026-03-28T16:52:44.376] [INFO] [selfplay:0] [SelfPlay] 1263/1500 (84%)  pos=111967  W/D/B=531/239/493  (42%/18%/39%)  d5/d8  1.9 games/s (avg 0.2)  1.2M nps  ETA 00:21:16
[2026-03-28T16:52:46.504] [INFO] [selfplay:0] [SelfPlay] 1264/1500 (84%)  pos=112031  W/D/B=532/239/493  (42%/18%/39%)  d5/d8  1.8 games/s (avg 0.2)  1.2M nps  ETA 00:21:16
[2026-03-28T16:52:46.923] [INFO] [selfplay:0] [SelfPlay] 1265/1500 (84%)  pos=112136  W/D/B=533/239/493  (42%/18%/38%)  d5/d8  1.6 games/s (avg 0.2)  1.2M nps  ETA 00:21:12
[2026-03-28T16:52:49.494] [INFO] [selfplay:0] [SelfPlay] 1266/1500 (84%)  pos=112182  W/D/B=533/240/493  (42%/18%/38%)  d5/d8  1.7 games/s (avg 0.2)  1.2M nps  ETA 00:21:03
[2026-03-28T16:52:59.207] [INFO] [selfplay:0] [SelfPlay] 1267/1500 (84%)  pos=112218  W/D/B=533/241/493  (42%/19%/38%)  d5/d8  1.5 games/s (avg 0.2)  1.2M nps  ETA 00:20:50
[2026-03-28T16:53:02.143] [INFO] [selfplay:0] [SelfPlay] 1268/1500 (84%)  pos=112322  W/D/B=533/241/494  (42%/19%/38%)  d5/d8  1.4 games/s (avg 0.2)  1.2M nps  ETA 00:20:52
[2026-03-28T16:53:15.183] [INFO] [selfplay:0] [SelfPlay] 1269/1500 (84%)  pos=112399  W/D/B=534/241/494  (42%/18%/38%)  d5/d8  1.2 games/s (avg 0.2)  1.2M nps  ETA 00:20:36
[2026-03-28T16:53:31.811] [INFO] [selfplay:0] [SelfPlay] 1270/1500 (84%)  pos=112524  W/D/B=535/241/494  (42%/18%/38%)  d5/d8  1.1 games/s (avg 0.2)  1.2M nps  ETA 00:20:29
[2026-03-28T16:53:32.495] [INFO] [selfplay:0] [SelfPlay] 1271/1500 (84%)  pos=112575  W/D/B=536/241/494  (42%/18%/38%)  d5/d8  1.1 games/s (avg 0.2)  1.2M nps  ETA 00:20:41
[2026-03-28T16:53:33.030] [INFO] [selfplay:0] [SelfPlay] 1272/1500 (84%)  pos=112677  W/D/B=536/241/495  (42%/18%/38%)  d5/d8  1.1 games/s (avg 0.2)  1.2M nps  ETA 00:20:35
[2026-03-28T16:53:41.628] [INFO] [selfplay:0] [SelfPlay] 1273/1500 (84%)  pos=112772  W/D/B=536/241/496  (42%/18%/38%)  d5/d8  1.2 games/s (avg 0.2)  1.2M nps  ETA 00:20:21
[2026-03-28T16:53:52.089] [INFO] [selfplay:0] [SelfPlay] 1274/1500 (84%)  pos=112808  W/D/B=536/242/496  (42%/18%/38%)  d5/d8  1.1 games/s (avg 0.2)  1.2M nps  ETA 00:20:14
[2026-03-28T16:53:52.948] [INFO] [selfplay:0] [SelfPlay] 1275/1500 (85%)  pos=112863  W/D/B=536/243/496  (42%/19%/38%)  d5/d8  1.1 games/s (avg 0.2)  1.2M nps  ETA 00:20:20
[2026-03-28T16:53:59.149] [INFO] [selfplay:0] [SelfPlay] 1276/1500 (85%)  pos=112913  W/D/B=536/243/497  (42%/19%/38%)  d5/d8  1.1 games/s (avg 0.2)  1.2M nps  ETA 00:20:07
[2026-03-28T16:53:59.645] [INFO] [selfplay:0] [SelfPlay] 1277/1500 (85%)  pos=113019  W/D/B=536/243/498  (41%/19%/38%)  d5/d8  0.9 games/s (avg 0.2)  1.2M nps  ETA 00:20:08
[2026-03-28T16:54:03.271] [INFO] [selfplay:0] [SelfPlay] 1278/1500 (85%)  pos=113077  W/D/B=536/243/499  (41%/19%/39%)  d5/d8  1.1 games/s (avg 0.2)  1.2M nps  ETA 00:19:58
[2026-03-28T16:54:08.438] [INFO] [selfplay:0] [SelfPlay] 1279/1500 (85%)  pos=113124  W/D/B=536/244/499  (41%/19%/39%)  d5/d8  1.0 games/s (avg 0.2)  1.2M nps  ETA 00:19:51
[2026-03-28T16:54:09.148] [INFO] [selfplay:0] [SelfPlay] 1280/1500 (85%)  pos=113211  W/D/B=536/244/500  (41%/19%/39%)  d5/d8  0.9 games/s (avg 0.2)  1.2M nps  ETA 00:19:50
[2026-03-28T16:54:11.518] [INFO] [selfplay:0] [SelfPlay] 1281/1500 (85%)  pos=113258  W/D/B=536/244/501  (41%/19%/39%)  d5/d8  0.9 games/s (avg 0.2)  1.2M nps  ETA 00:19:43
[2026-03-28T16:54:13.812] [INFO] [selfplay:0] [SelfPlay] 1282/1500 (85%)  pos=113356  W/D/B=536/244/502  (41%/19%/39%)  d5/d8  0.9 games/s (avg 0.2)  1.2M nps  ETA 00:19:37
[2026-03-28T16:54:15.343] [INFO] [selfplay:0] [SelfPlay] 1283/1500 (85%)  pos=113397  W/D/B=536/245/502  (41%/19%/39%)  d5/d8  0.8 games/s (avg 0.2)  1.2M nps  ETA 00:19:31
[2026-03-28T16:54:20.969] [INFO] [selfplay:0] [SelfPlay] 1284/1500 (85%)  pos=113442  W/D/B=536/245/503  (41%/19%/39%)  d5/d8  0.8 games/s (avg 0.2)  1.2M nps  ETA 00:19:22
[2026-03-28T16:54:25.193] [INFO] [selfplay:0] [SelfPlay] 1285/1500 (85%)  pos=113504  W/D/B=537/245/503  (41%/19%/39%)  d5/d8  0.7 games/s (avg 0.2)  1.2M nps  ETA 00:19:17
[2026-03-28T16:54:30.446] [INFO] [selfplay:0] [SelfPlay] 1286/1500 (85%)  pos=113540  W/D/B=537/245/504  (41%/19%/39%)  d5/d8  0.6 games/s (avg 0.2)  1.2M nps  ETA 00:19:11
[2026-03-28T16:54:31.684] [INFO] [selfplay:0] [SelfPlay] 1287/1500 (85%)  pos=113611  W/D/B=537/245/505  (41%/19%/39%)  d5/d8  0.6 games/s (avg 0.2)  1.2M nps  ETA 00:19:09
[2026-03-28T16:54:59.690] [INFO] [selfplay:0] [SelfPlay] 1288/1500 (85%)  pos=113741  W/D/B=538/245/505  (41%/19%/39%)  d5/d8  0.6 games/s (avg 0.2)  1.2M nps  ETA 00:18:36
[2026-03-28T16:55:03.332] [INFO] [selfplay:0] [SelfPlay] 1289/1500 (85%)  pos=113802  W/D/B=538/245/506  (41%/19%/39%)  d5/d8  0.5 games/s (avg 0.2)  1.2M nps  ETA 00:18:59
[2026-03-28T16:55:15.340] [INFO] [selfplay:0] [SelfPlay] 1290/1500 (86%)  pos=113936  W/D/B=539/245/506  (41%/18%/39%)  d5/d8  0.5 games/s (avg 0.2)  1.2M nps  ETA 00:18:45
[2026-03-28T16:55:22.935] [INFO] [selfplay:0] [SelfPlay] 1291/1500 (86%)  pos=113998  W/D/B=539/245/507  (41%/18%/39%)  d5/d8  0.4 games/s (avg 0.2)  1.2M nps  ETA 00:18:46
[2026-03-28T16:55:23.215] [INFO] [selfplay:0] [SelfPlay] 1292/1500 (86%)  pos=114075  W/D/B=540/245/507  (41%/18%/39%)  d5/d8  0.4 games/s (avg 0.2)  1.2M nps  ETA 00:18:47
[2026-03-28T16:55:27.396] [INFO] [selfplay:0] [SelfPlay] 1293/1500 (86%)  pos=114211  W/D/B=540/246/507  (41%/19%/39%)  d5/d8  0.9 games/s (avg 0.2)  1.2M nps  ETA 00:18:37
[2026-03-28T16:55:28.487] [INFO] [selfplay:0] [SelfPlay] 1294/1500 (86%)  pos=114267  W/D/B=540/247/507  (41%/19%/39%)  d5/d8  0.8 games/s (avg 0.2)  1.2M nps  ETA 00:18:35
[2026-03-28T16:55:31.590] [INFO] [selfplay:0] [SelfPlay] 1295/1500 (86%)  pos=114390  W/D/B=541/247/507  (41%/19%/39%)  d5/d8  0.8 games/s (avg 0.2)  1.2M nps  ETA 00:18:27
[2026-03-28T16:55:43.255] [INFO] [selfplay:0] [SelfPlay] 1296/1500 (86%)  pos=114409  W/D/B=541/247/508  (41%/19%/39%)  d5/d8  0.7 games/s (avg 0.2)  1.2M nps  ETA 00:18:12
[2026-03-28T16:55:44.429] [INFO] [selfplay:0] [SelfPlay] 1297/1500 (86%)  pos=114519  W/D/B=541/247/509  (41%/19%/39%)  d5/d8  0.6 games/s (avg 0.2)  1.2M nps  ETA 00:18:18
[2026-03-28T16:55:47.011] [INFO] [selfplay:0] [SelfPlay] 1298/1500 (86%)  pos=114605  W/D/B=542/247/509  (41%/19%/39%)  d5/d8  0.7 games/s (avg 0.2)  1.2M nps  ETA 00:18:10
[2026-03-28T16:55:52.383] [INFO] [selfplay:0] [SelfPlay] 1299/1500 (86%)  pos=114668  W/D/B=543/247/509  (41%/19%/39%)  d5/d8  0.6 games/s (avg 0.2)  1.2M nps  ETA 00:18:02
[2026-03-28T16:55:55.719] [INFO] [selfplay:0] [SelfPlay] 1300/1500 (86%)  pos=114723  W/D/B=543/248/509  (41%/19%/39%)  d5/d8  0.6 games/s (avg 0.2)  1.2M nps  ETA 00:17:59
[2026-03-28T16:56:01.963] [INFO] [selfplay:0] [SelfPlay] 1301/1500 (86%)  pos=114779  W/D/B=543/249/509  (41%/19%/39%)  d5/d8  0.5 games/s (avg 0.2)  1.2M nps  ETA 00:17:50
[2026-03-28T16:56:09.116] [INFO] [selfplay:0] [SelfPlay] 1302/1500 (86%)  pos=114929  W/D/B=543/249/510  (41%/19%/39%)  d5/d8  0.5 games/s (avg 0.2)  1.2M nps  ETA 00:17:43
[2026-03-28T16:56:15.857] [INFO] [selfplay:0] [SelfPlay] 1303/1500 (86%)  pos=115053  W/D/B=543/249/511  (41%/19%/39%)  d5/d8  0.4 games/s (avg 0.2)  1.2M nps  ETA 00:17:40
[2026-03-28T16:56:23.105] [INFO] [selfplay:0] [SelfPlay] 1304/1500 (86%)  pos=115107  W/D/B=544/249/511  (41%/19%/39%)  d5/d8  0.4 games/s (avg 0.2)  1.2M nps  ETA 00:17:33
[2026-03-28T16:56:30.171] [INFO] [selfplay:0] [SelfPlay] 1305/1500 (87%)  pos=115216  W/D/B=544/249/512  (41%/19%/39%)  d5/d8  0.3 games/s (avg 0.2)  1.2M nps  ETA 00:17:29
[2026-03-28T16:56:32.971] [INFO] [selfplay:0] [SelfPlay] 1306/1500 (87%)  pos=115341  W/D/B=545/249/512  (41%/19%/39%)  d5/d8  0.3 games/s (avg 0.2)  1.2M nps  ETA 00:17:28
[2026-03-28T16:56:44.041] [INFO] [selfplay:0] [SelfPlay] 1307/1500 (87%)  pos=115444  W/D/B=546/249/512  (41%/19%/39%)  d5/d8  0.3 games/s (avg 0.2)  1.2M nps  ETA 00:17:13
[2026-03-28T16:56:50.272] [INFO] [selfplay:0] [SelfPlay] 1308/1500 (87%)  pos=115635  W/D/B=546/249/513  (41%/19%/39%)  d5/d8  0.3 games/s (avg 0.2)  1.2M nps  ETA 00:17:14
[2026-03-28T16:56:52.786] [INFO] [selfplay:0] [SelfPlay] 1309/1500 (87%)  pos=115703  W/D/B=546/249/514  (41%/19%/39%)  d5/d8  0.3 games/s (avg 0.2)  1.2M nps  ETA 00:17:13
[2026-03-28T16:56:53.945] [INFO] [selfplay:0] [SelfPlay] 1310/1500 (87%)  pos=115761  W/D/B=546/249/515  (41%/19%/39%)  d5/d8  0.3 games/s (avg 0.2)  1.2M nps  ETA 00:17:08
[2026-03-28T16:56:56.988] [INFO] [selfplay:0] [SelfPlay] 1311/1500 (87%)  pos=115881  W/D/B=546/249/516  (41%/18%/39%)  d5/d8  0.4 games/s (avg 0.2)  1.2M nps  ETA 00:16:59
[2026-03-28T16:56:58.226] [INFO] [selfplay:0] [SelfPlay] 1312/1500 (87%)  pos=115982  W/D/B=546/249/517  (41%/18%/39%)  d5/d8  0.4 games/s (avg 0.2)  1.2M nps  ETA 00:16:56
[2026-03-28T16:57:10.453] [INFO] [selfplay:0] [SelfPlay] 1313/1500 (87%)  pos=116022  W/D/B=546/249/518  (41%/18%/39%)  d5/d8  0.4 games/s (avg 0.2)  1.2M nps  ETA 00:16:39
[2026-03-28T16:57:15.837] [INFO] [selfplay:0] [SelfPlay] 1314/1500 (87%)  pos=116094  W/D/B=547/249/518  (41%/18%/39%)  d5/d8  0.4 games/s (avg 0.2)  1.2M nps  ETA 00:16:42
[2026-03-28T16:57:20.391] [INFO] [selfplay:0] [SelfPlay] 1315/1500 (87%)  pos=116172  W/D/B=548/249/518  (41%/18%/39%)  d5/d8  0.4 games/s (avg 0.2)  1.2M nps  ETA 00:16:36
[2026-03-28T16:57:30.349] [INFO] [selfplay:0] [SelfPlay] 1316/1500 (87%)  pos=116236  W/D/B=548/249/519  (41%/18%/39%)  d5/d8  0.3 games/s (avg 0.2)  1.2M nps  ETA 00:16:26
[2026-03-28T16:57:30.707] [INFO] [selfplay:0] [SelfPlay] 1317/1500 (87%)  pos=116356  W/D/B=548/249/520  (41%/18%/39%)  d5/d8  0.3 games/s (avg 0.2)  1.2M nps  ETA 00:16:31
[2026-03-28T16:57:40.620] [INFO] [selfplay:0] [SelfPlay] 1318/1500 (87%)  pos=116407  W/D/B=548/249/521  (41%/18%/39%)  d5/d8  0.7 games/s (avg 0.2)  1.2M nps  ETA 00:16:15
[2026-03-28T16:57:53.637] [INFO] [selfplay:0] [SelfPlay] 1319/1500 (87%)  pos=116441  W/D/B=548/249/522  (41%/18%/39%)  d5/d8  0.6 games/s (avg 0.2)  1.2M nps  ETA 00:16:07
[2026-03-28T16:58:02.915] [INFO] [selfplay:0] [SelfPlay] 1320/1500 (88%)  pos=116522  W/D/B=548/249/523  (41%/18%/39%)  d5/d8  0.5 games/s (avg 0.2)  1.2M nps  ETA 00:16:07
[2026-03-28T16:58:03.230] [INFO] [selfplay:0] [SelfPlay] 1321/1500 (88%)  pos=116706  W/D/B=549/249/523  (41%/18%/39%)  d5/d8  0.4 games/s (avg 0.2)  1.2M nps  ETA 00:16:10
[2026-03-28T16:58:06.017] [INFO] [selfplay:0] [SelfPlay] 1322/1500 (88%)  pos=116807  W/D/B=549/249/524  (41%/18%/39%)  d5/d8  0.9 games/s (avg 0.2)  1.2M nps  ETA 00:16:02
[2026-03-28T16:58:12.667] [INFO] [selfplay:0] [SelfPlay] 1323/1500 (88%)  pos=116884  W/D/B=549/249/525  (41%/18%/39%)  d5/d8  0.8 games/s (avg 0.2)  1.2M nps  ETA 00:15:53
[2026-03-28T16:58:18.838] [INFO] [selfplay:0] [SelfPlay] 1324/1500 (88%)  pos=116967  W/D/B=549/249/526  (41%/18%/39%)  d5/d8  0.7 games/s (avg 0.2)  1.2M nps  ETA 00:15:48
[2026-03-28T16:58:25.430] [INFO] [selfplay:0] [SelfPlay] 1325/1500 (88%)  pos=117197  W/D/B=549/250/526  (41%/18%/39%)  d5/d8  0.6 games/s (avg 0.2)  1.2M nps  ETA 00:15:41
[2026-03-28T16:58:32.233] [INFO] [selfplay:0] [SelfPlay] 1326/1500 (88%)  pos=117303  W/D/B=549/250/527  (41%/18%/39%)  d5/d8  0.5 games/s (avg 0.2)  1.2M nps  ETA 00:15:36
[2026-03-28T16:58:38.737] [INFO] [selfplay:0] [SelfPlay] 1327/1500 (88%)  pos=117387  W/D/B=550/250/527  (41%/18%/39%)  d5/d8  0.5 games/s (avg 0.2)  1.2M nps  ETA 00:15:32
[2026-03-28T16:58:46.617] [INFO] [selfplay:0] [SelfPlay] 1328/1500 (88%)  pos=117440  W/D/B=550/251/527  (41%/18%/39%)  d5/d8  0.4 games/s (avg 0.2)  1.2M nps  ETA 00:15:24
[2026-03-28T16:58:46.920] [INFO] [selfplay:0] [SelfPlay] 1329/1500 (88%)  pos=117485  W/D/B=550/252/527  (41%/18%/39%)  d5/d8  0.4 games/s (avg 0.2)  1.2M nps  ETA 00:15:27
[2026-03-28T16:58:54.263] [INFO] [selfplay:0] [SelfPlay] 1330/1500 (88%)  pos=117589  W/D/B=550/252/528  (41%/18%/39%)  d5/d8  0.8 games/s (avg 0.2)  1.2M nps  ETA 00:15:13
[2026-03-28T16:59:01.364] [INFO] [selfplay:0] [SelfPlay] 1331/1500 (88%)  pos=117698  W/D/B=550/252/529  (41%/18%/39%)  d5/d8  0.7 games/s (avg 0.2)  1.2M nps  ETA 00:15:09
[2026-03-28T16:59:10.066] [INFO] [selfplay:0] [SelfPlay] 1332/1500 (88%)  pos=117770  W/D/B=550/252/530  (41%/18%/39%)  d5/d8  0.6 games/s (avg 0.2)  1.2M nps  ETA 00:15:02
[2026-03-28T16:59:20.237] [INFO] [selfplay:0] [SelfPlay] 1333/1500 (88%)  pos=117926  W/D/B=550/252/531  (41%/18%/39%)  d5/d8  0.6 games/s (avg 0.2)  1.2M nps  ETA 00:14:56
[2026-03-28T16:59:25.188] [INFO] [selfplay:0] [SelfPlay] 1334/1500 (88%)  pos=117972  W/D/B=550/253/531  (41%/18%/39%)  d5/d8  0.5 games/s (avg 0.2)  1.2M nps  ETA 00:14:56
[2026-03-28T16:59:28.691] [INFO] [selfplay:0] [SelfPlay] 1335/1500 (89%)  pos=117999  W/D/B=550/253/532  (41%/18%/39%)  d5/d8  0.4 games/s (avg 0.2)  1.2M nps  ETA 00:14:52
[2026-03-28T16:59:33.810] [INFO] [selfplay:0] [SelfPlay] 1336/1500 (89%)  pos=118090  W/D/B=550/253/533  (41%/18%/39%)  d5/d8  0.4 games/s (avg 0.2)  1.2M nps  ETA 00:14:45
[2026-03-28T16:59:42.994] [INFO] [selfplay:0] [SelfPlay] 1337/1500 (89%)  pos=118130  W/D/B=550/253/534  (41%/18%/39%)  d5/d8  0.4 games/s (avg 0.2)  1.2M nps  ETA 00:14:34
[2026-03-28T16:59:43.991] [INFO] [selfplay:0] [SelfPlay] 1338/1500 (89%)  pos=118335  W/D/B=551/253/534  (41%/18%/39%)  d5/d8  0.3 games/s (avg 0.2)  1.2M nps  ETA 00:14:38
[2026-03-28T17:00:03.759] [INFO] [selfplay:0] [SelfPlay] 1339/1500 (89%)  pos=118436  W/D/B=551/253/535  (41%/18%/39%)  d5/d8  0.4 games/s (avg 0.2)  1.2M nps  ETA 00:14:14
[2026-03-28T17:00:05.702] [INFO] [selfplay:0] [SelfPlay] 1340/1500 (89%)  pos=118548  W/D/B=551/253/536  (41%/18%/40%)  d5/d8  0.4 games/s (avg 0.2)  1.2M nps  ETA 00:14:28
[2026-03-28T17:00:10.674] [INFO] [selfplay:0] [SelfPlay] 1341/1500 (89%)  pos=118664  W/D/B=552/253/536  (41%/18%/39%)  d5/d8  0.4 games/s (avg 0.2)  1.2M nps  ETA 00:14:19
[2026-03-28T17:00:13.825] [INFO] [selfplay:0] [SelfPlay] 1342/1500 (89%)  pos=118747  W/D/B=553/253/536  (41%/18%/39%)  d5/d8  0.4 games/s (avg 0.2)  1.2M nps  ETA 00:14:15
[2026-03-28T17:00:15.579] [INFO] [selfplay:0] [SelfPlay] 1343/1500 (89%)  pos=118834  W/D/B=553/254/536  (41%/18%/39%)  d5/d8  0.4 games/s (avg 0.2)  1.2M nps  ETA 00:14:11
[2026-03-28T17:00:23.262] [INFO] [selfplay:0] [SelfPlay] 1344/1500 (89%)  pos=118887  W/D/B=553/254/537  (41%/18%/39%)  d5/d8  0.4 games/s (avg 0.2)  1.2M nps  ETA 00:13:59
[2026-03-28T17:00:28.113] [INFO] [selfplay:0] [SelfPlay] 1345/1500 (89%)  pos=118968  W/D/B=553/254/538  (41%/18%/40%)  d5/d8  0.4 games/s (avg 0.2)  1.2M nps  ETA 00:13:57
[2026-03-28T17:00:28.324] [INFO] [selfplay:0] [SelfPlay] 1346/1500 (89%)  pos=119067  W/D/B=553/254/539  (41%/18%/40%)  d5/d8  0.3 games/s (avg 0.2)  1.2M nps  ETA 00:13:56
[2026-03-28T17:00:29.141] [INFO] [selfplay:0] [SelfPlay] 1347/1500 (89%)  pos=119173  W/D/B=553/255/539  (41%/18%/40%)  d5/d8  1.0 games/s (avg 0.2)  1.2M nps  ETA 00:13:49
[2026-03-28T17:00:29.609] [INFO] [selfplay:0] [SelfPlay] 1348/1500 (89%)  pos=119258  W/D/B=554/255/539  (41%/18%/39%)  d5/d8  1.0 games/s (avg 0.2)  1.2M nps  ETA 00:13:44
[2026-03-28T17:00:33.460] [INFO] [selfplay:0] [SelfPlay] 1349/1500 (89%)  pos=119297  W/D/B=554/255/540  (41%/18%/40%)  d5/d8  1.2 games/s (avg 0.2)  1.2M nps  ETA 00:13:34
[2026-03-28T17:00:37.071] [INFO] [selfplay:0] [SelfPlay] 1350/1500 (90%)  pos=119421  W/D/B=554/255/541  (41%/18%/40%)  d5/d8  1.1 games/s (avg 0.2)  1.2M nps  ETA 00:13:29
[2026-03-28T17:00:45.545] [INFO] [selfplay:0] [SelfPlay] 1351/1500 (90%)  pos=119483  W/D/B=555/255/541  (41%/18%/40%)  d5/d8  0.9 games/s (avg 0.2)  1.2M nps  ETA 00:13:19
[2026-03-28T17:00:54.597] [INFO] [selfplay:0] [SelfPlay] 1352/1500 (90%)  pos=119632  W/D/B=555/255/542  (41%/18%/40%)  d5/d8  0.8 games/s (avg 0.2)  1.2M nps  ETA 00:13:13
[2026-03-28T17:01:02.395] [INFO] [selfplay:0] [SelfPlay] 1353/1500 (90%)  pos=119717  W/D/B=556/255/542  (41%/18%/40%)  d5/d8  0.7 games/s (avg 0.2)  1.2M nps  ETA 00:13:09
[2026-03-28T17:01:08.415] [INFO] [selfplay:0] [SelfPlay] 1354/1500 (90%)  pos=119825  W/D/B=556/255/543  (41%/18%/40%)  d5/d8  0.6 games/s (avg 0.2)  1.1M nps  ETA 00:13:06
[2026-03-28T17:01:14.944] [INFO] [selfplay:0] [SelfPlay] 1355/1500 (90%)  pos=119851  W/D/B=556/255/544  (41%/18%/40%)  d5/d8  0.6 games/s (avg 0.2)  1.1M nps  ETA 00:13:00
[2026-03-28T17:01:24.393] [INFO] [selfplay:0] [SelfPlay] 1356/1500 (90%)  pos=119890  W/D/B=556/255/545  (41%/18%/40%)  d5/d8  0.5 games/s (avg 0.2)  1.1M nps  ETA 00:12:51
[2026-03-28T17:01:45.804] [INFO] [selfplay:0] [SelfPlay] 1357/1500 (90%)  pos=119946  W/D/B=557/255/545  (41%/18%/40%)  d5/d8  0.4 games/s (avg 0.2)  1.1M nps  ETA 00:12:35
[2026-03-28T17:01:47.817] [INFO] [selfplay:0] [SelfPlay] 1358/1500 (90%)  pos=120009  W/D/B=557/256/545  (41%/18%/40%)  d5/d8  0.4 games/s (avg 0.2)  1.1M nps  ETA 00:12:50
[2026-03-28T17:01:48.667] [INFO] [selfplay:0] [SelfPlay] 1359/1500 (90%)  pos=120249  W/D/B=557/257/545  (40%/18%/40%)  d5/d8  0.4 games/s (avg 0.2)  1.1M nps  ETA 00:12:45
[2026-03-28T17:01:50.055] [INFO] [selfplay:0] [SelfPlay] 1360/1500 (90%)  pos=120321  W/D/B=557/257/546  (40%/18%/40%)  d5/d8  0.5 games/s (avg 0.2)  1.1M nps  ETA 00:12:39
[2026-03-28T17:01:50.230] [INFO] [selfplay:0] [SelfPlay] 1361/1500 (90%)  pos=120380  W/D/B=558/257/546  (40%/18%/40%)  d5/d8  0.5 games/s (avg 0.2)  1.1M nps  ETA 00:12:35
[2026-03-28T17:01:56.268] [INFO] [selfplay:0] [SelfPlay] 1362/1500 (90%)  pos=120444  W/D/B=558/257/547  (40%/18%/40%)  d5/d8  1.3 games/s (avg 0.2)  1.1M nps  ETA 00:12:23
[2026-03-28T17:02:04.822] [INFO] [selfplay:0] [SelfPlay] 1363/1500 (90%)  pos=120475  W/D/B=558/257/548  (40%/18%/40%)  d5/d8  1.1 games/s (avg 0.2)  1.1M nps  ETA 00:12:15
[2026-03-28T17:02:11.670] [INFO] [selfplay:0] [SelfPlay] 1364/1500 (90%)  pos=120567  W/D/B=559/257/548  (40%/18%/40%)  d5/d8  1.0 games/s (avg 0.2)  1.1M nps  ETA 00:12:11
[2026-03-28T17:02:18.821] [INFO] [selfplay:0] [SelfPlay] 1365/1500 (91%)  pos=120699  W/D/B=560/257/548  (41%/18%/40%)  d5/d8  0.9 games/s (avg 0.2)  1.1M nps  ETA 00:12:06
[2026-03-28T17:02:21.035] [INFO] [selfplay:0] [SelfPlay] 1366/1500 (91%)  pos=120742  W/D/B=561/257/548  (41%/18%/40%)  d5/d8  0.8 games/s (avg 0.2)  1.1M nps  ETA 00:12:05
[2026-03-28T17:02:22.155] [INFO] [selfplay:0] [SelfPlay] 1367/1500 (91%)  pos=120867  W/D/B=561/257/549  (41%/18%/40%)  d5/d8  0.7 games/s (avg 0.2)  1.1M nps  ETA 00:12:01
[2026-03-28T17:02:23.968] [INFO] [selfplay:0] [SelfPlay] 1368/1500 (91%)  pos=121006  W/D/B=561/258/549  (41%/18%/40%)  d5/d8  0.7 games/s (avg 0.2)  1.1M nps  ETA 00:11:55
[2026-03-28T17:02:25.213] [INFO] [selfplay:0] [SelfPlay] 1369/1500 (91%)  pos=121102  W/D/B=561/258/550  (40%/18%/40%)  d5/d8  0.7 games/s (avg 0.2)  1.1M nps  ETA 00:11:48
[2026-03-28T17:02:26.612] [INFO] [selfplay:0] [SelfPlay] 1370/1500 (91%)  pos=121149  W/D/B=562/258/550  (41%/18%/40%)  d5/d8  0.7 games/s (avg 0.2)  1.1M nps  ETA 00:11:43
[2026-03-28T17:02:32.249] [INFO] [selfplay:0] [SelfPlay] 1371/1500 (91%)  pos=121284  W/D/B=562/258/551  (40%/18%/40%)  d5/d8  0.7 games/s (avg 0.2)  1.1M nps  ETA 00:11:33
[2026-03-28T17:02:32.884] [INFO] [selfplay:0] [SelfPlay] 1372/1500 (91%)  pos=121357  W/D/B=563/258/551  (41%/18%/40%)  d5/d8  0.6 games/s (avg 0.2)  1.1M nps  ETA 00:11:33
[2026-03-28T17:02:34.167] [INFO] [selfplay:0] [SelfPlay] 1373/1500 (91%)  pos=121502  W/D/B=563/259/551  (41%/18%/40%)  d5/d8  0.8 games/s (avg 0.2)  1.1M nps  ETA 00:11:25
[2026-03-28T17:02:38.062] [INFO] [selfplay:0] [SelfPlay] 1374/1500 (91%)  pos=121683  W/D/B=563/260/551  (40%/18%/40%)  d5/d8  0.8 games/s (avg 0.2)  1.1M nps  ETA 00:11:18
[2026-03-28T17:02:55.425] [INFO] [selfplay:0] [SelfPlay] 1375/1500 (91%)  pos=121731  W/D/B=563/261/551  (40%/18%/40%)  d5/d8  0.7 games/s (avg 0.2)  1.1M nps  ETA 00:10:59
[2026-03-28T17:02:58.410] [INFO] [selfplay:0] [SelfPlay] 1376/1500 (91%)  pos=121780  W/D/B=563/262/551  (40%/19%/40%)  d5/d8  0.6 games/s (avg 0.2)  1.1M nps  ETA 00:11:09
[2026-03-28T17:03:02.314] [INFO] [selfplay:0] [SelfPlay] 1377/1500 (91%)  pos=121905  W/D/B=564/262/551  (40%/19%/40%)  d5/d8  0.6 games/s (avg 0.2)  1.1M nps  ETA 00:11:02
[2026-03-28T17:03:31.470] [INFO] [selfplay:0] [SelfPlay] 1378/1500 (91%)  pos=121969  W/D/B=565/262/551  (41%/19%/39%)  d5/d8  0.6 games/s (avg 0.2)  1.1M nps  ETA 00:10:32
[2026-03-28T17:03:35.295] [INFO] [selfplay:0] [SelfPlay] 1379/1500 (91%)  pos=122030  W/D/B=565/262/552  (40%/18%/40%)  d5/d8  0.5 games/s (avg 0.2)  1.1M nps  ETA 00:10:53
[2026-03-28T17:03:53.102] [INFO] [selfplay:0] [SelfPlay] 1380/1500 (92%)  pos=122107  W/D/B=565/262/553  (40%/18%/40%)  d5/d8  0.5 games/s (avg 0.2)  1.1M nps  ETA 00:10:34
[2026-03-28T17:04:05.177] [INFO] [selfplay:0] [SelfPlay] 1381/1500 (92%)  pos=122246  W/D/B=565/262/554  (40%/18%/40%)  d5/d8  0.4 games/s (avg 0.2)  1.1M nps  ETA 00:10:35
[2026-03-28T17:04:09.561] [INFO] [selfplay:0] [SelfPlay] 1382/1500 (92%)  pos=122305  W/D/B=565/262/555  (40%/18%/40%)  d5/d8  0.4 games/s (avg 0.2)  1.1M nps  ETA 00:10:38
[2026-03-28T17:04:14.035] [INFO] [selfplay:0] [SelfPlay] 1383/1500 (92%)  pos=122399  W/D/B=566/262/555  (40%/18%/40%)  d5/d8  0.3 games/s (avg 0.2)  1.1M nps  ETA 00:10:32
[2026-03-28T17:04:26.186] [INFO] [selfplay:0] [SelfPlay] 1384/1500 (92%)  pos=122496  W/D/B=567/262/555  (40%/18%/40%)  d5/d8  0.3 games/s (avg 0.2)  1.1M nps  ETA 00:10:19
[2026-03-28T17:04:26.698] [INFO] [selfplay:0] [SelfPlay] 1385/1500 (92%)  pos=122609  W/D/B=567/262/556  (40%/18%/40%)  d5/d8  0.3 games/s (avg 0.2)  1.1M nps  ETA 00:10:26
[2026-03-28T17:04:37.611] [INFO] [selfplay:0] [SelfPlay] 1386/1500 (92%)  pos=122651  W/D/B=568/262/556  (40%/18%/40%)  d5/d8  0.5 games/s (avg 0.2)  1.1M nps  ETA 00:10:10
[2026-03-28T17:04:48.649] [INFO] [selfplay:0] [SelfPlay] 1387/1500 (92%)  pos=122742  W/D/B=568/262/557  (40%/18%/40%)  d5/d8  0.5 games/s (avg 0.2)  1.1M nps  ETA 00:10:05
[2026-03-28T17:04:49.221] [INFO] [selfplay:0] [SelfPlay] 1388/1500 (92%)  pos=122783  W/D/B=569/262/557  (40%/18%/40%)  d5/d8  0.4 games/s (avg 0.2)  1.1M nps  ETA 00:10:10
[2026-03-28T17:04:52.973] [INFO] [selfplay:0] [SelfPlay] 1389/1500 (92%)  pos=122832  W/D/B=569/262/558  (40%/18%/40%)  d5/d8  0.6 games/s (avg 0.2)  1.1M nps  ETA 00:10:01
[2026-03-28T17:04:55.295] [INFO] [selfplay:0] [SelfPlay] 1390/1500 (92%)  pos=122891  W/D/B=569/263/558  (40%/18%/40%)  d5/d8  0.6 games/s (avg 0.2)  1.1M nps  ETA 00:09:57
[2026-03-28T17:05:02.388] [INFO] [selfplay:0] [SelfPlay] 1391/1500 (92%)  pos=122941  W/D/B=569/263/559  (40%/18%/40%)  d5/d8  0.5 games/s (avg 0.2)  1.1M nps  ETA 00:09:46
[2026-03-28T17:05:02.870] [INFO] [selfplay:0] [SelfPlay] 1392/1500 (92%)  pos=123053  W/D/B=569/263/560  (40%/18%/40%)  d5/d8  0.5 games/s (avg 0.2)  1.1M nps  ETA 00:09:48
[2026-03-28T17:05:03.461] [INFO] [selfplay:0] [SelfPlay] 1393/1500 (92%)  pos=123105  W/D/B=569/263/561  (40%/18%/40%)  d5/d8  0.7 games/s (avg 0.2)  1.1M nps  ETA 00:09:41
[2026-03-28T17:05:11.551] [INFO] [selfplay:0] [SelfPlay] 1394/1500 (92%)  pos=123224  W/D/B=570/263/561  (40%/18%/40%)  d5/d8  0.9 games/s (avg 0.2)  1.1M nps  ETA 00:09:28
[2026-03-28T17:05:12.877] [INFO] [selfplay:0] [SelfPlay] 1395/1500 (93%)  pos=123291  W/D/B=570/263/562  (40%/18%/40%)  d5/d8  0.8 games/s (avg 0.2)  1.1M nps  ETA 00:09:30
[2026-03-28T17:05:13.889] [INFO] [selfplay:0] [SelfPlay] 1396/1500 (93%)  pos=123375  W/D/B=571/263/562  (40%/18%/40%)  d5/d8  0.8 games/s (avg 0.2)  1.1M nps  ETA 00:09:24
[2026-03-28T17:05:20.160] [INFO] [selfplay:0] [SelfPlay] 1397/1500 (93%)  pos=123440  W/D/B=572/263/562  (40%/18%/40%)  d5/d8  0.8 games/s (avg 0.2)  1.1M nps  ETA 00:09:13
[2026-03-28T17:05:20.442] [INFO] [selfplay:0] [SelfPlay] 1398/1500 (93%)  pos=123662  W/D/B=572/264/562  (40%/18%/40%)  d5/d8  0.7 games/s (avg 0.2)  1.1M nps  ETA 00:09:14
[2026-03-28T17:05:24.065] [INFO] [selfplay:0] [SelfPlay] 1399/1500 (93%)  pos=123806  W/D/B=572/264/563  (40%/18%/40%)  d5/d8  1.1 games/s (avg 0.2)  1.1M nps  ETA 00:09:05
[2026-03-28T17:05:24.809] [INFO] [selfplay:0] [SelfPlay] 1400/1500 (93%)  pos=123891  W/D/B=572/265/563  (40%/18%/40%)  d5/d8  1.0 games/s (avg 0.2)  1.1M nps  ETA 00:09:03
[2026-03-28T17:05:28.158] [INFO] [selfplay:0] [SelfPlay] 1401/1500 (93%)  pos=123933  W/D/B=572/266/563  (40%/18%/40%)  d5/d8  1.0 games/s (avg 0.2)  1.1M nps  ETA 00:08:53
[2026-03-28T17:05:35.391] [INFO] [selfplay:0] [SelfPlay] 1402/1500 (93%)  pos=123987  W/D/B=572/267/563  (40%/19%/40%)  d5/d8  0.9 games/s (avg 0.2)  1.1M nps  ETA 00:08:45
[2026-03-28T17:05:43.847] [INFO] [selfplay:0] [SelfPlay] 1403/1500 (93%)  pos=124096  W/D/B=572/267/564  (40%/19%/40%)  d5/d8  0.8 games/s (avg 0.2)  1.1M nps  ETA 00:08:38
[2026-03-28T17:06:04.582] [INFO] [selfplay:0] [SelfPlay] 1404/1500 (93%)  pos=124247  W/D/B=572/267/565  (40%/19%/40%)  d5/d8  0.7 games/s (avg 0.2)  1.1M nps  ETA 00:08:20
[2026-03-28T17:06:04.771] [INFO] [selfplay:0] [SelfPlay] 1405/1500 (93%)  pos=124311  W/D/B=572/267/566  (40%/19%/40%)  d5/d8  0.7 games/s (avg 0.2)  1.1M nps  ETA 00:08:37
[2026-03-28T17:06:13.675] [INFO] [selfplay:0] [SelfPlay] 1406/1500 (93%)  pos=124359  W/D/B=573/267/566  (40%/18%/40%)  d5/d8  1.4 games/s (avg 0.2)  1.1M nps  ETA 00:08:22
[2026-03-28T17:06:20.777] [INFO] [selfplay:0] [SelfPlay] 1407/1500 (93%)  pos=124413  W/D/B=573/268/566  (40%/19%/40%)  d5/d8  1.3 games/s (avg 0.2)  1.1M nps  ETA 00:08:19
[2026-03-28T17:06:25.912] [INFO] [selfplay:0] [SelfPlay] 1408/1500 (93%)  pos=124495  W/D/B=574/268/566  (40%/19%/40%)  d5/d8  1.1 games/s (avg 0.2)  1.1M nps  ETA 00:08:15
[2026-03-28T17:06:26.999] [INFO] [selfplay:0] [SelfPlay] 1409/1500 (93%)  pos=124565  W/D/B=575/268/566  (40%/19%/40%)  d5/d8  1.0 games/s (avg 0.2)  1.1M nps  ETA 00:08:13
[2026-03-28T17:06:43.764] [INFO] [selfplay:0] [SelfPlay] 1410/1500 (94%)  pos=124661  W/D/B=576/268/566  (40%/19%/40%)  d5/d8  0.9 games/s (avg 0.2)  1.1M nps  ETA 00:07:53
[2026-03-28T17:06:51.654] [INFO] [selfplay:0] [SelfPlay] 1411/1500 (94%)  pos=124718  W/D/B=577/268/566  (40%/18%/40%)  d5/d8  0.9 games/s (avg 0.2)  1.1M nps  ETA 00:07:56
[2026-03-28T17:06:53.439] [INFO] [selfplay:0] [SelfPlay] 1412/1500 (94%)  pos=124797  W/D/B=578/268/566  (40%/18%/40%)  d5/d8  0.8 games/s (avg 0.2)  1.1M nps  ETA 00:07:57
[2026-03-28T17:06:55.581] [INFO] [selfplay:0] [SelfPlay] 1413/1500 (94%)  pos=124906  W/D/B=579/268/566  (40%/18%/40%)  d5/d8  0.7 games/s (avg 0.2)  1.1M nps  ETA 00:07:51
[2026-03-28T17:07:00.883] [INFO] [selfplay:0] [SelfPlay] 1414/1500 (94%)  pos=124942  W/D/B=579/269/566  (40%/19%/40%)  d5/d8  0.7 games/s (avg 0.2)  1.1M nps  ETA 00:07:43
[2026-03-28T17:07:02.650] [INFO] [selfplay:0] [SelfPlay] 1415/1500 (94%)  pos=125042  W/D/B=579/269/567  (40%/19%/40%)  d5/d8  0.6 games/s (avg 0.2)  1.1M nps  ETA 00:07:40
[2026-03-28T17:07:09.628] [INFO] [selfplay:0] [SelfPlay] 1416/1500 (94%)  pos=125129  W/D/B=580/269/567  (40%/18%/40%)  d5/d8  0.6 games/s (avg 0.2)  1.1M nps  ETA 00:07:30
[2026-03-28T17:07:11.843] [INFO] [selfplay:0] [SelfPlay] 1417/1500 (94%)  pos=125220  W/D/B=580/269/568  (40%/18%/40%)  d5/d8  0.5 games/s (avg 0.2)  1.1M nps  ETA 00:07:29
[2026-03-28T17:07:11.905] [INFO] [selfplay:0] [SelfPlay] 1418/1500 (94%)  pos=125359  W/D/B=581/269/568  (40%/18%/40%)  d5/d8  0.5 games/s (avg 0.2)  1.1M nps  ETA 00:07:26
[2026-03-28T17:07:13.432] [INFO] [selfplay:0] [SelfPlay] 1419/1500 (94%)  pos=125445  W/D/B=582/269/568  (41%/18%/40%)  d5/d8  2.9 games/s (avg 0.2)  1.1M nps  ETA 00:07:18
[2026-03-28T17:07:16.234] [INFO] [selfplay:0] [SelfPlay] 1420/1500 (94%)  pos=125559  W/D/B=582/269/569  (40%/18%/40%)  d5/d8  2.6 games/s (avg 0.2)  1.1M nps  ETA 00:07:11
[2026-03-28T17:07:19.095] [INFO] [selfplay:0] [SelfPlay] 1421/1500 (94%)  pos=125629  W/D/B=582/269/570  (40%/18%/40%)  d5/d8  2.2 games/s (avg 0.2)  1.1M nps  ETA 00:07:06
[2026-03-28T17:07:19.184] [INFO] [selfplay:0] [SelfPlay] 1422/1500 (94%)  pos=125710  W/D/B=583/269/570  (40%/18%/40%)  d5/d8  1.9 games/s (avg 0.2)  1.1M nps  ETA 00:07:03
[2026-03-28T17:07:19.593] [INFO] [selfplay:0] [SelfPlay] 1423/1500 (94%)  pos=125771  W/D/B=583/269/571  (40%/18%/40%)  d5/d8  3.3 games/s (avg 0.2)  1.1M nps  ETA 00:06:57
[2026-03-28T17:07:21.798] [INFO] [selfplay:0] [SelfPlay] 1424/1500 (94%)  pos=125873  W/D/B=583/269/572  (40%/18%/40%)  d5/d8  3.2 games/s (avg 0.2)  1.1M nps  ETA 00:06:50
[2026-03-28T17:07:30.385] [INFO] [selfplay:0] [SelfPlay] 1425/1500 (95%)  pos=126002  W/D/B=584/269/572  (40%/18%/40%)  d5/d8  2.8 games/s (avg 0.2)  1.1M nps  ETA 00:06:37
[2026-03-28T17:07:43.151] [INFO] [selfplay:0] [SelfPlay] 1426/1500 (95%)  pos=126170  W/D/B=584/270/572  (40%/18%/40%)  d5/d8  2.6 games/s (avg 0.2)  1.1M nps  ETA 00:06:28
[2026-03-28T17:07:49.548] [INFO] [selfplay:0] [SelfPlay] 1427/1500 (95%)  pos=126239  W/D/B=585/270/572  (40%/18%/40%)  d5/d8  2.4 games/s (avg 0.2)  1.1M nps  ETA 00:06:30
[2026-03-28T17:07:58.258] [INFO] [selfplay:0] [SelfPlay] 1428/1500 (95%)  pos=126382  W/D/B=585/270/573  (40%/18%/40%)  d5/d8  2.2 games/s (avg 0.2)  1.1M nps  ETA 00:06:21
[2026-03-28T17:08:18.974] [INFO] [selfplay:0] [SelfPlay] 1429/1500 (95%)  pos=126492  W/D/B=585/270/574  (40%/18%/40%)  d5/d8  2.0 games/s (avg 0.2)  1.1M nps  ETA 00:06:04
[2026-03-28T17:08:20.758] [INFO] [selfplay:0] [SelfPlay] 1430/1500 (95%)  pos=126568  W/D/B=585/270/575  (40%/18%/40%)  d5/d8  1.9 games/s (avg 0.2)  1.1M nps  ETA 00:06:18
[2026-03-28T17:08:22.376] [INFO] [selfplay:0] [SelfPlay] 1431/1500 (95%)  pos=126808  W/D/B=585/271/575  (40%/18%/40%)  d5/d8  1.7 games/s (avg 0.2)  1.1M nps  ETA 00:06:13
[2026-03-28T17:08:23.933] [INFO] [selfplay:0] [SelfPlay] 1432/1500 (95%)  pos=126906  W/D/B=585/272/575  (40%/18%/40%)  d5/d8  1.5 games/s (avg 0.2)  1.1M nps  ETA 00:06:08
[2026-03-28T17:08:28.695] [INFO] [selfplay:0] [SelfPlay] 1433/1500 (95%)  pos=126957  W/D/B=586/272/575  (40%/18%/40%)  d5/d8  1.4 games/s (avg 0.2)  1.1M nps  ETA 00:05:59
[2026-03-28T17:08:29.052] [INFO] [selfplay:0] [SelfPlay] 1434/1500 (95%)  pos=127073  W/D/B=587/272/575  (40%/18%/40%)  d5/d8  1.2 games/s (avg 0.2)  1.1M nps  ETA 00:05:57
[2026-03-28T17:08:29.786] [INFO] [selfplay:0] [SelfPlay] 1435/1500 (95%)  pos=127116  W/D/B=588/272/575  (40%/18%/40%)  d5/d8  1.5 games/s (avg 0.2)  1.1M nps  ETA 00:05:52
[2026-03-28T17:08:32.402] [INFO] [selfplay:0] [SelfPlay] 1436/1500 (95%)  pos=127198  W/D/B=588/272/576  (40%/18%/40%)  d5/d8  1.4 games/s (avg 0.2)  1.1M nps  ETA 00:05:44
[2026-03-28T17:08:35.270] [INFO] [selfplay:0] [SelfPlay] 1437/1500 (95%)  pos=127262  W/D/B=588/273/576  (40%/18%/40%)  d5/d8  1.3 games/s (avg 0.2)  1.1M nps  ETA 00:05:38
[2026-03-28T17:08:35.621] [INFO] [selfplay:0] [SelfPlay] 1438/1500 (95%)  pos=127337  W/D/B=589/273/576  (40%/18%/40%)  d5/d8  1.1 games/s (avg 0.2)  1.1M nps  ETA 00:05:36
[2026-03-28T17:08:37.523] [INFO] [selfplay:0] [SelfPlay] 1439/1500 (95%)  pos=127413  W/D/B=589/274/576  (40%/19%/40%)  d5/d8  1.4 games/s (avg 0.2)  1.1M nps  ETA 00:05:28
[2026-03-28T17:08:44.059] [INFO] [selfplay:0] [SelfPlay] 1440/1500 (96%)  pos=127452  W/D/B=590/274/576  (40%/19%/40%)  d5/d8  1.3 games/s (avg 0.2)  1.1M nps  ETA 00:05:18
[2026-03-28T17:08:46.189] [INFO] [selfplay:0] [SelfPlay] 1441/1500 (96%)  pos=127589  W/D/B=591/274/576  (41%/19%/39%)  d5/d8  1.1 games/s (avg 0.2)  1.1M nps  ETA 00:05:17
[2026-03-28T17:08:51.046] [INFO] [selfplay:0] [SelfPlay] 1442/1500 (96%)  pos=127681  W/D/B=592/274/576  (41%/19%/39%)  d5/d8  1.0 games/s (avg 0.2)  1.1M nps  ETA 00:05:09
[2026-03-28T17:08:57.764] [INFO] [selfplay:0] [SelfPlay] 1443/1500 (96%)  pos=127747  W/D/B=592/274/577  (41%/18%/39%)  d5/d8  0.9 games/s (avg 0.2)  1.1M nps  ETA 00:05:02
[2026-03-28T17:08:59.296] [INFO] [selfplay:0] [SelfPlay] 1444/1500 (96%)  pos=127832  W/D/B=592/274/578  (40%/18%/40%)  d5/d8  0.8 games/s (avg 0.2)  1.1M nps  ETA 00:05:01
[2026-03-28T17:08:59.354] [INFO] [selfplay:0] [SelfPlay] 1445/1500 (96%)  pos=127846  W/D/B=593/274/578  (41%/18%/40%)  d5/d8  0.8 games/s (avg 0.2)  1.1M nps  ETA 00:04:57
[2026-03-28T17:09:04.965] [INFO] [selfplay:0] [SelfPlay] 1446/1500 (96%)  pos=127906  W/D/B=593/274/579  (41%/18%/40%)  d5/d8  3.2 games/s (avg 0.2)  1.1M nps  ETA 00:04:47
[2026-03-28T17:09:06.857] [INFO] [selfplay:0] [SelfPlay] 1447/1500 (96%)  pos=128013  W/D/B=594/274/579  (41%/18%/40%)  d5/d8  3.0 games/s (avg 0.2)  1.1M nps  ETA 00:04:44
[2026-03-28T17:09:12.572] [INFO] [selfplay:0] [SelfPlay] 1448/1500 (96%)  pos=128103  W/D/B=595/274/579  (41%/18%/39%)  d5/d8  2.6 games/s (avg 0.2)  1.1M nps  ETA 00:04:35
[2026-03-28T17:09:16.724] [INFO] [selfplay:0] [SelfPlay] 1449/1500 (96%)  pos=128198  W/D/B=595/274/580  (41%/18%/40%)  d5/d8  2.4 games/s (avg 0.2)  1.1M nps  ETA 00:04:31
[2026-03-28T17:09:26.338] [INFO] [selfplay:0] [SelfPlay] 1450/1500 (96%)  pos=128298  W/D/B=595/274/581  (41%/18%/40%)  d5/d8  2.3 games/s (avg 0.2)  1.1M nps  ETA 00:04:20
[2026-03-28T17:09:33.176] [INFO] [selfplay:0] [SelfPlay] 1451/1500 (96%)  pos=128343  W/D/B=595/274/582  (41%/18%/40%)  d5/d8  2.1 games/s (avg 0.2)  1.1M nps  ETA 00:04:18
[2026-03-28T17:09:33.697] [INFO] [selfplay:0] [SelfPlay] 1452/1500 (96%)  pos=128378  W/D/B=596/274/582  (41%/18%/40%)  d5/d8  1.9 games/s (avg 0.2)  1.1M nps  ETA 00:04:19
[2026-03-28T17:09:37.741] [INFO] [selfplay:0] [SelfPlay] 1453/1500 (96%)  pos=128445  W/D/B=596/274/583  (41%/18%/40%)  d5/d8  1.9 games/s (avg 0.2)  1.1M nps  ETA 00:04:10
[2026-03-28T17:10:02.821] [INFO] [selfplay:0] [SelfPlay] 1454/1500 (96%)  pos=128529  W/D/B=596/275/583  (40%/18%/40%)  d5/d8  1.7 games/s (avg 0.2)  1.1M nps  ETA 00:03:43
[2026-03-28T17:10:08.504] [INFO] [selfplay:0] [SelfPlay] 1455/1500 (97%)  pos=128632  W/D/B=596/275/584  (40%/18%/40%)  d5/d8  1.5 games/s (avg 0.2)  1.1M nps  ETA 00:03:57
[2026-03-28T17:10:09.090] [INFO] [selfplay:0] [SelfPlay] 1456/1500 (97%)  pos=128739  W/D/B=597/275/584  (41%/18%/40%)  d5/d8  1.3 games/s (avg 0.2)  1.1M nps  ETA 00:03:57
[2026-03-28T17:10:09.357] [INFO] [selfplay:0] [SelfPlay] 1457/1500 (97%)  pos=128808  W/D/B=597/275/585  (40%/18%/40%)  d5/d8  1.4 games/s (avg 0.2)  1.1M nps  ETA 00:03:52
[2026-03-28T17:10:11.139] [INFO] [selfplay:0] [SelfPlay] 1458/1500 (97%)  pos=128917  W/D/B=598/275/585  (41%/18%/40%)  d5/d8  1.7 games/s (avg 0.2)  1.1M nps  ETA 00:03:45
[2026-03-28T17:10:15.199] [INFO] [selfplay:0] [SelfPlay] 1459/1500 (97%)  pos=128944  W/D/B=599/275/585  (41%/18%/40%)  d5/d8  1.6 games/s (avg 0.2)  1.1M nps  ETA 00:03:37
[2026-03-28T17:10:15.720] [INFO] [selfplay:0] [SelfPlay] 1460/1500 (97%)  pos=129064  W/D/B=599/275/586  (41%/18%/40%)  d5/d8  1.4 games/s (avg 0.2)  1.1M nps  ETA 00:03:36
[2026-03-28T17:10:17.068] [INFO] [selfplay:0] [SelfPlay] 1461/1500 (97%)  pos=129166  W/D/B=600/275/586  (41%/18%/40%)  d5/d8  1.5 games/s (avg 0.2)  1.1M nps  ETA 00:03:28
[2026-03-28T17:10:21.676] [INFO] [selfplay:0] [SelfPlay] 1462/1500 (97%)  pos=129291  W/D/B=600/275/587  (41%/18%/40%)  d5/d8  1.3 games/s (avg 0.2)  1.1M nps  ETA 00:03:21
[2026-03-28T17:10:30.294] [INFO] [selfplay:0] [SelfPlay] 1463/1500 (97%)  pos=129348  W/D/B=600/275/588  (41%/18%/40%)  d5/d8  1.2 games/s (avg 0.2)  1.1M nps  ETA 00:03:10
[2026-03-28T17:10:37.114] [INFO] [selfplay:0] [SelfPlay] 1464/1500 (97%)  pos=129498  W/D/B=601/275/588  (41%/18%/40%)  d5/d8  1.1 games/s (avg 0.2)  1.1M nps  ETA 00:03:07
[2026-03-28T17:10:39.896] [INFO] [selfplay:0] [SelfPlay] 1465/1500 (97%)  pos=129618  W/D/B=602/275/588  (41%/18%/40%)  d5/d8  0.9 games/s (avg 0.2)  1.1M nps  ETA 00:03:07
[2026-03-28T17:10:44.994] [INFO] [selfplay:0] [SelfPlay] 1466/1500 (97%)  pos=129742  W/D/B=602/275/589  (41%/18%/40%)  d5/d8  0.9 games/s (avg 0.2)  1.1M nps  ETA 00:02:57
[2026-03-28T17:10:45.573] [INFO] [selfplay:0] [SelfPlay] 1467/1500 (97%)  pos=129982  W/D/B=602/276/589  (41%/18%/40%)  d5/d8  0.8 games/s (avg 0.2)  1.1M nps  ETA 00:02:58
[2026-03-28T17:10:51.632] [INFO] [selfplay:0] [SelfPlay] 1468/1500 (97%)  pos=130057  W/D/B=602/276/590  (41%/18%/40%)  d5/d8  0.9 games/s (avg 0.2)  1.1M nps  ETA 00:02:46
[2026-03-28T17:11:01.833] [INFO] [selfplay:0] [SelfPlay] 1469/1500 (97%)  pos=130133  W/D/B=603/276/590  (41%/18%/40%)  d5/d8  0.8 games/s (avg 0.2)  1.1M nps  ETA 00:02:37
[2026-03-28T17:11:06.318] [INFO] [selfplay:0] [SelfPlay] 1470/1500 (98%)  pos=130200  W/D/B=603/276/591  (41%/18%/40%)  d5/d8  0.7 games/s (avg 0.2)  1.1M nps  ETA 00:02:37
[2026-03-28T17:11:07.845] [INFO] [selfplay:0] [SelfPlay] 1471/1500 (98%)  pos=130243  W/D/B=603/276/592  (40%/18%/40%)  d5/d8  0.6 games/s (avg 0.2)  1.1M nps  ETA 00:02:35
[2026-03-28T17:11:10.468] [INFO] [selfplay:0] [SelfPlay] 1472/1500 (98%)  pos=130339  W/D/B=604/276/592  (41%/18%/40%)  d5/d8  0.6 games/s (avg 0.2)  1.1M nps  ETA 00:02:28
[2026-03-28T17:11:10.470] [INFO] [selfplay:0] [SelfPlay] 1473/1500 (98%)  pos=130412  W/D/B=604/276/593  (41%/18%/40%)  d5/d8  0.6 games/s (avg 0.2)  1.1M nps  ETA 00:02:25
[2026-03-28T17:11:17.916] [INFO] [selfplay:0] [SelfPlay] 1474/1500 (98%)  pos=130494  W/D/B=605/276/593  (41%/18%/40%)  d5/d8  83.0 games/s (avg 0.2)  1.1M nps  ETA 00:02:13
[2026-03-28T17:11:21.135] [INFO] [selfplay:0] [SelfPlay] 1475/1500 (98%)  pos=130534  W/D/B=605/277/593  (41%/18%/40%)  d5/d8  76.7 games/s (avg 0.2)  1.1M nps  ETA 00:02:10
[2026-03-28T17:11:24.157] [INFO] [selfplay:0] [SelfPlay] 1476/1500 (98%)  pos=130570  W/D/B=605/278/593  (40%/18%/40%)  d5/d8  71.0 games/s (avg 0.2)  1.1M nps  ETA 00:02:06
[2026-03-28T17:11:24.258] [INFO] [selfplay:0] [SelfPlay] 1477/1500 (98%)  pos=130601  W/D/B=605/278/594  (40%/18%/40%)  d5/d8  65.7 games/s (avg 0.2)  1.1M nps  ETA 00:02:04
[2026-03-28T17:11:27.803] [INFO] [selfplay:0] [SelfPlay] 1478/1500 (98%)  pos=130682  W/D/B=606/278/594  (41%/18%/40%)  d5/d8  57.3 games/s (avg 0.2)  1.1M nps  ETA 00:01:55
[2026-03-28T17:11:33.469] [INFO] [selfplay:0] [SelfPlay] 1479/1500 (98%)  pos=130801  W/D/B=607/278/594  (41%/18%/40%)  d5/d8  53.0 games/s (avg 0.2)  1.1M nps  ETA 00:01:47
[2026-03-28T17:11:36.314] [INFO] [selfplay:0] [SelfPlay] 1480/1500 (98%)  pos=130968  W/D/B=608/278/594  (41%/18%/40%)  d5/d8  49.0 games/s (avg 0.2)  1.1M nps  ETA 00:01:44
[2026-03-28T17:11:46.079] [INFO] [selfplay:0] [SelfPlay] 1481/1500 (98%)  pos=130972  W/D/B=609/278/594  (41%/18%/40%)  d5/d8  45.4 games/s (avg 0.2)  1.1M nps  ETA 00:01:32
[2026-03-28T17:11:52.605] [INFO] [selfplay:0] [SelfPlay] 1482/1500 (98%)  pos=131026  W/D/B=609/278/595  (41%/18%/40%)  d5/d8  42.0 games/s (avg 0.2)  1.2M nps  ETA 00:01:31
[2026-03-28T17:11:58.153] [INFO] [selfplay:0] [SelfPlay] 1483/1500 (98%)  pos=131108  W/D/B=609/278/596  (41%/18%/40%)  d5/d8  38.8 games/s (avg 0.2)  1.2M nps  ETA 00:01:25
[2026-03-28T17:11:59.053] [INFO] [selfplay:0] [SelfPlay] 1484/1500 (98%)  pos=131163  W/D/B=609/278/597  (41%/18%/40%)  d5/d8  35.9 games/s (avg 0.2)  1.2M nps  ETA 00:01:25
[2026-03-28T17:12:04.626] [INFO] [selfplay:0] [SelfPlay] 1485/1500 (99%)  pos=131290  W/D/B=609/279/597  (41%/18%/40%)  d5/d8  33.2 games/s (avg 0.2)  1.2M nps  ETA 00:01:15
[2026-03-28T17:12:06.673] [INFO] [selfplay:0] [SelfPlay] 1486/1500 (99%)  pos=131429  W/D/B=609/279/598  (40%/18%/40%)  d5/d8  30.7 games/s (avg 0.2)  1.2M nps  ETA 00:01:13
[2026-03-28T17:12:14.988] [INFO] [selfplay:0] [SelfPlay] 1487/1500 (99%)  pos=131614  W/D/B=610/279/598  (41%/18%/40%)  d5/d8  28.4 games/s (avg 0.2)  1.2M nps  ETA 00:01:01
[2026-03-28T17:12:15.775] [INFO] [selfplay:0] [SelfPlay] 1488/1500 (99%)  pos=131822  W/D/B=611/279/598  (41%/18%/40%)  d5/d8  26.3 games/s (avg 0.2)  1.2M nps  ETA 00:01:04
[2026-03-28T17:12:18.383] [INFO] [selfplay:0] [SelfPlay] 1489/1500 (99%)  pos=131873  W/D/B=611/279/599  (41%/18%/40%)  d5/d8  24.3 games/s (avg 0.2)  1.2M nps  ETA 00:01:01
[2026-03-28T17:12:26.462] [INFO] [selfplay:0] [SelfPlay] 1490/1500 (99%)  pos=131951  W/D/B=612/279/599  (41%/18%/40%)  d5/d8  22.5 games/s (avg 0.2)  1.2M nps  ETA 00:00:56
[2026-03-28T17:12:29.451] [INFO] [selfplay:0] [SelfPlay] 1491/1500 (99%)  pos=132072  W/D/B=612/279/600  (41%/18%/40%)  d5/d8  20.8 games/s (avg 0.2)  1.2M nps  ETA 00:01:01
[2026-03-28T17:12:37.104] [INFO] [selfplay:0] [SelfPlay] 1492/1500 (99%)  pos=132152  W/D/B=612/279/601  (41%/18%/40%)  d5/d8  19.2 games/s (avg 0.2)  1.2M nps  ETA 00:00:56
[2026-03-28T17:12:42.634] [INFO] [selfplay:0] [SelfPlay] 1493/1500 (99%)  pos=132218  W/D/B=612/279/602  (40%/18%/40%)  d5/d8  17.8 games/s (avg 0.2)  1.2M nps  ETA 00:00:59
[2026-03-28T17:13:07.126] [INFO] [selfplay:0] [SelfPlay] 1494/1500 (99%)  pos=132324  W/D/B=613/279/602  (41%/18%/40%)  d5/d8  16.5 games/s (avg 0.2)  1.2M nps  ETA 00:00:39
[2026-03-28T17:13:10.612] [INFO] [selfplay:0] [SelfPlay] 1495/1500 (99%)  pos=132385  W/D/B=614/279/602  (41%/18%/40%)  d5/d8  15.2 games/s (avg 0.2)  1.2M nps  ETA 00:01:01
[2026-03-28T17:13:17.249] [INFO] [selfplay:0] [SelfPlay] 1496/1500 (99%)  pos=132467  W/D/B=615/279/602  (41%/18%/40%)  d5/d8  14.1 games/s (avg 0.2)  1.2M nps  ETA 00:00:57
[2026-03-28T17:13:22.754] [INFO] [selfplay:0] [SelfPlay] 1497/1500 (99%)  pos=132551  W/D/B=615/279/603  (41%/18%/40%)  d5/d8  13.0 games/s (avg 0.2)  1.2M nps  ETA 00:00:59
[2026-03-28T17:13:24.754] [INFO] [selfplay:0] [SelfPlay] 1498/1500 (99%)  pos=132590  W/D/B=616/279/603  (41%/18%/40%)  d5/d8  12.1 games/s (avg 0.2)  1.2M nps  ETA 00:01:02
[2026-03-28T17:13:51.953] [INFO] [selfplay:0] [SelfPlay] 1499/1500 (99%)  pos=132654  W/D/B=617/279/603  (41%/18%/40%)  d5/d8  11.1 games/s (avg 0.2)  1.2M nps  ETA 00:00:37
[2026-03-28T17:13:51.975] [INFO] [selfplay:0] [SelfPlay] 1500/1500 (100%)  pos=132776  W/D/B=618/279/603  (41%/18%/40%)  d5/d8  10.3 games/s (avg 0.2)  1.2M nps  ETA 00:00:00
[2026-03-28T17:13:52.009] [INFO] [selfplay:0] [SelfPlay] Done. 132776 positions written to C:\Users\chris\pyproj\my_env\Projects\ChessEngine\x64\Release\assets\selfplay_gen9.bin
[2026-03-28T17:13:52.086] [EVENT] [selfplay:9] PHASE_END success=true elapsed_sec=8116.0
[2026-03-28T17:13:52.944] [INFO] [selfplay:0]   Using Stockfish-labeled data: C:\Users\chris\pyproj\my_env\Projects\ChessEngine\x64\Release\assets\training_data_sf.bin
[2026-03-28T17:13:52.945] [INFO] [selfplay:0]   Self-play current gen (weight 0.0902, base gets 0.75)
[2026-03-28T17:13:52.945] [INFO] [selfplay:0]   Replay buffer: gen 8 (weight 0.0631)
[2026-03-28T17:13:52.945] [INFO] [selfplay:0]   Replay buffer: gen 7 (weight 0.0442)
[2026-03-28T17:13:52.945] [INFO] [selfplay:0]   Replay buffer: gen 6 (weight 0.0309)
[2026-03-28T17:13:52.945] [INFO] [selfplay:0]   Replay buffer: gen 5 (weight 0.0216)
[2026-03-28T17:13:52.947] [EVENT] [training:9] PHASE_START epochs=12 batch=2048 lr=0.0001
[2026-03-28T17:13:52.948] [CMD] [training:0] [CMD] py -3.10 -u "C:\Users\chris\pyproj\my_env\Projects\ChessEngine\x64\Release\train_nnue.py" --data "C:\Users\chris\pyproj\my_env\Projects\ChessEngine\x64\Release\assets\training_data_sf.bin" --extra-data "C:\Users\chris\pyproj\my_env\Projects\ChessEngine\x64\Release\assets\selfplay_gen9.bin" 0.0902 --extra-data "C:\Users\chris\pyproj\my_env\Projects\ChessEngine\x64\Release\assets\selfplay_gen8.bin" 0.0631 --extra-data "C:\Users\chris\pyproj\my_env\Projects\ChessEngine\x64\Release\assets\selfplay_gen7.bin" 0.0442 --extra-data "C:\Users\chris\pyproj\my_env\Projects\ChessEngine\x64\Release\assets\selfplay_gen6.bin" 0.0309 --extra-data "C:\Users\chris\pyproj\my_env\Projects\ChessEngine\x64\Release\assets\selfplay_gen5.bin" 0.0216 --max-positions 200000 --epochs 12 --batch-size 2048 --lr 0.0001 --lr-min 0.00001 --weight-decay 0.0015 --dropout 0.3 --grad-clip 1.0 --grad-accum 4 --warmup-steps 100 --draw-weight 0.3 --mate-boost 10.0 --early-stop 6 --wdl-alpha 0.3 --wdl-draw-elo 50.0 --enhanced --plot --cosine-lr --no-cosine-restarts --swa --swa-start 8 --label-smoothing 0.01 --extra-data "C:\Users\chris\pyproj\my_env\Projects\ChessEngine\x64\Release\assets\training_data_draws.bin" 0.3 --load-weights "C:\Users\chris\pyproj\my_env\Projects\ChessEngine\x64\Release\assets\nnue_weights_gen8.bin" --output "C:\Users\chris\pyproj\my_env\Projects\ChessEngine\x64\Release\assets\nnue_weights.bin"
[2026-03-28T17:13:58.042] [INFO] [training:0] === Enhanced mode v3: warmup=100, grad_accum=4, SWA=ON, label_smooth=0.01, filter_eval=1000.0, eval_soft_cap=800.0, draw_weight=0.3x, wdl_alpha=0.3, wdl_draw_elo=50.0, cosine_decay ===
[2026-03-28T17:13:58.042] [INFO] [training:0] Using device: CPU (optimized)
[2026-03-28T17:13:58.094] [INFO] [training:0]   CPU threads: 16
[2026-03-28T17:13:58.136] [INFO] [training:0]   --max-positions: distributing 200,000 budget across 7 sources by ratio
[2026-03-28T17:13:58.136] [INFO] [training:0]     training_data_sf.bin: 29,587,256 -> 89,999 (ratio 45.0%)
[2026-03-28T17:13:58.136] [INFO] [training:0]     selfplay_gen9.bin: 132,776 -> 18,040 (ratio 9.0%)
[2026-03-28T17:13:58.136] [INFO] [training:0]     selfplay_gen8.bin: 68,276 -> 12,620 (ratio 6.3%)
[2026-03-28T17:13:58.136] [INFO] [training:0]     selfplay_gen7.bin: 68,956 -> 8,840 (ratio 4.4%)
[2026-03-28T17:13:58.136] [INFO] [training:0]     selfplay_gen6.bin: 72,623 -> 6,180 (ratio 3.1%)
[2026-03-28T17:13:58.136] [INFO] [training:0]     selfplay_gen5.bin: 50,027 -> 4,320 (ratio 2.2%)
[2026-03-28T17:13:58.136] [INFO] [training:0]     training_data_draws.bin: 35,143,613 -> 60,000 (ratio 30.0%)
[2026-03-28T17:13:58.136] [INFO] [training:0] Datasets:             7 sources (ratio-based sampling)
[2026-03-28T17:13:58.136] [INFO] [training:0]   - training_data_sf.bin                     ratio=45.0%  pos=89,999
[2026-03-28T17:13:58.136] [INFO] [training:0]   - selfplay_gen9.bin                        ratio=9.0%  pos=18,040
[2026-03-28T17:13:58.136] [INFO] [training:0]   - selfplay_gen8.bin                        ratio=6.3%  pos=12,620
[2026-03-28T17:13:58.136] [INFO] [training:0]   - selfplay_gen7.bin                        ratio=4.4%  pos=8,840
[2026-03-28T17:13:58.136] [INFO] [training:0]   - selfplay_gen6.bin                        ratio=3.1%  pos=6,180
[2026-03-28T17:13:58.136] [INFO] [training:0]   - selfplay_gen5.bin                        ratio=2.2%  pos=4,320
[2026-03-28T17:13:58.137] [INFO] [training:0]   - training_data_draws.bin                  ratio=30.0%  pos=60,000
[2026-03-28T17:13:58.137] [INFO] [training:0]   Total positions: 199,999
[2026-03-28T17:13:58.137] [INFO] [training:0]   Mode: PRELOAD (full dataset fits in RAM)
[2026-03-28T17:14:01.517] [INFO] [training:0]   torch.compile:     ENABLED (reduce-overhead mode)
[2026-03-28T17:14:01.557] [INFO] [training:0] Weights loaded from C:\Users\chris\pyproj\my_env\Projects\ChessEngine\x64\Release\assets\nnue_weights_gen8.bin
[2026-03-28T17:14:01.560] [INFO] [training:0] Loaded existing weights from C:\Users\chris\pyproj\my_env\Projects\ChessEngine\x64\Release\assets\nnue_weights_gen8.bin
[2026-03-28T17:14:01.560] [INFO] [training:0]   Fresh optimizer (--load-weights skips old optimizer state)
[2026-03-28T17:14:01.560] [INFO] [training:0] ============================================================
[2026-03-28T17:14:01.560] [INFO] [training:0] Training Configuration:
[2026-03-28T17:14:01.560] [INFO] [training:0]   Positions:         199,999
[2026-03-28T17:14:01.560] [INFO] [training:0]   Batch size:        2048 (effective: 8192 with grad accum x4)
[2026-03-28T17:14:01.560] [INFO] [training:0]   Epochs:            12
[2026-03-28T17:14:01.560] [INFO] [training:0]   Learning rate:     0.0001
[2026-03-28T17:14:01.560] [INFO] [training:0]   LR schedule:       Cosine Decay (T_max=8, warmup_epochs~4)
[2026-03-28T17:14:01.560] [INFO] [training:0]   LR min:            1e-05
[2026-03-28T17:14:01.560] [INFO] [training:0]   LR warmup:         100 optimizer steps
[2026-03-28T17:14:01.560] [INFO] [training:0]   Lambda (eval/res): 0.5
[2026-03-28T17:14:01.560] [INFO] [training:0]   Eval scale:        400.0
[2026-03-28T17:14:01.560] [INFO] [training:0]   Phase balanced:    True
[2026-03-28T17:14:01.560] [INFO] [training:0]   Early stop:        6 epochs
[2026-03-28T17:14:01.560] [INFO] [training:0]   Weight decay:      0.0015
[2026-03-28T17:14:01.560] [INFO] [training:0]   Dropout:           0.3
[2026-03-28T17:14:01.560] [INFO] [training:0]   Grad accumulation: 4x
[2026-03-28T17:14:01.560] [INFO] [training:0]   Label smoothing:   0.01
[2026-03-28T17:14:01.560] [INFO] [training:0]   SWA:               ON (start epoch 8)
[2026-03-28T17:14:01.560] [INFO] [training:0]   Filter eval max:   1000.0
[2026-03-28T17:14:01.560] [INFO] [training:0]   Eval soft-cap:     800.0
[2026-03-28T17:14:01.560] [INFO] [training:0]   Draw weight:       0.3x
[2026-03-28T17:14:01.560] [INFO] [training:0]   Mate boost:        10.0x
[2026-03-28T17:14:01.560] [INFO] [training:0]   Async prefetch:    N/A (preload mode)
[2026-03-28T17:14:01.560] [INFO] [training:0]   WDL CE loss:       ON (alpha=0.3, lambda=0.5 (from --lam), draw_elo=50.0)
[2026-03-28T17:14:01.560] [INFO] [training:0]   Activation:        SCReLU (squared clipped ReLU)
[2026-03-28T17:14:01.560] [INFO] [training:0]   Architecture:      40960->512->128->64->WDL(3)x3heads
[2026-03-28T17:14:01.560] [INFO] [training:0]   Grad clip norm:    1.0
[2026-03-28T17:14:01.560] [INFO] [training:0]   Streaming:         False
[2026-03-28T17:14:01.560] [INFO] [training:0]   Datasets:          7 sources (ratio-based sampling)
[2026-03-28T17:14:01.560] [INFO] [training:0]     - training_data_sf.bin            ratio=45.0%  pos=89,999
[2026-03-28T17:14:01.560] [INFO] [training:0]     - selfplay_gen9.bin               ratio=9.0%  pos=18,040
[2026-03-28T17:14:01.560] [INFO] [training:0]     - selfplay_gen8.bin               ratio=6.3%  pos=12,620
[2026-03-28T17:14:01.560] [INFO] [training:0]     - selfplay_gen7.bin               ratio=4.4%  pos=8,840
[2026-03-28T17:14:01.560] [INFO] [training:0]     - selfplay_gen6.bin               ratio=3.1%  pos=6,180
[2026-03-28T17:14:01.560] [INFO] [training:0]     - selfplay_gen5.bin               ratio=2.2%  pos=4,320
[2026-03-28T17:14:01.560] [INFO] [training:0]     - training_data_draws.bin         ratio=30.0%  pos=60,000
[2026-03-28T17:14:01.560] [INFO] [training:0] ============================================================
[2026-03-28T17:14:01.560] [INFO] [training:0]   Multi-dataset preload: ratios will be applied during epoch sampling.
[2026-03-28T17:14:01.560] [INFO] [training:0]   Loading 7 datasets sequentially...
[2026-03-28T17:14:01.560] [INFO] [training:0] Loading positions from C:\Users\chris\pyproj\my_env\Projects\ChessEngine\x64\Release\assets\training_data_sf.bin...
[2026-03-28T17:14:01.560] [INFO] [training:0]   Total positions: 29,587,256 � using offset-cache fast path (avoids reading 1410 MB into RAM)
[2026-03-28T17:14:01.560] [INFO] [training:0] Scanning C:\Users\chris\pyproj\my_env\Projects\ChessEngine\x64\Release\assets\training_data_sf.bin for position offsets...
[2026-03-28T17:14:01.575] [INFO] [training:0]   Cache stale or corrupt, rebuilding...
[2026-03-28T17:14:01.575] [INFO] [training:0]   Building offset index (first time, may take several minutes)...
[2026-03-28T17:14:01.575] [INFO] [training:0]   Total positions: 29,587,256 (header: versioned)
[2026-03-28T17:14:32.397] [INFO] [training:0]   Scan complete: 29,587,256 positions indexed.[K
[2026-03-28T17:14:34.778] [INFO] [training:0]   Saved offset cache: 225.7 MB (C:\Users\chris\pyproj\my_env\Projects\ChessEngine\x64\Release\assets\training_data_sf.bin.offidx)
[2026-03-28T17:14:37.128] [INFO] [training:0]   Sampled 89,999 from 29,587,256 positions (reservoir)
[2026-03-28T17:14:37.539] [INFO] [training:0]     Parsed 50,000/89,999 positions (248660 pos/s,
[2026-03-28T17:14:37.539] [INFO] [training:0]   Parsed 89,999 positions in 0.4s (227,772 pos/s)
[2026-03-28T17:14:37.539] [INFO] [training:0]   Vectorized HalfKAv2 conversion (89,999 positions)...
[2026-03-28T17:14:37.887] [INFO] [training:0]   HalfKAv2 conversion: 0.3s (258,684 pos/s)
[2026-03-28T17:14:37.904] [INFO] [training:0]   Converting to tensors...
[2026-03-28T17:14:37.904] [INFO] [training:0] Phase distribution: Opening=25,709, Middlegame=28,835, Endgame=31,504
[2026-03-28T17:14:37.905] [INFO] [training:0]   [training_data_sf.bin] loaded: 86,048 positions
[2026-03-28T17:14:38.043] [INFO] [training:0] Loading positions from C:\Users\chris\pyproj\my_env\Projects\ChessEngine\x64\Release\assets\selfplay_gen9.bin...
[2026-03-28T17:14:38.043] [INFO] [training:0]   Total positions: 132,776 � using offset-cache fast path (avoids reading 6 MB into RAM)
[2026-03-28T17:14:38.043] [INFO] [training:0] Scanning C:\Users\chris\pyproj\my_env\Projects\ChessEngine\x64\Release\assets\selfplay_gen9.bin for position offsets...
[2026-03-28T17:14:38.055] [INFO] [training:0]   Cache stale or corrupt, rebuilding...
[2026-03-28T17:14:38.055] [INFO] [training:0]   Building offset index (first time, may take several minutes)...
[2026-03-28T17:14:38.056] [INFO] [training:0]   Total positions: 132,776 (header: versioned)
[2026-03-28T17:14:38.135] [INFO] [training:0]   Scan complete: 132,776 positions indexed.[K
[2026-03-28T17:14:38.136] [INFO] [training:0]   Saved offset cache: 1.0 MB (C:\Users\chris\pyproj\my_env\Projects\ChessEngine\x64\Release\assets\selfplay_gen9.bin.offidx)
[2026-03-28T17:14:38.139] [INFO] [training:0]   Sampled 18,040 from 132,776 positions (reservoir)
[2026-03-28T17:14:38.188] [INFO] [training:0]   Parsed 18,040 positions in 0.0s (367,325 pos/s)
[2026-03-28T17:14:38.188] [INFO] [training:0]   Vectorized HalfKAv2 conversion (18,040 positions)...
[2026-03-28T17:14:38.341] [INFO] [training:0]   HalfKAv2 conversion: 0.2s (117,220 pos/s)
[2026-03-28T17:14:38.344] [INFO] [training:0]   Converting to tensors...
[2026-03-28T17:14:38.344] [INFO] [training:0] Phase distribution: Opening=2,408, Middlegame=8,332, Endgame=6,761
[2026-03-28T17:14:38.344] [INFO] [training:0]   [selfplay_gen9.bin] loaded: 17,501 positions
[2026-03-28T17:14:38.461] [INFO] [training:0] Loading positions from C:\Users\chris\pyproj\my_env\Projects\ChessEngine\x64\Release\assets\selfplay_gen8.bin...
[2026-03-28T17:14:38.461] [INFO] [training:0]   Total positions: 68,276 � using offset-cache fast path (avoids reading 3 MB into RAM)
[2026-03-28T17:14:38.461] [INFO] [training:0] Scanning C:\Users\chris\pyproj\my_env\Projects\ChessEngine\x64\Release\assets\selfplay_gen8.bin for position offsets...
[2026-03-28T17:14:38.474] [INFO] [training:0]   Loaded cached index: 68,276 offsets (C:\Users\chris\pyproj\my_env\Projects\ChessEngine\x64\Release\assets\selfplay_gen8.bin.offidx)
[2026-03-28T17:14:38.476] [INFO] [training:0]   Sampled 12,620 from 68,276 positions (reservoir)
[2026-03-28T17:14:38.517] [INFO] [training:0]   Parsed 12,620 positions in 0.0s (304,596 pos/s)
[2026-03-28T17:14:38.518] [INFO] [training:0]   Vectorized HalfKAv2 conversion (12,620 positions)...
[2026-03-28T17:14:38.660] [INFO] [training:0]   HalfKAv2 conversion: 0.1s (88,389 pos/s)
[2026-03-28T17:14:38.662] [INFO] [training:0]   Converting to tensors...
[2026-03-28T17:14:38.662] [INFO] [training:0] Phase distribution: Opening=1,538, Middlegame=5,708, Endgame=5,015
[2026-03-28T17:14:38.662] [INFO] [training:0]   [selfplay_gen8.bin] loaded: 12,261 positions
[2026-03-28T17:14:38.781] [INFO] [training:0] Loading positions from C:\Users\chris\pyproj\my_env\Projects\ChessEngine\x64\Release\assets\selfplay_gen7.bin...
[2026-03-28T17:14:38.781] [INFO] [training:0]   Total positions: 68,956 � using offset-cache fast path (avoids reading 3 MB into RAM)
[2026-03-28T17:14:38.781] [INFO] [training:0] Scanning C:\Users\chris\pyproj\my_env\Projects\ChessEngine\x64\Release\assets\selfplay_gen7.bin for position offsets...
[2026-03-28T17:14:38.794] [INFO] [training:0]   Loaded cached index: 68,956 offsets (C:\Users\chris\pyproj\my_env\Projects\ChessEngine\x64\Release\assets\selfplay_gen7.bin.offidx)
[2026-03-28T17:14:38.796] [INFO] [training:0]   Sampled 8,840 from 68,956 positions (reservoir)
[2026-03-28T17:14:38.829] [INFO] [training:0]   Parsed 8,840 positions in 0.0s (267,583 pos/s)
[2026-03-28T17:14:38.829] [INFO] [training:0]   Vectorized HalfKAv2 conversion (8,840 positions)...
[2026-03-28T17:14:38.973] [INFO] [training:0]   HalfKAv2 conversion: 0.1s (61,391 pos/s)
[2026-03-28T17:14:38.974] [INFO] [training:0]   Converting to tensors...
[2026-03-28T17:14:38.974] [INFO] [training:0] Phase distribution: Opening=1,086, Middlegame=3,965, Endgame=3,525
[2026-03-28T17:14:38.974] [INFO] [training:0]   [selfplay_gen7.bin] loaded: 8,576 positions
[2026-03-28T17:14:39.091] [INFO] [training:0] Loading positions from C:\Users\chris\pyproj\my_env\Projects\ChessEngine\x64\Release\assets\selfplay_gen6.bin...
[2026-03-28T17:14:39.091] [INFO] [training:0]   Total positions: 72,623 � using offset-cache fast path (avoids reading 3 MB into RAM)
[2026-03-28T17:14:39.091] [INFO] [training:0] Scanning C:\Users\chris\pyproj\my_env\Projects\ChessEngine\x64\Release\assets\selfplay_gen6.bin for position offsets...
[2026-03-28T17:14:39.105] [INFO] [training:0]   Loaded cached index: 72,623 offsets (C:\Users\chris\pyproj\my_env\Projects\ChessEngine\x64\Release\assets\selfplay_gen6.bin.offidx)
[2026-03-28T17:14:39.106] [INFO] [training:0]   Sampled 6,180 from 72,623 positions (reservoir)
[2026-03-28T17:14:39.136] [INFO] [training:0]   Parsed 6,180 positions in 0.0s (209,768 pos/s)
[2026-03-28T17:14:39.136] [INFO] [training:0]   Vectorized HalfKAv2 conversion (6,180 positions)...
[2026-03-28T17:14:39.265] [INFO] [training:0]   HalfKAv2 conversion: 0.1s (47,829 pos/s)
[2026-03-28T17:14:39.266] [INFO] [training:0]   Converting to tensors...
[2026-03-28T17:14:39.266] [INFO] [training:0] Phase distribution: Opening=674, Middlegame=2,495, Endgame=2,832
[2026-03-28T17:14:39.266] [INFO] [training:0]   [selfplay_gen6.bin] loaded: 6,001 positions
[2026-03-28T17:14:39.392] [INFO] [training:0] Loading positions from C:\Users\chris\pyproj\my_env\Projects\ChessEngine\x64\Release\assets\selfplay_gen5.bin...
[2026-03-28T17:14:39.392] [INFO] [training:0]   Total positions: 50,027 � using offset-cache fast path (avoids reading 2 MB into RAM)
[2026-03-28T17:14:39.392] [INFO] [training:0] Scanning C:\Users\chris\pyproj\my_env\Projects\ChessEngine\x64\Release\assets\selfplay_gen5.bin for position offsets...
[2026-03-28T17:14:39.409] [INFO] [training:0]   Loaded cached index: 50,027 offsets (C:\Users\chris\pyproj\my_env\Projects\ChessEngine\x64\Release\assets\selfplay_gen5.bin.offidx)
[2026-03-28T17:14:39.410] [INFO] [training:0]   Sampled 4,320 from 50,027 positions (reservoir)
[2026-03-28T17:14:39.433] [INFO] [training:0]   Parsed 4,320 positions in 0.0s (188,964 pos/s)
[2026-03-28T17:14:39.433] [INFO] [training:0]   Vectorized HalfKAv2 conversion (4,320 positions)...
[2026-03-28T17:14:39.560] [INFO] [training:0]   HalfKAv2 conversion: 0.1s (34,381 pos/s)
[2026-03-28T17:14:39.560] [INFO] [training:0]   Converting to tensors...
[2026-03-28T17:14:39.560] [INFO] [training:0] Phase distribution: Opening=488, Middlegame=1,737, Endgame=1,972
[2026-03-28T17:14:39.560] [INFO] [training:0]   [selfplay_gen5.bin] loaded: 4,197 positions
[2026-03-28T17:14:39.688] [INFO] [training:0] Loading positions from C:\Users\chris\pyproj\my_env\Projects\ChessEngine\x64\Release\assets\training_data_draws.bin...
[2026-03-28T17:14:39.688] [INFO] [training:0]   Total positions: 35,143,613 � using offset-cache fast path (avoids reading 1675 MB into RAM)
[2026-03-28T17:14:39.688] [INFO] [training:0] Scanning C:\Users\chris\pyproj\my_env\Projects\ChessEngine\x64\Release\assets\training_data_draws.bin for position offsets...
[2026-03-28T17:14:41.130] [INFO] [training:0]   Loaded cached index: 35,143,613 offsets (C:\Users\chris\pyproj\my_env\Projects\ChessEngine\x64\Release\assets\training_data_draws.bin.offidx)
[2026-03-28T17:14:43.806] [INFO] [training:0]   Sampled 60,000 from 35,143,613 positions (reservoir)
[2026-03-28T17:15:03.518] [INFO] [training:0]     Parsed 50,000/60,000 positions (3654 pos/s,
[2026-03-28T17:15:03.518] [INFO] [training:0]   Parsed 60,000 positions in 19.7s (3,049 pos/s)
[2026-03-28T17:15:03.519] [INFO] [training:0]   Vectorized HalfKAv2 conversion (60,000 positions)...
[2026-03-28T17:15:04.051] [INFO] [training:0]   HalfKAv2 conversion: 0.5s (112,563 pos/s)
[2026-03-28T17:15:04.052] [INFO] [training:0]   Converting to tensors...
[2026-03-28T17:15:04.052] [INFO] [training:0] Phase distribution: Opening=19,607, Middlegame=16,600, Endgame=23,793
[2026-03-28T17:15:04.052] [INFO] [training:0]   [training_data_draws.bin] loaded: 60,000 positions
[2026-03-28T17:15:04.321] [INFO] [training:0]   Train positions: 175,126
[2026-03-28T17:15:04.321] [INFO] [training:0]   Val positions:   19,458
[2026-03-28T17:15:04.597] [INFO] [training:0]   Phase-balanced samples: 203,568 (from 175,126 train)
[2026-03-28T17:15:07.629] [INFO] [training:0] [FATAL] Unhandled exception in training loop at epoch 1:
[2026-03-28T17:15:07.700] [INFO] [training:0] Traceback (most recent call last):
[2026-03-28T17:15:07.700] [INFO] [training:0]   File "C:\Users\chris\pyproj\my_env\Projects\ChessEngine\x64\Release\train_nnue.py", line 2600, in train
[2026-03-28T17:15:07.700] [INFO] [training:0]     loss_val = process_batch(
[2026-03-28T17:15:07.700] [INFO] [training:0]   File "C:\Users\chris\pyproj\my_env\Projects\ChessEngine\x64\Release\train_nnue.py", line 1833, in process_batch
[2026-03-28T17:15:07.700] [INFO] [training:0]     loss_tensor = compute_loss(net, white, black, stm, result, eval_t,
[2026-03-28T17:15:07.700] [INFO] [training:0]   File "C:\Users\chris\pyproj\my_env\Projects\ChessEngine\x64\Release\train_nnue.py", line 1397, in compute_loss
[2026-03-28T17:15:07.700] [INFO] [training:0]     raw_output, wdl_logits = net(white, black, stm, phases=phases, return_wdl=True)
[2026-03-28T17:15:07.700] [INFO] [training:0]   File "C:\Users\chris\pyver\py3.10\lib\site-packages\torch\nn\modules\module.py", line 1553, in _wrapped_call_impl
[2026-03-28T17:15:07.700] [INFO] [training:0]     return self._call_impl(*args, **kwargs)
[2026-03-28T17:15:07.700] [INFO] [training:0]   File "C:\Users\chris\pyver\py3.10\lib\site-packages\torch\nn\modules\module.py", line 1562, in _call_impl
[2026-03-28T17:15:07.700] [INFO] [training:0]     return forward_call(*args, **kwargs)
[2026-03-28T17:15:07.700] [INFO] [training:0]   File "C:\Users\chris\pyver\py3.10\lib\site-packages\torch\_dynamo\eval_frame.py", line 433, in _fn
[2026-03-28T17:15:07.700] [INFO] [training:0]     return fn(*args, **kwargs)
[2026-03-28T17:15:07.700] [INFO] [training:0]   File "C:\Users\chris\pyver\py3.10\lib\site-packages\torch\nn\modules\module.py", line 1553, in _wrapped_call_impl
[2026-03-28T17:15:07.700] [INFO] [training:0]     return self._call_impl(*args, **kwargs)
[2026-03-28T17:15:07.700] [INFO] [training:0]   File "C:\Users\chris\pyver\py3.10\lib\site-packages\torch\nn\modules\module.py", line 1562, in _call_impl
[2026-03-28T17:15:07.700] [INFO] [training:0]     return forward_call(*args, **kwargs)
[2026-03-28T17:15:07.700] [INFO] [training:0]   File "C:\Users\chris\pyver\py3.10\lib\site-packages\torch\_dynamo\convert_frame.py", line 1116, in __call__
[2026-03-28T17:15:07.700] [INFO] [training:0]     return self._torchdynamo_orig_callable(
[2026-03-28T17:15:07.700] [INFO] [training:0]   File "C:\Users\chris\pyver\py3.10\lib\site-packages\torch\_dynamo\convert_frame.py", line 948, in __call__
[2026-03-28T17:15:07.701] [INFO] [training:0]     result = self._inner_convert(
[2026-03-28T17:15:07.701] [INFO] [training:0]   File "C:\Users\chris\pyver\py3.10\lib\site-packages\torch\_dynamo\convert_frame.py", line 472, in __call__
[2026-03-28T17:15:07.701] [INFO] [training:0]     return _compile(
[2026-03-28T17:15:07.701] [INFO] [training:0]   File "C:\Users\chris\pyver\py3.10\lib\site-packages\torch\_utils_internal.py", line 84, in wrapper_function
[2026-03-28T17:15:07.701] [INFO] [training:0]     return StrobelightCompileTimeProfiler.profile_compile_time(
[2026-03-28T17:15:07.701] [INFO] [training:0]   File "C:\Users\chris\pyver\py3.10\lib\site-packages\torch\_strobelight\compile_time_profiler.py", line 129, in profile_compile_time
[2026-03-28T17:15:07.701] [INFO] [training:0]     return func(*args, **kwargs)
[2026-03-28T17:15:07.701] [INFO] [training:0]   File "C:\Users\chris\pyver\py3.10\lib\contextlib.py", line 79, in inner
[2026-03-28T17:15:07.701] [INFO] [training:0]     return func(*args, **kwds)
[2026-03-28T17:15:07.701] [INFO] [training:0]   File "C:\Users\chris\pyver\py3.10\lib\site-packages\torch\_dynamo\convert_frame.py", line 817, in _compile
[2026-03-28T17:15:07.701] [INFO] [training:0]     guarded_code = compile_inner(code, one_graph, hooks, transform)
[2026-03-28T17:15:07.701] [INFO] [training:0]   File "C:\Users\chris\pyver\py3.10\lib\site-packages\torch\_dynamo\utils.py", line 231, in time_wrapper
[2026-03-28T17:15:07.701] [INFO] [training:0]     r = func(*args, **kwargs)
[2026-03-28T17:15:07.701] [INFO] [training:0]   File "C:\Users\chris\pyver\py3.10\lib\site-packages\torch\_dynamo\convert_frame.py", line 636, in compile_inner
[2026-03-28T17:15:07.701] [INFO] [training:0]     out_code = transform_code_object(code, transform)
[2026-03-28T17:15:07.701] [INFO] [training:0]   File "C:\Users\chris\pyver\py3.10\lib\site-packages\torch\_dynamo\bytecode_transformation.py", line 1185, in transform_code_object
[2026-03-28T17:15:07.701] [INFO] [training:0]     transformations(instructions, code_options)
[2026-03-28T17:15:07.701] [INFO] [training:0]   File "C:\Users\chris\pyver\py3.10\lib\site-packages\torch\_dynamo\convert_frame.py", line 178, in _fn
[2026-03-28T17:15:07.701] [INFO] [training:0]     return fn(*args, **kwargs)
[2026-03-28T17:15:07.701] [INFO] [training:0]   File "C:\Users\chris\pyver\py3.10\lib\site-packages\torch\_dynamo\convert_frame.py", line 582, in transform
[2026-03-28T17:15:07.701] [INFO] [training:0]     tracer.run()
[2026-03-28T17:15:07.701] [INFO] [training:0]   File "C:\Users\chris\pyver\py3.10\lib\site-packages\torch\_dynamo\symbolic_convert.py", line 2451, in run
[2026-03-28T17:15:07.701] [INFO] [training:0]     super().run()
[2026-03-28T17:15:07.701] [INFO] [training:0]   File "C:\Users\chris\pyver\py3.10\lib\site-packages\torch\_dynamo\symbolic_convert.py", line 893, in run
[2026-03-28T17:15:07.701] [INFO] [training:0]     while self.step():
[2026-03-28T17:15:07.701] [INFO] [training:0]   File "C:\Users\chris\pyver\py3.10\lib\site-packages\torch\_dynamo\symbolic_convert.py", line 805, in step
[2026-03-28T17:15:07.701] [INFO] [training:0]     self.dispatch_table[inst.opcode](self, inst)
[2026-03-28T17:15:07.701] [INFO] [training:0]   File "C:\Users\chris\pyver\py3.10\lib\site-packages\torch\_dynamo\symbolic_convert.py", line 2642, in RETURN_VALUE
[2026-03-28T17:15:07.701] [INFO] [training:0]     self._return(inst)
[2026-03-28T17:15:07.701] [INFO] [training:0]   File "C:\Users\chris\pyver\py3.10\lib\site-packages\torch\_dynamo\symbolic_convert.py", line 2627, in _return
[2026-03-28T17:15:07.701] [INFO] [training:0]     self.output.compile_subgraph(
[2026-03-28T17:15:07.701] [INFO] [training:0]   File "C:\Users\chris\pyver\py3.10\lib\site-packages\torch\_dynamo\output_graph.py", line 1123, in compile_subgraph
[2026-03-28T17:15:07.701] [INFO] [training:0]     self.compile_and_call_fx_graph(tx, pass2.graph_output_vars(), root)
[2026-03-28T17:15:07.701] [INFO] [training:0]   File "C:\Users\chris\pyver\py3.10\lib\contextlib.py", line 79, in inner
[2026-03-28T17:15:07.701] [INFO] [training:0]     return func(*args, **kwds)
[2026-03-28T17:15:07.701] [INFO] [training:0]   File "C:\Users\chris\pyver\py3.10\lib\site-packages\torch\_dynamo\output_graph.py", line 1318, in compile_and_call_fx_graph
[2026-03-28T17:15:07.701] [INFO] [training:0]     compiled_fn = self.call_user_compiler(gm)
[2026-03-28T17:15:07.701] [INFO] [training:0]   File "C:\Users\chris\pyver\py3.10\lib\site-packages\torch\_dynamo\utils.py", line 231, in time_wrapper
[2026-03-28T17:15:07.701] [INFO] [training:0]     r = func(*args, **kwargs)
[2026-03-28T17:15:07.701] [INFO] [training:0]   File "C:\Users\chris\pyver\py3.10\lib\site-packages\torch\_dynamo\output_graph.py", line 1409, in call_user_compiler
[2026-03-28T17:15:07.701] [ERROR] [training:0]     raise BackendCompilerFailed(self.compiler_fn, e).with_traceback(
[2026-03-28T17:15:07.701] [INFO] [training:0]   File "C:\Users\chris\pyver\py3.10\lib\site-packages\torch\_dynamo\output_graph.py", line 1390, in call_user_compiler
[2026-03-28T17:15:07.701] [INFO] [training:0]     compiled_fn = compiler_fn(gm, self.example_inputs())
[2026-03-28T17:15:07.701] [INFO] [training:0]   File "C:\Users\chris\pyver\py3.10\lib\site-packages\torch\_dynamo\repro\after_dynamo.py", line 129, in __call__
[2026-03-28T17:15:07.701] [INFO] [training:0]     compiled_gm = compiler_fn(gm, example_inputs)
[2026-03-28T17:15:07.701] [INFO] [training:0]   File "C:\Users\chris\pyver\py3.10\lib\site-packages\torch\__init__.py", line 1951, in __call__
[2026-03-28T17:15:07.701] [INFO] [training:0]     return compile_fx(model_, inputs_, config_patches=self.config)
[2026-03-28T17:15:07.701] [INFO] [training:0]   File "C:\Users\chris\pyver\py3.10\lib\contextlib.py", line 79, in inner
[2026-03-28T17:15:07.701] [INFO] [training:0]     return func(*args, **kwds)
[2026-03-28T17:15:07.701] [INFO] [training:0]   File "C:\Users\chris\pyver\py3.10\lib\site-packages\torch\_inductor\compile_fx.py", line 1261, in compile_fx
[2026-03-28T17:15:07.701] [INFO] [training:0]     return compile_fx(
[2026-03-28T17:15:07.701] [INFO] [training:0]   File "C:\Users\chris\pyver\py3.10\lib\contextlib.py", line 79, in inner
[2026-03-28T17:15:07.701] [INFO] [training:0]     return func(*args, **kwds)
[2026-03-28T17:15:07.701] [INFO] [training:0]   File "C:\Users\chris\pyver\py3.10\lib\site-packages\torch\_inductor\compile_fx.py", line 1505, in compile_fx
[2026-03-28T17:15:07.701] [INFO] [training:0]     return aot_autograd(
[2026-03-28T17:15:07.701] [INFO] [training:0]   File "C:\Users\chris\pyver\py3.10\lib\site-packages\torch\_dynamo\backends\common.py", line 69, in __call__
[2026-03-28T17:15:07.701] [INFO] [training:0]     cg = aot_module_simplified(gm, example_inputs, **self.kwargs)
[2026-03-28T17:15:07.701] [INFO] [training:0]   File "C:\Users\chris\pyver\py3.10\lib\site-packages\torch\_functorch\aot_autograd.py", line 954, in aot_module_simplified
[2026-03-28T17:15:07.701] [INFO] [training:0]     compiled_fn, _ = create_aot_dispatcher_function(
[2026-03-28T17:15:07.701] [INFO] [training:0]   File "C:\Users\chris\pyver\py3.10\lib\site-packages\torch\_dynamo\utils.py", line 231, in time_wrapper
[2026-03-28T17:15:07.701] [INFO] [training:0]     r = func(*args, **kwargs)
[2026-03-28T17:15:07.701] [INFO] [training:0]   File "C:\Users\chris\pyver\py3.10\lib\site-packages\torch\_functorch\aot_autograd.py", line 687, in create_aot_dispatcher_function
[2026-03-28T17:15:07.702] [INFO] [training:0]     compiled_fn, fw_metadata = compiler_fn(
[2026-03-28T17:15:07.702] [INFO] [training:0]   File "C:\Users\chris\pyver\py3.10\lib\site-packages\torch\_functorch\_aot_autograd\jit_compile_runtime_wrappers.py", line 461, in aot_dispatch_autograd
[2026-03-28T17:15:07.702] [INFO] [training:0]     compiled_fw_func = aot_config.fw_compiler(fw_module, adjusted_flat_args)
[2026-03-28T17:15:07.702] [INFO] [training:0]   File "C:\Users\chris\pyver\py3.10\lib\site-packages\torch\_dynamo\utils.py", line 231, in time_wrapper
[2026-03-28T17:15:07.702] [INFO] [training:0]     r = func(*args, **kwargs)
[2026-03-28T17:15:07.702] [INFO] [training:0]   File "C:\Users\chris\pyver\py3.10\lib\site-packages\torch\_inductor\compile_fx.py", line 1410, in fw_compiler_base
[2026-03-28T17:15:07.702] [INFO] [training:0]     return inner_compile(
[2026-03-28T17:15:07.702] [INFO] [training:0]   File "C:\Users\chris\pyver\py3.10\lib\contextlib.py", line 79, in inner
[2026-03-28T17:15:07.702] [INFO] [training:0]     return func(*args, **kwds)
[2026-03-28T17:15:07.702] [INFO] [training:0]   File "C:\Users\chris\pyver\py3.10\lib\site-packages\torch\_dynamo\repro\after_aot.py", line 84, in debug_wrapper
[2026-03-28T17:15:07.702] [INFO] [training:0]     inner_compiled_fn = compiler_fn(gm, example_inputs)
[2026-03-28T17:15:07.702] [INFO] [training:0]   File "C:\Users\chris\pyver\py3.10\lib\site-packages\torch\_inductor\debug.py", line 304, in inner
[2026-03-28T17:15:07.702] [INFO] [training:0]     return fn(*args, **kwargs)
[2026-03-28T17:15:07.702] [INFO] [training:0]   File "C:\Users\chris\pyver\py3.10\lib\contextlib.py", line 79, in inner
[2026-03-28T17:15:07.702] [INFO] [training:0]     return func(*args, **kwds)
[2026-03-28T17:15:07.702] [INFO] [training:0]   File "C:\Users\chris\pyver\py3.10\lib\contextlib.py", line 79, in inner
[2026-03-28T17:15:07.702] [INFO] [training:0]     return func(*args, **kwds)
[2026-03-28T17:15:07.702] [INFO] [training:0]   File "C:\Users\chris\pyver\py3.10\lib\site-packages\torch\_dynamo\utils.py", line 231, in time_wrapper
[2026-03-28T17:15:07.702] [INFO] [training:0]     r = func(*args, **kwargs)
[2026-03-28T17:15:07.702] [INFO] [training:0]   File "C:\Users\chris\pyver\py3.10\lib\site-packages\torch\_inductor\compile_fx.py", line 527, in compile_fx_inner
[2026-03-28T17:15:07.702] [INFO] [training:0]     compiled_graph = fx_codegen_and_compile(
[2026-03-28T17:15:07.702] [INFO] [training:0]   File "C:\Users\chris\pyver\py3.10\lib\contextlib.py", line 79, in inner
[2026-03-28T17:15:07.702] [INFO] [training:0]     return func(*args, **kwds)
[2026-03-28T17:15:07.702] [INFO] [training:0]   File "C:\Users\chris\pyver\py3.10\lib\site-packages\torch\_inductor\compile_fx.py", line 831, in fx_codegen_and_compile
[2026-03-28T17:15:07.702] [INFO] [training:0]     compiled_fn = graph.compile_to_fn()
[2026-03-28T17:15:07.702] [INFO] [training:0]   File "C:\Users\chris\pyver\py3.10\lib\site-packages\torch\_inductor\graph.py", line 1751, in compile_to_fn
[2026-03-28T17:15:07.702] [INFO] [training:0]     return self.compile_to_module().call
[2026-03-28T17:15:07.702] [INFO] [training:0]   File "C:\Users\chris\pyver\py3.10\lib\site-packages\torch\_dynamo\utils.py", line 231, in time_wrapper
[2026-03-28T17:15:07.702] [INFO] [training:0]     r = func(*args, **kwargs)
[2026-03-28T17:15:07.702] [INFO] [training:0]   File "C:\Users\chris\pyver\py3.10\lib\site-packages\torch\_inductor\graph.py", line 1680, in compile_to_module
[2026-03-28T17:15:07.702] [INFO] [training:0]     self.codegen_with_cpp_wrapper() if self.cpp_wrapper else self.codegen()
[2026-03-28T17:15:07.702] [INFO] [training:0]   File "C:\Users\chris\pyver\py3.10\lib\site-packages\torch\_inductor\graph.py", line 1640, in codegen
[2026-03-28T17:15:07.702] [INFO] [training:0]     self.scheduler.codegen()
[2026-03-28T17:15:07.702] [INFO] [training:0]   File "C:\Users\chris\pyver\py3.10\lib\site-packages\torch\_dynamo\utils.py", line 231, in time_wrapper
[2026-03-28T17:15:07.702] [INFO] [training:0]     r = func(*args, **kwargs)
[2026-03-28T17:15:07.702] [INFO] [training:0]   File "C:\Users\chris\pyver\py3.10\lib\site-packages\torch\_inductor\scheduler.py", line 2741, in codegen
[2026-03-28T17:15:07.702] [INFO] [training:0]     self.get_backend(device).codegen_node(node)
[2026-03-28T17:15:07.702] [INFO] [training:0]   File "C:\Users\chris\pyver\py3.10\lib\site-packages\torch\_inductor\codegen\cpp.py", line 3792, in codegen_node
[2026-03-28T17:15:07.702] [INFO] [training:0]     cpp_kernel_proxy = CppKernelProxy(kernel_group)
[2026-03-28T17:15:07.702] [INFO] [training:0]   File "C:\Users\chris\pyver\py3.10\lib\site-packages\torch\_inductor\codegen\cpp.py", line 3021, in __init__
[2026-03-28T17:15:07.702] [INFO] [training:0]     self.picked_vec_isa: codecache.VecISA = codecache.pick_vec_isa()
[2026-03-28T17:15:07.702] [INFO] [training:0]   File "C:\Users\chris\pyver\py3.10\lib\site-packages\torch\_inductor\codecache.py", line 1511, in pick_vec_isa
[2026-03-28T17:15:07.702] [INFO] [training:0]     _valid_vec_isa_list: List[VecISA] = valid_vec_isa_list()
[2026-03-28T17:15:07.702] [INFO] [training:0]   File "C:\Users\chris\pyver\py3.10\lib\site-packages\torch\_inductor\codecache.py", line 1501, in valid_vec_isa_list
[2026-03-28T17:15:07.702] [INFO] [training:0]     if str(isa) in _cpu_supported_x86_isa and isa:
[2026-03-28T17:15:07.702] [INFO] [training:0]   File "C:\Users\chris\pyver\py3.10\lib\site-packages\torch\_inductor\codecache.py", line 1321, in __bool__
[2026-03-28T17:15:07.702] [INFO] [training:0]     extra=_get_isa_dry_compile_fingerprint(self._arch_flags),
[2026-03-28T17:15:07.702] [INFO] [training:0]   File "C:\Users\chris\pyver\py3.10\lib\site-packages\torch\_inductor\codecache.py", line 1245, in _get_isa_dry_compile_fingerprint
[2026-03-28T17:15:07.702] [INFO] [training:0]     compiler_info = get_compiler_version_info(cpp_compiler())
[2026-03-28T17:15:07.702] [INFO] [training:0]   File "C:\Users\chris\pyver\py3.10\lib\site-packages\torch\_inductor\codecache.py", line 1141, in cpp_compiler
[2026-03-28T17:15:07.702] [INFO] [training:0]     return cpp_compiler_search(search)
[2026-03-28T17:15:07.702] [INFO] [training:0]   File "C:\Users\chris\pyver\py3.10\lib\site-packages\torch\_inductor\codecache.py", line 1168, in cpp_compiler_search
[2026-03-28T17:15:07.702] [INFO] [training:0]     raise exc.InvalidCxxCompiler
[2026-03-28T17:15:07.702] [ERROR] [training:0] torch._dynamo.exc.BackendCompilerFailed: backend='inductor' raised:
[2026-03-28T17:15:07.702] [INFO] [training:0] InvalidCxxCompiler: No working C++ compiler found in torch._inductor.config.cpp.cxx: (None, 'g++')
[2026-03-28T17:15:07.702] [INFO] [training:0] Set TORCH_LOGS="+dynamo" and TORCHDYNAMO_VERBOSE=1 for more information
[2026-03-28T17:15:07.702] [INFO] [training:0] You can suppress this exception and fall back to eager by setting:
[2026-03-28T17:15:07.702] [INFO] [training:0]     import torch._dynamo
[2026-03-28T17:15:07.702] [INFO] [training:0]     torch._dynamo.config.suppress_errors = True
[2026-03-28T17:15:07.702] [INFO] [training:0] [FATAL] Training aborted. See traceback above.
[2026-03-28T17:15:08.664] [ERROR] [training:0] [ERR] Process exited with code 1 -- check logs for details.
[2026-03-28T17:15:08.664] [EVENT] [training:9] PHASE_END success=false elapsed_sec=75.0
[2026-03-28T17:15:08.664] [ERROR] [training:0] [ERR] Training failed gen 9
[2026-03-28T17:15:08.664] [INFO] [training:0] === Pipeline complete ===
[2026-03-28T17:15:08.664] [EVENT] [pipeline:0] PIPELINE_END stopped=false total_elapsed_sec=8193.0 completed_gens=0
# ── END OF LOG ── 2026-03-28T17:15:08.664
