# NNUE Training Runner - Structured Log
# Format: [TIMESTAMP] [LEVEL] [PHASE:GEN] message
# Structured events use KEY=VALUE pairs after the tag
# Levels: INFO, WARN, ERROR, EVENT, METRIC, CONFIG, CMD
# Generated: 2026-03-28T02:47:46.137
#
# â”€â”€ HOW TO READ THIS LOG â”€â”€
# Lines starting with [EVENT] mark pipeline milestones (start/stop/phase transitions)
# Lines starting with [METRIC] contain numeric training data points
# Lines starting with [ERROR] or [WARN] flag issues to investigate
# Lines starting with [CONFIG] dump the full configuration used
# Lines starting with [CMD] show exact command lines executed
# Lines starting with [INFO] are general informational messages
#
[2026-03-28T02:47:46.167] [INFO] [selfplay:0] [LOG] Writing structured log to: C:\Users\chris\pyproj\my_env\Projects\ChessEngine\x64\Release\assets\logs\training_run_20260328_024746.log
[2026-03-28T02:47:46.167] [EVENT] [pipeline:0] PIPELINE_START first_gen=6 last_gen=15 total_gens=10
[2026-03-28T02:47:46.167] [CONFIG] [pipeline:0] generations=10 startGen=5 gamesPerGen=750 epochsPerGen=8 batchSize=2048 lr=0.0002 weightDecay=0.0005 dropout=0.2 labelSmooth=0.01 gradAccum=4 warmupSteps=100 drawWeight=0.3 mateBoost=10 splRatio=0.25 frcMix=0 replayWindow=4 replayDecay=0.7 workers=12 depth=7 mixedDepthLow=4 mixedDepthRatio=0.2 maxPositions=200000 earlyStop=5 cosineLr=true cosineT0=0 swa=true swaStart=5 drawPct=30 wdlAlpha=0.3 wdlDrawElo=50 eloValidate=false eloGames=100 swaGames=100 overfitDetect=true resignCp=500 contemptCp=20 maxPlies=250 drawCp=0 exeName=ChessEngine.exe pyScript=train_nnue.py dataDir=assets
[2026-03-28T02:47:46.167] [INFO] [selfplay:0] --- Generation 6 ---
[2026-03-28T02:47:46.168] [EVENT] [selfplay:6] PHASE_START games=750 depth=7 workers=12
[2026-03-28T02:47:46.168] [CMD] [selfplay:0] [CMD] "C:\Users\chris\pyproj\my_env\Projects\ChessEngine\x64\Release\ChessEngine.exe" --generate --games 750 --depth 7 --mixed-depth-ratio 0.200000 --mixed-depth-low 4 --workers 12 --output "C:\Users\chris\pyproj\my_env\Projects\ChessEngine\x64\Release\assets\selfplay_gen6.bin" --weights "C:\Users\chris\pyproj\my_env\Projects\ChessEngine\x64\Release\assets\nnue_weights_gen5.bin" --openings "C:\Users\chris\pyproj\my_env\Projects\ChessEngine\x64\Release\assets\openings.txt" --game-time-limit 480 --resigncp 500 --contempt 20 --maxplies 250 --drawcp 0
[2026-03-28T02:47:46.674] [INFO] [selfplay:0] [SelfPlay] Loaded 2000 opening positions from C:\Users\chris\pyproj\my_env\Projects\ChessEngine\x64\Release\assets\openings.txt
[2026-03-28T02:47:46.674] [INFO] [selfplay:0] [SelfPlay] Starting 750 games  depth=7  movetime=0ms  workers=12  output=C:\Users\chris\pyproj\my_env\Projects\ChessEngine\x64\Release\assets\selfplay_gen6.bin  openings=2000  contempt=20  openingTemp=1.5  softmaxPlies=8  softmaxTemp=0.5  recordMinPly=10  mixedDepth=4/7 (20%/80%)
[2026-03-28T02:47:50.475] [INFO] [selfplay:0] [SelfPlay] 1/750 (0%)  pos=81  W/D/B=0/0/1  (0%/0%/100%)  d4/d7  0.3 games/s (avg 0.3)  53.1K nps  ETA 00:43:31        
[2026-03-28T02:47:51.588] [INFO] [selfplay:0] [SelfPlay] 2/750 (0%)  pos=164  W/D/B=1/0/1  (50%/0%/50%)  d4/d7  0.7 games/s (avg 0.5)  101.0K nps  ETA 00:23:40      
[2026-03-28T02:47:55.376] [INFO] [selfplay:0] [SelfPlay] 3/750 (0%)  pos=271  W/D/B=1/1/1  (33%/33%/33%)  d4/d7  0.7 games/s (avg 0.6)  126.7K nps  ETA 00:20:19     
[2026-03-28T02:47:57.578] [INFO] [selfplay:0] [SelfPlay] 4/750 (0%)  pos=407  W/D/B=1/1/2  (25%/25%/50%)  d4/d7  0.7 games/s (avg 0.5)  102.5K nps  ETA 00:27:00     
[2026-03-28T02:47:59.357] [INFO] [selfplay:0] [SelfPlay] 5/750 (0%)  pos=503  W/D/B=1/1/3  (20%/20%/60%)  d4/d7  0.6 games/s (avg 0.5)  110.7K nps  ETA 00:27:02     
[2026-03-28T02:48:13.545] [INFO] [selfplay:0] [SelfPlay] 6/750 (0%)  pos=598  W/D/B=1/2/3  (16%/33%/50%)  d4/d7  0.6 games/s (avg 0.5)  111.1K nps  ETA 00:25:58     
[2026-03-28T02:48:15.001] [INFO] [selfplay:0] [SelfPlay] 7/750 (0%)  pos=645  W/D/B=2/2/3  (28%/28%/42%)  d4/d7  0.5 games/s (avg 0.3)  92.8K nps  ETA 00:47:30      
[2026-03-28T02:48:15.351] [INFO] [selfplay:0] [SelfPlay] 8/750 (1%)  pos=745  W/D/B=3/2/3  (37%/25%/37%)  d4/d7  0.6 games/s (avg 0.3)  136.6K nps  ETA 00:43:47     
[2026-03-28T02:48:16.545] [INFO] [selfplay:0] [SelfPlay] 9/750 (1%)  pos=855  W/D/B=3/2/4  (33%/22%/44%)  d4/d7  0.9 games/s (avg 0.3)  184.8K nps  ETA 00:39:20     
[2026-03-28T02:48:20.583] [INFO] [selfplay:0] [SelfPlay] 10/750 (1%)  pos=946  W/D/B=4/2/4  (40%/20%/40%)  d4/d7  0.9 games/s (avg 0.3)  224.8K nps  ETA 00:36:46    
[2026-03-28T02:48:20.803] [INFO] [selfplay:0] [SelfPlay] 11/750 (1%)  pos=1091  W/D/B=4/3/4  (36%/27%/36%)  d4/d7  0.8 games/s (avg 0.3)  206.2K nps  ETA 00:37:57   
[2026-03-28T02:48:25.749] [INFO] [selfplay:0] [SelfPlay] 12/750 (1%)  pos=1157  W/D/B=5/3/4  (41%/25%/33%)  d4/d7  1.4 games/s (avg 0.4)  211.2K nps  ETA 00:34:53   
[2026-03-28T02:48:27.209] [INFO] [selfplay:0] [SelfPlay] 13/750 (1%)  pos=1227  W/D/B=5/3/5  (38%/23%/38%)  d4/d7  1.2 games/s (avg 0.3)  233.7K nps  ETA 00:36:54   
[2026-03-28T02:48:27.253] [INFO] [selfplay:0] [SelfPlay] 14/750 (1%)  pos=1272  W/D/B=5/3/6  (35%/21%/42%)  d4/d7  1.1 games/s (avg 0.3)  255.9K nps  ETA 00:35:30   
[2026-03-28T02:48:31.850] [INFO] [selfplay:0] [SelfPlay] 15/750 (2%)  pos=1383  W/D/B=5/3/7  (33%/20%/46%)  d4/d7  4.4 games/s (avg 0.4)  302.8K nps  ETA 00:33:03   
[2026-03-28T02:48:34.106] [INFO] [selfplay:0] [SelfPlay] 16/750 (2%)  pos=1466  W/D/B=6/3/7  (37%/18%/43%)  d4/d7  4.1 games/s (avg 0.4)  308.0K nps  ETA 00:34:30   
[2026-03-28T02:48:34.885] [INFO] [selfplay:0] [SelfPlay] 17/750 (2%)  pos=1589  W/D/B=7/3/7  (41%/17%/41%)  d4/d7  3.5 games/s (avg 0.4)  344.2K nps  ETA 00:34:04   
[2026-03-28T02:48:36.500] [INFO] [selfplay:0] [SelfPlay] 18/750 (2%)  pos=1642  W/D/B=7/3/8  (38%/16%/44%)  d4/d7  3.2 games/s (avg 0.4)  388.4K nps  ETA 00:32:39   
[2026-03-28T02:48:40.305] [INFO] [selfplay:0] [SelfPlay] 19/750 (2%)  pos=1845  W/D/B=7/4/8  (36%/21%/42%)  d4/d7  2.8 games/s (avg 0.4)  416.6K nps  ETA 00:31:52   
[2026-03-28T02:48:41.540] [INFO] [selfplay:0] [SelfPlay] 20/750 (2%)  pos=1944  W/D/B=8/4/8  (40%/20%/40%)  d4/d7  2.6 games/s (avg 0.4)  417.1K nps  ETA 00:32:36   
[2026-03-28T02:48:41.728] [INFO] [selfplay:0] [SelfPlay] 21/750 (2%)  pos=1957  W/D/B=8/4/9  (38%/19%/42%)  d4/d7  2.3 games/s (avg 0.4)  412.6K nps  ETA 00:31:43   
[2026-03-28T02:48:44.223] [INFO] [selfplay:0] [SelfPlay] 22/750 (2%)  pos=2074  W/D/B=9/4/9  (40%/18%/40%)  d4/d7  2.8 games/s (avg 0.4)  469.0K nps  ETA 00:30:19   
[2026-03-28T02:48:45.383] [INFO] [selfplay:0] [SelfPlay] 23/750 (3%)  pos=2129  W/D/B=10/4/9  (43%/17%/39%)  d4/d7  2.4 games/s (avg 0.4)  448.1K nps  ETA 00:30:18  
[2026-03-28T02:48:49.935] [INFO] [selfplay:0] [SelfPlay] 24/750 (3%)  pos=2193  W/D/B=10/4/10  (41%/16%/41%)  d4/d7  2.2 games/s (avg 0.4)  467.1K nps  ETA 00:29:30 
[2026-03-28T02:48:51.694] [INFO] [selfplay:0] [SelfPlay] 25/750 (3%)  pos=2245  W/D/B=11/4/10  (44%/16%/40%)  d4/d7  1.9 games/s (avg 0.4)  483.2K nps  ETA 00:30:32 
[2026-03-28T02:48:51.761] [INFO] [selfplay:0] [SelfPlay] 26/750 (3%)  pos=2351  W/D/B=11/4/11  (42%/15%/42%)  d4/d7  1.7 games/s (avg 0.4)  474.0K nps  ETA 00:30:10 
[2026-03-28T02:48:53.154] [INFO] [selfplay:0] [SelfPlay] 27/750 (3%)  pos=2395  W/D/B=12/4/11  (44%/14%/40%)  d4/d7  3.7 games/s (avg 0.4)  497.4K nps  ETA 00:29:01 
[2026-03-28T02:48:53.404] [INFO] [selfplay:0] [SelfPlay] 28/750 (3%)  pos=2466  W/D/B=13/4/11  (46%/14%/39%)  d4/d7  3.2 games/s (avg 0.4)  517.1K nps  ETA 00:28:34 
[2026-03-28T02:48:55.029] [INFO] [selfplay:0] [SelfPlay] 29/750 (3%)  pos=2538  W/D/B=13/5/11  (44%/17%/37%)  d4/d7  3.3 games/s (avg 0.4)  540.0K nps  ETA 00:27:37 
[2026-03-28T02:48:57.266] [INFO] [selfplay:0] [SelfPlay] 30/750 (4%)  pos=2542  W/D/B=14/5/11  (46%/16%/36%)  d4/d7  2.9 games/s (avg 0.4)  528.1K nps  ETA 00:27:18 
[2026-03-28T02:48:57.373] [INFO] [selfplay:0] [SelfPlay] 31/750 (4%)  pos=2649  W/D/B=15/5/11  (48%/16%/35%)  d4/d7  2.6 games/s (avg 0.4)  528.8K nps  ETA 00:27:17 
[2026-03-28T02:48:57.554] [INFO] [selfplay:0] [SelfPlay] 32/750 (4%)  pos=2710  W/D/B=15/5/12  (46%/15%/37%)  d4/d7  3.6 games/s (avg 0.5)  532.6K nps  ETA 00:26:26 
[2026-03-28T02:49:06.978] [INFO] [selfplay:0] [SelfPlay] 33/750 (4%)  pos=2763  W/D/B=16/5/12  (48%/15%/36%)  d4/d7  3.9 games/s (avg 0.5)  534.1K nps  ETA 00:25:30 
[2026-03-28T02:49:09.880] [INFO] [selfplay:0] [SelfPlay] 34/750 (4%)  pos=2826  W/D/B=16/5/13  (47%/14%/38%)  d4/d7  3.6 games/s (avg 0.4)  560.3K nps  ETA 00:28:08 
[2026-03-28T02:49:11.349] [INFO] [selfplay:0] [SelfPlay] 35/750 (4%)  pos=2909  W/D/B=16/5/14  (45%/14%/40%)  d4/d7  3.3 games/s (avg 0.4)  591.2K nps  ETA 00:28:18 
[2026-03-28T02:49:19.098] [INFO] [selfplay:0] [SelfPlay] 36/750 (4%)  pos=2980  W/D/B=17/5/14  (47%/13%/38%)  d4/d7  2.9 games/s (avg 0.4)  581.2K nps  ETA 00:27:51 
[2026-03-28T02:49:20.560] [INFO] [selfplay:0] [SelfPlay] 37/750 (4%)  pos=3074  W/D/B=18/5/14  (48%/13%/37%)  d4/d7  2.7 games/s (avg 0.4)  604.8K nps  ETA 00:29:40 
[2026-03-28T02:49:22.392] [INFO] [selfplay:0] [SelfPlay] 38/750 (5%)  pos=3131  W/D/B=18/5/15  (47%/13%/39%)  d4/d7  2.4 games/s (avg 0.4)  609.4K nps  ETA 00:29:17 
[2026-03-28T02:49:23.038] [INFO] [selfplay:0] [SelfPlay] 39/750 (5%)  pos=3176  W/D/B=19/5/15  (48%/12%/38%)  d4/d7  2.1 games/s (avg 0.4)  595.3K nps  ETA 00:29:04 
[2026-03-28T02:49:26.418] [INFO] [selfplay:0] [SelfPlay] 40/750 (5%)  pos=3226  W/D/B=19/5/16  (47%/12%/40%)  d4/d7  2.0 games/s (avg 0.4)  623.6K nps  ETA 00:28:27 
[2026-03-28T02:49:27.173] [INFO] [selfplay:0] [SelfPlay] 41/750 (5%)  pos=3279  W/D/B=20/5/16  (48%/12%/39%)  d4/d7  1.8 games/s (avg 0.4)  615.1K nps  ETA 00:28:43 
[2026-03-28T02:49:58.312] [INFO] [selfplay:0] [SelfPlay] 42/750 (5%)  pos=3376  W/D/B=20/5/17  (47%/11%/40%)  d4/d7  1.7 games/s (avg 0.4)  627.8K nps  ETA 00:28:12 
[2026-03-28T02:49:58.314] [INFO] [selfplay:0] [SelfPlay] 43/750 (5%)  pos=3504  W/D/B=21/5/17  (48%/11%/39%)  d4/d7  1.5 games/s (avg 0.4)  638.3K nps  ETA 00:27:56 
[2026-03-28T02:49:58.314] [INFO] [selfplay:0] [SelfPlay] 44/750 (5%)  pos=3570  W/D/B=22/5/17  (50%/11%/38%)  d4/d7  1.4 games/s (avg 0.4)  631.1K nps  ETA 00:28:12 
[2026-03-28T02:49:58.314] [INFO] [selfplay:0] [SelfPlay] 45/750 (6%)  pos=3652  W/D/B=23/5/17  (51%/11%/37%)  d4/d7  1.2 games/s (avg 0.4)  643.5K nps  ETA 00:28:01 
[2026-03-28T02:49:58.314] [INFO] [selfplay:0] [SelfPlay] 46/750 (6%)  pos=3752  W/D/B=24/5/17  (52%/10%/36%)  d4/d7  1.1 games/s (avg 0.4)  658.2K nps  ETA 00:30:38 
[2026-03-28T02:49:58.314] [INFO] [selfplay:0] [SelfPlay] 47/750 (6%)  pos=3870  W/D/B=24/5/18  (51%/10%/38%)  d4/d7  1.0 games/s (avg 0.4)  663.0K nps  ETA 00:30:27 
[2026-03-28T02:49:58.314] [INFO] [selfplay:0] [SelfPlay] 48/750 (6%)  pos=3941  W/D/B=24/5/19  (50%/10%/39%)  d4/d7  1.0 games/s (avg 0.4)  683.6K nps  ETA 00:30:02 
[2026-03-28T02:49:58.314] [INFO] [selfplay:0] [SelfPlay] 49/750 (6%)  pos=4025  W/D/B=24/5/20  (48%/10%/40%)  d4/d7  1.3 games/s (avg 0.4)  682.8K nps  ETA 00:29:19 
[2026-03-28T02:49:58.314] [INFO] [selfplay:0] [SelfPlay] 51/750 (6%)  pos=4198  W/D/B=25/5/21  (49%/9%/41%)  d4/d7  1.2 games/s (avg 0.4)  640.7K nps  ETA 00:30:03  
[2026-03-28T02:50:08.987] [INFO] [selfplay:0] [SelfPlay] 50/750 (6%)  pos=4198  W/D/B=25/5/21  (50%/10%/42%)  d4/d7  1.0 games/s (avg 0.4)  640.7K nps  ETA 00:30:31 
[2026-03-28T02:50:11.545] [INFO] [selfplay:0] [SelfPlay] 52/750 (6%)  pos=4410  W/D/B=26/5/21  (50%/9%/40%)  d4/d7  0.9 games/s (avg 0.4)  596.9K nps  ETA 00:31:48  
[2026-03-28T02:50:12.303] [INFO] [selfplay:0] [SelfPlay] 53/750 (7%)  pos=4503  W/D/B=27/5/21  (50%/9%/39%)  d4/d7  0.8 games/s (avg 0.4)  601.9K nps  ETA 00:31:44  
[2026-03-28T02:50:14.750] [INFO] [selfplay:0] [SelfPlay] 54/750 (7%)  pos=4612  W/D/B=27/5/22  (50%/9%/40%)  d4/d7  0.9 games/s (avg 0.4)  640.7K nps  ETA 00:31:13  
[2026-03-28T02:50:17.816] [INFO] [selfplay:0] [SelfPlay] 55/750 (7%)  pos=4703  W/D/B=28/5/22  (50%/9%/40%)  d4/d7  0.8 games/s (avg 0.4)  647.2K nps  ETA 00:31:08  
[2026-03-28T02:50:22.803] [INFO] [selfplay:0] [SelfPlay] 56/750 (7%)  pos=4780  W/D/B=28/5/23  (50%/8%/41%)  d4/d7  0.8 games/s (avg 0.4)  632.1K nps  ETA 00:31:08  
[2026-03-28T02:50:33.142] [INFO] [selfplay:0] [SelfPlay] 57/750 (7%)  pos=4931  W/D/B=28/5/24  (49%/8%/42%)  d4/d7  0.7 games/s (avg 0.4)  624.8K nps  ETA 00:31:28  
[2026-03-28T02:50:34.699] [INFO] [selfplay:0] [SelfPlay] 58/750 (7%)  pos=5019  W/D/B=28/6/24  (48%/10%/41%)  d4/d7  0.6 games/s (avg 0.3)  590.3K nps  ETA 00:33:04 
[2026-03-28T02:50:36.092] [INFO] [selfplay:0] [SelfPlay] 59/750 (7%)  pos=5165  W/D/B=28/6/25  (47%/10%/42%)  d4/d7  0.6 games/s (avg 0.4)  608.5K nps  ETA 00:32:46 
[2026-03-28T02:50:36.183] [INFO] [selfplay:0] [SelfPlay] 60/750 (8%)  pos=5259  W/D/B=29/6/25  (48%/10%/41%)  d4/d7  0.6 games/s (avg 0.4)  615.3K nps  ETA 00:32:28 
[2026-03-28T02:50:40.526] [INFO] [selfplay:0] [SelfPlay] 61/750 (8%)  pos=5393  W/D/B=29/6/26  (47%/9%/42%)  d4/d7  2.2 games/s (avg 0.4)  630.7K nps  ETA 00:31:50  
[2026-03-28T02:50:40.984] [INFO] [selfplay:0] [SelfPlay] 62/750 (8%)  pos=5437  W/D/B=29/6/27  (46%/9%/43%)  d4/d7  1.9 games/s (avg 0.4)  620.3K nps  ETA 00:32:08  
[2026-03-28T02:50:44.589] [INFO] [selfplay:0] [SelfPlay] 63/750 (8%)  pos=5610  W/D/B=29/7/27  (46%/11%/42%)  d4/d7  1.9 games/s (avg 0.4)  643.6K nps  ETA 00:31:37 
[2026-03-28T02:50:45.850] [INFO] [selfplay:0] [SelfPlay] 64/750 (8%)  pos=5677  W/D/B=29/7/28  (45%/10%/43%)  d4/d7  1.7 games/s (avg 0.4)  650.0K nps  ETA 00:31:45 
[2026-03-28T02:50:48.194] [INFO] [selfplay:0] [SelfPlay] 65/750 (8%)  pos=5827  W/D/B=29/8/28  (44%/12%/43%)  d4/d7  1.5 games/s (avg 0.4)  660.7K nps  ETA 00:31:26 
[2026-03-28T02:50:51.968] [INFO] [selfplay:0] [SelfPlay] 66/750 (8%)  pos=5939  W/D/B=29/8/29  (43%/12%/43%)  d4/d7  1.4 games/s (avg 0.4)  661.0K nps  ETA 00:31:17 
[2026-03-28T02:50:59.058] [INFO] [selfplay:0] [SelfPlay] 67/750 (8%)  pos=5956  W/D/B=29/8/30  (43%/11%/44%)  d4/d7  1.2 games/s (avg 0.4)  647.7K nps  ETA 00:31:21 
[2026-03-28T02:50:59.420] [INFO] [selfplay:0] [SelfPlay] 68/750 (9%)  pos=6004  W/D/B=30/8/30  (44%/11%/44%)  d4/d7  1.1 games/s (avg 0.4)  625.2K nps  ETA 00:32:09 
[2026-03-28T02:50:59.929] [INFO] [selfplay:0] [SelfPlay] 69/750 (9%)  pos=6004  W/D/B=31/8/30  (44%/11%/43%)  d4/d7  1.3 games/s (avg 0.4)  623.8K nps  ETA 00:31:41 
[2026-03-28T02:51:00.386] [INFO] [selfplay:0] [SelfPlay] 70/750 (9%)  pos=6115  W/D/B=32/8/30  (45%/11%/42%)  d4/d7  1.4 games/s (avg 0.4)  638.0K nps  ETA 00:31:17 
[2026-03-28T02:51:03.703] [INFO] [selfplay:0] [SelfPlay] 71/750 (9%)  pos=6165  W/D/B=32/8/31  (45%/11%/43%)  d4/d7  1.5 games/s (avg 0.4)  647.5K nps  ETA 00:30:48 
[2026-03-28T02:51:04.123] [INFO] [selfplay:0] [SelfPlay] 72/750 (9%)  pos=6255  W/D/B=33/8/31  (45%/11%/43%)  d4/d7  1.3 games/s (avg 0.4)  635.3K nps  ETA 00:30:55 
[2026-03-28T02:51:06.240] [INFO] [selfplay:0] [SelfPlay] 73/750 (9%)  pos=6298  W/D/B=34/8/31  (46%/10%/42%)  d4/d7  1.5 games/s (avg 0.4)  640.8K nps  ETA 00:30:29 
[2026-03-28T02:51:08.627] [INFO] [selfplay:0] [SelfPlay] 74/750 (9%)  pos=6389  W/D/B=35/8/31  (47%/10%/41%)  d4/d7  1.3 games/s (avg 0.4)  634.5K nps  ETA 00:30:21 
[2026-03-28T02:51:10.722] [INFO] [selfplay:0] [SelfPlay] 75/750 (10%)  pos=6458  W/D/B=36/8/31  (48%/10%/41%)  d4/d7  1.2 games/s (avg 0.4)  634.3K nps  ETA 00:30:14
[2026-03-28T02:51:10.761] [INFO] [selfplay:0] [SelfPlay] 76/750 (10%)  pos=6544  W/D/B=36/8/32  (47%/10%/42%)  d4/d7  1.1 games/s (avg 0.4)  637.0K nps  ETA 00:30:09
[2026-03-28T02:51:12.761] [INFO] [selfplay:0] [SelfPlay] 77/750 (10%)  pos=6747  W/D/B=36/9/32  (46%/11%/41%)  d4/d7  4.7 games/s (avg 0.4)  652.3K nps  ETA 00:29:41
[2026-03-28T02:51:13.136] [INFO] [selfplay:0] [SelfPlay] 78/750 (10%)  pos=6880  W/D/B=37/9/32  (47%/11%/41%)  d4/d7  4.1 games/s (avg 0.4)  646.5K nps  ETA 00:29:35
[2026-03-28T02:51:13.456] [INFO] [selfplay:0] [SelfPlay] 79/750 (10%)  pos=6967  W/D/B=38/9/32  (48%/11%/40%)  d4/d7  3.9 games/s (avg 0.4)  652.7K nps  ETA 00:29:13
[2026-03-28T02:51:18.601] [INFO] [selfplay:0] [SelfPlay] 80/750 (10%)  pos=7012  W/D/B=38/10/32  (47%/12%/40%)  d4/d7  3.8 games/s (avg 0.4)  652.3K nps  ETA 00:28:46
[2026-03-28T02:51:19.368] [INFO] [selfplay:0] [SelfPlay] 81/750 (10%)  pos=7155  W/D/B=38/11/32  (46%/13%/39%)  d4/d7  3.5 games/s (avg 0.4)  665.3K nps  ETA 00:29:09
[2026-03-28T02:51:22.792] [INFO] [selfplay:0] [SelfPlay] 82/750 (10%)  pos=7302  W/D/B=38/11/33  (46%/13%/40%)  d4/d7  3.2 games/s (avg 0.4)  664.3K nps  ETA 00:28:48
[2026-03-28T02:51:32.281] [INFO] [selfplay:0] [SelfPlay] 83/750 (11%)  pos=7419  W/D/B=38/11/34  (45%/13%/40%)  d4/d7  2.9 games/s (avg 0.4)  672.1K nps  ETA 00:28:47
[2026-03-28T02:51:35.620] [INFO] [selfplay:0] [SelfPlay] 84/750 (11%)  pos=7477  W/D/B=38/11/35  (45%/13%/41%)  d4/d7  2.7 games/s (avg 0.4)  684.3K nps  ETA 00:29:45
[2026-03-28T02:51:42.110] [INFO] [selfplay:0] [SelfPlay] 85/750 (11%)  pos=7558  W/D/B=38/11/36  (44%/12%/42%)  d4/d7  2.3 games/s (avg 0.4)  685.1K nps  ETA 00:29:44
[2026-03-28T02:51:44.033] [INFO] [selfplay:0] [SelfPlay] 86/750 (11%)  pos=7662  W/D/B=39/11/36  (45%/12%/41%)  d4/d7  2.2 games/s (avg 0.4)  685.3K nps  ETA 00:30:15
[2026-03-28T02:51:48.438] [INFO] [selfplay:0] [SelfPlay] 87/750 (11%)  pos=7877  W/D/B=39/12/36  (44%/13%/41%)  d4/d7  1.9 games/s (avg 0.4)  689.8K nps  ETA 00:30:04
[2026-03-28T02:51:50.495] [INFO] [selfplay:0] [SelfPlay] 88/750 (11%)  pos=7930  W/D/B=40/12/36  (45%/13%/40%)  d4/d7  1.7 games/s (avg 0.4)  682.6K nps  ETA 00:30:16
[2026-03-28T02:51:53.685] [INFO] [selfplay:0] [SelfPlay] 89/750 (11%)  pos=8152  W/D/B=41/12/36  (46%/13%/40%)  d4/d7  1.5 games/s (avg 0.4)  686.3K nps  ETA 00:30:07
[2026-03-28T02:51:54.177] [INFO] [selfplay:0] [SelfPlay] 90/750 (12%)  pos=8307  W/D/B=41/12/37  (45%/13%/41%)  d4/d7  1.3 games/s (avg 0.4)  688.8K nps  ETA 00:30:10
[2026-03-28T02:51:54.280] [INFO] [selfplay:0] [SelfPlay] 91/750 (12%)  pos=8437  W/D/B=41/13/37  (45%/14%/40%)  d4/d7  1.4 games/s (avg 0.4)  688.0K nps  ETA 00:29:52
[2026-03-28T02:51:57.026] [INFO] [selfplay:0] [SelfPlay] 92/750 (12%)  pos=8571  W/D/B=41/13/38  (44%/14%/41%)  d4/d7  2.7 games/s (avg 0.4)  699.8K nps  ETA 00:29:27
[2026-03-28T02:51:59.944] [INFO] [selfplay:0] [SelfPlay] 93/750 (12%)  pos=8656  W/D/B=41/13/39  (44%/13%/41%)  d4/d7  2.3 games/s (avg 0.4)  699.3K nps  ETA 00:29:25
[2026-03-28T02:52:01.474] [INFO] [selfplay:0] [SelfPlay] 94/750 (12%)  pos=8681  W/D/B=41/13/40  (43%/13%/42%)  d4/d7  2.0 games/s (avg 0.4)  689.4K nps  ETA 00:29:26
[2026-03-28T02:52:04.466] [INFO] [selfplay:0] [SelfPlay] 95/750 (12%)  pos=8838  W/D/B=41/13/41  (43%/13%/43%)  d4/d7  1.8 games/s (avg 0.4)  694.6K nps  ETA 00:29:13
[2026-03-28T02:52:05.598] [INFO] [selfplay:0] [SelfPlay] 96/750 (12%)  pos=8901  W/D/B=41/13/42  (42%/13%/43%)  d4/d7  1.6 games/s (avg 0.4)  699.3K nps  ETA 00:29:15
[2026-03-28T02:52:15.789] [INFO] [selfplay:0] [SelfPlay] 97/750 (12%)  pos=9102  W/D/B=41/14/42  (42%/14%/43%)  d4/d7  1.5 games/s (avg 0.4)  707.0K nps  ETA 00:28:52
[2026-03-28T02:52:16.698] [INFO] [selfplay:0] [SelfPlay] 98/750 (13%)  pos=9160  W/D/B=41/14/43  (41%/14%/43%)  d4/d7  1.4 games/s (avg 0.4)  715.5K nps  ETA 00:29:49
[2026-03-28T02:52:19.282] [INFO] [selfplay:0] [SelfPlay] 99/750 (13%)  pos=9215  W/D/B=41/15/43  (41%/15%/43%)  d4/d7  1.3 games/s (avg 0.4)  720.0K nps  ETA 00:29:33
[2026-03-28T02:52:22.851] [INFO] [selfplay:0] [SelfPlay] 100/750 (13%)  pos=9256  W/D/B=41/15/44  (41%/15%/44%)  d4/d7  1.2 games/s (avg 0.4)  720.2K nps  ETA 00:29:27
[2026-03-28T02:52:25.357] [INFO] [selfplay:0] [SelfPlay] 101/750 (13%)  pos=9351  W/D/B=41/16/44  (40%/15%/43%)  d4/d7  1.1 games/s (avg 0.4)  714.9K nps  ETA 00:29:32
[2026-03-28T02:52:25.649] [INFO] [selfplay:0] [SelfPlay] 102/750 (13%)  pos=9459  W/D/B=41/16/45  (40%/15%/44%)  d4/d7  1.0 games/s (avg 0.4)  713.8K nps  ETA 00:29:30
[2026-03-28T02:52:27.183] [INFO] [selfplay:0] [SelfPlay] 103/750 (13%)  pos=9508  W/D/B=41/17/45  (39%/16%/43%)  d4/d7  1.3 games/s (avg 0.4)  717.7K nps  ETA 00:29:10
[2026-03-28T02:52:27.872] [INFO] [selfplay:0] [SelfPlay] 104/750 (13%)  pos=9609  W/D/B=41/18/45  (39%/17%/43%)  d4/d7  1.2 games/s (avg 0.4)  721.1K nps  ETA 00:29:01
[2026-03-28T02:52:29.065] [INFO] [selfplay:0] [SelfPlay] 105/750 (14%)  pos=9666  W/D/B=42/18/45  (40%/17%/42%)  d4/d7  1.3 games/s (avg 0.4)  719.3K nps  ETA 00:28:46
[2026-03-28T02:52:29.892] [INFO] [selfplay:0] [SelfPlay] 106/750 (14%)  pos=9879  W/D/B=42/18/46  (39%/16%/43%)  d4/d7  1.2 games/s (avg 0.4)  732.9K nps  ETA 00:28:34
[2026-03-28T02:52:34.079] [INFO] [selfplay:0] [SelfPlay] 107/750 (14%)  pos=9933  W/D/B=42/19/46  (39%/17%/42%)  d4/d7  1.2 games/s (avg 0.4)  731.0K nps  ETA 00:28:17
[2026-03-28T02:52:34.596] [INFO] [selfplay:0] [SelfPlay] 108/750 (14%)  pos=10083  W/D/B=42/20/46  (38%/18%/42%)  d4/d7  1.1 games/s (avg 0.4)  718.1K nps  ETA 00:28:28
[2026-03-28T02:52:34.773] [INFO] [selfplay:0] [SelfPlay] 109/750 (14%)  pos=10199  W/D/B=42/20/47  (38%/18%/43%)  d4/d7  1.2 games/s (avg 0.4)  718.1K nps  ETA 00:28:12
[2026-03-28T02:52:35.542] [INFO] [selfplay:0] [SelfPlay] 110/750 (14%)  pos=10291  W/D/B=43/20/47  (39%/18%/42%)  d4/d7  1.9 games/s (avg 0.4)  724.1K nps  ETA 00:27:56
[2026-03-28T02:52:36.167] [INFO] [selfplay:0] [SelfPlay] 111/750 (14%)  pos=10386  W/D/B=44/20/47  (39%/18%/42%)  d4/d7  1.8 games/s (avg 0.4)  730.4K nps  ETA 00:27:41
[2026-03-28T02:52:38.959] [INFO] [selfplay:0] [SelfPlay] 112/750 (14%)  pos=10411  W/D/B=44/20/48  (39%/17%/42%)  d4/d7  1.7 games/s (avg 0.4)  732.8K nps  ETA 00:27:26
[2026-03-28T02:52:47.091] [INFO] [selfplay:0] [SelfPlay] 113/750 (15%)  pos=10492  W/D/B=44/20/49  (38%/17%/43%)  d4/d7  1.5 games/s (avg 0.4)  724.5K nps  ETA 00:27:19
[2026-03-28T02:52:48.901] [INFO] [selfplay:0] [SelfPlay] 114/750 (15%)  pos=10636  W/D/B=45/20/49  (39%/17%/42%)  d4/d7  1.4 games/s (avg 0.4)  733.6K nps  ETA 00:27:54
[2026-03-28T02:53:00.696] [INFO] [selfplay:0] [SelfPlay] 115/750 (15%)  pos=10757  W/D/B=45/20/50  (39%/17%/43%)  d4/d7  1.3 games/s (avg 0.4)  734.9K nps  ETA 00:27:36
[2026-03-28T02:53:00.980] [INFO] [selfplay:0] [SelfPlay] 116/750 (15%)  pos=10874  W/D/B=46/20/50  (39%/17%/43%)  d4/d7  1.2 games/s (avg 0.4)  740.8K nps  ETA 00:28:36
[2026-03-28T02:53:03.111] [INFO] [selfplay:0] [SelfPlay] 117/750 (15%)  pos=10937  W/D/B=46/21/50  (39%/17%/42%)  d4/d7  1.5 games/s (avg 0.4)  746.4K nps  ETA 00:28:18
[2026-03-28T02:53:07.478] [INFO] [selfplay:0] [SelfPlay] 118/750 (15%)  pos=11116  W/D/B=46/21/51  (38%/17%/43%)  d4/d7  1.4 games/s (avg 0.4)  749.3K nps  ETA 00:28:10
[2026-03-28T02:53:08.222] [INFO] [selfplay:0] [SelfPlay] 119/750 (15%)  pos=11170  W/D/B=46/21/52  (38%/17%/43%)  d4/d7  1.2 games/s (avg 0.4)  736.1K nps  ETA 00:28:20
[2026-03-28T02:53:09.059] [INFO] [selfplay:0] [SelfPlay] 120/750 (16%)  pos=11243  W/D/B=47/21/52  (39%/17%/43%)  d4/d7  1.2 games/s (avg 0.4)  742.3K nps  ETA 00:28:07
[2026-03-28T02:53:09.133] [INFO] [selfplay:0] [SelfPlay] 121/750 (16%)  pos=11317  W/D/B=47/21/53  (38%/17%/43%)  d4/d7  1.2 games/s (avg 0.4)  747.3K nps  ETA 00:27:55
[2026-03-28T02:53:10.096] [INFO] [selfplay:0] [SelfPlay] 122/750 (16%)  pos=11361  W/D/B=47/22/53  (38%/18%/43%)  d4/d7  3.1 games/s (avg 0.4)  753.6K nps  ETA 00:27:38
[2026-03-28T02:53:10.150] [INFO] [selfplay:0] [SelfPlay] 123/750 (16%)  pos=11421  W/D/B=48/22/53  (39%/17%/43%)  d4/d7  2.7 games/s (avg 0.4)  764.2K nps  ETA 00:27:28
[2026-03-28T02:53:10.218] [INFO] [selfplay:0] [SelfPlay] 124/750 (16%)  pos=11451  W/D/B=49/22/53  (39%/17%/42%)  d4/d7  5.1 games/s (avg 0.4)  764.6K nps  ETA 00:27:13
[2026-03-28T02:53:15.368] [INFO] [selfplay:0] [SelfPlay] 125/750 (16%)  pos=11560  W/D/B=50/22/53  (40%/17%/42%)  d4/d7  6.6 games/s (avg 0.4)  771.6K nps  ETA 00:26:52
[2026-03-28T02:53:24.452] [INFO] [selfplay:0] [SelfPlay] 126/750 (16%)  pos=11630  W/D/B=50/22/54  (39%/17%/42%)  d4/d7  6.1 games/s (avg 0.4)  778.9K nps  ETA 00:26:58
[2026-03-28T02:53:24.809] [INFO] [selfplay:0] [SelfPlay] 127/750 (16%)  pos=11750  W/D/B=51/22/54  (40%/17%/42%)  d4/d7  5.6 games/s (avg 0.4)  786.0K nps  ETA 00:27:35
[2026-03-28T02:53:33.598] [INFO] [selfplay:0] [SelfPlay] 128/750 (17%)  pos=11817  W/D/B=51/22/55  (39%/17%/42%)  d4/d7  5.2 games/s (avg 0.4)  793.4K nps  ETA 00:27:15
[2026-03-28T02:53:45.079] [INFO] [selfplay:0] [SelfPlay] 129/750 (17%)  pos=11923  W/D/B=51/23/55  (39%/17%/42%)  d4/d7  4.8 games/s (avg 0.4)  799.6K nps  ETA 00:27:38
[2026-03-28T02:53:46.524] [INFO] [selfplay:0] [SelfPlay] 130/750 (17%)  pos=12042  W/D/B=51/23/56  (39%/17%/43%)  d4/d7  4.4 games/s (avg 0.4)  806.6K nps  ETA 00:28:28
[2026-03-28T02:53:48.252] [INFO] [selfplay:0] [SelfPlay] 131/750 (17%)  pos=12092  W/D/B=52/23/56  (39%/17%/42%)  d4/d7  3.9 games/s (avg 0.4)  809.5K nps  ETA 00:28:18
[2026-03-28T02:53:51.633] [INFO] [selfplay:0] [SelfPlay] 132/750 (17%)  pos=12174  W/D/B=53/23/56  (40%/17%/42%)  d4/d7  3.4 games/s (avg 0.4)  811.8K nps  ETA 00:28:09
[2026-03-28T02:53:55.260] [INFO] [selfplay:0] [SelfPlay] 133/750 (17%)  pos=12262  W/D/B=54/23/56  (40%/17%/42%)  d4/d7  3.1 games/s (avg 0.4)  819.9K nps  ETA 00:28:09
[2026-03-28T02:53:58.760] [INFO] [selfplay:0] [SelfPlay] 134/750 (17%)  pos=12370  W/D/B=54/24/56  (40%/17%/41%)  d4/d7  2.9 games/s (avg 0.4)  819.6K nps  ETA 00:28:10
[2026-03-28T02:53:59.140] [INFO] [selfplay:0] [SelfPlay] 135/750 (18%)  pos=12527  W/D/B=55/24/56  (40%/17%/41%)  d4/d7  2.7 games/s (avg 0.4)  827.8K nps  ETA 00:28:15
[2026-03-28T02:53:59.562] [INFO] [selfplay:0] [SelfPlay] 136/750 (18%)  pos=12621  W/D/B=55/24/57  (40%/17%/41%)  d4/d7  2.7 games/s (avg 0.4)  838.3K nps  ETA 00:28:01
[2026-03-28T02:54:02.155] [INFO] [selfplay:0] [SelfPlay] 137/750 (18%)  pos=12711  W/D/B=56/24/57  (40%/17%/41%)  d4/d7  2.6 games/s (avg 0.4)  837.9K nps  ETA 00:27:45
[2026-03-28T02:54:02.799] [INFO] [selfplay:0] [SelfPlay] 138/750 (18%)  pos=12796  W/D/B=56/24/58  (40%/17%/42%)  d4/d7  2.3 games/s (avg 0.4)  837.3K nps  ETA 00:27:44
[2026-03-28T02:54:03.709] [INFO] [selfplay:0] [SelfPlay] 139/750 (18%)  pos=12830  W/D/B=56/24/59  (40%/17%/42%)  d4/d7  2.2 games/s (avg 0.4)  838.1K nps  ETA 00:27:32
[2026-03-28T02:54:04.439] [INFO] [selfplay:0] [SelfPlay] 140/750 (18%)  pos=12975  W/D/B=56/24/60  (40%/17%/42%)  d4/d7  2.0 games/s (avg 0.4)  836.0K nps  ETA 00:27:22
[2026-03-28T02:54:09.231] [INFO] [selfplay:0] [SelfPlay] 141/750 (18%)  pos=13052  W/D/B=56/24/61  (39%/17%/43%)  d4/d7  1.9 games/s (avg 0.4)  845.2K nps  ETA 00:27:06
[2026-03-28T02:54:10.535] [INFO] [selfplay:0] [SelfPlay] 142/750 (18%)  pos=13143  W/D/B=57/24/61  (40%/16%/42%)  d4/d7  1.7 games/s (avg 0.4)  841.3K nps  ETA 00:27:16
[2026-03-28T02:54:11.101] [INFO] [selfplay:0] [SelfPlay] 143/750 (19%)  pos=13248  W/D/B=57/24/62  (39%/16%/43%)  d4/d7  1.5 games/s (avg 0.4)  855.7K nps  ETA 00:27:08
[2026-03-28T02:54:12.893] [INFO] [selfplay:0] [SelfPlay] 144/750 (19%)  pos=13463  W/D/B=57/25/62  (39%/17%/43%)  d4/d7  1.6 games/s (avg 0.4)  855.4K nps  ETA 00:26:55
[2026-03-28T02:54:16.480] [INFO] [selfplay:0] [SelfPlay] 145/750 (19%)  pos=13584  W/D/B=57/25/63  (39%/17%/43%)  d4/d7  1.4 games/s (avg 0.4)  857.4K nps  ETA 00:26:48
[2026-03-28T02:54:27.312] [INFO] [selfplay:0] [SelfPlay] 146/750 (19%)  pos=13623  W/D/B=58/25/63  (39%/17%/43%)  d4/d7  1.2 games/s (avg 0.4)  851.6K nps  ETA 00:26:41
[2026-03-28T02:54:27.767] [INFO] [selfplay:0] [SelfPlay] 147/750 (19%)  pos=13714  W/D/B=58/25/64  (39%/17%/43%)  d4/d7  1.2 games/s (avg 0.4)  853.8K nps  ETA 00:27:22
[2026-03-28T02:54:30.142] [INFO] [selfplay:0] [SelfPlay] 148/750 (19%)  pos=13781  W/D/B=58/25/65  (39%/16%/43%)  d4/d7  1.3 games/s (avg 0.4)  864.8K nps  ETA 00:27:09
[2026-03-28T02:54:32.740] [INFO] [selfplay:0] [SelfPlay] 149/750 (19%)  pos=13802  W/D/B=59/25/65  (39%/16%/43%)  d4/d7  1.2 games/s (avg 0.4)  860.1K nps  ETA 00:27:04
[2026-03-28T02:54:33.289] [INFO] [selfplay:0] [SelfPlay] 150/750 (20%)  pos=13907  W/D/B=60/25/65  (40%/16%/43%)  d4/d7  1.1 games/s (avg 0.4)  860.9K nps  ETA 00:27:04
[2026-03-28T02:54:38.305] [INFO] [selfplay:0] [SelfPlay] 151/750 (20%)  pos=14023  W/D/B=60/25/66  (39%/16%/43%)  d4/d7  1.2 games/s (avg 0.4)  865.7K nps  ETA 00:26:47
[2026-03-28T02:54:40.362] [INFO] [selfplay:0] [SelfPlay] 152/750 (20%)  pos=14101  W/D/B=61/25/66  (40%/16%/43%)  d4/d7  1.0 games/s (avg 0.4)  850.5K nps  ETA 00:26:57
[2026-03-28T02:54:41.286] [INFO] [selfplay:0] [SelfPlay] 153/750 (20%)  pos=14207  W/D/B=61/26/66  (39%/16%/43%)  d4/d7  0.9 games/s (avg 0.4)  850.3K nps  ETA 00:26:53
[2026-03-28T02:54:42.315] [INFO] [selfplay:0] [SelfPlay] 154/750 (20%)  pos=14314  W/D/B=62/26/66  (40%/16%/42%)  d4/d7  1.0 games/s (avg 0.4)  854.4K nps  ETA 00:26:43
[2026-03-28T02:54:42.754] [INFO] [selfplay:0] [SelfPlay] 155/750 (20%)  pos=14397  W/D/B=63/26/66  (40%/16%/42%)  d4/d7  1.0 games/s (avg 0.4)  858.7K nps  ETA 00:26:34
[2026-03-28T02:54:43.009] [INFO] [selfplay:0] [SelfPlay] 156/750 (20%)  pos=14455  W/D/B=64/26/66  (41%/16%/42%)  d4/d7  1.2 games/s (avg 0.4)  863.2K nps  ETA 00:26:24
[2026-03-28T02:54:44.398] [INFO] [selfplay:0] [SelfPlay] 157/750 (20%)  pos=14484  W/D/B=65/26/66  (41%/16%/42%)  d4/d7  1.6 games/s (avg 0.4)  862.7K nps  ETA 00:26:11
[2026-03-28T02:54:45.329] [INFO] [selfplay:0] [SelfPlay] 158/750 (21%)  pos=14542  W/D/B=65/26/67  (41%/16%/42%)  d4/d7  1.4 games/s (avg 0.4)  859.1K nps  ETA 00:26:04
[2026-03-28T02:54:47.240] [INFO] [selfplay:0] [SelfPlay] 159/750 (21%)  pos=14701  W/D/B=65/26/68  (40%/16%/42%)  d4/d7  1.4 games/s (avg 0.4)  857.6K nps  ETA 00:25:54
[2026-03-28T02:54:49.250] [INFO] [selfplay:0] [SelfPlay] 160/750 (21%)  pos=14770  W/D/B=66/26/68  (41%/16%/42%)  d4/d7  1.3 games/s (avg 0.4)  858.4K nps  ETA 00:25:48
[2026-03-28T02:54:59.821] [INFO] [selfplay:0] [SelfPlay] 161/750 (21%)  pos=14875  W/D/B=66/27/68  (40%/16%/42%)  d4/d7  1.1 games/s (avg 0.4)  853.0K nps  ETA 00:25:34
[2026-03-28T02:55:01.243] [INFO] [selfplay:0] [SelfPlay] 162/750 (21%)  pos=15002  W/D/B=67/27/68  (41%/16%/41%)  d4/d7  1.1 games/s (avg 0.4)  856.1K nps  ETA 00:26:11
[2026-03-28T02:55:02.696] [INFO] [selfplay:0] [SelfPlay] 163/750 (21%)  pos=15071  W/D/B=67/27/69  (41%/16%/42%)  d4/d7  1.0 games/s (avg 0.4)  857.6K nps  ETA 00:26:02
[2026-03-28T02:55:05.558] [INFO] [selfplay:0] [SelfPlay] 164/750 (21%)  pos=15155  W/D/B=68/27/69  (41%/16%/42%)  d4/d7  1.0 games/s (avg 0.4)  861.1K nps  ETA 00:25:55
[2026-03-28T02:55:05.896] [INFO] [selfplay:0] [SelfPlay] 165/750 (22%)  pos=15215  W/D/B=69/27/69  (41%/16%/41%)  d4/d7  0.9 games/s (avg 0.4)  855.7K nps  ETA 00:25:55
[2026-03-28T02:55:06.186] [INFO] [selfplay:0] [SelfPlay] 166/750 (22%)  pos=15305  W/D/B=69/27/70  (41%/16%/42%)  d4/d7  1.2 games/s (avg 0.4)  855.5K nps  ETA 00:25:45
[2026-03-28T02:55:08.388] [INFO] [selfplay:0] [SelfPlay] 167/750 (22%)  pos=15440  W/D/B=70/27/70  (41%/16%/41%)  d4/d7  1.5 games/s (avg 0.4)  864.4K nps  ETA 00:25:32
[2026-03-28T02:55:11.589] [INFO] [selfplay:0] [SelfPlay] 168/750 (22%)  pos=15580  W/D/B=70/27/71  (41%/16%/42%)  d4/d7  1.4 games/s (avg 0.4)  864.5K nps  ETA 00:25:27
[2026-03-28T02:55:14.952] [INFO] [selfplay:0] [SelfPlay] 169/750 (22%)  pos=15654  W/D/B=70/27/72  (41%/15%/42%)  d4/d7  1.2 games/s (avg 0.4)  855.5K nps  ETA 00:25:25
[2026-03-28T02:55:21.800] [INFO] [selfplay:0] [SelfPlay] 170/750 (22%)  pos=15894  W/D/B=70/28/72  (41%/16%/42%)  d4/d7  1.1 games/s (avg 0.4)  848.0K nps  ETA 00:25:22
[2026-03-28T02:55:34.330] [INFO] [selfplay:0] [SelfPlay] 171/750 (22%)  pos=15930  W/D/B=71/28/72  (41%/16%/42%)  d4/d7  0.9 games/s (avg 0.4)  834.1K nps  ETA 00:25:29
[2026-03-28T02:55:34.861] [INFO] [selfplay:0] [SelfPlay] 172/750 (22%)  pos=16075  W/D/B=72/28/72  (41%/16%/41%)  d4/d7  0.9 games/s (avg 0.4)  841.8K nps  ETA 00:26:10
[2026-03-28T02:55:36.036] [INFO] [selfplay:0] [SelfPlay] 173/750 (23%)  pos=16123  W/D/B=72/28/73  (41%/16%/42%)  d4/d7  1.0 games/s (avg 0.4)  845.0K nps  ETA 00:26:00
[2026-03-28T02:55:37.110] [INFO] [selfplay:0] [SelfPlay] 174/750 (23%)  pos=16213  W/D/B=72/28/74  (41%/16%/42%)  d4/d7  1.0 games/s (avg 0.4)  845.8K nps  ETA 00:25:52
[2026-03-28T02:55:40.136] [INFO] [selfplay:0] [SelfPlay] 175/750 (23%)  pos=16238  W/D/B=73/28/74  (41%/16%/42%)  d4/d7  1.0 games/s (avg 0.4)  847.9K nps  ETA 00:25:42
[2026-03-28T02:55:40.254] [INFO] [selfplay:0] [SelfPlay] 176/750 (23%)  pos=16353  W/D/B=73/28/75  (41%/15%/42%)  d4/d7  0.9 games/s (avg 0.4)  845.2K nps  ETA 00:25:44
[2026-03-28T02:55:43.494] [INFO] [selfplay:0] [SelfPlay] 177/750 (23%)  pos=16551  W/D/B=74/28/75  (41%/15%/42%)  d4/d7  2.0 games/s (avg 0.4)  854.2K nps  ETA 00:25:30
[2026-03-28T02:55:44.834] [INFO] [selfplay:0] [SelfPlay] 178/750 (23%)  pos=16613  W/D/B=74/28/76  (41%/15%/42%)  d4/d7  1.8 games/s (avg 0.4)  852.6K nps  ETA 00:25:30
[2026-03-28T02:55:48.848] [INFO] [selfplay:0] [SelfPlay] 179/750 (23%)  pos=16685  W/D/B=75/28/76  (41%/15%/42%)  d4/d7  1.6 games/s (avg 0.4)  858.5K nps  ETA 00:25:21
[2026-03-28T02:55:50.997] [INFO] [selfplay:0] [SelfPlay] 180/750 (24%)  pos=16832  W/D/B=76/28/76  (42%/15%/42%)  d4/d7  1.4 games/s (avg 0.4)  848.4K nps  ETA 00:25:24
[2026-03-28T02:55:56.768] [INFO] [selfplay:0] [SelfPlay] 181/750 (24%)  pos=16972  W/D/B=76/28/77  (41%/15%/42%)  d4/d7  1.3 games/s (avg 0.4)  853.9K nps  ETA 00:25:16
[2026-03-28T02:55:58.909] [INFO] [selfplay:0] [SelfPlay] 182/750 (24%)  pos=17005  W/D/B=76/28/78  (41%/15%/42%)  d4/d7  1.1 games/s (avg 0.4)  844.4K nps  ETA 00:25:27
[2026-03-28T02:56:02.098] [INFO] [selfplay:0] [SelfPlay] 183/750 (24%)  pos=17106  W/D/B=76/28/79  (41%/15%/43%)  d4/d7  1.0 games/s (avg 0.4)  842.8K nps  ETA 00:25:22
[2026-03-28T02:56:02.243] [INFO] [selfplay:0] [SelfPlay] 184/750 (24%)  pos=17223  W/D/B=76/28/80  (41%/15%/43%)  d4/d7  0.9 games/s (avg 0.4)  841.7K nps  ETA 00:25:23
[2026-03-28T02:56:03.499] [INFO] [selfplay:0] [SelfPlay] 185/750 (24%)  pos=17312  W/D/B=76/28/81  (41%/15%/43%)  d4/d7  1.8 games/s (avg 0.4)  844.4K nps  ETA 00:25:12
[2026-03-28T02:56:05.550] [INFO] [selfplay:0] [SelfPlay] 186/750 (24%)  pos=17381  W/D/B=76/29/81  (40%/15%/43%)  d4/d7  1.6 games/s (avg 0.4)  841.9K nps  ETA 00:25:04
[2026-03-28T02:56:05.650] [INFO] [selfplay:0] [SelfPlay] 187/750 (24%)  pos=17621  W/D/B=76/30/81  (40%/16%/43%)  d4/d7  1.5 games/s (avg 0.4)  839.0K nps  ETA 00:25:01
[2026-03-28T02:56:07.743] [INFO] [selfplay:0] [SelfPlay] 188/750 (25%)  pos=17721  W/D/B=77/30/81  (40%/15%/43%)  d4/d7  2.8 games/s (avg 0.4)  843.5K nps  ETA 00:24:48
[2026-03-28T02:56:09.961] [INFO] [selfplay:0] [SelfPlay] 189/750 (25%)  pos=17813  W/D/B=78/30/81  (41%/15%/42%)  d4/d7  2.4 games/s (avg 0.4)  842.9K nps  ETA 00:24:45
[2026-03-28T02:56:11.834] [INFO] [selfplay:0] [SelfPlay] 190/750 (25%)  pos=17851  W/D/B=78/30/82  (41%/15%/43%)  d4/d7  2.1 games/s (avg 0.4)  837.7K nps  ETA 00:24:41
[2026-03-28T02:56:14.658] [INFO] [selfplay:0] [SelfPlay] 191/750 (25%)  pos=17950  W/D/B=79/30/82  (41%/15%/42%)  d4/d7  1.9 games/s (avg 0.4)  846.3K nps  ETA 00:24:36
[2026-03-28T02:56:15.158] [INFO] [selfplay:0] [SelfPlay] 192/750 (25%)  pos=18074  W/D/B=79/30/83  (41%/15%/43%)  d4/d7  1.7 games/s (avg 0.4)  845.5K nps  ETA 00:24:35
[2026-03-28T02:56:21.972] [INFO] [selfplay:0] [SelfPlay] 193/750 (25%)  pos=18209  W/D/B=79/31/83  (40%/16%/43%)  d4/d7  1.7 games/s (avg 0.4)  849.6K nps  ETA 00:24:20
[2026-03-28T02:56:22.498] [INFO] [selfplay:0] [SelfPlay] 194/750 (25%)  pos=18232  W/D/B=80/31/83  (41%/15%/42%)  d4/d7  1.6 games/s (avg 0.4)  851.0K nps  ETA 00:24:36
[2026-03-28T02:56:29.631] [INFO] [selfplay:0] [SelfPlay] 195/750 (26%)  pos=18408  W/D/B=80/31/84  (41%/15%/43%)  d4/d7  1.6 games/s (avg 0.4)  856.2K nps  ETA 00:24:21
[2026-03-28T02:56:37.018] [INFO] [selfplay:0] [SelfPlay] 196/750 (26%)  pos=18518  W/D/B=81/31/84  (41%/15%/42%)  d4/d7  1.5 games/s (avg 0.4)  860.5K nps  ETA 00:24:30
[2026-03-28T02:56:37.603] [INFO] [selfplay:0] [SelfPlay] 197/750 (26%)  pos=18552  W/D/B=81/31/85  (41%/15%/43%)  d4/d7  1.4 games/s (avg 0.4)  861.9K nps  ETA 00:24:48
[2026-03-28T02:56:39.124] [INFO] [selfplay:0] [SelfPlay] 198/750 (26%)  pos=18642  W/D/B=81/32/85  (40%/16%/42%)  d4/d7  1.4 games/s (avg 0.4)  865.3K nps  ETA 00:24:38
[2026-03-28T02:56:39.614] [INFO] [selfplay:0] [SelfPlay] 199/750 (26%)  pos=18852  W/D/B=81/33/85  (40%/16%/42%)  d4/d7  1.3 games/s (avg 0.4)  867.8K nps  ETA 00:24:34
[2026-03-28T02:56:40.822] [INFO] [selfplay:0] [SelfPlay] 200/750 (26%)  pos=18989  W/D/B=82/33/85  (41%/16%/42%)  d4/d7  1.4 games/s (avg 0.4)  871.7K nps  ETA 00:24:23
[2026-03-28T02:56:42.477] [INFO] [selfplay:0] [SelfPlay] 201/750 (26%)  pos=19089  W/D/B=83/33/85  (41%/16%/42%)  d4/d7  1.3 games/s (avg 0.4)  872.8K nps  ETA 00:24:17
[2026-03-28T02:56:58.619] [INFO] [selfplay:0] [SelfPlay] 202/750 (26%)  pos=19146  W/D/B=84/33/85  (41%/16%/42%)  d4/d7  1.2 games/s (avg 0.4)  869.2K nps  ETA 00:23:57
[2026-03-28T02:56:59.247] [INFO] [selfplay:0] [SelfPlay] 203/750 (27%)  pos=19254  W/D/B=84/33/86  (41%/16%/42%)  d4/d7  1.1 games/s (avg 0.4)  871.5K nps  ETA 00:24:46
[2026-03-28T02:56:59.676] [INFO] [selfplay:0] [SelfPlay] 204/750 (27%)  pos=19303  W/D/B=85/33/86  (41%/16%/42%)  d4/d7  1.2 games/s (avg 0.4)  877.4K nps  ETA 00:24:38
[2026-03-28T02:57:01.778] [INFO] [selfplay:0] [SelfPlay] 205/750 (27%)  pos=19411  W/D/B=85/33/87  (41%/16%/42%)  d4/d7  1.4 games/s (avg 0.4)  879.6K nps  ETA 00:24:27
[2026-03-28T02:57:02.608] [INFO] [selfplay:0] [SelfPlay] 206/750 (27%)  pos=19532  W/D/B=86/33/87  (41%/16%/42%)  d4/d7  1.2 games/s (avg 0.4)  880.8K nps  ETA 00:24:25
[2026-03-28T02:57:02.993] [INFO] [selfplay:0] [SelfPlay] 207/750 (27%)  pos=19612  W/D/B=86/33/88  (41%/15%/42%)  d4/d7  1.2 games/s (avg 0.4)  882.4K nps  ETA 00:24:17
[2026-03-28T02:57:06.376] [INFO] [selfplay:0] [SelfPlay] 208/750 (27%)  pos=19659  W/D/B=87/33/88  (41%/15%/42%)  d4/d7  1.4 games/s (avg 0.4)  884.5K nps  ETA 00:24:06
[2026-03-28T02:57:08.292] [INFO] [selfplay:0] [SelfPlay] 209/750 (27%)  pos=19791  W/D/B=88/33/88  (42%/15%/42%)  d4/d7  1.3 games/s (avg 0.4)  882.3K nps  ETA 00:24:06
[2026-03-28T02:57:09.070] [INFO] [selfplay:0] [SelfPlay] 210/750 (28%)  pos=19985  W/D/B=89/33/88  (42%/15%/41%)  d4/d7  1.2 games/s (avg 0.4)  887.0K nps  ETA 00:24:03
[2026-03-28T02:57:13.480] [INFO] [selfplay:0] [SelfPlay] 211/750 (28%)  pos=20094  W/D/B=90/33/88  (42%/15%/41%)  d4/d7  1.2 games/s (avg 0.4)  889.4K nps  ETA 00:23:52
[2026-03-28T02:57:16.630] [INFO] [selfplay:0] [SelfPlay] 212/750 (28%)  pos=20182  W/D/B=91/33/88  (42%/15%/41%)  d4/d7  1.0 games/s (avg 0.4)  883.2K nps  ETA 00:23:55
[2026-03-28T02:57:17.183] [INFO] [selfplay:0] [SelfPlay] 213/750 (28%)  pos=20234  W/D/B=91/33/89  (42%/15%/41%)  d4/d7  0.9 games/s (avg 0.4)  884.0K nps  ETA 00:23:55
[2026-03-28T02:57:19.254] [INFO] [selfplay:0] [SelfPlay] 214/750 (28%)  pos=20368  W/D/B=91/33/90  (42%/15%/42%)  d4/d7  1.1 games/s (avg 0.4)  890.4K nps  ETA 00:23:46
[2026-03-28T02:57:21.727] [INFO] [selfplay:0] [SelfPlay] 215/750 (28%)  pos=20477  W/D/B=92/33/90  (42%/15%/41%)  d4/d7  1.0 games/s (avg 0.4)  886.2K nps  ETA 00:23:41
[2026-03-28T02:57:22.068] [INFO] [selfplay:0] [SelfPlay] 216/750 (28%)  pos=20556  W/D/B=92/33/91  (42%/15%/42%)  d4/d7  0.9 games/s (avg 0.4)  883.2K nps  ETA 00:23:41
[2026-03-28T02:57:26.679] [INFO] [selfplay:0] [SelfPlay] 217/750 (28%)  pos=20608  W/D/B=93/33/91  (42%/15%/41%)  d4/d7  1.2 games/s (avg 0.4)  882.8K nps  ETA 00:23:29
[2026-03-28T02:57:28.509] [INFO] [selfplay:0] [SelfPlay] 218/750 (29%)  pos=20692  W/D/B=93/33/92  (42%/15%/42%)  d4/d7  1.0 games/s (avg 0.4)  875.7K nps  ETA 00:23:34
[2026-03-28T02:57:28.525] [INFO] [selfplay:0] [SelfPlay] 219/750 (29%)  pos=20793  W/D/B=94/33/92  (42%/15%/42%)  d4/d7  1.0 games/s (avg 0.4)  875.1K nps  ETA 00:23:30
[2026-03-28T02:57:30.973] [INFO] [selfplay:0] [SelfPlay] 220/750 (29%)  pos=20834  W/D/B=94/33/93  (42%/15%/42%)  d4/d7  10.2 games/s (avg 0.4)  879.1K nps  ETA 00:23:18
[2026-03-28T02:57:33.604] [INFO] [selfplay:0] [SelfPlay] 221/750 (29%)  pos=20919  W/D/B=94/33/94  (42%/14%/42%)  d4/d7  9.4 games/s (avg 0.4)  882.7K nps  ETA 00:23:16
[2026-03-28T02:57:33.972] [INFO] [selfplay:0] [SelfPlay] 222/750 (29%)  pos=20923  W/D/B=95/33/94  (42%/14%/42%)  d4/d7  8.7 games/s (avg 0.4)  883.3K nps  ETA 00:23:14
[2026-03-28T02:57:34.668] [INFO] [selfplay:0] [SelfPlay] 223/750 (29%)  pos=21068  W/D/B=96/33/94  (43%/14%/42%)  d4/d7  7.8 games/s (avg 0.4)  883.3K nps  ETA 00:23:07
[2026-03-28T02:57:39.065] [INFO] [selfplay:0] [SelfPlay] 224/750 (29%)  pos=21218  W/D/B=97/33/94  (43%/14%/41%)  d4/d7  6.9 games/s (avg 0.4)  882.6K nps  ETA 00:22:55
[2026-03-28T02:57:44.745] [INFO] [selfplay:0] [SelfPlay] 225/750 (30%)  pos=21309  W/D/B=97/34/94  (43%/15%/41%)  d4/d7  6.3 games/s (avg 0.4)  885.3K nps  ETA 00:22:56
[2026-03-28T02:57:49.078] [INFO] [selfplay:0] [SelfPlay] 226/750 (30%)  pos=21416  W/D/B=97/34/95  (42%/15%/42%)  d4/d7  5.9 games/s (avg 0.4)  891.1K nps  ETA 00:23:02
[2026-03-28T02:57:49.716] [INFO] [selfplay:0] [SelfPlay] 227/750 (30%)  pos=21529  W/D/B=97/34/96  (42%/14%/42%)  d4/d7  5.4 games/s (avg 0.4)  896.5K nps  ETA 00:23:06
[2026-03-28T02:57:50.001] [INFO] [selfplay:0] [SelfPlay] 228/750 (30%)  pos=21580  W/D/B=98/34/96  (42%/14%/42%)  d4/d7  4.9 games/s (avg 0.4)  900.0K nps  ETA 00:23:00
[2026-03-28T02:57:50.880] [INFO] [selfplay:0] [SelfPlay] 229/750 (30%)  pos=21696  W/D/B=99/34/96  (43%/14%/41%)  d4/d7  4.6 games/s (avg 0.4)  904.9K nps  ETA 00:22:51
[2026-03-28T02:57:56.111] [INFO] [selfplay:0] [SelfPlay] 230/750 (30%)  pos=21797  W/D/B=99/34/97  (43%/14%/42%)  d4/d7  4.1 games/s (avg 0.4)  906.8K nps  ETA 00:22:41
[2026-03-28T02:58:01.424] [INFO] [selfplay:0] [SelfPlay] 231/750 (30%)  pos=21849  W/D/B=100/34/97  (43%/14%/41%)  d4/d7  3.8 games/s (avg 0.4)  911.1K nps  ETA 00:22:44
[2026-03-28T02:58:03.522] [INFO] [selfplay:0] [SelfPlay] 232/750 (30%)  pos=21940  W/D/B=101/34/97  (43%/14%/41%)  d4/d7  3.5 games/s (avg 0.4)  911.2K nps  ETA 00:22:50
[2026-03-28T02:58:05.083] [INFO] [selfplay:0] [SelfPlay] 233/750 (31%)  pos=22017  W/D/B=101/34/98  (43%/14%/42%)  d4/d7  3.1 games/s (avg 0.4)  910.3K nps  ETA 00:22:46
[2026-03-28T02:58:05.523] [INFO] [selfplay:0] [SelfPlay] 234/750 (31%)  pos=22108  W/D/B=101/34/99  (43%/14%/42%)  d4/d7  2.7 games/s (avg 0.4)  910.7K nps  ETA 00:22:43
[2026-03-28T02:58:05.562] [INFO] [selfplay:0] [SelfPlay] 235/750 (31%)  pos=22161  W/D/B=101/34/100  (42%/14%/42%)  d4/d7  2.6 games/s (avg 0.4)  912.4K nps  ETA 00:22:36
[2026-03-28T02:58:07.687] [INFO] [selfplay:0] [SelfPlay] 236/750 (31%)  pos=22228  W/D/B=101/34/101  (42%/14%/42%)  d4/d7  6.1 games/s (avg 0.4)  916.2K nps  ETA 00:22:24
[2026-03-28T02:58:08.029] [INFO] [selfplay:0] [SelfPlay] 237/750 (31%)  pos=22309  W/D/B=101/34/102  (42%/14%/43%)  d4/d7  5.6 games/s (avg 0.4)  920.8K nps  ETA 00:22:24
[2026-03-28T02:58:09.754] [INFO] [selfplay:0] [SelfPlay] 238/750 (31%)  pos=22383  W/D/B=101/34/103  (42%/14%/43%)  d4/d7  5.2 games/s (avg 0.4)  923.7K nps  ETA 00:22:14
[2026-03-28T02:58:11.387] [INFO] [selfplay:0] [SelfPlay] 239/750 (31%)  pos=22466  W/D/B=102/34/103  (42%/14%/43%)  d4/d7  4.5 games/s (avg 0.4)  925.7K nps  ETA 00:22:11
[2026-03-28T02:58:18.946] [INFO] [selfplay:0] [SelfPlay] 240/750 (32%)  pos=22612  W/D/B=102/35/103  (42%/14%/42%)  d4/d7  3.9 games/s (avg 0.4)  922.7K nps  ETA 00:21:59
[2026-03-28T02:58:21.805] [INFO] [selfplay:0] [SelfPlay] 241/750 (32%)  pos=22666  W/D/B=103/35/103  (42%/14%/42%)  d4/d7  3.6 games/s (avg 0.4)  924.5K nps  ETA 00:22:12
[2026-03-28T02:58:23.035] [INFO] [selfplay:0] [SelfPlay] 242/750 (32%)  pos=22739  W/D/B=104/35/103  (42%/14%/42%)  d4/d7  3.4 games/s (avg 0.4)  927.8K nps  ETA 00:22:12
[2026-03-28T02:58:23.765] [INFO] [selfplay:0] [SelfPlay] 243/750 (32%)  pos=22826  W/D/B=105/35/103  (43%/14%/42%)  d4/d7  3.0 games/s (avg 0.4)  925.5K nps  ETA 00:22:06
[2026-03-28T02:58:26.488] [INFO] [selfplay:0] [SelfPlay] 244/750 (32%)  pos=22929  W/D/B=106/35/103  (43%/14%/42%)  d4/d7  2.7 games/s (avg 0.4)  928.1K nps  ETA 00:21:59
[2026-03-28T02:58:27.894] [INFO] [selfplay:0] [SelfPlay] 245/750 (32%)  pos=22996  W/D/B=106/36/103  (43%/14%/42%)  d4/d7  2.4 games/s (avg 0.4)  922.1K nps  ETA 00:21:56
[2026-03-28T02:58:28.746] [INFO] [selfplay:0] [SelfPlay] 246/750 (32%)  pos=23089  W/D/B=107/36/103  (43%/14%/41%)  d4/d7  2.1 games/s (avg 0.4)  921.7K nps  ETA 00:21:52
[2026-03-28T02:58:32.290] [INFO] [selfplay:0] [SelfPlay] 247/750 (32%)  pos=23124  W/D/B=107/36/104  (43%/14%/42%)  d4/d7  2.0 games/s (avg 0.4)  923.0K nps  ETA 00:21:44
[2026-03-28T02:58:32.681] [INFO] [selfplay:0] [SelfPlay] 248/750 (33%)  pos=23173  W/D/B=107/37/104  (43%/14%/41%)  d4/d7  1.7 games/s (avg 0.4)  917.9K nps  ETA 00:21:46
[2026-03-28T02:58:41.735] [INFO] [selfplay:0] [SelfPlay] 249/750 (33%)  pos=23269  W/D/B=107/38/104  (42%/15%/41%)  d4/d7  1.9 games/s (avg 0.4)  919.7K nps  ETA 00:21:29
[2026-03-28T02:58:42.346] [INFO] [selfplay:0] [SelfPlay] 250/750 (33%)  pos=23403  W/D/B=107/39/104  (42%/15%/41%)  d4/d7  1.7 games/s (avg 0.4)  922.9K nps  ETA 00:21:50
[2026-03-28T02:58:52.478] [INFO] [selfplay:0] [SelfPlay] 251/750 (33%)  pos=23552  W/D/B=107/40/104  (42%/15%/41%)  d4/d7  1.7 games/s (avg 0.4)  925.7K nps  ETA 00:21:33
[2026-03-28T02:58:57.335] [INFO] [selfplay:0] [SelfPlay] 252/750 (33%)  pos=23712  W/D/B=108/40/104  (42%/15%/41%)  d4/d7  1.6 games/s (avg 0.4)  932.0K nps  ETA 00:21:50
[2026-03-28T02:59:02.873] [INFO] [selfplay:0] [SelfPlay] 253/750 (33%)  pos=23832  W/D/B=109/40/104  (43%/15%/41%)  d4/d7  1.4 games/s (avg 0.4)  925.6K nps  ETA 00:21:51
[2026-03-28T02:59:02.952] [INFO] [selfplay:0] [SelfPlay] 254/750 (33%)  pos=23979  W/D/B=109/40/105  (42%/15%/41%)  d4/d7  1.2 games/s (avg 0.4)  917.4K nps  ETA 00:22:00
[2026-03-28T02:59:04.691] [INFO] [selfplay:0] [SelfPlay] 255/750 (34%)  pos=24078  W/D/B=109/40/106  (42%/15%/41%)  d4/d7  2.9 games/s (avg 0.4)  921.9K nps  ETA 00:21:50
[2026-03-28T02:59:06.257] [INFO] [selfplay:0] [SelfPlay] 256/750 (34%)  pos=24215  W/D/B=109/40/107  (42%/15%/41%)  d4/d7  2.6 games/s (avg 0.4)  926.5K nps  ETA 00:21:47
[2026-03-28T02:59:06.431] [INFO] [selfplay:0] [SelfPlay] 257/750 (34%)  pos=24269  W/D/B=109/40/108  (42%/15%/42%)  d4/d7  2.3 games/s (avg 0.4)  927.6K nps  ETA 00:21:43
[2026-03-28T02:59:06.458] [INFO] [selfplay:0] [SelfPlay] 258/750 (34%)  pos=24365  W/D/B=110/40/108  (42%/15%/41%)  d4/d7  2.8 games/s (avg 0.4)  931.9K nps  ETA 00:21:36
[2026-03-28T02:59:06.825] [INFO] [selfplay:0] [SelfPlay] 259/750 (34%)  pos=24506  W/D/B=110/40/109  (42%/15%/42%)  d4/d7  8.1 games/s (avg 0.4)  938.5K nps  ETA 00:21:27
[2026-03-28T02:59:07.718] [INFO] [selfplay:0] [SelfPlay] 260/750 (34%)  pos=24560  W/D/B=111/40/109  (42%/15%/41%)  d4/d7  7.3 games/s (avg 0.4)  940.6K nps  ETA 00:21:20
[2026-03-28T02:59:15.947] [INFO] [selfplay:0] [SelfPlay] 261/750 (34%)  pos=24680  W/D/B=112/40/109  (42%/15%/41%)  d4/d7  6.3 games/s (avg 0.4)  939.0K nps  ETA 00:21:07
[2026-03-28T02:59:19.011] [INFO] [selfplay:0] [SelfPlay] 262/750 (34%)  pos=24803  W/D/B=113/40/109  (43%/15%/41%)  d4/d7  5.9 games/s (avg 0.4)  939.9K nps  ETA 00:21:20
[2026-03-28T02:59:20.909] [INFO] [selfplay:0] [SelfPlay] 263/750 (35%)  pos=25008  W/D/B=113/41/109  (42%/15%/41%)  d4/d7  5.4 games/s (avg 0.4)  945.4K nps  ETA 00:21:20
[2026-03-28T02:59:27.253] [INFO] [selfplay:0] [SelfPlay] 264/750 (35%)  pos=25190  W/D/B=113/42/109  (42%/15%/41%)  d4/d7  5.0 games/s (avg 0.4)  951.7K nps  ETA 00:21:12
[2026-03-28T02:59:29.110] [INFO] [selfplay:0] [SelfPlay] 265/750 (35%)  pos=25329  W/D/B=113/42/110  (42%/15%/41%)  d4/d7  4.6 games/s (avg 0.4)  956.6K nps  ETA 00:21:20
[2026-03-28T02:59:30.435] [INFO] [selfplay:0] [SelfPlay] 266/750 (35%)  pos=25359  W/D/B=113/42/111  (42%/15%/41%)  d4/d7  4.0 games/s (avg 0.4)  952.6K nps  ETA 00:21:17
[2026-03-28T02:59:34.711] [INFO] [selfplay:0] [SelfPlay] 267/750 (35%)  pos=25455  W/D/B=114/42/111  (42%/15%/41%)  d4/d7  3.5 games/s (avg 0.4)  952.7K nps  ETA 00:21:08
[2026-03-28T02:59:35.769] [INFO] [selfplay:0] [SelfPlay] 268/750 (35%)  pos=25578  W/D/B=114/43/111  (42%/16%/41%)  d4/d7  3.3 games/s (avg 0.4)  957.1K nps  ETA 00:21:12
[2026-03-28T02:59:35.949] [INFO] [selfplay:0] [SelfPlay] 269/750 (35%)  pos=25659  W/D/B=114/43/112  (42%/15%/41%)  d4/d7  2.9 games/s (avg 0.4)  958.1K nps  ETA 00:21:07
[2026-03-28T02:59:37.191] [INFO] [selfplay:0] [SelfPlay] 270/750 (36%)  pos=25732  W/D/B=114/43/113  (42%/15%/41%)  d4/d7  3.3 games/s (avg 0.4)  962.5K nps  ETA 00:20:59
[2026-03-28T02:59:40.965] [INFO] [selfplay:0] [SelfPlay] 271/750 (36%)  pos=25826  W/D/B=115/43/113  (42%/15%/41%)  d4/d7  2.9 games/s (avg 0.4)  963.9K nps  ETA 00:20:51
[2026-03-28T02:59:42.749] [INFO] [selfplay:0] [SelfPlay] 272/750 (36%)  pos=26063  W/D/B=115/43/114  (42%/15%/41%)  d4/d7  2.7 games/s (avg 0.4)  963.8K nps  ETA 00:20:53
[2026-03-28T02:59:44.144] [INFO] [selfplay:0] [SelfPlay] 273/750 (36%)  pos=26199  W/D/B=115/43/115  (42%/15%/42%)  d4/d7  2.4 games/s (avg 0.4)  964.0K nps  ETA 00:20:50
[2026-03-28T02:59:44.251] [INFO] [selfplay:0] [SelfPlay] 274/750 (36%)  pos=26257  W/D/B=115/43/116  (41%/15%/42%)  d4/d7  2.1 games/s (avg 0.4)  961.3K nps  ETA 00:20:46
[2026-03-28T02:59:44.697] [INFO] [selfplay:0] [SelfPlay] 275/750 (36%)  pos=26336  W/D/B=116/43/116  (42%/15%/42%)  d4/d7  3.2 games/s (avg 0.4)  965.8K nps  ETA 00:20:38
[2026-03-28T02:59:57.957] [INFO] [selfplay:0] [SelfPlay] 276/750 (36%)  pos=26404  W/D/B=117/43/116  (42%/15%/42%)  d4/d7  3.1 games/s (avg 0.4)  966.7K nps  ETA 00:20:20
[2026-03-28T03:00:01.278] [INFO] [selfplay:0] [SelfPlay] 277/750 (36%)  pos=26463  W/D/B=118/43/116  (42%/15%/41%)  d4/d7  2.8 games/s (avg 0.4)  970.3K nps  ETA 00:20:45
[2026-03-28T03:00:11.104] [INFO] [selfplay:0] [SelfPlay] 278/750 (37%)  pos=26629  W/D/B=119/43/116  (42%/15%/41%)  d4/d7  2.5 games/s (avg 0.4)  969.5K nps  ETA 00:20:37
[2026-03-28T03:00:11.355] [INFO] [selfplay:0] [SelfPlay] 279/750 (37%)  pos=26751  W/D/B=119/43/117  (42%/15%/41%)  d4/d7  2.3 games/s (avg 0.4)  973.4K nps  ETA 00:20:56
[2026-03-28T03:00:11.981] [INFO] [selfplay:0] [SelfPlay] 280/750 (37%)  pos=26812  W/D/B=120/43/117  (42%/15%/41%)  d4/d7  2.5 games/s (avg 0.4)  978.4K nps  ETA 00:20:48
[2026-03-28T03:00:12.951] [INFO] [selfplay:0] [SelfPlay] 281/750 (37%)  pos=26824  W/D/B=120/43/118  (42%/15%/41%)  d4/d7  2.4 games/s (avg 0.4)  977.1K nps  ETA 00:20:42
[2026-03-28T03:00:14.993] [INFO] [selfplay:0] [SelfPlay] 282/750 (37%)  pos=26864  W/D/B=121/43/118  (42%/15%/41%)  d4/d7  2.2 games/s (avg 0.4)  978.2K nps  ETA 00:20:36
[2026-03-28T03:00:16.081] [INFO] [selfplay:0] [SelfPlay] 283/750 (37%)  pos=26958  W/D/B=121/43/119  (42%/15%/42%)  d4/d7  1.9 games/s (avg 0.4)  977.2K nps  ETA 00:20:33
[2026-03-28T03:00:16.539] [INFO] [selfplay:0] [SelfPlay] 284/750 (37%)  pos=27042  W/D/B=121/43/120  (42%/15%/42%)  d4/d7  1.8 games/s (avg 0.4)  978.4K nps  ETA 00:20:29
[2026-03-28T03:00:21.815] [INFO] [selfplay:0] [SelfPlay] 285/750 (38%)  pos=27104  W/D/B=121/43/121  (42%/15%/42%)  d4/d7  1.8 games/s (avg 0.4)  982.0K nps  ETA 00:20:17
[2026-03-28T03:00:24.013] [INFO] [selfplay:0] [SelfPlay] 286/750 (38%)  pos=27182  W/D/B=122/43/121  (42%/15%/42%)  d4/d7  1.6 games/s (avg 0.4)  975.7K nps  ETA 00:20:23
[2026-03-28T03:00:24.597] [INFO] [selfplay:0] [SelfPlay] 287/750 (38%)  pos=27263  W/D/B=123/43/121  (42%/14%/42%)  d4/d7  1.4 games/s (avg 0.4)  976.2K nps  ETA 00:20:21
[2026-03-28T03:00:30.474] [INFO] [selfplay:0] [SelfPlay] 288/750 (38%)  pos=27332  W/D/B=124/43/121  (43%/14%/42%)  d4/d7  1.5 games/s (avg 0.4)  977.8K nps  ETA 00:20:09
[2026-03-28T03:00:33.424] [INFO] [selfplay:0] [SelfPlay] 289/750 (38%)  pos=27500  W/D/B=124/43/122  (42%/14%/42%)  d4/d7  1.3 games/s (avg 0.4)  974.1K nps  ETA 00:20:15
[2026-03-28T03:00:34.847] [INFO] [selfplay:0] [SelfPlay] 290/750 (38%)  pos=27629  W/D/B=124/43/123  (42%/14%/42%)  d4/d7  1.1 games/s (avg 0.4)  973.3K nps  ETA 00:20:14
[2026-03-28T03:00:39.011] [INFO] [selfplay:0] [SelfPlay] 291/750 (38%)  pos=27705  W/D/B=124/44/123  (42%/15%/42%)  d4/d7  1.1 games/s (avg 0.4)  970.8K nps  ETA 00:20:07
[2026-03-28T03:00:39.885] [INFO] [selfplay:0] [SelfPlay] 292/750 (38%)  pos=27758  W/D/B=124/45/123  (42%/15%/42%)  d4/d7  0.9 games/s (avg 0.4)  964.4K nps  ETA 00:20:10
[2026-03-28T03:00:47.745] [INFO] [selfplay:0] [SelfPlay] 293/750 (39%)  pos=27935  W/D/B=124/46/123  (42%/15%/41%)  d4/d7  1.0 games/s (avg 0.4)  963.3K nps  ETA 00:19:57
[2026-03-28T03:00:48.969] [INFO] [selfplay:0] [SelfPlay] 294/750 (39%)  pos=27996  W/D/B=125/46/123  (42%/15%/41%)  d4/d7  0.8 games/s (avg 0.4)  951.2K nps  ETA 00:20:10
[2026-03-28T03:00:54.517] [INFO] [selfplay:0] [SelfPlay] 295/750 (39%)  pos=28080  W/D/B=125/46/124  (42%/15%/42%)  d4/d7  0.8 games/s (avg 0.4)  951.6K nps  ETA 00:20:01
[2026-03-28T03:00:54.570] [INFO] [selfplay:0] [SelfPlay] 296/750 (39%)  pos=28228  W/D/B=126/46/124  (42%/15%/41%)  d4/d7  0.7 games/s (avg 0.4)  945.1K nps  ETA 00:20:08
[2026-03-28T03:00:55.964] [INFO] [selfplay:0] [SelfPlay] 297/750 (39%)  pos=28344  W/D/B=127/46/124  (42%/15%/41%)  d4/d7  3.5 games/s (avg 0.4)  949.1K nps  ETA 00:19:59
[2026-03-28T03:00:58.634] [INFO] [selfplay:0] [SelfPlay] 298/750 (39%)  pos=28420  W/D/B=128/46/124  (42%/15%/41%)  d4/d7  3.0 games/s (avg 0.4)  948.8K nps  ETA 00:19:55
[2026-03-28T03:01:02.064] [INFO] [selfplay:0] [SelfPlay] 299/750 (39%)  pos=28510  W/D/B=128/46/125  (42%/15%/41%)  d4/d7  2.6 games/s (avg 0.4)  949.9K nps  ETA 00:19:50
[2026-03-28T03:01:08.421] [INFO] [selfplay:0] [SelfPlay] 300/750 (40%)  pos=28577  W/D/B=129/46/125  (43%/15%/41%)  d4/d7  2.3 games/s (avg 0.4)  948.0K nps  ETA 00:19:47
[2026-03-28T03:01:14.224] [INFO] [selfplay:0] [SelfPlay] 301/750 (40%)  pos=28598  W/D/B=130/46/125  (43%/15%/41%)  d4/d7  2.1 games/s (avg 0.4)  948.6K nps  ETA 00:19:49
[2026-03-28T03:01:20.814] [INFO] [selfplay:0] [SelfPlay] 302/750 (40%)  pos=28716  W/D/B=131/46/125  (43%/15%/41%)  d4/d7  2.0 games/s (avg 0.4)  951.3K nps  ETA 00:19:50
[2026-03-28T03:01:20.919] [INFO] [selfplay:0] [SelfPlay] 303/750 (40%)  pos=28848  W/D/B=131/46/126  (43%/15%/41%)  d4/d7  1.8 games/s (avg 0.4)  956.2K nps  ETA 00:20:01
[2026-03-28T03:01:21.634] [INFO] [selfplay:0] [SelfPlay] 304/750 (40%)  pos=28977  W/D/B=131/46/127  (43%/15%/41%)  d4/d7  3.0 games/s (avg 0.4)  962.1K nps  ETA 00:19:54
[2026-03-28T03:01:26.812] [INFO] [selfplay:0] [SelfPlay] 305/750 (40%)  pos=29074  W/D/B=132/46/127  (43%/15%/41%)  d4/d7  2.7 games/s (avg 0.4)  963.5K nps  ETA 00:19:43
[2026-03-28T03:01:30.808] [INFO] [selfplay:0] [SelfPlay] 306/750 (40%)  pos=29175  W/D/B=132/46/128  (43%/15%/41%)  d4/d7  2.5 games/s (avg 0.4)  966.9K nps  ETA 00:19:46
[2026-03-28T03:01:31.804] [INFO] [selfplay:0] [SelfPlay] 307/750 (40%)  pos=29415  W/D/B=132/47/128  (42%/15%/41%)  d4/d7  2.3 games/s (avg 0.4)  971.6K nps  ETA 00:19:48
[2026-03-28T03:01:32.655] [INFO] [selfplay:0] [SelfPlay] 308/750 (41%)  pos=29537  W/D/B=132/47/129  (42%/15%/41%)  d4/d7  2.1 games/s (avg 0.4)  970.2K nps  ETA 00:19:44
[2026-03-28T03:01:34.278] [INFO] [selfplay:0] [SelfPlay] 309/750 (41%)  pos=29601  W/D/B=132/47/130  (42%/15%/42%)  d4/d7  2.0 games/s (avg 0.4)  972.1K nps  ETA 00:19:36
[2026-03-28T03:01:34.419] [INFO] [selfplay:0] [SelfPlay] 310/750 (41%)  pos=29741  W/D/B=132/48/130  (42%/15%/41%)  d4/d7  1.8 games/s (avg 0.4)  973.1K nps  ETA 00:19:34
[2026-03-28T03:01:34.544] [INFO] [selfplay:0] [SelfPlay] 311/750 (41%)  pos=29781  W/D/B=133/48/130  (42%/15%/41%)  d4/d7  2.6 games/s (avg 0.4)  973.1K nps  ETA 00:19:28
[2026-03-28T03:01:38.457] [INFO] [selfplay:0] [SelfPlay] 312/750 (41%)  pos=29852  W/D/B=133/48/131  (42%/15%/41%)  d4/d7  3.4 games/s (avg 0.4)  977.6K nps  ETA 00:19:18
[2026-03-28T03:01:41.654] [INFO] [selfplay:0] [SelfPlay] 313/750 (41%)  pos=29977  W/D/B=133/49/131  (42%/15%/41%)  d4/d7  3.1 games/s (avg 0.4)  977.5K nps  ETA 00:19:18
[2026-03-28T03:01:42.912] [INFO] [selfplay:0] [SelfPlay] 314/750 (41%)  pos=30037  W/D/B=133/49/132  (42%/15%/42%)  d4/d7  2.9 games/s (avg 0.4)  980.0K nps  ETA 00:19:17
[2026-03-28T03:01:43.694] [INFO] [selfplay:0] [SelfPlay] 315/750 (42%)  pos=30108  W/D/B=133/49/133  (42%/15%/42%)  d4/d7  2.6 games/s (avg 0.4)  987.0K nps  ETA 00:19:13
[2026-03-28T03:01:46.628] [INFO] [selfplay:0] [SelfPlay] 316/750 (42%)  pos=30165  W/D/B=133/49/134  (42%/15%/42%)  d4/d7  2.4 games/s (avg 0.4)  989.5K nps  ETA 00:19:07
[2026-03-28T03:01:47.270] [INFO] [selfplay:0] [SelfPlay] 317/750 (42%)  pos=30169  W/D/B=134/49/134  (42%/15%/42%)  d4/d7  2.1 games/s (avg 0.4)  984.5K nps  ETA 00:19:06
[2026-03-28T03:01:50.929] [INFO] [selfplay:0] [SelfPlay] 318/750 (42%)  pos=30265  W/D/B=134/49/135  (42%/15%/42%)  d4/d7  2.0 games/s (avg 0.4)  983.7K nps  ETA 00:18:57
[2026-03-28T03:01:53.666] [INFO] [selfplay:0] [SelfPlay] 319/750 (42%)  pos=30343  W/D/B=134/49/136  (42%/15%/42%)  d4/d7  1.7 games/s (avg 0.4)  977.0K nps  ETA 00:18:58
[2026-03-28T03:01:56.905] [INFO] [selfplay:0] [SelfPlay] 320/750 (42%)  pos=30428  W/D/B=135/49/136  (42%/15%/42%)  d4/d7  1.5 games/s (avg 0.4)  972.0K nps  ETA 00:18:54
[2026-03-28T03:02:03.829] [INFO] [selfplay:0] [SelfPlay] 321/750 (42%)  pos=30511  W/D/B=135/50/136  (42%/15%/42%)  d4/d7  1.4 games/s (avg 0.4)  968.0K nps  ETA 00:18:49
[2026-03-28T03:02:05.000] [INFO] [selfplay:0] [SelfPlay] 322/750 (42%)  pos=30660  W/D/B=136/50/136  (42%/15%/42%)  d4/d7  1.2 games/s (avg 0.4)  959.3K nps  ETA 00:18:58
[2026-03-28T03:02:05.603] [INFO] [selfplay:0] [SelfPlay] 323/750 (43%)  pos=30674  W/D/B=137/50/136  (42%/15%/42%)  d4/d7  1.1 games/s (avg 0.4)  957.2K nps  ETA 00:18:54
[2026-03-28T03:02:06.955] [INFO] [selfplay:0] [SelfPlay] 324/750 (43%)  pos=30791  W/D/B=137/50/137  (42%/15%/42%)  d4/d7  1.2 games/s (avg 0.4)  960.4K nps  ETA 00:18:47
[2026-03-28T03:02:07.541] [INFO] [selfplay:0] [SelfPlay] 325/750 (43%)  pos=30974  W/D/B=137/50/138  (42%/15%/42%)  d4/d7  1.1 games/s (avg 0.4)  963.2K nps  ETA 00:18:44
[2026-03-28T03:02:07.600] [INFO] [selfplay:0] [SelfPlay] 326/750 (43%)  pos=31050  W/D/B=137/50/139  (42%/15%/42%)  d4/d7  1.2 games/s (avg 0.4)  965.3K nps  ETA 00:18:39
[2026-03-28T03:02:12.546] [INFO] [selfplay:0] [SelfPlay] 327/750 (43%)  pos=31100  W/D/B=138/50/139  (42%/15%/42%)  d4/d7  3.6 games/s (avg 0.4)  968.4K nps  ETA 00:18:28
[2026-03-28T03:02:12.668] [INFO] [selfplay:0] [SelfPlay] 328/750 (43%)  pos=31226  W/D/B=138/51/139  (42%/15%/42%)  d4/d7  3.3 games/s (avg 0.4)  968.5K nps  ETA 00:18:34
[2026-03-28T03:02:16.081] [INFO] [selfplay:0] [SelfPlay] 329/750 (43%)  pos=31421  W/D/B=138/51/140  (41%/15%/42%)  d4/d7  4.1 games/s (avg 0.4)  968.8K nps  ETA 00:18:24
[2026-03-28T03:02:16.936] [INFO] [selfplay:0] [SelfPlay] 330/750 (44%)  pos=31510  W/D/B=138/51/141  (41%/15%/42%)  d4/d7  3.7 games/s (avg 0.4)  971.4K nps  ETA 00:18:25
[2026-03-28T03:02:18.989] [INFO] [selfplay:0] [SelfPlay] 331/750 (44%)  pos=31584  W/D/B=139/51/141  (41%/15%/42%)  d4/d7  3.4 games/s (avg 0.4)  970.2K nps  ETA 00:18:19
[2026-03-28T03:02:19.637] [INFO] [selfplay:0] [SelfPlay] 332/750 (44%)  pos=31703  W/D/B=140/51/141  (42%/15%/42%)  d4/d7  2.9 games/s (avg 0.4)  967.1K nps  ETA 00:18:18
[2026-03-28T03:02:23.273] [INFO] [selfplay:0] [SelfPlay] 333/750 (44%)  pos=31847  W/D/B=140/51/142  (42%/15%/42%)  d4/d7  2.7 games/s (avg 0.4)  971.6K nps  ETA 00:18:09
[2026-03-28T03:02:25.232] [INFO] [selfplay:0] [SelfPlay] 334/750 (44%)  pos=31937  W/D/B=140/52/142  (41%/15%/42%)  d4/d7  2.4 games/s (avg 0.4)  965.3K nps  ETA 00:18:09
[2026-03-28T03:02:30.390] [INFO] [selfplay:0] [SelfPlay] 335/750 (44%)  pos=32015  W/D/B=140/52/143  (41%/15%/42%)  d4/d7  2.1 games/s (avg 0.4)  966.8K nps  ETA 00:18:03
[2026-03-28T03:02:30.712] [INFO] [selfplay:0] [SelfPlay] 336/750 (44%)  pos=32121  W/D/B=140/52/144  (41%/15%/42%)  d4/d7  1.9 games/s (avg 0.4)  970.6K nps  ETA 00:18:07
[2026-03-28T03:02:32.621] [INFO] [selfplay:0] [SelfPlay] 337/750 (44%)  pos=32262  W/D/B=140/53/144  (41%/15%/42%)  d4/d7  2.1 games/s (avg 0.4)  974.1K nps  ETA 00:18:02
[2026-03-28T03:02:34.448] [INFO] [selfplay:0] [SelfPlay] 338/750 (45%)  pos=32279  W/D/B=140/53/145  (41%/15%/42%)  d4/d7  1.9 games/s (avg 0.4)  971.5K nps  ETA 00:17:57
[2026-03-28T03:02:35.599] [INFO] [selfplay:0] [SelfPlay] 339/750 (45%)  pos=32346  W/D/B=141/53/145  (41%/15%/42%)  d4/d7  1.7 games/s (avg 0.4)  968.6K nps  ETA 00:17:55
[2026-03-28T03:02:38.038] [INFO] [selfplay:0] [SelfPlay] 340/750 (45%)  pos=32407  W/D/B=141/53/146  (41%/15%/42%)  d4/d7  1.5 games/s (avg 0.4)  969.2K nps  ETA 00:17:48
[2026-03-28T03:02:38.493] [INFO] [selfplay:0] [SelfPlay] 341/750 (45%)  pos=32461  W/D/B=141/53/147  (41%/15%/43%)  d4/d7  1.4 games/s (avg 0.4)  968.8K nps  ETA 00:17:49
[2026-03-28T03:02:40.951] [INFO] [selfplay:0] [SelfPlay] 342/750 (45%)  pos=32527  W/D/B=141/53/148  (41%/15%/43%)  d4/d7  1.5 games/s (avg 0.4)  968.4K nps  ETA 00:17:40
[2026-03-28T03:02:42.330] [INFO] [selfplay:0] [SelfPlay] 343/750 (45%)  pos=32567  W/D/B=142/53/148  (41%/15%/43%)  d4/d7  1.3 games/s (avg 0.4)  967.1K nps  ETA 00:17:40
[2026-03-28T03:02:44.636] [INFO] [selfplay:0] [SelfPlay] 344/750 (45%)  pos=32807  W/D/B=142/54/148  (41%/15%/43%)  d4/d7  1.2 games/s (avg 0.4)  965.1K nps  ETA 00:17:35
[2026-03-28T03:02:48.146] [INFO] [selfplay:0] [SelfPlay] 345/750 (46%)  pos=32837  W/D/B=142/54/149  (41%/15%/43%)  d4/d7  1.1 games/s (avg 0.4)  961.2K nps  ETA 00:17:30
[2026-03-28T03:02:51.554] [INFO] [selfplay:0] [SelfPlay] 346/750 (46%)  pos=32946  W/D/B=142/54/150  (41%/15%/43%)  d4/d7  1.0 games/s (avg 0.4)  960.1K nps  ETA 00:17:29
[2026-03-28T03:02:52.931] [INFO] [selfplay:0] [SelfPlay] 347/750 (46%)  pos=32990  W/D/B=142/54/151  (40%/15%/43%)  d4/d7  0.9 games/s (avg 0.4)  956.2K nps  ETA 00:17:28
[2026-03-28T03:02:53.487] [INFO] [selfplay:0] [SelfPlay] 348/750 (46%)  pos=33105  W/D/B=143/54/151  (41%/15%/43%)  d4/d7  0.9 games/s (avg 0.4)  957.2K nps  ETA 00:17:26
[2026-03-28T03:02:55.397] [INFO] [selfplay:0] [SelfPlay] 349/750 (46%)  pos=33211  W/D/B=144/54/151  (41%/15%/43%)  d4/d7  1.0 games/s (avg 0.4)  958.9K nps  ETA 00:17:19
[2026-03-28T03:02:55.879] [INFO] [selfplay:0] [SelfPlay] 350/750 (46%)  pos=33351  W/D/B=144/54/152  (41%/15%/43%)  d4/d7  0.9 games/s (avg 0.4)  960.2K nps  ETA 00:17:17
[2026-03-28T03:03:02.049] [INFO] [selfplay:0] [SelfPlay] 351/750 (46%)  pos=33486  W/D/B=144/55/152  (41%/15%/43%)  d4/d7  1.1 games/s (avg 0.4)  959.8K nps  ETA 00:17:07
[2026-03-28T03:03:03.335] [INFO] [selfplay:0] [SelfPlay] 352/750 (46%)  pos=33586  W/D/B=144/55/153  (40%/15%/43%)  d4/d7  1.0 games/s (avg 0.4)  951.6K nps  ETA 00:17:13
[2026-03-28T03:03:07.736] [INFO] [selfplay:0] [SelfPlay] 353/750 (47%)  pos=33686  W/D/B=144/56/153  (40%/15%/43%)  d4/d7  0.9 games/s (avg 0.4)  953.5K nps  ETA 00:17:05
[2026-03-28T03:03:14.404] [INFO] [selfplay:0] [SelfPlay] 354/750 (47%)  pos=33765  W/D/B=144/56/154  (40%/15%/43%)  d4/d7  0.8 games/s (avg 0.4)  948.2K nps  ETA 00:17:04
[2026-03-28T03:03:15.267] [INFO] [selfplay:0] [SelfPlay] 355/750 (47%)  pos=33832  W/D/B=144/56/155  (40%/15%/43%)  d4/d7  0.7 games/s (avg 0.4)  942.2K nps  ETA 00:17:11
[2026-03-28T03:03:20.756] [INFO] [selfplay:0] [SelfPlay] 356/750 (47%)  pos=33971  W/D/B=145/56/155  (40%/15%/43%)  d4/d7  0.8 games/s (avg 0.4)  944.5K nps  ETA 00:17:01
[2026-03-28T03:03:22.865] [INFO] [selfplay:0] [SelfPlay] 357/750 (47%)  pos=34152  W/D/B=145/57/155  (40%/15%/43%)  d4/d7  0.7 games/s (avg 0.4)  936.2K nps  ETA 00:17:06
[2026-03-28T03:03:30.008] [INFO] [selfplay:0] [SelfPlay] 358/750 (47%)  pos=34252  W/D/B=145/57/156  (40%/15%/43%)  d4/d7  0.7 games/s (avg 0.4)  936.3K nps  ETA 00:16:58
[2026-03-28T03:03:32.952] [INFO] [selfplay:0] [SelfPlay] 359/750 (47%)  pos=34341  W/D/B=146/57/156  (40%/15%/43%)  d4/d7  0.6 games/s (avg 0.4)  929.7K nps  ETA 00:17:04
[2026-03-28T03:03:34.735] [INFO] [selfplay:0] [SelfPlay] 360/750 (48%)  pos=34434  W/D/B=147/57/156  (40%/15%/43%)  d4/d7  0.6 games/s (avg 0.4)  929.1K nps  ETA 00:17:03
[2026-03-28T03:03:35.035] [INFO] [selfplay:0] [SelfPlay] 361/750 (48%)  pos=34487  W/D/B=148/57/156  (40%/15%/43%)  d4/d7  0.6 games/s (avg 0.4)  928.9K nps  ETA 00:17:01
[2026-03-28T03:03:36.266] [INFO] [selfplay:0] [SelfPlay] 362/750 (48%)  pos=34614  W/D/B=149/57/156  (41%/15%/43%)  d4/d7  1.0 games/s (avg 0.4)  931.2K nps  ETA 00:16:55
[2026-03-28T03:03:41.864] [INFO] [selfplay:0] [SelfPlay] 363/750 (48%)  pos=34750  W/D/B=150/57/156  (41%/15%/42%)  d4/d7  0.9 games/s (avg 0.4)  929.8K nps  ETA 00:16:46
[2026-03-28T03:03:43.087] [INFO] [selfplay:0] [SelfPlay] 364/750 (48%)  pos=34831  W/D/B=151/57/156  (41%/15%/42%)  d4/d7  0.8 games/s (avg 0.4)  921.9K nps  ETA 00:16:51
[2026-03-28T03:03:44.819] [INFO] [selfplay:0] [SelfPlay] 365/750 (48%)  pos=34835  W/D/B=151/57/157  (41%/15%/43%)  d4/d7  0.8 games/s (avg 0.4)  920.1K nps  ETA 00:16:46
[2026-03-28T03:03:55.658] [INFO] [selfplay:0] [SelfPlay] 366/750 (48%)  pos=34988  W/D/B=151/57/158  (41%/15%/43%)  d4/d7  0.8 games/s (avg 0.4)  921.7K nps  ETA 00:16:35
[2026-03-28T03:03:55.775] [INFO] [selfplay:0] [SelfPlay] 367/750 (48%)  pos=35139  W/D/B=151/57/159  (41%/15%/43%)  d4/d7  0.7 games/s (avg 0.4)  909.5K nps  ETA 00:16:50
[2026-03-28T03:03:57.427] [INFO] [selfplay:0] [SelfPlay] 368/750 (49%)  pos=35214  W/D/B=151/57/160  (41%/15%/43%)  d4/d7  1.9 games/s (avg 0.4)  914.0K nps  ETA 00:16:44
[2026-03-28T03:03:59.656] [INFO] [selfplay:0] [SelfPlay] 369/750 (49%)  pos=35368  W/D/B=151/57/161  (40%/15%/43%)  d4/d7  1.7 games/s (avg 0.4)  916.8K nps  ETA 00:16:40
[2026-03-28T03:03:59.758] [INFO] [selfplay:0] [SelfPlay] 370/750 (49%)  pos=35503  W/D/B=152/57/161  (41%/15%/43%)  d4/d7  1.5 games/s (avg 0.4)  915.8K nps  ETA 00:16:38
[2026-03-28T03:04:03.036] [INFO] [selfplay:0] [SelfPlay] 371/750 (49%)  pos=35588  W/D/B=152/58/161  (40%/15%/43%)  d4/d7  2.7 games/s (avg 0.4)  917.7K nps  ETA 00:16:31
[2026-03-28T03:04:04.157] [INFO] [selfplay:0] [SelfPlay] 372/750 (49%)  pos=35714  W/D/B=153/58/161  (41%/15%/43%)  d4/d7  2.4 games/s (avg 0.4)  913.4K nps  ETA 00:16:31
[2026-03-28T03:04:07.525] [INFO] [selfplay:0] [SelfPlay] 373/750 (49%)  pos=35822  W/D/B=153/59/161  (41%/15%/43%)  d4/d7  2.2 games/s (avg 0.4)  912.1K nps  ETA 00:16:24
[2026-03-28T03:04:08.436] [INFO] [selfplay:0] [SelfPlay] 374/750 (49%)  pos=35927  W/D/B=154/59/161  (41%/15%/43%)  d4/d7  1.9 games/s (avg 0.4)  907.6K nps  ETA 00:16:25
[2026-03-28T03:04:09.102] [INFO] [selfplay:0] [SelfPlay] 375/750 (50%)  pos=36071  W/D/B=155/59/161  (41%/15%/42%)  d4/d7  1.8 games/s (avg 0.4)  906.7K nps  ETA 00:16:20
[2026-03-28T03:04:11.292] [INFO] [selfplay:0] [SelfPlay] 376/750 (50%)  pos=36204  W/D/B=155/59/162  (41%/15%/43%)  d4/d7  1.7 games/s (avg 0.4)  908.5K nps  ETA 00:16:15
[2026-03-28T03:04:11.981] [INFO] [selfplay:0] [SelfPlay] 377/750 (50%)  pos=36283  W/D/B=156/59/162  (41%/15%/42%)  d4/d7  1.5 games/s (avg 0.4)  907.5K nps  ETA 00:16:13
[2026-03-28T03:04:12.134] [INFO] [selfplay:0] [SelfPlay] 378/750 (50%)  pos=36343  W/D/B=157/59/162  (41%/15%/42%)  d4/d7  1.5 games/s (avg 0.4)  910.3K nps  ETA 00:16:09
[2026-03-28T03:04:12.704] [INFO] [selfplay:0] [SelfPlay] 379/750 (50%)  pos=36443  W/D/B=157/59/163  (41%/15%/43%)  d4/d7  2.3 games/s (avg 0.4)  914.0K nps  ETA 00:16:03
[2026-03-28T03:04:12.841] [INFO] [selfplay:0] [SelfPlay] 380/750 (50%)  pos=36450  W/D/B=157/59/164  (41%/15%/43%)  d4/d7  2.2 games/s (avg 0.4)  913.3K nps  ETA 00:16:00
[2026-03-28T03:04:12.868] [INFO] [selfplay:0] [SelfPlay] 381/750 (50%)  pos=36606  W/D/B=157/60/164  (41%/15%/43%)  d4/d7  3.0 games/s (avg 0.4)  913.5K nps  ETA 00:15:55
[2026-03-28T03:04:15.733] [INFO] [selfplay:0] [SelfPlay] 382/750 (50%)  pos=36720  W/D/B=158/60/164  (41%/15%/42%)  d4/d7  8.1 games/s (avg 0.4)  919.8K nps  ETA 00:15:47
[2026-03-28T03:04:15.903] [INFO] [selfplay:0] [SelfPlay] 383/750 (51%)  pos=36832  W/D/B=159/60/164  (41%/15%/42%)  d4/d7  7.5 games/s (avg 0.4)  924.3K nps  ETA 00:15:47
[2026-03-28T03:04:19.710] [INFO] [selfplay:0] [SelfPlay] 384/750 (51%)  pos=36941  W/D/B=160/60/164  (41%/15%/42%)  d4/d7  7.2 games/s (avg 0.4)  926.8K nps  ETA 00:15:38
[2026-03-28T03:04:22.891] [INFO] [selfplay:0] [SelfPlay] 385/750 (51%)  pos=37064  W/D/B=161/60/164  (41%/15%/42%)  d4/d7  6.7 games/s (avg 0.4)  926.9K nps  ETA 00:15:38
[2026-03-28T03:04:34.152] [INFO] [selfplay:0] [SelfPlay] 386/750 (51%)  pos=37192  W/D/B=161/61/164  (41%/15%/42%)  d4/d7  6.2 games/s (avg 0.4)  929.0K nps  ETA 00:15:28
[2026-03-28T03:04:37.002] [INFO] [selfplay:0] [SelfPlay] 387/750 (51%)  pos=37254  W/D/B=161/62/164  (41%/16%/42%)  d4/d7  5.7 games/s (avg 0.4)  930.4K nps  ETA 00:15:41
[2026-03-28T03:04:40.273] [INFO] [selfplay:0] [SelfPlay] 388/750 (51%)  pos=37316  W/D/B=161/62/165  (41%/15%/42%)  d4/d7  5.3 games/s (avg 0.4)  932.0K nps  ETA 00:15:39
[2026-03-28T03:04:42.562] [INFO] [selfplay:0] [SelfPlay] 389/750 (51%)  pos=37432  W/D/B=161/62/166  (41%/15%/42%)  d4/d7  4.9 games/s (avg 0.4)  934.0K nps  ETA 00:15:38
[2026-03-28T03:04:46.091] [INFO] [selfplay:0] [SelfPlay] 390/750 (52%)  pos=37489  W/D/B=161/63/166  (41%/16%/42%)  d4/d7  4.5 games/s (avg 0.4)  933.8K nps  ETA 00:15:33
[2026-03-28T03:04:47.016] [INFO] [selfplay:0] [SelfPlay] 391/750 (52%)  pos=37534  W/D/B=161/63/167  (41%/16%/42%)  d4/d7  4.2 games/s (avg 0.4)  935.3K nps  ETA 00:15:34
[2026-03-28T03:04:48.595] [INFO] [selfplay:0] [SelfPlay] 392/750 (52%)  pos=37774  W/D/B=161/64/167  (41%/16%/42%)  d4/d7  3.7 games/s (avg 0.4)  934.4K nps  ETA 00:15:30
[2026-03-28T03:04:51.426] [INFO] [selfplay:0] [SelfPlay] 393/750 (52%)  pos=37812  W/D/B=162/64/167  (41%/16%/42%)  d4/d7  3.3 games/s (avg 0.4)  933.0K nps  ETA 00:15:25
[2026-03-28T03:04:51.923] [INFO] [selfplay:0] [SelfPlay] 394/750 (52%)  pos=37952  W/D/B=162/64/168  (41%/16%/42%)  d4/d7  2.8 games/s (avg 0.4)  932.0K nps  ETA 00:15:24
[2026-03-28T03:04:53.590] [INFO] [selfplay:0] [SelfPlay] 395/750 (52%)  pos=38165  W/D/B=162/65/168  (41%/16%/42%)  d4/d7  2.7 games/s (avg 0.4)  935.9K nps  ETA 00:15:20
[2026-03-28T03:04:55.275] [INFO] [selfplay:0] [SelfPlay] 396/750 (52%)  pos=38228  W/D/B=162/65/169  (40%/16%/42%)  d4/d7  2.4 games/s (avg 0.4)  936.1K nps  ETA 00:15:16
[2026-03-28T03:04:56.817] [INFO] [selfplay:0] [SelfPlay] 397/750 (52%)  pos=38338  W/D/B=162/65/170  (40%/16%/42%)  d4/d7  2.1 games/s (avg 0.4)  937.3K nps  ETA 00:15:12
[2026-03-28T03:05:00.471] [INFO] [selfplay:0] [SelfPlay] 398/750 (53%)  pos=38470  W/D/B=162/65/171  (40%/16%/42%)  d4/d7  1.9 games/s (avg 0.4)  939.6K nps  ETA 00:15:08
[2026-03-28T03:05:01.788] [INFO] [selfplay:0] [SelfPlay] 399/750 (53%)  pos=38509  W/D/B=162/65/172  (40%/16%/43%)  d4/d7  1.7 games/s (avg 0.4)  938.2K nps  ETA 00:15:07
[2026-03-28T03:05:04.245] [INFO] [selfplay:0] [SelfPlay] 400/750 (53%)  pos=38647  W/D/B=162/66/172  (40%/16%/43%)  d4/d7  1.5 games/s (avg 0.4)  936.7K nps  ETA 00:15:03
[2026-03-28T03:05:04.778] [INFO] [selfplay:0] [SelfPlay] 401/750 (53%)  pos=38684  W/D/B=163/66/172  (40%/16%/42%)  d4/d7  1.4 games/s (avg 0.4)  936.8K nps  ETA 00:15:02
[2026-03-28T03:05:08.353] [INFO] [selfplay:0] [SelfPlay] 402/750 (53%)  pos=38753  W/D/B=163/66/173  (40%/16%/43%)  d4/d7  1.4 games/s (avg 0.4)  940.5K nps  ETA 00:14:55
[2026-03-28T03:05:11.539] [INFO] [selfplay:0] [SelfPlay] 403/750 (53%)  pos=38858  W/D/B=164/66/173  (40%/16%/42%)  d4/d7  1.3 games/s (avg 0.4)  938.0K nps  ETA 00:14:53
[2026-03-28T03:05:15.340] [INFO] [selfplay:0] [SelfPlay] 404/750 (53%)  pos=38917  W/D/B=164/66/174  (40%/16%/43%)  d4/d7  1.1 games/s (avg 0.4)  935.3K nps  ETA 00:14:50
[2026-03-28T03:05:16.344] [INFO] [selfplay:0] [SelfPlay] 405/750 (54%)  pos=38991  W/D/B=164/67/174  (40%/16%/42%)  d4/d7  1.0 games/s (avg 0.4)  930.3K nps  ETA 00:14:52
[2026-03-28T03:05:20.446] [INFO] [selfplay:0] [SelfPlay] 406/750 (54%)  pos=39076  W/D/B=164/67/175  (40%/16%/43%)  d4/d7  1.0 games/s (avg 0.4)  931.3K nps  ETA 00:14:45
[2026-03-28T03:05:20.832] [INFO] [selfplay:0] [SelfPlay] 407/750 (54%)  pos=39099  W/D/B=165/67/175  (40%/16%/42%)  d4/d7  0.9 games/s (avg 0.4)  927.5K nps  ETA 00:14:47
[2026-03-28T03:05:24.128] [INFO] [selfplay:0] [SelfPlay] 408/750 (54%)  pos=39166  W/D/B=165/68/175  (40%/16%/42%)  d4/d7  1.1 games/s (avg 0.4)  928.9K nps  ETA 00:14:40
[2026-03-28T03:05:24.400] [INFO] [selfplay:0] [SelfPlay] 409/750 (54%)  pos=39237  W/D/B=166/68/175  (40%/16%/42%)  d4/d7  1.0 games/s (avg 0.4)  924.6K nps  ETA 00:14:41
[2026-03-28T03:05:24.834] [INFO] [selfplay:0] [SelfPlay] 410/750 (54%)  pos=39316  W/D/B=166/69/175  (40%/16%/42%)  d4/d7  1.4 games/s (avg 0.4)  926.1K nps  ETA 00:14:36
[2026-03-28T03:05:25.366] [INFO] [selfplay:0] [SelfPlay] 411/750 (54%)  pos=39352  W/D/B=167/69/175  (40%/16%/42%)  d4/d7  1.5 games/s (avg 0.4)  926.9K nps  ETA 00:14:32
[2026-03-28T03:05:27.925] [INFO] [selfplay:0] [SelfPlay] 412/750 (54%)  pos=39556  W/D/B=167/70/175  (40%/16%/42%)  d4/d7  1.6 games/s (avg 0.4)  926.6K nps  ETA 00:14:25
[2026-03-28T03:05:29.368] [INFO] [selfplay:0] [SelfPlay] 413/750 (55%)  pos=39581  W/D/B=168/70/175  (40%/16%/42%)  d4/d7  1.4 games/s (avg 0.4)  925.1K nps  ETA 00:14:24
[2026-03-28T03:05:34.465] [INFO] [selfplay:0] [SelfPlay] 414/750 (55%)  pos=39782  W/D/B=168/71/175  (40%/17%/42%)  d4/d7  1.3 games/s (avg 0.4)  926.2K nps  ETA 00:14:17
[2026-03-28T03:05:43.049] [INFO] [selfplay:0] [SelfPlay] 415/750 (55%)  pos=39928  W/D/B=168/72/175  (40%/17%/42%)  d4/d7  1.1 games/s (avg 0.4)  922.7K nps  ETA 00:14:12
[2026-03-28T03:05:44.978] [INFO] [selfplay:0] [SelfPlay] 416/750 (55%)  pos=40055  W/D/B=168/72/176  (40%/17%/42%)  d4/d7  1.0 games/s (avg 0.4)  914.1K nps  ETA 00:14:22
[2026-03-28T03:05:48.251] [INFO] [selfplay:0] [SelfPlay] 417/750 (55%)  pos=40131  W/D/B=168/72/177  (40%/17%/42%)  d4/d7  0.9 games/s (avg 0.4)  913.2K nps  ETA 00:14:18
[2026-03-28T03:05:49.894] [INFO] [selfplay:0] [SelfPlay] 418/750 (55%)  pos=40184  W/D/B=168/72/178  (40%/17%/42%)  d4/d7  0.8 games/s (avg 0.4)  911.2K nps  ETA 00:14:17
[2026-03-28T03:05:52.287] [INFO] [selfplay:0] [SelfPlay] 419/750 (55%)  pos=40235  W/D/B=169/72/178  (40%/17%/42%)  d4/d7  0.8 games/s (avg 0.4)  909.5K nps  ETA 00:14:13
[2026-03-28T03:05:52.392] [INFO] [selfplay:0] [SelfPlay] 420/750 (56%)  pos=40273  W/D/B=170/72/178  (40%/17%/42%)  d4/d7  0.7 games/s (avg 0.4)  906.5K nps  ETA 00:14:12
[2026-03-28T03:05:56.349] [INFO] [selfplay:0] [SelfPlay] 421/750 (56%)  pos=40400  W/D/B=171/72/178  (40%/17%/42%)  d4/d7  2.1 games/s (avg 0.4)  910.8K nps  ETA 00:14:04
[2026-03-28T03:05:56.793] [INFO] [selfplay:0] [SelfPlay] 422/750 (56%)  pos=40498  W/D/B=171/72/179  (40%/17%/42%)  d4/d7  1.8 games/s (avg 0.4)  908.0K nps  ETA 00:14:05
[2026-03-28T03:05:59.702] [INFO] [selfplay:0] [SelfPlay] 423/750 (56%)  pos=40586  W/D/B=171/72/180  (40%/17%/42%)  d4/d7  1.9 games/s (avg 0.4)  910.4K nps  ETA 00:13:59
[2026-03-28T03:06:02.546] [INFO] [selfplay:0] [SelfPlay] 424/750 (56%)  pos=40707  W/D/B=171/72/181  (40%/16%/42%)  d4/d7  1.6 games/s (avg 0.4)  909.4K nps  ETA 00:13:58
[2026-03-28T03:06:04.531] [INFO] [selfplay:0] [SelfPlay] 425/750 (56%)  pos=40763  W/D/B=172/72/181  (40%/16%/42%)  d4/d7  1.4 games/s (avg 0.4)  907.8K nps  ETA 00:13:56
[2026-03-28T03:06:07.634] [INFO] [selfplay:0] [SelfPlay] 426/750 (56%)  pos=40804  W/D/B=173/72/181  (40%/16%/42%)  d4/d7  1.3 games/s (avg 0.4)  906.8K nps  ETA 00:13:51
[2026-03-28T03:06:10.631] [INFO] [selfplay:0] [SelfPlay] 427/750 (56%)  pos=40877  W/D/B=174/72/181  (40%/16%/42%)  d4/d7  1.2 games/s (avg 0.4)  903.2K nps  ETA 00:13:49
[2026-03-28T03:06:15.200] [INFO] [selfplay:0] [SelfPlay] 428/750 (57%)  pos=41018  W/D/B=174/72/182  (40%/16%/42%)  d4/d7  1.0 games/s (avg 0.4)  902.5K nps  ETA 00:13:45
[2026-03-28T03:06:17.007] [INFO] [selfplay:0] [SelfPlay] 429/750 (57%)  pos=41126  W/D/B=175/72/182  (40%/16%/42%)  d4/d7  0.9 games/s (avg 0.4)  900.6K nps  ETA 00:13:47
[2026-03-28T03:06:18.544] [INFO] [selfplay:0] [SelfPlay] 430/750 (57%)  pos=41217  W/D/B=175/72/183  (40%/16%/42%)  d4/d7  0.9 games/s (avg 0.4)  903.0K nps  ETA 00:13:45
[2026-03-28T03:06:20.261] [INFO] [selfplay:0] [SelfPlay] 431/750 (57%)  pos=41381  W/D/B=175/72/184  (40%/16%/42%)  d4/d7  0.8 games/s (avg 0.4)  904.7K nps  ETA 00:13:40
[2026-03-28T03:06:20.623] [INFO] [selfplay:0] [SelfPlay] 432/750 (57%)  pos=41420  W/D/B=176/72/184  (40%/16%/42%)  d4/d7  0.8 games/s (avg 0.4)  904.5K nps  ETA 00:13:39
[2026-03-28T03:06:21.564] [INFO] [selfplay:0] [SelfPlay] 433/750 (57%)  pos=41471  W/D/B=176/72/185  (40%/16%/42%)  d4/d7  1.1 games/s (avg 0.4)  905.8K nps  ETA 00:13:34
[2026-03-28T03:06:26.742] [INFO] [selfplay:0] [SelfPlay] 434/750 (57%)  pos=41524  W/D/B=176/72/186  (40%/16%/42%)  d4/d7  1.1 games/s (avg 0.4)  904.8K nps  ETA 00:13:25
[2026-03-28T03:06:27.921] [INFO] [selfplay:0] [SelfPlay] 435/750 (58%)  pos=41683  W/D/B=176/73/186  (40%/16%/42%)  d4/d7  0.9 games/s (avg 0.4)  901.0K nps  ETA 00:13:30
[2026-03-28T03:06:30.500] [INFO] [selfplay:0] [SelfPlay] 436/750 (58%)  pos=41746  W/D/B=176/73/187  (40%/16%/42%)  d4/d7  0.9 games/s (avg 0.4)  900.9K nps  ETA 00:13:25
[2026-03-28T03:06:38.709] [INFO] [selfplay:0] [SelfPlay] 437/750 (58%)  pos=41804  W/D/B=176/73/188  (40%/16%/43%)  d4/d7  0.9 games/s (avg 0.4)  898.0K nps  ETA 00:13:15
[2026-03-28T03:06:38.725] [INFO] [selfplay:0] [SelfPlay] 438/750 (58%)  pos=41978  W/D/B=177/73/188  (40%/16%/42%)  d4/d7  0.7 games/s (avg 0.4)  891.1K nps  ETA 00:13:26
[2026-03-28T03:06:39.081] [INFO] [selfplay:0] [SelfPlay] 439/750 (58%)  pos=42065  W/D/B=178/73/188  (40%/16%/42%)  d4/d7  10.0 games/s (avg 0.4)  893.0K nps  ETA 00:13:21
[2026-03-28T03:06:41.565] [INFO] [selfplay:0] [SelfPlay] 440/750 (58%)  pos=42069  W/D/B=178/73/189  (40%/16%/42%)  d4/d7  8.9 games/s (avg 0.4)  892.6K nps  ETA 00:13:15
[2026-03-28T03:06:42.991] [INFO] [selfplay:0] [SelfPlay] 441/750 (58%)  pos=42134  W/D/B=179/73/189  (40%/16%/42%)  d4/d7  8.2 games/s (avg 0.4)  895.8K nps  ETA 00:13:13
[2026-03-28T03:06:43.863] [INFO] [selfplay:0] [SelfPlay] 442/750 (58%)  pos=42187  W/D/B=179/73/190  (40%/16%/42%)  d4/d7  7.6 games/s (avg 0.4)  897.4K nps  ETA 00:13:10
[2026-03-28T03:06:47.231] [INFO] [selfplay:0] [SelfPlay] 443/750 (59%)  pos=42346  W/D/B=179/73/191  (40%/16%/43%)  d4/d7  6.6 games/s (avg 0.4)  899.2K nps  ETA 00:13:05
[2026-03-28T03:06:47.260] [INFO] [selfplay:0] [SelfPlay] 444/750 (59%)  pos=42421  W/D/B=180/73/191  (40%/16%/43%)  d4/d7  6.1 games/s (avg 0.4)  902.3K nps  ETA 00:13:06
[2026-03-28T03:06:57.213] [INFO] [selfplay:0] [SelfPlay] 445/750 (59%)  pos=42498  W/D/B=180/73/192  (40%/16%/43%)  d4/d7  10.4 games/s (avg 0.4)  902.4K nps  ETA 00:12:51
[2026-03-28T03:07:04.473] [INFO] [selfplay:0] [SelfPlay] 446/750 (59%)  pos=42638  W/D/B=181/73/192  (40%/16%/43%)  d4/d7  9.6 games/s (avg 0.4)  905.1K nps  ETA 00:12:57
[2026-03-28T03:07:07.093] [INFO] [selfplay:0] [SelfPlay] 447/750 (59%)  pos=42835  W/D/B=182/73/192  (40%/16%/42%)  d4/d7  8.9 games/s (avg 0.4)  907.6K nps  ETA 00:13:01
[2026-03-28T03:07:08.010] [INFO] [selfplay:0] [SelfPlay] 448/750 (59%)  pos=42929  W/D/B=183/73/192  (40%/16%/42%)  d4/d7  8.2 games/s (avg 0.4)  909.4K nps  ETA 00:13:01
[2026-03-28T03:07:08.609] [INFO] [selfplay:0] [SelfPlay] 449/750 (59%)  pos=43016  W/D/B=184/73/192  (40%/16%/42%)  d4/d7  7.2 games/s (avg 0.4)  909.7K nps  ETA 00:12:58
[2026-03-28T03:07:09.944] [INFO] [selfplay:0] [SelfPlay] 450/750 (60%)  pos=43087  W/D/B=184/73/193  (40%/16%/42%)  d4/d7  6.3 games/s (avg 0.4)  912.2K nps  ETA 00:12:52
[2026-03-28T03:07:11.904] [INFO] [selfplay:0] [SelfPlay] 451/750 (60%)  pos=43206  W/D/B=184/74/193  (40%/16%/42%)  d4/d7  5.5 games/s (avg 0.4)  912.2K nps  ETA 00:12:49
[2026-03-28T03:07:12.810] [INFO] [selfplay:0] [SelfPlay] 452/750 (60%)  pos=43281  W/D/B=185/74/193  (40%/16%/42%)  d4/d7  5.1 games/s (avg 0.4)  912.2K nps  ETA 00:12:47
[2026-03-28T03:07:13.342] [INFO] [selfplay:0] [SelfPlay] 453/750 (60%)  pos=43359  W/D/B=185/75/193  (40%/16%/42%)  d4/d7  4.5 games/s (avg 0.4)  913.1K nps  ETA 00:12:44
[2026-03-28T03:07:16.515] [INFO] [selfplay:0] [SelfPlay] 454/750 (60%)  pos=43479  W/D/B=185/75/194  (40%/16%/42%)  d4/d7  4.1 games/s (avg 0.4)  914.7K nps  ETA 00:12:37
[2026-03-28T03:07:17.297] [INFO] [selfplay:0] [SelfPlay] 455/750 (60%)  pos=43666  W/D/B=185/76/194  (40%/16%/42%)  d4/d7  3.8 games/s (avg 0.4)  914.8K nps  ETA 00:12:37
[2026-03-28T03:07:18.806] [INFO] [selfplay:0] [SelfPlay] 456/750 (60%)  pos=43775  W/D/B=186/76/194  (40%/16%/42%)  d4/d7  3.4 games/s (avg 0.4)  917.8K nps  ETA 00:12:32
[2026-03-28T03:07:20.686] [INFO] [selfplay:0] [SelfPlay] 457/750 (60%)  pos=43919  W/D/B=186/76/195  (40%/16%/42%)  d4/d7  3.0 games/s (avg 0.4)  920.0K nps  ETA 00:12:30
[2026-03-28T03:07:25.371] [INFO] [selfplay:0] [SelfPlay] 458/750 (61%)  pos=44019  W/D/B=187/76/195  (40%/16%/42%)  d4/d7  2.6 games/s (avg 0.4)  921.2K nps  ETA 00:12:24
[2026-03-28T03:07:26.112] [INFO] [selfplay:0] [SelfPlay] 459/750 (61%)  pos=44103  W/D/B=188/76/195  (40%/16%/42%)  d4/d7  2.4 games/s (avg 0.4)  922.7K nps  ETA 00:12:26
[2026-03-28T03:07:26.342] [INFO] [selfplay:0] [SelfPlay] 460/750 (61%)  pos=44179  W/D/B=188/76/196  (40%/16%/42%)  d4/d7  2.3 games/s (avg 0.4)  924.9K nps  ETA 00:12:23
[2026-03-28T03:07:28.612] [INFO] [selfplay:0] [SelfPlay] 461/750 (61%)  pos=44219  W/D/B=188/77/196  (40%/16%/42%)  d4/d7  2.6 games/s (avg 0.4)  925.8K nps  ETA 00:12:17
[2026-03-28T03:07:31.519] [INFO] [selfplay:0] [SelfPlay] 462/750 (61%)  pos=44248  W/D/B=188/78/196  (40%/16%/42%)  d4/d7  2.3 games/s (avg 0.4)  924.1K nps  ETA 00:12:13
[2026-03-28T03:07:32.815] [INFO] [selfplay:0] [SelfPlay] 463/750 (61%)  pos=44395  W/D/B=189/78/196  (40%/16%/42%)  d4/d7  2.0 games/s (avg 0.4)  920.9K nps  ETA 00:12:12
[2026-03-28T03:07:37.244] [INFO] [selfplay:0] [SelfPlay] 464/750 (61%)  pos=44461  W/D/B=190/78/196  (40%/16%/42%)  d4/d7  1.8 games/s (avg 0.4)  920.9K nps  ETA 00:12:07
[2026-03-28T03:07:41.621] [INFO] [selfplay:0] [SelfPlay] 465/750 (62%)  pos=44492  W/D/B=190/78/197  (40%/16%/42%)  d4/d7  1.6 games/s (avg 0.4)  916.9K nps  ETA 00:12:05
[2026-03-28T03:07:45.518] [INFO] [selfplay:0] [SelfPlay] 466/750 (62%)  pos=44656  W/D/B=190/79/197  (40%/16%/42%)  d4/d7  1.4 games/s (avg 0.4)  912.0K nps  ETA 00:12:04
[2026-03-28T03:07:50.777] [INFO] [selfplay:0] [SelfPlay] 467/750 (62%)  pos=44745  W/D/B=191/79/197  (40%/16%/42%)  d4/d7  1.2 games/s (avg 0.4)  909.4K nps  ETA 00:12:00
[2026-03-28T03:07:51.395] [INFO] [selfplay:0] [SelfPlay] 468/750 (62%)  pos=44775  W/D/B=192/79/197  (41%/16%/42%)  d4/d7  1.0 games/s (avg 0.4)  904.5K nps  ETA 00:12:05
[2026-03-28T03:07:52.139] [INFO] [selfplay:0] [SelfPlay] 469/750 (62%)  pos=44868  W/D/B=193/79/197  (41%/16%/42%)  d4/d7  1.1 games/s (avg 0.4)  904.2K nps  ETA 00:12:00
[2026-03-28T03:07:52.923] [INFO] [selfplay:0] [SelfPlay] 470/750 (62%)  pos=44895  W/D/B=193/79/198  (41%/16%/42%)  d4/d7  1.2 games/s (avg 0.4)  904.5K nps  ETA 00:11:57
[2026-03-28T03:07:56.702] [INFO] [selfplay:0] [SelfPlay] 471/750 (62%)  pos=45058  W/D/B=194/79/198  (41%/16%/42%)  d4/d7  1.2 games/s (avg 0.4)  906.9K nps  ETA 00:11:50
[2026-03-28T03:07:57.603] [INFO] [selfplay:0] [SelfPlay] 472/750 (62%)  pos=45201  W/D/B=194/80/198  (41%/16%/41%)  d4/d7  1.0 games/s (avg 0.4)  902.9K nps  ETA 00:11:52
[2026-03-28T03:07:58.187] [INFO] [selfplay:0] [SelfPlay] 473/750 (63%)  pos=45272  W/D/B=194/80/199  (41%/16%/42%)  d4/d7  1.1 games/s (avg 0.4)  904.1K nps  ETA 00:11:48
[2026-03-28T03:08:04.975] [INFO] [selfplay:0] [SelfPlay] 474/750 (63%)  pos=45413  W/D/B=195/80/199  (41%/16%/41%)  d4/d7  1.2 games/s (avg 0.4)  906.5K nps  ETA 00:11:38
[2026-03-28T03:08:07.967] [INFO] [selfplay:0] [SelfPlay] 475/750 (63%)  pos=45532  W/D/B=195/80/200  (41%/16%/42%)  d4/d7  1.0 games/s (avg 0.4)  901.5K nps  ETA 00:11:42
[2026-03-28T03:08:16.195] [INFO] [selfplay:0] [SelfPlay] 476/750 (63%)  pos=45606  W/D/B=195/80/201  (40%/16%/42%)  d4/d7  0.9 games/s (avg 0.4)  900.5K nps  ETA 00:11:35
[2026-03-28T03:08:18.743] [INFO] [selfplay:0] [SelfPlay] 477/750 (63%)  pos=45735  W/D/B=195/80/202  (40%/16%/42%)  d4/d7  0.8 games/s (avg 0.4)  895.3K nps  ETA 00:11:40
[2026-03-28T03:08:19.183] [INFO] [selfplay:0] [SelfPlay] 478/750 (63%)  pos=45850  W/D/B=196/80/202  (41%/16%/42%)  d4/d7  0.7 games/s (avg 0.4)  894.8K nps  ETA 00:11:41
[2026-03-28T03:08:19.240] [INFO] [selfplay:0] [SelfPlay] 479/750 (63%)  pos=46033  W/D/B=196/80/203  (40%/16%/42%)  d4/d7  1.0 games/s (avg 0.4)  897.8K nps  ETA 00:11:37
[2026-03-28T03:08:24.020] [INFO] [selfplay:0] [SelfPlay] 480/750 (64%)  pos=46228  W/D/B=197/80/203  (41%/16%/42%)  d4/d7  3.5 games/s (avg 0.4)  902.6K nps  ETA 00:11:28
[2026-03-28T03:08:24.086] [INFO] [selfplay:0] [SelfPlay] 481/750 (64%)  pos=46338  W/D/B=197/80/204  (40%/16%/42%)  d4/d7  3.2 games/s (avg 0.4)  903.8K nps  ETA 00:11:31
[2026-03-28T03:08:25.099] [INFO] [selfplay:0] [SelfPlay] 482/750 (64%)  pos=46395  W/D/B=197/80/205  (40%/16%/42%)  d4/d7  5.0 games/s (avg 0.4)  905.4K nps  ETA 00:11:27
[2026-03-28T03:08:26.478] [INFO] [selfplay:0] [SelfPlay] 483/750 (64%)  pos=46463  W/D/B=198/80/205  (40%/16%/42%)  d4/d7  4.4 games/s (avg 0.4)  906.4K nps  ETA 00:11:23
[2026-03-28T03:08:30.537] [INFO] [selfplay:0] [SelfPlay] 484/750 (64%)  pos=46537  W/D/B=199/80/205  (41%/16%/42%)  d4/d7  3.9 games/s (avg 0.4)  906.7K nps  ETA 00:11:17
[2026-03-28T03:08:30.543] [INFO] [selfplay:0] [SelfPlay] 485/750 (64%)  pos=46584  W/D/B=199/80/206  (41%/16%/42%)  d4/d7  3.6 games/s (avg 0.4)  908.6K nps  ETA 00:11:19
[2026-03-28T03:08:35.951] [INFO] [selfplay:0] [SelfPlay] 486/750 (64%)  pos=46710  W/D/B=200/80/206  (41%/16%/42%)  d4/d7  25.6 games/s (avg 0.4)  911.1K nps  ETA 00:11:09
[2026-03-28T03:08:36.436] [INFO] [selfplay:0] [SelfPlay] 487/750 (64%)  pos=46882  W/D/B=200/81/206  (41%/16%/42%)  d4/d7  23.7 games/s (avg 0.4)  911.4K nps  ETA 00:11:14
[2026-03-28T03:08:40.016] [INFO] [selfplay:0] [SelfPlay] 488/750 (65%)  pos=46965  W/D/B=200/82/206  (40%/16%/42%)  d4/d7  21.9 games/s (avg 0.4)  912.1K nps  ETA 00:11:06
[2026-03-28T03:08:54.300] [INFO] [selfplay:0] [SelfPlay] 489/750 (65%)  pos=47068  W/D/B=200/82/207  (40%/16%/42%)  d4/d7  20.3 games/s (avg 0.4)  914.3K nps  ETA 00:10:54
[2026-03-28T03:08:55.828] [INFO] [selfplay:0] [SelfPlay] 490/750 (65%)  pos=47204  W/D/B=200/83/207  (40%/16%/42%)  d4/d7  18.8 games/s (avg 0.4)  916.2K nps  ETA 00:11:10
[2026-03-28T03:08:56.816] [INFO] [selfplay:0] [SelfPlay] 491/750 (65%)  pos=47254  W/D/B=201/83/207  (40%/16%/42%)  d4/d7  17.4 games/s (avg 0.4)  917.3K nps  ETA 00:11:08
[2026-03-28T03:08:57.480] [INFO] [selfplay:0] [SelfPlay] 492/750 (65%)  pos=47416  W/D/B=201/83/208  (40%/16%/42%)  d4/d7  16.1 games/s (avg 0.4)  918.4K nps  ETA 00:11:06
[2026-03-28T03:09:01.021] [INFO] [selfplay:0] [SelfPlay] 493/750 (65%)  pos=47464  W/D/B=201/84/208  (40%/17%/42%)  d4/d7  14.9 games/s (avg 0.4)  919.2K nps  ETA 00:10:58
[2026-03-28T03:09:01.713] [INFO] [selfplay:0] [SelfPlay] 494/750 (65%)  pos=47574  W/D/B=201/85/208  (40%/17%/42%)  d4/d7  13.7 games/s (avg 0.4)  921.6K nps  ETA 00:10:59
[2026-03-28T03:09:06.886] [INFO] [selfplay:0] [SelfPlay] 495/750 (66%)  pos=47644  W/D/B=202/85/208  (40%/17%/42%)  d4/d7  11.9 games/s (avg 0.4)  923.4K nps  ETA 00:10:51
[2026-03-28T03:09:08.918] [INFO] [selfplay:0] [SelfPlay] 496/750 (66%)  pos=47692  W/D/B=202/85/209  (40%/17%/42%)  d4/d7  11.0 games/s (avg 0.4)  925.2K nps  ETA 00:10:53
[2026-03-28T03:09:10.293] [INFO] [selfplay:0] [SelfPlay] 497/750 (66%)  pos=47823  W/D/B=202/85/210  (40%/17%/42%)  d4/d7  10.2 games/s (avg 0.4)  928.2K nps  ETA 00:10:51
[2026-03-28T03:09:12.018] [INFO] [selfplay:0] [SelfPlay] 498/750 (66%)  pos=47914  W/D/B=202/85/211  (40%/17%/42%)  d4/d7  9.4 games/s (avg 0.4)  930.7K nps  ETA 00:10:47
[2026-03-28T03:09:12.685] [INFO] [selfplay:0] [SelfPlay] 499/750 (66%)  pos=48043  W/D/B=203/85/211  (40%/17%/42%)  d4/d7  8.7 games/s (avg 0.4)  933.6K nps  ETA 00:10:45
[2026-03-28T03:09:20.366] [INFO] [selfplay:0] [SelfPlay] 500/750 (66%)  pos=48181  W/D/B=204/85/211  (40%/17%/42%)  d4/d7  7.6 games/s (avg 0.4)  933.1K nps  ETA 00:10:35
[2026-03-28T03:09:23.299] [INFO] [selfplay:0] [SelfPlay] 501/750 (66%)  pos=48223  W/D/B=204/85/212  (40%/16%/42%)  d4/d7  7.1 games/s (avg 0.4)  934.5K nps  ETA 00:10:39
[2026-03-28T03:09:29.379] [INFO] [selfplay:0] [SelfPlay] 502/750 (66%)  pos=48383  W/D/B=204/86/212  (40%/17%/42%)  d4/d7  6.5 games/s (avg 0.4)  939.0K nps  ETA 00:10:34
[2026-03-28T03:09:31.211] [INFO] [selfplay:0] [SelfPlay] 503/750 (67%)  pos=48496  W/D/B=205/86/212  (40%/17%/42%)  d4/d7  6.0 games/s (avg 0.4)  941.9K nps  ETA 00:10:37
[2026-03-28T03:09:32.293] [INFO] [selfplay:0] [SelfPlay] 504/750 (67%)  pos=48633  W/D/B=206/86/212  (40%/17%/42%)  d4/d7  5.6 games/s (avg 0.4)  944.1K nps  ETA 00:10:35
[2026-03-28T03:09:36.203] [INFO] [selfplay:0] [SelfPlay] 505/750 (67%)  pos=48732  W/D/B=207/86/212  (40%/17%/41%)  d4/d7  4.9 games/s (avg 0.4)  945.1K nps  ETA 00:10:29
[2026-03-28T03:09:38.027] [INFO] [selfplay:0] [SelfPlay] 506/750 (67%)  pos=48829  W/D/B=207/86/213  (40%/16%/42%)  d4/d7  4.5 games/s (avg 0.4)  946.7K nps  ETA 00:10:29
[2026-03-28T03:09:41.510] [INFO] [selfplay:0] [SelfPlay] 507/750 (67%)  pos=48944  W/D/B=207/86/214  (40%/16%/42%)  d4/d7  3.9 games/s (avg 0.4)  946.9K nps  ETA 00:10:25
[2026-03-28T03:09:44.857] [INFO] [selfplay:0] [SelfPlay] 508/750 (67%)  pos=49074  W/D/B=208/86/214  (40%/16%/42%)  d4/d7  3.6 games/s (avg 0.4)  949.1K nps  ETA 00:10:22
[2026-03-28T03:09:45.480] [INFO] [selfplay:0] [SelfPlay] 509/750 (67%)  pos=49161  W/D/B=209/86/214  (41%/16%/42%)  d4/d7  3.4 games/s (avg 0.4)  950.8K nps  ETA 00:10:24
[2026-03-28T03:09:46.030] [INFO] [selfplay:0] [SelfPlay] 510/750 (68%)  pos=49256  W/D/B=209/87/214  (40%/17%/41%)  d4/d7  3.1 games/s (avg 0.4)  951.6K nps  ETA 00:10:19
[2026-03-28T03:09:47.144] [INFO] [selfplay:0] [SelfPlay] 511/750 (68%)  pos=49418  W/D/B=209/87/215  (40%/17%/42%)  d4/d7  2.9 games/s (avg 0.4)  954.3K nps  ETA 00:10:16
[2026-03-28T03:09:51.719] [INFO] [selfplay:0] [SelfPlay] 512/750 (68%)  pos=49481  W/D/B=210/87/215  (41%/16%/41%)  d4/d7  2.6 games/s (avg 0.4)  955.3K nps  ETA 00:10:08
[2026-03-28T03:09:51.993] [INFO] [selfplay:0] [SelfPlay] 513/750 (68%)  pos=49658  W/D/B=210/87/216  (40%/16%/42%)  d4/d7  2.4 games/s (avg 0.4)  955.2K nps  ETA 00:10:12
[2026-03-28T03:09:58.716] [INFO] [selfplay:0] [SelfPlay] 514/750 (68%)  pos=49753  W/D/B=210/87/217  (40%/16%/42%)  d4/d7  2.6 games/s (avg 0.4)  955.3K nps  ETA 00:10:01
[2026-03-28T03:09:59.648] [INFO] [selfplay:0] [SelfPlay] 515/750 (68%)  pos=49811  W/D/B=210/87/218  (40%/16%/42%)  d4/d7  2.4 games/s (avg 0.4)  956.2K nps  ETA 00:10:07
[2026-03-28T03:10:02.683] [INFO] [selfplay:0] [SelfPlay] 516/750 (68%)  pos=49918  W/D/B=210/87/219  (40%/16%/42%)  d4/d7  2.2 games/s (avg 0.4)  957.4K nps  ETA 00:10:01
[2026-03-28T03:10:04.570] [INFO] [selfplay:0] [SelfPlay] 517/750 (68%)  pos=49949  W/D/B=210/87/220  (40%/16%/42%)  d4/d7  1.9 games/s (avg 0.4)  955.1K nps  ETA 00:10:00
[2026-03-28T03:10:04.625] [INFO] [selfplay:0] [SelfPlay] 518/750 (69%)  pos=50127  W/D/B=210/88/220  (40%/16%/42%)  d4/d7  1.7 games/s (avg 0.4)  955.2K nps  ETA 00:09:59
[2026-03-28T03:10:12.633] [INFO] [selfplay:0] [SelfPlay] 519/750 (69%)  pos=50195  W/D/B=210/89/220  (40%/17%/42%)  d4/d7  4.2 games/s (avg 0.4)  957.1K nps  ETA 00:09:47
[2026-03-28T03:10:13.281] [INFO] [selfplay:0] [SelfPlay] 520/750 (69%)  pos=50273  W/D/B=210/89/221  (40%/17%/42%)  d4/d7  3.9 games/s (avg 0.4)  958.1K nps  ETA 00:09:54
[2026-03-28T03:10:16.462] [INFO] [selfplay:0] [SelfPlay] 521/750 (69%)  pos=50363  W/D/B=211/89/221  (40%/17%/42%)  d4/d7  3.5 games/s (avg 0.4)  959.7K nps  ETA 00:09:48
[2026-03-28T03:10:17.499] [INFO] [selfplay:0] [SelfPlay] 522/750 (69%)  pos=50443  W/D/B=211/89/222  (40%/17%/42%)  d4/d7  3.3 games/s (avg 0.4)  959.6K nps  ETA 00:09:48
[2026-03-28T03:10:21.540] [INFO] [selfplay:0] [SelfPlay] 523/750 (69%)  pos=50547  W/D/B=211/89/223  (40%/17%/42%)  d4/d7  2.9 games/s (avg 0.4)  960.5K nps  ETA 00:09:42
[2026-03-28T03:10:23.745] [INFO] [selfplay:0] [SelfPlay] 524/750 (69%)  pos=50625  W/D/B=211/89/224  (40%/16%/42%)  d4/d7  2.7 games/s (avg 0.4)  961.8K nps  ETA 00:09:41
[2026-03-28T03:10:25.076] [INFO] [selfplay:0] [SelfPlay] 525/750 (70%)  pos=50756  W/D/B=211/90/224  (40%/17%/42%)  d4/d7  2.4 games/s (avg 0.4)  959.7K nps  ETA 00:09:40
[2026-03-28T03:10:26.028] [INFO] [selfplay:0] [SelfPlay] 526/750 (70%)  pos=50921  W/D/B=212/90/224  (40%/17%/42%)  d4/d7  2.1 games/s (avg 0.4)  962.4K nps  ETA 00:09:37
[2026-03-28T03:10:29.019] [INFO] [selfplay:0] [SelfPlay] 527/750 (70%)  pos=51034  W/D/B=212/90/225  (40%/17%/42%)  d4/d7  2.0 games/s (avg 0.4)  963.7K nps  ETA 00:09:32
[2026-03-28T03:10:30.291] [INFO] [selfplay:0] [SelfPlay] 528/750 (70%)  pos=51096  W/D/B=212/91/225  (40%/17%/42%)  d4/d7  1.7 games/s (avg 0.4)  963.2K nps  ETA 00:09:31
[2026-03-28T03:10:38.196] [INFO] [selfplay:0] [SelfPlay] 529/750 (70%)  pos=51209  W/D/B=213/91/225  (40%/17%/42%)  d4/d7  1.6 games/s (avg 0.4)  963.8K nps  ETA 00:09:21
[2026-03-28T03:10:38.809] [INFO] [selfplay:0] [SelfPlay] 530/750 (70%)  pos=51292  W/D/B=214/91/225  (40%/17%/42%)  d4/d7  1.5 games/s (avg 0.4)  965.1K nps  ETA 00:09:28
[2026-03-28T03:10:43.127] [INFO] [selfplay:0] [SelfPlay] 531/750 (70%)  pos=51382  W/D/B=214/91/226  (40%/17%/42%)  d4/d7  1.5 games/s (avg 0.4)  966.4K nps  ETA 00:09:21
[2026-03-28T03:10:44.583] [INFO] [selfplay:0] [SelfPlay] 532/750 (70%)  pos=51495  W/D/B=215/91/226  (40%/17%/42%)  d4/d7  1.3 games/s (avg 0.4)  961.9K nps  ETA 00:09:23
[2026-03-28T03:10:45.016] [INFO] [selfplay:0] [SelfPlay] 533/750 (71%)  pos=51552  W/D/B=215/91/227  (40%/17%/42%)  d4/d7  1.2 games/s (avg 0.4)  961.4K nps  ETA 00:09:19
[2026-03-28T03:10:45.888] [INFO] [selfplay:0] [SelfPlay] 534/750 (71%)  pos=51689  W/D/B=215/92/227  (40%/17%/42%)  d4/d7  1.4 games/s (avg 0.4)  961.4K nps  ETA 00:09:16
[2026-03-28T03:10:46.407] [INFO] [selfplay:0] [SelfPlay] 535/750 (71%)  pos=51761  W/D/B=215/92/228  (40%/17%/42%)  d4/d7  1.3 games/s (avg 0.4)  961.7K nps  ETA 00:09:14
[2026-03-28T03:10:47.078] [INFO] [selfplay:0] [SelfPlay] 536/750 (71%)  pos=51824  W/D/B=215/92/229  (40%/17%/42%)  d4/d7  1.4 games/s (avg 0.4)  961.2K nps  ETA 00:09:09
[2026-03-28T03:10:48.300] [INFO] [selfplay:0] [SelfPlay] 537/750 (71%)  pos=51925  W/D/B=216/92/229  (40%/17%/42%)  d4/d7  1.4 games/s (avg 0.4)  962.1K nps  ETA 00:09:06
[2026-03-28T03:10:49.807] [INFO] [selfplay:0] [SelfPlay] 538/750 (71%)  pos=52011  W/D/B=216/92/230  (40%/17%/42%)  d4/d7  1.3 games/s (avg 0.4)  961.1K nps  ETA 00:09:02
[2026-03-28T03:10:51.293] [INFO] [selfplay:0] [SelfPlay] 539/750 (71%)  pos=52111  W/D/B=216/92/231  (40%/17%/42%)  d4/d7  1.2 games/s (avg 0.4)  961.5K nps  ETA 00:09:00
[2026-03-28T03:10:54.100] [INFO] [selfplay:0] [SelfPlay] 540/750 (72%)  pos=52209  W/D/B=217/92/231  (40%/17%/42%)  d4/d7  1.2 games/s (avg 0.4)  962.7K nps  ETA 00:08:55
[2026-03-28T03:10:54.854] [INFO] [selfplay:0] [SelfPlay] 541/750 (72%)  pos=52268  W/D/B=218/92/231  (40%/17%/42%)  d4/d7  1.0 games/s (avg 0.4)  959.9K nps  ETA 00:08:54
[2026-03-28T03:11:00.323] [INFO] [selfplay:0] [SelfPlay] 542/750 (72%)  pos=52360  W/D/B=218/92/232  (40%/16%/42%)  d4/d7  1.1 games/s (avg 0.4)  961.3K nps  ETA 00:08:47
[2026-03-28T03:11:01.874] [INFO] [selfplay:0] [SelfPlay] 543/750 (72%)  pos=52466  W/D/B=218/92/233  (40%/16%/42%)  d4/d7  0.9 games/s (avg 0.4)  957.2K nps  ETA 00:08:49
[2026-03-28T03:11:04.765] [INFO] [selfplay:0] [SelfPlay] 544/750 (72%)  pos=52547  W/D/B=218/92/234  (40%/16%/43%)  d4/d7  0.9 games/s (avg 0.4)  957.6K nps  ETA 00:08:45
[2026-03-28T03:11:06.142] [INFO] [selfplay:0] [SelfPlay] 545/750 (72%)  pos=52604  W/D/B=218/93/234  (40%/17%/42%)  d4/d7  0.8 games/s (avg 0.4)  954.6K nps  ETA 00:08:44
[2026-03-28T03:11:10.288] [INFO] [selfplay:0] [SelfPlay] 546/750 (72%)  pos=52695  W/D/B=219/93/234  (40%/17%/42%)  d4/d7  0.8 games/s (avg 0.4)  956.8K nps  ETA 00:08:38
[2026-03-28T03:11:21.790] [INFO] [selfplay:0] [SelfPlay] 547/750 (72%)  pos=52849  W/D/B=219/94/234  (40%/17%/42%)  d4/d7  0.7 games/s (avg 0.4)  952.5K nps  ETA 00:08:28
[2026-03-28T03:11:21.800] [INFO] [selfplay:0] [SelfPlay] 548/750 (73%)  pos=52892  W/D/B=219/95/234  (39%/17%/42%)  d4/d7  0.6 games/s (avg 0.4)  941.7K nps  ETA 00:08:41
[2026-03-28T03:11:24.346] [INFO] [selfplay:0] [SelfPlay] 549/750 (73%)  pos=52977  W/D/B=219/95/235  (39%/17%/42%)  d4/d7  15.7 games/s (avg 0.4)  943.7K nps  ETA 00:08:36
[2026-03-28T03:11:26.236] [INFO] [selfplay:0] [SelfPlay] 550/750 (73%)  pos=53129  W/D/B=220/95/235  (40%/17%/42%)  d4/d7  14.5 games/s (avg 0.4)  946.8K nps  ETA 00:08:33
[2026-03-28T03:11:26.408] [INFO] [selfplay:0] [SelfPlay] 551/750 (73%)  pos=53245  W/D/B=220/96/235  (39%/17%/42%)  d4/d7  13.4 games/s (avg 0.4)  949.0K nps  ETA 00:08:32
[2026-03-28T03:11:28.651] [INFO] [selfplay:0] [SelfPlay] 552/750 (73%)  pos=53334  W/D/B=221/96/235  (40%/17%/42%)  d4/d7  12.3 games/s (avg 0.4)  950.9K nps  ETA 00:08:27
[2026-03-28T03:11:30.183] [INFO] [selfplay:0] [SelfPlay] 553/750 (73%)  pos=53405  W/D/B=222/96/235  (40%/17%/42%)  d4/d7  11.4 games/s (avg 0.4)  953.4K nps  ETA 00:08:24
[2026-03-28T03:11:30.685] [INFO] [selfplay:0] [SelfPlay] 554/750 (73%)  pos=53462  W/D/B=223/96/235  (40%/17%/42%)  d4/d7  10.5 games/s (avg 0.4)  955.6K nps  ETA 00:08:22
[2026-03-28T03:11:34.533] [INFO] [selfplay:0] [SelfPlay] 555/750 (74%)  pos=53590  W/D/B=223/97/235  (40%/17%/42%)  d4/d7  9.2 games/s (avg 0.4)  956.9K nps  ETA 00:08:16
[2026-03-28T03:11:35.011] [INFO] [selfplay:0] [SelfPlay] 556/750 (74%)  pos=53680  W/D/B=223/97/236  (40%/17%/42%)  d4/d7  8.5 games/s (avg 0.4)  959.0K nps  ETA 00:08:17
[2026-03-28T03:11:42.177] [INFO] [selfplay:0] [SelfPlay] 557/750 (74%)  pos=53920  W/D/B=223/98/236  (40%/17%/42%)  d4/d7  7.6 games/s (avg 0.4)  961.4K nps  ETA 00:08:07
[2026-03-28T03:11:50.194] [INFO] [selfplay:0] [SelfPlay] 558/750 (74%)  pos=54026  W/D/B=223/98/237  (39%/17%/42%)  d4/d7  7.0 games/s (avg 0.4)  963.4K nps  ETA 00:08:05
[2026-03-28T03:11:52.246] [INFO] [selfplay:0] [SelfPlay] 559/750 (74%)  pos=54056  W/D/B=223/99/237  (39%/17%/42%)  d4/d7  6.5 games/s (avg 0.4)  964.8K nps  ETA 00:08:11
[2026-03-28T03:11:53.057] [INFO] [selfplay:0] [SelfPlay] 560/750 (74%)  pos=54095  W/D/B=224/99/237  (40%/17%/42%)  d4/d7  6.0 games/s (avg 0.4)  965.8K nps  ETA 00:08:09
[2026-03-28T03:11:53.546] [INFO] [selfplay:0] [SelfPlay] 561/750 (74%)  pos=54136  W/D/B=225/99/237  (40%/17%/42%)  d4/d7  5.3 games/s (avg 0.4)  966.5K nps  ETA 00:08:07
[2026-03-28T03:11:56.602] [INFO] [selfplay:0] [SelfPlay] 562/750 (74%)  pos=54176  W/D/B=226/99/237  (40%/17%/42%)  d4/d7  4.8 games/s (avg 0.4)  967.0K nps  ETA 00:08:01
[2026-03-28T03:12:03.630] [INFO] [selfplay:0] [SelfPlay] 563/750 (75%)  pos=54326  W/D/B=227/99/237  (40%/17%/42%)  d4/d7  4.4 games/s (avg 0.4)  969.5K nps  ETA 00:07:54
[2026-03-28T03:12:06.898] [INFO] [selfplay:0] [SelfPlay] 564/750 (75%)  pos=54382  W/D/B=228/99/237  (40%/17%/42%)  d4/d7  4.1 games/s (avg 0.4)  971.6K nps  ETA 00:07:56
[2026-03-28T03:12:09.981] [INFO] [selfplay:0] [SelfPlay] 565/750 (75%)  pos=54489  W/D/B=229/99/237  (40%/17%/41%)  d4/d7  3.8 games/s (avg 0.4)  973.6K nps  ETA 00:07:55
[2026-03-28T03:12:12.871] [INFO] [selfplay:0] [SelfPlay] 566/750 (75%)  pos=54589  W/D/B=229/99/238  (40%/17%/42%)  d4/d7  3.5 games/s (avg 0.4)  975.6K nps  ETA 00:07:52
[2026-03-28T03:12:14.538] [INFO] [selfplay:0] [SelfPlay] 567/750 (75%)  pos=54615  W/D/B=230/99/238  (40%/17%/41%)  d4/d7  3.2 games/s (avg 0.4)  975.5K nps  ETA 00:07:52
[2026-03-28T03:12:19.423] [INFO] [selfplay:0] [SelfPlay] 568/750 (75%)  pos=54721  W/D/B=231/99/238  (40%/17%/41%)  d4/d7  2.8 games/s (avg 0.4)  975.5K nps  ETA 00:07:45
[2026-03-28T03:12:23.181] [INFO] [selfplay:0] [SelfPlay] 569/750 (75%)  pos=54821  W/D/B=232/99/238  (40%/17%/41%)  d4/d7  2.6 games/s (avg 0.4)  975.4K nps  ETA 00:07:44
[2026-03-28T03:12:29.342] [INFO] [selfplay:0] [SelfPlay] 570/750 (76%)  pos=54825  W/D/B=233/99/238  (40%/17%/41%)  d4/d7  2.3 games/s (avg 0.4)  971.6K nps  ETA 00:07:40
[2026-03-28T03:12:29.658] [INFO] [selfplay:0] [SelfPlay] 571/750 (76%)  pos=54953  W/D/B=234/99/238  (40%/17%/41%)  d4/d7  2.1 games/s (avg 0.4)  973.4K nps  ETA 00:07:44
[2026-03-28T03:12:30.282] [INFO] [selfplay:0] [SelfPlay] 572/750 (76%)  pos=55022  W/D/B=234/99/239  (40%/17%/41%)  d4/d7  2.3 games/s (avg 0.4)  975.0K nps  ETA 00:07:40
[2026-03-28T03:12:32.729] [INFO] [selfplay:0] [SelfPlay] 573/750 (76%)  pos=55261  W/D/B=234/100/239  (40%/17%/41%)  d4/d7  2.2 games/s (avg 0.4)  976.4K nps  ETA 00:07:35
[2026-03-28T03:12:35.071] [INFO] [selfplay:0] [SelfPlay] 574/750 (76%)  pos=55378  W/D/B=234/100/240  (40%/17%/41%)  d4/d7  1.9 games/s (avg 0.4)  977.2K nps  ETA 00:07:33
[2026-03-28T03:12:35.532] [INFO] [selfplay:0] [SelfPlay] 575/750 (76%)  pos=55453  W/D/B=235/100/240  (40%/17%/41%)  d4/d7  1.7 games/s (avg 0.4)  975.0K nps  ETA 00:07:32
[2026-03-28T03:12:36.248] [INFO] [selfplay:0] [SelfPlay] 576/750 (76%)  pos=55597  W/D/B=235/100/241  (40%/17%/41%)  d4/d7  1.8 games/s (avg 0.4)  977.0K nps  ETA 00:07:28
[2026-03-28T03:12:40.733] [INFO] [selfplay:0] [SelfPlay] 577/750 (76%)  pos=55719  W/D/B=236/100/241  (40%/17%/41%)  d4/d7  1.7 games/s (avg 0.4)  978.1K nps  ETA 00:07:21
[2026-03-28T03:12:44.271] [INFO] [selfplay:0] [SelfPlay] 578/750 (77%)  pos=55959  W/D/B=236/101/241  (40%/17%/41%)  d4/d7  1.5 games/s (avg 0.4)  977.8K nps  ETA 00:07:21
[2026-03-28T03:12:44.813] [INFO] [selfplay:0] [SelfPlay] 579/750 (77%)  pos=56037  W/D/B=236/101/242  (40%/17%/41%)  d4/d7  1.3 games/s (avg 0.4)  976.3K nps  ETA 00:07:21
[2026-03-28T03:12:45.512] [INFO] [selfplay:0] [SelfPlay] 580/750 (77%)  pos=56148  W/D/B=237/101/242  (40%/17%/41%)  d4/d7  1.4 games/s (avg 0.4)  977.5K nps  ETA 00:07:19
[2026-03-28T03:12:48.253] [INFO] [selfplay:0] [SelfPlay] 581/750 (77%)  pos=56252  W/D/B=237/102/242  (40%/17%/41%)  d4/d7  1.4 games/s (avg 0.4)  977.0K nps  ETA 00:07:12
[2026-03-28T03:12:51.624] [INFO] [selfplay:0] [SelfPlay] 582/750 (77%)  pos=56344  W/D/B=237/102/243  (40%/17%/41%)  d4/d7  1.2 games/s (avg 0.4)  975.5K nps  ETA 00:07:10
[2026-03-28T03:12:52.820] [INFO] [selfplay:0] [SelfPlay] 583/750 (77%)  pos=56449  W/D/B=238/102/243  (40%/17%/41%)  d4/d7  1.1 games/s (avg 0.4)  976.5K nps  ETA 00:07:09
[2026-03-28T03:12:53.613] [INFO] [selfplay:0] [SelfPlay] 584/750 (77%)  pos=56531  W/D/B=239/102/243  (40%/17%/41%)  d4/d7  1.1 games/s (avg 0.4)  975.7K nps  ETA 00:07:08
[2026-03-28T03:12:59.513] [INFO] [selfplay:0] [SelfPlay] 585/750 (78%)  pos=56614  W/D/B=239/102/244  (40%/17%/41%)  d4/d7  1.1 games/s (avg 0.4)  978.3K nps  ETA 00:06:59
[2026-03-28T03:13:01.464] [INFO] [selfplay:0] [SelfPlay] 586/750 (78%)  pos=56619  W/D/B=240/102/244  (40%/17%/41%)  d4/d7  0.9 games/s (avg 0.4)  972.5K nps  ETA 00:07:01
[2026-03-28T03:13:02.065] [INFO] [selfplay:0] [SelfPlay] 587/750 (78%)  pos=56708  W/D/B=240/103/244  (40%/17%/41%)  d4/d7  0.9 games/s (avg 0.4)  972.1K nps  ETA 00:06:59
[2026-03-28T03:13:05.027] [INFO] [selfplay:0] [SelfPlay] 588/750 (78%)  pos=56712  W/D/B=240/103/245  (40%/17%/41%)  d4/d7  1.0 games/s (avg 0.4)  971.5K nps  ETA 00:06:54
[2026-03-28T03:13:05.816] [INFO] [selfplay:0] [SelfPlay] 589/750 (78%)  pos=56741  W/D/B=241/103/245  (40%/17%/41%)  d4/d7  0.9 games/s (avg 0.4)  969.6K nps  ETA 00:06:54
[2026-03-28T03:13:10.168] [INFO] [selfplay:0] [SelfPlay] 590/750 (78%)  pos=56828  W/D/B=242/103/245  (41%/17%/41%)  d4/d7  1.0 games/s (avg 0.4)  969.0K nps  ETA 00:06:47
[2026-03-28T03:13:10.465] [INFO] [selfplay:0] [SelfPlay] 591/750 (78%)  pos=56880  W/D/B=242/103/246  (40%/17%/41%)  d4/d7  0.8 games/s (avg 0.4)  965.9K nps  ETA 00:06:49
[2026-03-28T03:13:11.048] [INFO] [selfplay:0] [SelfPlay] 592/750 (78%)  pos=56961  W/D/B=243/103/246  (41%/17%/41%)  d4/d7  1.2 games/s (avg 0.4)  967.5K nps  ETA 00:06:45
[2026-03-28T03:13:12.080] [INFO] [selfplay:0] [SelfPlay] 593/750 (79%)  pos=57053  W/D/B=243/103/247  (40%/17%/41%)  d4/d7  1.3 games/s (avg 0.4)  969.1K nps  ETA 00:06:42
[2026-03-28T03:13:19.801] [INFO] [selfplay:0] [SelfPlay] 594/750 (79%)  pos=57122  W/D/B=244/103/247  (41%/17%/41%)  d4/d7  1.2 games/s (avg 0.4)  968.4K nps  ETA 00:06:32
[2026-03-28T03:13:27.112] [INFO] [selfplay:0] [SelfPlay] 595/750 (79%)  pos=57195  W/D/B=244/103/248  (41%/17%/41%)  d4/d7  1.1 games/s (avg 0.4)  962.9K nps  ETA 00:06:32
[2026-03-28T03:13:30.194] [INFO] [selfplay:0] [SelfPlay] 596/750 (79%)  pos=57298  W/D/B=244/103/249  (40%/17%/41%)  d4/d7  0.9 games/s (avg 0.4)  957.3K nps  ETA 00:06:35
[2026-03-28T03:13:33.121] [INFO] [selfplay:0] [SelfPlay] 597/750 (79%)  pos=57353  W/D/B=245/103/249  (41%/17%/41%)  d4/d7  0.8 games/s (avg 0.4)  957.3K nps  ETA 00:06:32
[2026-03-28T03:13:36.875] [INFO] [selfplay:0] [SelfPlay] 598/750 (79%)  pos=57537  W/D/B=245/104/249  (40%/17%/41%)  d4/d7  0.8 games/s (avg 0.4)  954.7K nps  ETA 00:06:29
[2026-03-28T03:13:40.005] [INFO] [selfplay:0] [SelfPlay] 599/750 (79%)  pos=57678  W/D/B=245/104/250  (40%/17%/41%)  d4/d7  0.7 games/s (avg 0.4)  952.4K nps  ETA 00:06:27
[2026-03-28T03:13:41.900] [INFO] [selfplay:0] [SelfPlay] 600/750 (80%)  pos=57918  W/D/B=245/105/250  (40%/17%/41%)  d4/d7  0.6 games/s (avg 0.4)  952.8K nps  ETA 00:06:26
[2026-03-28T03:13:41.942] [INFO] [selfplay:0] [SelfPlay] 601/750 (80%)  pos=57961  W/D/B=246/105/250  (40%/17%/41%)  d4/d7  0.6 games/s (avg 0.4)  953.2K nps  ETA 00:06:25
[2026-03-28T03:13:45.674] [INFO] [selfplay:0] [SelfPlay] 602/750 (80%)  pos=58038  W/D/B=247/105/250  (41%/17%/41%)  d4/d7  4.1 games/s (avg 0.4)  954.7K nps  ETA 00:06:19
[2026-03-28T03:13:48.313] [INFO] [selfplay:0] [SelfPlay] 603/750 (80%)  pos=58179  W/D/B=247/105/251  (40%/17%/41%)  d4/d7  3.8 games/s (avg 0.4)  957.4K nps  ETA 00:06:17
[2026-03-28T03:13:48.614] [INFO] [selfplay:0] [SelfPlay] 604/750 (80%)  pos=58257  W/D/B=248/105/251  (41%/17%/41%)  d4/d7  3.5 games/s (avg 0.4)  959.3K nps  ETA 00:06:17
[2026-03-28T03:13:52.526] [INFO] [selfplay:0] [SelfPlay] 605/750 (80%)  pos=58335  W/D/B=248/105/252  (40%/17%/41%)  d4/d7  3.5 games/s (avg 0.4)  960.5K nps  ETA 00:06:10
[2026-03-28T03:13:55.963] [INFO] [selfplay:0] [SelfPlay] 606/750 (80%)  pos=58464  W/D/B=248/105/253  (40%/17%/41%)  d4/d7  3.2 games/s (avg 0.4)  962.5K nps  ETA 00:06:08
[2026-03-28T03:13:57.650] [INFO] [selfplay:0] [SelfPlay] 607/750 (80%)  pos=58577  W/D/B=249/105/253  (41%/17%/41%)  d4/d7  3.0 games/s (avg 0.4)  965.5K nps  ETA 00:06:08
[2026-03-28T03:14:02.298] [INFO] [selfplay:0] [SelfPlay] 608/750 (81%)  pos=58654  W/D/B=250/105/253  (41%/17%/41%)  d4/d7  2.6 games/s (avg 0.4)  966.4K nps  ETA 00:06:01
[2026-03-28T03:14:04.459] [INFO] [selfplay:0] [SelfPlay] 609/750 (81%)  pos=58716  W/D/B=250/105/254  (41%/17%/41%)  d4/d7  2.4 games/s (avg 0.4)  967.3K nps  ETA 00:06:02
[2026-03-28T03:14:09.009] [INFO] [selfplay:0] [SelfPlay] 610/750 (81%)  pos=58889  W/D/B=250/106/254  (40%/17%/41%)  d4/d7  2.1 games/s (avg 0.4)  967.1K nps  ETA 00:05:57
[2026-03-28T03:14:09.288] [INFO] [selfplay:0] [SelfPlay] 611/750 (81%)  pos=58932  W/D/B=251/106/254  (41%/17%/41%)  d4/d7  1.9 games/s (avg 0.4)  963.7K nps  ETA 00:05:59
[2026-03-28T03:14:11.467] [INFO] [selfplay:0] [SelfPlay] 612/750 (81%)  pos=59022  W/D/B=252/106/254  (41%/17%/41%)  d4/d7  2.1 games/s (avg 0.4)  965.4K nps  ETA 00:05:54
[2026-03-28T03:14:11.787] [INFO] [selfplay:0] [SelfPlay] 613/750 (81%)  pos=59186  W/D/B=252/106/255  (41%/17%/41%)  d4/d7  1.9 games/s (avg 0.4)  965.0K nps  ETA 00:05:53
[2026-03-28T03:14:11.914] [INFO] [selfplay:0] [SelfPlay] 614/750 (81%)  pos=59272  W/D/B=253/106/255  (41%/17%/41%)  d4/d7  2.1 games/s (avg 0.4)  964.8K nps  ETA 00:05:51
[2026-03-28T03:14:17.104] [INFO] [selfplay:0] [SelfPlay] 615/750 (82%)  pos=59353  W/D/B=253/106/256  (41%/17%/41%)  d4/d7  2.9 games/s (avg 0.4)  966.2K nps  ETA 00:05:42
[2026-03-28T03:14:18.978] [INFO] [selfplay:0] [SelfPlay] 616/750 (82%)  pos=59470  W/D/B=254/106/256  (41%/17%/41%)  d4/d7  2.7 games/s (avg 0.4)  966.2K nps  ETA 00:05:43
[2026-03-28T03:14:19.710] [INFO] [selfplay:0] [SelfPlay] 617/750 (82%)  pos=59552  W/D/B=254/106/257  (41%/17%/41%)  d4/d7  2.4 games/s (avg 0.4)  966.0K nps  ETA 00:05:42
[2026-03-28T03:14:22.218] [INFO] [selfplay:0] [SelfPlay] 618/750 (82%)  pos=59709  W/D/B=254/106/258  (41%/17%/41%)  d4/d7  2.2 games/s (avg 0.4)  967.4K nps  ETA 00:05:38
[2026-03-28T03:14:28.732] [INFO] [selfplay:0] [SelfPlay] 619/750 (82%)  pos=59766  W/D/B=254/107/258  (41%/17%/41%)  d4/d7  2.0 games/s (avg 0.4)  966.2K nps  ETA 00:05:30
[2026-03-28T03:14:30.883] [INFO] [selfplay:0] [SelfPlay] 620/750 (82%)  pos=59876  W/D/B=254/107/259  (40%/17%/41%)  d4/d7  1.8 games/s (avg 0.4)  967.9K nps  ETA 00:05:33
[2026-03-28T03:14:38.402] [INFO] [selfplay:0] [SelfPlay] 621/750 (82%)  pos=59951  W/D/B=255/107/259  (41%/17%/41%)  d4/d7  1.6 games/s (avg 0.4)  967.2K nps  ETA 00:05:26
[2026-03-28T03:14:41.060] [INFO] [selfplay:0] [SelfPlay] 622/750 (82%)  pos=60049  W/D/B=255/107/260  (40%/17%/41%)  d4/d7  1.5 games/s (avg 0.4)  968.8K nps  ETA 00:05:28
[2026-03-28T03:14:41.352] [INFO] [selfplay:0] [SelfPlay] 623/750 (83%)  pos=60162  W/D/B=256/107/260  (41%/17%/41%)  d4/d7  1.3 games/s (avg 0.4)  968.6K nps  ETA 00:05:29
[2026-03-28T03:14:45.673] [INFO] [selfplay:0] [SelfPlay] 624/750 (83%)  pos=60208  W/D/B=256/108/260  (41%/17%/41%)  d4/d7  1.6 games/s (avg 0.4)  969.5K nps  ETA 00:05:22
[2026-03-28T03:14:47.003] [INFO] [selfplay:0] [SelfPlay] 625/750 (83%)  pos=60293  W/D/B=256/108/261  (40%/17%/41%)  d4/d7  1.4 games/s (avg 0.4)  965.5K nps  ETA 00:05:21
[2026-03-28T03:14:47.505] [INFO] [selfplay:0] [SelfPlay] 626/750 (83%)  pos=60342  W/D/B=257/108/261  (41%/17%/41%)  d4/d7  1.3 games/s (avg 0.4)  966.2K nps  ETA 00:05:20
[2026-03-28T03:14:47.737] [INFO] [selfplay:0] [SelfPlay] 627/750 (83%)  pos=60467  W/D/B=257/109/261  (40%/17%/41%)  d4/d7  1.4 games/s (avg 0.4)  968.0K nps  ETA 00:05:16
[2026-03-28T03:14:48.482] [INFO] [selfplay:0] [SelfPlay] 628/750 (83%)  pos=60534  W/D/B=257/109/262  (40%/17%/41%)  d4/d7  1.9 games/s (avg 0.4)  969.0K nps  ETA 00:05:14
[2026-03-28T03:14:49.798] [INFO] [selfplay:0] [SelfPlay] 629/750 (83%)  pos=60708  W/D/B=258/109/262  (41%/17%/41%)  d4/d7  1.8 games/s (avg 0.4)  968.8K nps  ETA 00:05:09
[2026-03-28T03:14:50.884] [INFO] [selfplay:0] [SelfPlay] 630/750 (84%)  pos=60749  W/D/B=258/109/263  (40%/17%/41%)  d4/d7  1.6 games/s (avg 0.4)  967.7K nps  ETA 00:05:08
[2026-03-28T03:14:54.135] [INFO] [selfplay:0] [SelfPlay] 631/750 (84%)  pos=60959  W/D/B=258/109/264  (40%/17%/41%)  d4/d7  1.5 games/s (avg 0.4)  968.3K nps  ETA 00:05:03
[2026-03-28T03:14:55.972] [INFO] [selfplay:0] [SelfPlay] 632/750 (84%)  pos=61141  W/D/B=258/109/265  (40%/17%/41%)  d4/d7  1.3 games/s (avg 0.4)  967.5K nps  ETA 00:05:01
[2026-03-28T03:14:56.003] [INFO] [selfplay:0] [SelfPlay] 633/750 (84%)  pos=61219  W/D/B=259/109/265  (40%/17%/41%)  d4/d7  1.2 games/s (avg 0.4)  967.5K nps  ETA 00:05:01
[2026-03-28T03:14:59.863] [INFO] [selfplay:0] [SelfPlay] 634/750 (84%)  pos=61333  W/D/B=259/109/266  (40%/17%/41%)  d4/d7  5.9 games/s (avg 0.4)  967.8K nps  ETA 00:04:54
[2026-03-28T03:15:02.415] [INFO] [selfplay:0] [SelfPlay] 635/750 (84%)  pos=61425  W/D/B=260/109/266  (40%/17%/41%)  d4/d7  5.4 games/s (avg 0.4)  970.0K nps  ETA 00:04:53
[2026-03-28T03:15:09.758] [INFO] [selfplay:0] [SelfPlay] 636/750 (84%)  pos=61457  W/D/B=260/110/266  (40%/17%/41%)  d4/d7  5.0 games/s (avg 0.4)  970.5K nps  ETA 00:04:45
[2026-03-28T03:15:12.762] [INFO] [selfplay:0] [SelfPlay] 637/750 (84%)  pos=61482  W/D/B=261/110/266  (40%/17%/41%)  d4/d7  4.6 games/s (avg 0.4)  971.3K nps  ETA 00:04:48
[2026-03-28T03:15:19.133] [INFO] [selfplay:0] [SelfPlay] 638/750 (85%)  pos=61593  W/D/B=261/110/267  (40%/17%/41%)  d4/d7  4.3 games/s (avg 0.4)  973.2K nps  ETA 00:04:42
[2026-03-28T03:15:20.143] [INFO] [selfplay:0] [SelfPlay] 639/750 (85%)  pos=61668  W/D/B=262/110/267  (41%/17%/41%)  d4/d7  4.0 games/s (avg 0.4)  974.9K nps  ETA 00:04:46
[2026-03-28T03:15:20.609] [INFO] [selfplay:0] [SelfPlay] 640/750 (85%)  pos=61753  W/D/B=263/110/267  (41%/17%/41%)  d4/d7  3.5 games/s (avg 0.4)  976.4K nps  ETA 00:04:44
[2026-03-28T03:15:20.825] [INFO] [selfplay:0] [SelfPlay] 641/750 (85%)  pos=61792  W/D/B=263/111/267  (41%/17%/41%)  d4/d7  3.3 games/s (avg 0.4)  977.1K nps  ETA 00:04:40
[2026-03-28T03:15:35.152] [INFO] [selfplay:0] [SelfPlay] 642/750 (85%)  pos=61833  W/D/B=264/111/267  (41%/17%/41%)  d4/d7  3.5 games/s (avg 0.4)  978.5K nps  ETA 00:04:24
[2026-03-28T03:15:36.517] [INFO] [selfplay:0] [SelfPlay] 643/750 (85%)  pos=61930  W/D/B=264/111/268  (41%/17%/41%)  d4/d7  3.2 games/s (avg 0.4)  980.7K nps  ETA 00:04:36
[2026-03-28T03:15:40.091] [INFO] [selfplay:0] [SelfPlay] 644/750 (85%)  pos=62170  W/D/B=264/112/268  (40%/17%/41%)  d4/d7  2.9 games/s (avg 0.4)  981.9K nps  ETA 00:04:30
[2026-03-28T03:15:45.089] [INFO] [selfplay:0] [SelfPlay] 645/750 (86%)  pos=62262  W/D/B=264/113/268  (40%/17%/41%)  d4/d7  2.7 games/s (avg 0.4)  983.0K nps  ETA 00:04:27
[2026-03-28T03:15:45.514] [INFO] [selfplay:0] [SelfPlay] 646/750 (86%)  pos=62386  W/D/B=264/113/269  (40%/17%/41%)  d4/d7  2.5 games/s (avg 0.4)  984.8K nps  ETA 00:04:30
[2026-03-28T03:15:46.257] [INFO] [selfplay:0] [SelfPlay] 647/750 (86%)  pos=62576  W/D/B=265/113/269  (40%/17%/41%)  d4/d7  2.4 games/s (avg 0.4)  987.1K nps  ETA 00:04:26
[2026-03-28T03:15:48.159] [INFO] [selfplay:0] [SelfPlay] 648/750 (86%)  pos=62634  W/D/B=265/113/270  (40%/17%/41%)  d4/d7  2.3 games/s (avg 0.4)  988.9K nps  ETA 00:04:22
[2026-03-28T03:15:48.784] [INFO] [selfplay:0] [SelfPlay] 649/750 (86%)  pos=62695  W/D/B=266/113/270  (40%/17%/41%)  d4/d7  2.0 games/s (avg 0.4)  988.4K nps  ETA 00:04:20
[2026-03-28T03:15:56.988] [INFO] [selfplay:0] [SelfPlay] 650/750 (86%)  pos=62778  W/D/B=266/113/271  (40%/17%/41%)  d4/d7  2.0 games/s (avg 0.4)  989.2K nps  ETA 00:04:10
[2026-03-28T03:15:58.546] [INFO] [selfplay:0] [SelfPlay] 651/750 (86%)  pos=62881  W/D/B=267/113/271  (41%/17%/41%)  d4/d7  1.8 games/s (avg 0.4)  990.6K nps  ETA 00:04:16
[2026-03-28T03:16:01.535] [INFO] [selfplay:0] [SelfPlay] 652/750 (86%)  pos=63003  W/D/B=267/113/272  (40%/17%/41%)  d4/d7  1.6 games/s (avg 0.4)  992.1K nps  ETA 00:04:11
[2026-03-28T03:16:02.570] [INFO] [selfplay:0] [SelfPlay] 653/750 (87%)  pos=63214  W/D/B=267/114/272  (40%/17%/41%)  d4/d7  1.4 games/s (avg 0.4)  991.9K nps  ETA 00:04:10
[2026-03-28T03:16:06.361] [INFO] [selfplay:0] [SelfPlay] 654/750 (87%)  pos=63257  W/D/B=267/115/272  (40%/17%/41%)  d4/d7  1.4 games/s (avg 0.4)  991.6K nps  ETA 00:04:04
[2026-03-28T03:16:12.704] [INFO] [selfplay:0] [SelfPlay] 655/750 (87%)  pos=63333  W/D/B=267/116/272  (40%/17%/41%)  d4/d7  1.2 games/s (avg 0.4)  989.1K nps  ETA 00:03:59
[2026-03-28T03:16:14.814] [INFO] [selfplay:0] [SelfPlay] 656/750 (87%)  pos=63410  W/D/B=267/116/273  (40%/17%/41%)  d4/d7  1.0 games/s (avg 0.4)  985.7K nps  ETA 00:04:02
[2026-03-28T03:16:15.007] [INFO] [selfplay:0] [SelfPlay] 657/750 (87%)  pos=63506  W/D/B=268/116/273  (40%/17%/41%)  d4/d7  1.0 games/s (avg 0.4)  985.4K nps  ETA 00:04:01
[2026-03-28T03:16:16.035] [INFO] [selfplay:0] [SelfPlay] 658/750 (87%)  pos=63657  W/D/B=269/116/273  (40%/17%/41%)  d4/d7  1.6 games/s (avg 0.4)  986.8K nps  ETA 00:03:57
[2026-03-28T03:16:18.439] [INFO] [selfplay:0] [SelfPlay] 659/750 (87%)  pos=63717  W/D/B=270/116/273  (40%/17%/41%)  d4/d7  1.5 games/s (avg 0.4)  986.0K nps  ETA 00:03:54
[2026-03-28T03:16:23.580] [INFO] [selfplay:0] [SelfPlay] 660/750 (88%)  pos=63829  W/D/B=270/116/274  (40%/17%/41%)  d4/d7  1.3 games/s (avg 0.4)  985.3K nps  ETA 00:03:48
[2026-03-28T03:16:36.034] [INFO] [selfplay:0] [SelfPlay] 661/750 (88%)  pos=63914  W/D/B=270/116/275  (40%/17%/41%)  d4/d7  1.2 games/s (avg 0.4)  982.7K nps  ETA 00:03:38
[2026-03-28T03:16:38.903] [INFO] [selfplay:0] [SelfPlay] 662/750 (88%)  pos=64018  W/D/B=271/116/275  (40%/17%/41%)  d4/d7  1.1 games/s (avg 0.4)  984.4K nps  ETA 00:03:46
[2026-03-28T03:16:41.519] [INFO] [selfplay:0] [SelfPlay] 663/750 (88%)  pos=64115  W/D/B=271/116/276  (40%/17%/41%)  d4/d7  1.0 games/s (avg 0.4)  983.7K nps  ETA 00:03:45
[2026-03-28T03:16:49.563] [INFO] [selfplay:0] [SelfPlay] 664/750 (88%)  pos=64170  W/D/B=272/116/276  (40%/17%/41%)  d4/d7  0.9 games/s (avg 0.4)  982.5K nps  ETA 00:03:36
[2026-03-28T03:16:50.356] [INFO] [selfplay:0] [SelfPlay] 665/750 (88%)  pos=64263  W/D/B=273/116/276  (41%/17%/41%)  d4/d7  0.8 games/s (avg 0.4)  977.5K nps  ETA 00:03:41
[2026-03-28T03:16:50.986] [INFO] [selfplay:0] [SelfPlay] 666/750 (88%)  pos=64418  W/D/B=274/116/276  (41%/17%/41%)  d4/d7  0.8 games/s (avg 0.4)  979.2K nps  ETA 00:03:38
[2026-03-28T03:16:53.080] [INFO] [selfplay:0] [SelfPlay] 667/750 (88%)  pos=64465  W/D/B=274/116/277  (41%/17%/41%)  d4/d7  1.0 games/s (avg 0.4)  980.2K nps  ETA 00:03:35
[2026-03-28T03:16:54.199] [INFO] [selfplay:0] [SelfPlay] 668/750 (89%)  pos=64687  W/D/B=275/116/277  (41%/17%/41%)  d4/d7  0.9 games/s (avg 0.4)  982.1K nps  ETA 00:03:33
[2026-03-28T03:16:54.675] [INFO] [selfplay:0] [SelfPlay] 669/750 (89%)  pos=64834  W/D/B=276/116/277  (41%/17%/41%)  d4/d7  0.9 games/s (avg 0.4)  983.3K nps  ETA 00:03:31
[2026-03-28T03:16:55.025] [INFO] [selfplay:0] [SelfPlay] 670/750 (89%)  pos=64866  W/D/B=277/116/277  (41%/17%/41%)  d4/d7  1.1 games/s (avg 0.4)  983.0K nps  ETA 00:03:27
[2026-03-28T03:16:59.631] [INFO] [selfplay:0] [SelfPlay] 671/750 (89%)  pos=64915  W/D/B=277/116/278  (41%/17%/41%)  d4/d7  1.3 games/s (avg 0.4)  984.6K nps  ETA 00:03:21
[2026-03-28T03:17:18.877] [INFO] [selfplay:0] [SelfPlay] 672/750 (89%)  pos=64973  W/D/B=277/116/279  (41%/17%/41%)  d4/d7  1.2 games/s (avg 0.4)  983.2K nps  ETA 00:03:03
[2026-03-28T03:17:19.003] [INFO] [selfplay:0] [SelfPlay] 673/750 (89%)  pos=65039  W/D/B=277/117/279  (41%/17%/41%)  d4/d7  1.1 games/s (avg 0.4)  983.7K nps  ETA 00:03:22
[2026-03-28T03:17:22.377] [INFO] [selfplay:0] [SelfPlay] 674/750 (89%)  pos=65183  W/D/B=277/117/280  (41%/17%/41%)  d4/d7  2.1 games/s (avg 0.4)  986.2K nps  ETA 00:03:16
[2026-03-28T03:17:25.434] [INFO] [selfplay:0] [SelfPlay] 675/750 (90%)  pos=65220  W/D/B=278/117/280  (41%/17%/41%)  d4/d7  1.8 games/s (avg 0.4)  985.3K nps  ETA 00:03:14
[2026-03-28T03:17:26.665] [INFO] [selfplay:0] [SelfPlay] 676/750 (90%)  pos=65363  W/D/B=279/117/280  (41%/17%/41%)  d4/d7  1.6 games/s (avg 0.4)  984.3K nps  ETA 00:03:13
[2026-03-28T03:17:27.030] [INFO] [selfplay:0] [SelfPlay] 677/750 (90%)  pos=65491  W/D/B=279/117/281  (41%/17%/41%)  d4/d7  1.5 games/s (avg 0.4)  984.7K nps  ETA 00:03:10
[2026-03-28T03:17:29.678] [INFO] [selfplay:0] [SelfPlay] 678/750 (90%)  pos=65591  W/D/B=280/117/281  (41%/17%/41%)  d4/d7  1.7 games/s (avg 0.4)  985.7K nps  ETA 00:03:06
[2026-03-28T03:17:33.702] [INFO] [selfplay:0] [SelfPlay] 679/750 (90%)  pos=65684  W/D/B=281/117/281  (41%/17%/41%)  d4/d7  1.5 games/s (avg 0.4)  985.7K nps  ETA 00:03:01
[2026-03-28T03:17:34.096] [INFO] [selfplay:0] [SelfPlay] 680/750 (90%)  pos=65792  W/D/B=281/117/282  (41%/17%/41%)  d4/d7  1.3 games/s (avg 0.4)  984.6K nps  ETA 00:03:03
[2026-03-28T03:17:37.181] [INFO] [selfplay:0] [SelfPlay] 681/750 (90%)  pos=65936  W/D/B=282/117/282  (41%/17%/41%)  d4/d7  1.5 games/s (avg 0.4)  986.1K nps  ETA 00:02:58
[2026-03-28T03:17:37.880] [INFO] [selfplay:0] [SelfPlay] 682/750 (90%)  pos=65982  W/D/B=283/117/282  (41%/17%/41%)  d4/d7  1.3 games/s (avg 0.4)  983.5K nps  ETA 00:02:57
[2026-03-28T03:17:38.161] [INFO] [selfplay:0] [SelfPlay] 683/750 (91%)  pos=66121  W/D/B=283/118/282  (41%/17%/41%)  d4/d7  1.3 games/s (avg 0.4)  983.1K nps  ETA 00:02:55
[2026-03-28T03:17:42.540] [INFO] [selfplay:0] [SelfPlay] 684/750 (91%)  pos=66144  W/D/B=283/119/282  (41%/17%/41%)  d4/d7  1.7 games/s (avg 0.4)  983.2K nps  ETA 00:02:48
[2026-03-28T03:17:43.939] [INFO] [selfplay:0] [SelfPlay] 685/750 (91%)  pos=66169  W/D/B=284/119/282  (41%/17%/41%)  d4/d7  1.4 games/s (avg 0.4)  980.0K nps  ETA 00:02:48
[2026-03-28T03:17:44.034] [INFO] [selfplay:0] [SelfPlay] 686/750 (91%)  pos=66267  W/D/B=285/119/282  (41%/17%/41%)  d4/d7  1.3 games/s (avg 0.4)  980.0K nps  ETA 00:02:47
[2026-03-28T03:17:48.711] [INFO] [selfplay:0] [SelfPlay] 687/750 (91%)  pos=66321  W/D/B=286/119/282  (41%/17%/41%)  d4/d7  2.7 games/s (avg 0.4)  982.3K nps  ETA 00:02:39
[2026-03-28T03:17:50.272] [INFO] [selfplay:0] [SelfPlay] 688/750 (91%)  pos=66403  W/D/B=286/119/283  (41%/17%/41%)  d4/d7  2.5 games/s (avg 0.4)  984.5K nps  ETA 00:02:41
[2026-03-28T03:17:53.564] [INFO] [selfplay:0] [SelfPlay] 689/750 (91%)  pos=66499  W/D/B=286/119/284  (41%/17%/41%)  d4/d7  2.2 games/s (avg 0.4)  983.4K nps  ETA 00:02:36
[2026-03-28T03:18:00.826] [INFO] [selfplay:0] [SelfPlay] 690/750 (92%)  pos=66543  W/D/B=286/119/285  (41%/17%/41%)  d4/d7  1.9 games/s (avg 0.4)  980.6K nps  ETA 00:02:29
[2026-03-28T03:18:02.300] [INFO] [selfplay:0] [SelfPlay] 691/750 (92%)  pos=66697  W/D/B=286/119/286  (41%/17%/41%)  d4/d7  1.8 games/s (avg 0.4)  982.1K nps  ETA 00:02:33
[2026-03-28T03:18:02.616] [INFO] [selfplay:0] [SelfPlay] 692/750 (92%)  pos=66795  W/D/B=287/119/286  (41%/17%/41%)  d4/d7  1.6 games/s (avg 0.4)  982.6K nps  ETA 00:02:32
[2026-03-28T03:18:03.859] [INFO] [selfplay:0] [SelfPlay] 693/750 (92%)  pos=66926  W/D/B=288/119/286  (41%/17%/41%)  d4/d7  1.9 games/s (avg 0.4)  984.2K nps  ETA 00:02:27
[2026-03-28T03:18:09.161] [INFO] [selfplay:0] [SelfPlay] 694/750 (92%)  pos=67022  W/D/B=288/119/287  (41%/17%/41%)  d4/d7  1.7 games/s (avg 0.4)  984.3K nps  ETA 00:02:21
[2026-03-28T03:18:10.642] [INFO] [selfplay:0] [SelfPlay] 695/750 (92%)  pos=67136  W/D/B=289/119/287  (41%/17%/41%)  d4/d7  1.5 games/s (avg 0.4)  981.0K nps  ETA 00:02:23
[2026-03-28T03:18:13.710] [INFO] [selfplay:0] [SelfPlay] 696/750 (92%)  pos=67209  W/D/B=289/119/288  (41%/17%/41%)  d4/d7  1.4 games/s (avg 0.4)  981.0K nps  ETA 00:02:17
[2026-03-28T03:18:14.211] [INFO] [selfplay:0] [SelfPlay] 697/750 (92%)  pos=67331  W/D/B=290/119/288  (41%/17%/41%)  d4/d7  1.2 games/s (avg 0.4)  980.3K nps  ETA 00:02:18
[2026-03-28T03:18:16.097] [INFO] [selfplay:0] [SelfPlay] 698/750 (93%)  pos=67439  W/D/B=291/119/288  (41%/17%/41%)  d4/d7  1.3 games/s (avg 0.4)  981.1K nps  ETA 00:02:14
[2026-03-28T03:18:21.610] [INFO] [selfplay:0] [SelfPlay] 699/750 (93%)  pos=67500  W/D/B=291/119/289  (41%/17%/41%)  d4/d7  1.2 games/s (avg 0.4)  981.1K nps  ETA 00:02:08
[2026-03-28T03:18:30.935] [INFO] [selfplay:0] [SelfPlay] 700/750 (93%)  pos=67532  W/D/B=291/119/290  (41%/17%/41%)  d4/d7  1.0 games/s (avg 0.4)  977.4K nps  ETA 00:02:01
[2026-03-28T03:18:32.583] [INFO] [selfplay:0] [SelfPlay] 701/750 (93%)  pos=67669  W/D/B=291/119/291  (41%/16%/41%)  d4/d7  0.9 games/s (avg 0.4)  975.5K nps  ETA 00:02:07
[2026-03-28T03:18:32.806] [INFO] [selfplay:0] [SelfPlay] 702/750 (93%)  pos=67755  W/D/B=292/119/291  (41%/16%/41%)  d4/d7  0.9 games/s (avg 0.4)  975.3K nps  ETA 00:02:05
[2026-03-28T03:18:36.788] [INFO] [selfplay:0] [SelfPlay] 703/750 (93%)  pos=67855  W/D/B=293/119/291  (41%/16%/41%)  d4/d7  1.4 games/s (avg 0.4)  976.3K nps  ETA 00:01:59
[2026-03-28T03:18:39.160] [INFO] [selfplay:0] [SelfPlay] 704/750 (93%)  pos=67938  W/D/B=294/119/291  (41%/16%/41%)  d4/d7  1.2 games/s (avg 0.4)  974.9K nps  ETA 00:01:58
[2026-03-28T03:18:41.543] [INFO] [selfplay:0] [SelfPlay] 705/750 (94%)  pos=67974  W/D/B=295/119/291  (41%/16%/41%)  d4/d7  1.1 games/s (avg 0.4)  974.5K nps  ETA 00:01:56
[2026-03-28T03:18:42.491] [INFO] [selfplay:0] [SelfPlay] 706/750 (94%)  pos=68072  W/D/B=295/120/291  (41%/16%/41%)  d4/d7  1.0 games/s (avg 0.4)  973.6K nps  ETA 00:01:54
[2026-03-28T03:18:45.292] [INFO] [selfplay:0] [SelfPlay] 707/750 (94%)  pos=68119  W/D/B=296/120/291  (41%/16%/41%)  d4/d7  1.0 games/s (avg 0.4)  973.0K nps  ETA 00:01:49
[2026-03-28T03:18:48.126] [INFO] [selfplay:0] [SelfPlay] 708/750 (94%)  pos=68166  W/D/B=296/120/292  (41%/16%/41%)  d4/d7  0.9 games/s (avg 0.4)  972.1K nps  ETA 00:01:47
[2026-03-28T03:18:52.323] [INFO] [selfplay:0] [SelfPlay] 709/750 (94%)  pos=68296  W/D/B=296/121/292  (41%/17%/41%)  d4/d7  0.8 games/s (avg 0.4)  969.9K nps  ETA 00:01:43
[2026-03-28T03:18:52.387] [INFO] [selfplay:0] [SelfPlay] 710/750 (94%)  pos=68397  W/D/B=297/121/292  (41%/17%/41%)  d4/d7  0.7 games/s (avg 0.4)  968.6K nps  ETA 00:01:45
[2026-03-28T03:18:55.282] [INFO] [selfplay:0] [SelfPlay] 711/750 (94%)  pos=68597  W/D/B=297/122/292  (41%/17%/41%)  d4/d7  3.0 games/s (avg 0.4)  970.3K nps  ETA 00:01:39
[2026-03-28T03:19:00.719] [INFO] [selfplay:0] [SelfPlay] 712/750 (94%)  pos=68713  W/D/B=298/122/292  (41%/17%/41%)  d4/d7  2.6 games/s (avg 0.4)  969.8K nps  ETA 00:01:33
[2026-03-28T03:19:01.612] [INFO] [selfplay:0] [SelfPlay] 713/750 (95%)  pos=68789  W/D/B=298/123/292  (41%/17%/40%)  d4/d7  2.4 games/s (avg 0.4)  970.7K nps  ETA 00:01:37
[2026-03-28T03:19:01.720] [INFO] [selfplay:0] [SelfPlay] 714/750 (95%)  pos=68940  W/D/B=298/124/292  (41%/17%/40%)  d4/d7  2.2 games/s (avg 0.4)  970.2K nps  ETA 00:01:33
[2026-03-28T03:19:02.369] [INFO] [selfplay:0] [SelfPlay] 715/750 (95%)  pos=69047  W/D/B=299/124/292  (41%/17%/40%)  d4/d7  3.3 games/s (avg 0.4)  971.5K nps  ETA 00:01:31
[2026-03-28T03:19:02.697] [INFO] [selfplay:0] [SelfPlay] 716/750 (95%)  pos=69195  W/D/B=299/124/293  (41%/17%/40%)  d4/d7  3.0 games/s (avg 0.4)  972.8K nps  ETA 00:01:28
[2026-03-28T03:19:03.243] [INFO] [selfplay:0] [SelfPlay] 717/750 (95%)  pos=69407  W/D/B=299/124/294  (41%/17%/41%)  d4/d7  3.0 games/s (avg 0.4)  974.7K nps  ETA 00:01:26
[2026-03-28T03:19:13.680] [INFO] [selfplay:0] [SelfPlay] 718/750 (95%)  pos=69531  W/D/B=299/124/295  (41%/17%/41%)  d4/d7  2.8 games/s (avg 0.4)  975.2K nps  ETA 00:01:13
[2026-03-28T03:19:15.522] [INFO] [selfplay:0] [SelfPlay] 719/750 (95%)  pos=69689  W/D/B=299/124/296  (41%/17%/41%)  d4/d7  2.6 games/s (avg 0.4)  976.8K nps  ETA 00:01:20
[2026-03-28T03:19:15.605] [INFO] [selfplay:0] [SelfPlay] 720/750 (96%)  pos=69742  W/D/B=300/124/296  (41%/17%/41%)  d4/d7  2.3 games/s (avg 0.4)  976.3K nps  ETA 00:01:18
[2026-03-28T03:19:24.039] [INFO] [selfplay:0] [SelfPlay] 721/750 (96%)  pos=69849  W/D/B=300/124/297  (41%/17%/41%)  d4/d7  3.8 games/s (avg 0.4)  977.9K nps  ETA 00:01:06
[2026-03-28T03:19:24.334] [INFO] [selfplay:0] [SelfPlay] 722/750 (96%)  pos=69908  W/D/B=300/124/298  (41%/17%/41%)  d4/d7  3.5 games/s (avg 0.4)  979.3K nps  ETA 00:01:13
[2026-03-28T03:19:35.102] [INFO] [selfplay:0] [SelfPlay] 723/750 (96%)  pos=69989  W/D/B=301/124/298  (41%/17%/41%)  d4/d7  3.5 games/s (avg 0.4)  980.1K nps  ETA 00:00:59
[2026-03-28T03:19:36.861] [INFO] [selfplay:0] [SelfPlay] 724/750 (96%)  pos=70105  W/D/B=301/124/299  (41%/17%/41%)  d4/d7  3.2 games/s (avg 0.4)  981.3K nps  ETA 00:01:06
[2026-03-28T03:19:39.812] [INFO] [selfplay:0] [SelfPlay] 725/750 (96%)  pos=70174  W/D/B=301/124/300  (41%/17%/41%)  d4/d7  2.8 games/s (avg 0.4)  980.8K nps  ETA 00:01:02
[2026-03-28T03:19:39.929] [INFO] [selfplay:0] [SelfPlay] 726/750 (96%)  pos=70226  W/D/B=302/124/300  (41%/17%/41%)  d4/d7  2.4 games/s (avg 0.4)  978.4K nps  ETA 00:01:03
[2026-03-28T03:19:43.638] [INFO] [selfplay:0] [SelfPlay] 727/750 (96%)  pos=70306  W/D/B=302/124/301  (41%/17%/41%)  d4/d7  3.4 games/s (avg 0.4)  980.0K nps  ETA 00:00:57
[2026-03-28T03:19:43.882] [INFO] [selfplay:0] [SelfPlay] 728/750 (97%)  pos=70372  W/D/B=302/124/302  (41%/17%/41%)  d4/d7  3.1 games/s (avg 0.4)  981.6K nps  ETA 00:00:56
[2026-03-28T03:19:45.351] [INFO] [selfplay:0] [SelfPlay] 729/750 (97%)  pos=70488  W/D/B=303/124/302  (41%/17%/41%)  d4/d7  3.3 games/s (avg 0.4)  983.6K nps  ETA 00:00:54
[2026-03-28T03:19:45.481] [INFO] [selfplay:0] [SelfPlay] 730/750 (97%)  pos=70672  W/D/B=303/125/302  (41%/17%/41%)  d4/d7  2.9 games/s (avg 0.4)  984.5K nps  ETA 00:00:52
[2026-03-28T03:19:46.186] [INFO] [selfplay:0] [SelfPlay] 731/750 (97%)  pos=70785  W/D/B=304/125/302  (41%/17%/41%)  d4/d7  3.6 games/s (avg 0.4)  986.9K nps  ETA 00:00:48
[2026-03-28T03:19:48.025] [INFO] [selfplay:0] [SelfPlay] 732/750 (97%)  pos=70886  W/D/B=304/125/303  (41%/17%/41%)  d4/d7  3.3 games/s (avg 0.4)  987.3K nps  ETA 00:00:45
[2026-03-28T03:19:50.387] [INFO] [selfplay:0] [SelfPlay] 733/750 (97%)  pos=70980  W/D/B=305/125/303  (41%/17%/41%)  d4/d7  2.9 games/s (avg 0.4)  985.9K nps  ETA 00:00:42
[2026-03-28T03:19:51.136] [INFO] [selfplay:0] [SelfPlay] 734/750 (97%)  pos=71204  W/D/B=305/126/303  (41%/17%/41%)  d4/d7  2.5 games/s (avg 0.4)  986.1K nps  ETA 00:00:40
[2026-03-28T03:19:51.364] [INFO] [selfplay:0] [SelfPlay] 735/750 (98%)  pos=71310  W/D/B=305/126/304  (41%/17%/41%)  d4/d7  2.3 games/s (avg 0.4)  987.0K nps  ETA 00:00:39
[2026-03-28T03:19:54.734] [INFO] [selfplay:0] [SelfPlay] 736/750 (98%)  pos=71382  W/D/B=306/126/304  (41%/17%/41%)  d4/d7  2.6 games/s (avg 0.4)  987.0K nps  ETA 00:00:32
[2026-03-28T03:20:01.298] [INFO] [selfplay:0] [SelfPlay] 737/750 (98%)  pos=71485  W/D/B=306/126/305  (41%/17%/41%)  d4/d7  2.3 games/s (avg 0.4)  984.3K nps  ETA 00:00:28
[2026-03-28T03:20:05.794] [INFO] [selfplay:0] [SelfPlay] 738/750 (98%)  pos=71608  W/D/B=306/126/306  (41%/17%/41%)  d4/d7  2.1 games/s (avg 0.4)  985.6K nps  ETA 00:00:26
[2026-03-28T03:20:07.840] [INFO] [selfplay:0] [SelfPlay] 739/750 (98%)  pos=71674  W/D/B=307/126/306  (41%/17%/41%)  d4/d7  1.8 games/s (avg 0.4)  983.1K nps  ETA 00:00:29
[2026-03-28T03:20:08.287] [INFO] [selfplay:0] [SelfPlay] 740/750 (98%)  pos=71753  W/D/B=308/126/306  (41%/17%/41%)  d4/d7  1.6 games/s (avg 0.4)  982.4K nps  ETA 00:00:31
[2026-03-28T03:20:14.403] [INFO] [selfplay:0] [SelfPlay] 741/750 (98%)  pos=71806  W/D/B=308/126/307  (41%/17%/41%)  d4/d7  1.7 games/s (avg 0.4)  984.3K nps  ETA 00:00:25
[2026-03-28T03:20:15.099] [INFO] [selfplay:0] [SelfPlay] 742/750 (98%)  pos=71886  W/D/B=308/126/308  (41%/16%/41%)  d4/d7  1.6 games/s (avg 0.4)  985.3K nps  ETA 00:00:30
[2026-03-28T03:20:18.689] [INFO] [selfplay:0] [SelfPlay] 743/750 (99%)  pos=72038  W/D/B=308/127/308  (41%/17%/41%)  d4/d7  1.6 games/s (avg 0.4)  986.3K nps  ETA 00:00:27
[2026-03-28T03:20:18.914] [INFO] [selfplay:0] [SelfPlay] 744/750 (99%)  pos=72087  W/D/B=309/127/308  (41%/17%/41%)  d4/d7  1.4 games/s (avg 0.4)  985.0K nps  ETA 00:00:31
[2026-03-28T03:20:21.070] [INFO] [selfplay:0] [SelfPlay] 745/750 (99%)  pos=72126  W/D/B=309/128/308  (41%/17%/41%)  d4/d7  1.8 games/s (avg 0.4)  985.8K nps  ETA 00:00:29
[2026-03-28T03:20:29.631] [INFO] [selfplay:0] [SelfPlay] 746/750 (99%)  pos=72211  W/D/B=310/128/308  (41%/17%/41%)  d4/d7  1.6 games/s (avg 0.4)  985.0K nps  ETA 00:00:23
[2026-03-28T03:20:33.324] [INFO] [selfplay:0] [SelfPlay] 747/750 (99%)  pos=72306  W/D/B=310/128/309  (41%/17%/41%)  d4/d7  1.5 games/s (avg 0.4)  986.5K nps  ETA 00:00:27
[2026-03-28T03:20:39.110] [INFO] [selfplay:0] [SelfPlay] 748/750 (99%)  pos=72409  W/D/B=310/128/310  (41%/17%/41%)  d4/d7  1.3 games/s (avg 0.4)  985.7K nps  ETA 00:00:25
[2026-03-28T03:20:39.824] [INFO] [selfplay:0] [SelfPlay] 749/750 (99%)  pos=72524  W/D/B=310/128/311  (41%/17%/41%)  d4/d7  1.1 games/s (avg 0.4)  984.0K nps  ETA 00:00:30
[2026-03-28T03:20:40.688] [INFO] [selfplay:0] [SelfPlay] 750/750 (100%)  pos=72623  W/D/B=310/128/312  (41%/17%/41%)  d4/d7  1.2 games/s (avg 0.4)  986.3K nps  ETA 00:00:00
[2026-03-28T03:20:40.705] [INFO] [selfplay:0] [SelfPlay] Done. 72623 positions written to C:\Users\chris\pyproj\my_env\Projects\ChessEngine\x64\Release\assets\selfplay_gen6.bin
[2026-03-28T03:20:40.770] [EVENT] [selfplay:6] PHASE_END success=true elapsed_sec=1974.0
[2026-03-28T03:20:41.378] [INFO] [selfplay:0]   Using Stockfish-labeled data: C:\Users\chris\pyproj\my_env\Projects\ChessEngine\x64\Release\assets\training_data_sf.bin
[2026-03-28T03:20:41.379] [INFO] [selfplay:0]   Self-play current gen (weight 0.0902, base gets 0.75)
[2026-03-28T03:20:41.379] [INFO] [selfplay:0]   Replay buffer: gen 5 (weight 0.0631)
[2026-03-28T03:20:41.379] [INFO] [selfplay:0]   Replay buffer: gen 4 (weight 0.0442)
[2026-03-28T03:20:41.379] [INFO] [selfplay:0]   Replay buffer: gen 3 (weight 0.0309)
[2026-03-28T03:20:41.379] [INFO] [selfplay:0]   Replay buffer: gen 2 (weight 0.0216)
[2026-03-28T03:20:41.390] [EVENT] [training:6] PHASE_START epochs=8 batch=2048 lr=0.0002
[2026-03-28T03:20:41.391] [CMD] [training:0] [CMD] py -3.10 -u "C:\Users\chris\pyproj\my_env\Projects\ChessEngine\x64\Release\train_nnue.py" --data "C:\Users\chris\pyproj\my_env\Projects\ChessEngine\x64\Release\assets\training_data_sf.bin" --extra-data "C:\Users\chris\pyproj\my_env\Projects\ChessEngine\x64\Release\assets\selfplay_gen6.bin" 0.0902 --extra-data "C:\Users\chris\pyproj\my_env\Projects\ChessEngine\x64\Release\assets\selfplay_gen5.bin" 0.0631 --extra-data "C:\Users\chris\pyproj\my_env\Projects\ChessEngine\x64\Release\assets\selfplay_gen4.bin" 0.0442 --extra-data "C:\Users\chris\pyproj\my_env\Projects\ChessEngine\x64\Release\assets\selfplay_gen3.bin" 0.0309 --extra-data "C:\Users\chris\pyproj\my_env\Projects\ChessEngine\x64\Release\assets\selfplay_gen2.bin" 0.0216 --max-positions 200000 --epochs 8 --batch-size 2048 --lr 0.0002 --lr-min 0.00001 --weight-decay 0.0005 --dropout 0.2 --grad-clip 1.0 --grad-accum 4 --warmup-steps 100 --draw-weight 0.3 --mate-boost 10.0 --early-stop 5 --wdl-alpha 0.3 --wdl-draw-elo 50.0 --enhanced --plot --cosine-lr --no-cosine-restarts --swa --swa-start 5 --label-smoothing 0.01 --extra-data "C:\Users\chris\pyproj\my_env\Projects\ChessEngine\x64\Release\assets\training_data_draws.bin" 0.3 --load-weights "C:\Users\chris\pyproj\my_env\Projects\ChessEngine\x64\Release\assets\nnue_weights_gen5.bin" --output "C:\Users\chris\pyproj\my_env\Projects\ChessEngine\x64\Release\assets\nnue_weights.bin"
[2026-03-28T03:20:43.994] [INFO] [training:0] === Enhanced mode v3: warmup=100, grad_accum=4, SWA=ON, label_smooth=0.01, filter_eval=1000.0, eval_soft_cap=800.0, draw_weight=0.3x, wdl_alpha=0.3, wdl_draw_elo=50.0, cosine_decay ===
[2026-03-28T03:20:43.994] [INFO] [training:0] Using device: CPU (optimized)
[2026-03-28T03:20:44.066] [INFO] [training:0]   CPU threads: 16
[2026-03-28T03:20:44.077] [INFO] [training:0]   --max-positions: distributing 200,000 budget across 7 sources by ratio
[2026-03-28T03:20:44.077] [INFO] [training:0]     training_data_sf.bin: 25,194,593 -> 91,778 (ratio 45.0%)
[2026-03-28T03:20:44.077] [INFO] [training:0]     selfplay_gen6.bin: 72,623 -> 18,396 (ratio 9.0%)
[2026-03-28T03:20:44.077] [INFO] [training:0]     selfplay_gen5.bin: 50,027 -> 12,869 (ratio 6.3%)
[2026-03-28T03:20:44.077] [INFO] [training:0]     selfplay_gen4.bin: 48,576 -> 9,014 (ratio 4.4%)
[2026-03-28T03:20:44.077] [INFO] [training:0]     selfplay_gen3.bin: 42,231 -> 6,302 (ratio 3.1%)
[2026-03-28T03:20:44.077] [INFO] [training:0]     training_data_draws.bin: 35,143,613 -> 61,185 (ratio 30.0%)
[2026-03-28T03:20:44.077] [INFO] [training:0] Datasets:             7 sources (ratio-based sampling)
[2026-03-28T03:20:44.077] [INFO] [training:0]   - training_data_sf.bin                     ratio=45.0%  pos=91,778
[2026-03-28T03:20:44.077] [INFO] [training:0]   - selfplay_gen6.bin                        ratio=9.0%  pos=18,396
[2026-03-28T03:20:44.077] [INFO] [training:0]   - selfplay_gen5.bin                        ratio=6.3%  pos=12,869
[2026-03-28T03:20:44.077] [INFO] [training:0]   - selfplay_gen4.bin                        ratio=4.4%  pos=9,014
[2026-03-28T03:20:44.077] [INFO] [training:0]   - selfplay_gen3.bin                        ratio=3.1%  pos=6,302
[2026-03-28T03:20:44.077] [INFO] [training:0]   - selfplay_gen2.bin                        ratio=2.2%  pos=454
[2026-03-28T03:20:44.077] [INFO] [training:0]   - training_data_draws.bin                  ratio=30.0%  pos=61,185
[2026-03-28T03:20:44.077] [INFO] [training:0]   Total positions: 199,998
[2026-03-28T03:20:44.077] [INFO] [training:0]   Mode: PRELOAD (full dataset fits in RAM)
[2026-03-28T03:20:44.321] [INFO] [training:0] Weights loaded from C:\Users\chris\pyproj\my_env\Projects\ChessEngine\x64\Release\assets\nnue_weights_gen5.bin
[2026-03-28T03:20:44.324] [INFO] [training:0] Loaded existing weights from C:\Users\chris\pyproj\my_env\Projects\ChessEngine\x64\Release\assets\nnue_weights_gen5.bin
[2026-03-28T03:20:45.288] [INFO] [training:0]   Fresh optimizer (--load-weights skips old optimizer state)
[2026-03-28T03:20:45.288] [INFO] [training:0] ============================================================
[2026-03-28T03:20:45.288] [INFO] [training:0] Training Configuration:
[2026-03-28T03:20:45.288] [INFO] [training:0]   Positions:         199,998
[2026-03-28T03:20:45.288] [INFO] [training:0]   Batch size:        2048 (effective: 8192 with grad accum x4)
[2026-03-28T03:20:45.288] [INFO] [training:0]   Epochs:            8
[2026-03-28T03:20:45.288] [INFO] [training:0]   Learning rate:     0.0002
[2026-03-28T03:20:45.288] [INFO] [training:0]   LR schedule:       Cosine Decay (T_max=4, warmup_epochs~4)
[2026-03-28T03:20:45.288] [INFO] [training:0]   LR min:            1e-05
[2026-03-28T03:20:45.288] [INFO] [training:0]   LR warmup:         100 optimizer steps
[2026-03-28T03:20:45.288] [INFO] [training:0]   Lambda (eval/res): 0.5
[2026-03-28T03:20:45.288] [INFO] [training:0]   Eval scale:        400.0
[2026-03-28T03:20:45.288] [INFO] [training:0]   Phase balanced:    True
[2026-03-28T03:20:45.288] [INFO] [training:0]   Early stop:        5 epochs
[2026-03-28T03:20:45.288] [INFO] [training:0]   Weight decay:      0.0005
[2026-03-28T03:20:45.288] [INFO] [training:0]   Dropout:           0.2
[2026-03-28T03:20:45.288] [INFO] [training:0]   Grad accumulation: 4x
[2026-03-28T03:20:45.288] [INFO] [training:0]   Label smoothing:   0.01
[2026-03-28T03:20:45.288] [INFO] [training:0]   SWA:               ON (start epoch 5)
[2026-03-28T03:20:45.288] [INFO] [training:0]   Filter eval max:   1000.0
[2026-03-28T03:20:45.288] [INFO] [training:0]   Eval soft-cap:     800.0
[2026-03-28T03:20:45.288] [INFO] [training:0]   Draw weight:       0.3x
[2026-03-28T03:20:45.288] [INFO] [training:0]   Mate boost:        10.0x
[2026-03-28T03:20:45.288] [INFO] [training:0]   Async prefetch:    N/A (preload mode)
[2026-03-28T03:20:45.288] [INFO] [training:0]   WDL CE loss:       ON (alpha=0.3, lambda=0.5 (from --lam), draw_elo=50.0)
[2026-03-28T03:20:45.288] [INFO] [training:0]   Activation:        SCReLU (squared clipped ReLU)
[2026-03-28T03:20:45.288] [INFO] [training:0]   Architecture:      40960->512->128->64->WDL(3)x3heads
[2026-03-28T03:20:45.288] [INFO] [training:0]   Grad clip norm:    1.0
[2026-03-28T03:20:45.288] [INFO] [training:0]   Streaming:         False
[2026-03-28T03:20:45.288] [INFO] [training:0]   Datasets:          7 sources (ratio-based sampling)
[2026-03-28T03:20:45.288] [INFO] [training:0]     - training_data_sf.bin            ratio=45.0%  pos=91,778
[2026-03-28T03:20:45.288] [INFO] [training:0]     - selfplay_gen6.bin               ratio=9.0%  pos=18,396
[2026-03-28T03:20:45.288] [INFO] [training:0]     - selfplay_gen5.bin               ratio=6.3%  pos=12,869
[2026-03-28T03:20:45.288] [INFO] [training:0]     - selfplay_gen4.bin               ratio=4.4%  pos=9,014
[2026-03-28T03:20:45.288] [INFO] [training:0]     - selfplay_gen3.bin               ratio=3.1%  pos=6,302
[2026-03-28T03:20:45.288] [INFO] [training:0]     - selfplay_gen2.bin               ratio=2.2%  pos=454
[2026-03-28T03:20:45.288] [INFO] [training:0]     - training_data_draws.bin         ratio=30.0%  pos=61,185
[2026-03-28T03:20:45.288] [INFO] [training:0] ============================================================
[2026-03-28T03:20:45.288] [INFO] [training:0]   Multi-dataset preload: ratios will be applied during epoch sampling.
[2026-03-28T03:20:45.288] [INFO] [training:0]   Loading 7 datasets sequentially...
[2026-03-28T03:20:45.288] [INFO] [training:0] Loading positions from C:\Users\chris\pyproj\my_env\Projects\ChessEngine\x64\Release\assets\training_data_sf.bin...
[2026-03-28T03:20:45.288] [INFO] [training:0]   Total positions: 25,194,593 — using offset-cache fast path (avoids reading 1201 MB into RAM)
[2026-03-28T03:20:45.288] [INFO] [training:0] Scanning C:\Users\chris\pyproj\my_env\Projects\ChessEngine\x64\Release\assets\training_data_sf.bin for position offsets...
[2026-03-28T03:20:46.216] [INFO] [training:0]   Loaded cached index: 25,194,593 offsets (C:\Users\chris\pyproj\my_env\Projects\ChessEngine\x64\Release\assets\training_data_sf.bin.offidx)
[2026-03-28T03:20:47.693] [INFO] [training:0]   Sampled 91,778 from 25,194,593 positions (reservoir)
[2026-03-28T03:20:53.127] [INFO] [training:0]     Parsed 50,000/91,778 positions (17108 pos/s,
[2026-03-28T03:20:53.127] [INFO] [training:0]   Parsed 91,778 positions in 5.4s (16,953 pos/s)
[2026-03-28T03:20:53.127] [INFO] [training:0]   Vectorized HalfKAv2 conversion (91,778 positions)...
[2026-03-28T03:20:53.482] [INFO] [training:0]   HalfKAv2 conversion: 0.4s (258,882 pos/s)
[2026-03-28T03:20:53.498] [INFO] [training:0]   Converting to tensors...
[2026-03-28T03:20:53.498] [INFO] [training:0] Phase distribution: Opening=26,120, Middlegame=29,496, Endgame=32,316
[2026-03-28T03:20:53.499] [INFO] [training:0]   [training_data_sf.bin] loaded: 87,932 positions
[2026-03-28T03:20:53.576] [INFO] [training:0] Loading positions from C:\Users\chris\pyproj\my_env\Projects\ChessEngine\x64\Release\assets\selfplay_gen6.bin...
[2026-03-28T03:20:53.576] [INFO] [training:0]   Total positions: 72,623 — using offset-cache fast path (avoids reading 3 MB into RAM)
[2026-03-28T03:20:53.576] [INFO] [training:0] Scanning C:\Users\chris\pyproj\my_env\Projects\ChessEngine\x64\Release\assets\selfplay_gen6.bin for position offsets...
[2026-03-28T03:20:53.576] [INFO] [training:0]   Building offset index (first time, may take several minutes)...
[2026-03-28T03:20:53.577] [INFO] [training:0]   Total positions: 72,623 (header: versioned)
[2026-03-28T03:20:53.612] [INFO] [training:0]   Scan complete: 72,623 positions indexed.[K
[2026-03-28T03:20:53.617] [INFO] [training:0]   Saved offset cache: 0.6 MB (C:\Users\chris\pyproj\my_env\Projects\ChessEngine\x64\Release\assets\selfplay_gen6.bin.offidx)
[2026-03-28T03:20:53.619] [INFO] [training:0]   Sampled 18,396 from 72,623 positions (reservoir)
[2026-03-28T03:20:53.659] [INFO] [training:0]   Parsed 18,396 positions in 0.0s (463,709 pos/s)
[2026-03-28T03:20:53.659] [INFO] [training:0]   Vectorized HalfKAv2 conversion (18,396 positions)...
[2026-03-28T03:20:53.764] [INFO] [training:0]   HalfKAv2 conversion: 0.1s (175,836 pos/s)
[2026-03-28T03:20:53.766] [INFO] [training:0]   Converting to tensors...
[2026-03-28T03:20:53.766] [INFO] [training:0] Phase distribution: Opening=2,085, Middlegame=7,452, Endgame=8,358
[2026-03-28T03:20:53.766] [INFO] [training:0]   [selfplay_gen6.bin] loaded: 17,895 positions
[2026-03-28T03:20:53.832] [INFO] [training:0] Loading positions from C:\Users\chris\pyproj\my_env\Projects\ChessEngine\x64\Release\assets\selfplay_gen5.bin...
[2026-03-28T03:20:53.832] [INFO] [training:0]   Total positions: 50,027 — using offset-cache fast path (avoids reading 2 MB into RAM)
[2026-03-28T03:20:53.832] [INFO] [training:0] Scanning C:\Users\chris\pyproj\my_env\Projects\ChessEngine\x64\Release\assets\selfplay_gen5.bin for position offsets...
[2026-03-28T03:20:53.844] [INFO] [training:0]   Loaded cached index: 50,027 offsets (C:\Users\chris\pyproj\my_env\Projects\ChessEngine\x64\Release\assets\selfplay_gen5.bin.offidx)
[2026-03-28T03:20:53.845] [INFO] [training:0]   Sampled 12,869 from 50,027 positions (reservoir)
[2026-03-28T03:20:53.872] [INFO] [training:0]   Parsed 12,869 positions in 0.0s (490,481 pos/s)
[2026-03-28T03:20:53.872] [INFO] [training:0]   Vectorized HalfKAv2 conversion (12,869 positions)...
[2026-03-28T03:20:53.964] [INFO] [training:0]   HalfKAv2 conversion: 0.1s (139,280 pos/s)
[2026-03-28T03:20:53.966] [INFO] [training:0]   Converting to tensors...
[2026-03-28T03:20:53.966] [INFO] [training:0] Phase distribution: Opening=1,452, Middlegame=5,221, Endgame=5,854
[2026-03-28T03:20:53.967] [INFO] [training:0]   [selfplay_gen5.bin] loaded: 12,527 positions
[2026-03-28T03:20:54.036] [INFO] [training:0] Loading positions from C:\Users\chris\pyproj\my_env\Projects\ChessEngine\x64\Release\assets\selfplay_gen4.bin...
[2026-03-28T03:20:54.036] [INFO] [training:0]   Total positions: 48,576 — using offset-cache fast path (avoids reading 2 MB into RAM)
[2026-03-28T03:20:54.036] [INFO] [training:0] Scanning C:\Users\chris\pyproj\my_env\Projects\ChessEngine\x64\Release\assets\selfplay_gen4.bin for position offsets...
[2026-03-28T03:20:54.036] [INFO] [training:0]   Loaded cached index: 48,576 offsets (C:\Users\chris\pyproj\my_env\Projects\ChessEngine\x64\Release\assets\selfplay_gen4.bin.offidx)
[2026-03-28T03:20:54.037] [INFO] [training:0]   Sampled 9,014 from 48,576 positions (reservoir)
[2026-03-28T03:20:54.057] [INFO] [training:0]   Parsed 9,014 positions in 0.0s (466,770 pos/s)
[2026-03-28T03:20:54.057] [INFO] [training:0]   Vectorized HalfKAv2 conversion (9,014 positions)...
[2026-03-28T03:20:54.147] [INFO] [training:0]   HalfKAv2 conversion: 0.1s (100,571 pos/s)
[2026-03-28T03:20:54.148] [INFO] [training:0]   Converting to tensors...
[2026-03-28T03:20:54.148] [INFO] [training:0] Phase distribution: Opening=942, Middlegame=3,590, Endgame=4,208
[2026-03-28T03:20:54.148] [INFO] [training:0]   [selfplay_gen4.bin] loaded: 8,740 positions
[2026-03-28T03:20:54.217] [INFO] [training:0] Loading positions from C:\Users\chris\pyproj\my_env\Projects\ChessEngine\x64\Release\assets\selfplay_gen3.bin...
[2026-03-28T03:20:54.217] [INFO] [training:0]   Total positions: 42,231 — using offset-cache fast path (avoids reading 2 MB into RAM)
[2026-03-28T03:20:54.217] [INFO] [training:0] Scanning C:\Users\chris\pyproj\my_env\Projects\ChessEngine\x64\Release\assets\selfplay_gen3.bin for position offsets...
[2026-03-28T03:20:54.218] [INFO] [training:0]   Loaded cached index: 42,231 offsets (C:\Users\chris\pyproj\my_env\Projects\ChessEngine\x64\Release\assets\selfplay_gen3.bin.offidx)
[2026-03-28T03:20:54.219] [INFO] [training:0]   Sampled 6,302 from 42,231 positions (reservoir)
[2026-03-28T03:20:54.232] [INFO] [training:0]   Parsed 6,302 positions in 0.0s (484,103 pos/s)
[2026-03-28T03:20:54.232] [INFO] [training:0]   Vectorized HalfKAv2 conversion (6,302 positions)...
[2026-03-28T03:20:54.328] [INFO] [training:0]   HalfKAv2 conversion: 0.1s (65,174 pos/s)
[2026-03-28T03:20:54.329] [INFO] [training:0]   Converting to tensors...
[2026-03-28T03:20:54.329] [INFO] [training:0] Phase distribution: Opening=1,003, Middlegame=2,582, Endgame=2,492
[2026-03-28T03:20:54.330] [INFO] [training:0]   [selfplay_gen3.bin] loaded: 6,077 positions
[2026-03-28T03:20:54.398] [INFO] [training:0] Loading positions from C:\Users\chris\pyproj\my_env\Projects\ChessEngine\x64\Release\assets\selfplay_gen2.bin...
[2026-03-28T03:20:54.399] [INFO] [training:0]   Total positions: 454 (header: versioned)
[2026-03-28T03:20:54.399] [INFO] [training:0]   Parsed 444 positions in 0.0s (443,503 pos/s)          
[2026-03-28T03:20:54.399] [INFO] [training:0]   Filtered: 10 extreme-eval positions removed, 444 kept
[2026-03-28T03:20:54.467] [INFO] [training:0]   Vectorized HalfKAv2 conversion (444 positions)...
[2026-03-28T03:20:54.532] [INFO] [training:0]   HalfKAv2 conversion: 0.1s (6,960 pos/s)
[2026-03-28T03:20:54.532] [INFO] [training:0]   Converting to tensors...
[2026-03-28T03:20:54.532] [INFO] [training:0] Phase distribution: Opening=146, Middlegame=298, Endgame=0
[2026-03-28T03:20:54.532] [INFO] [training:0]   [selfplay_gen2.bin] loaded: 444 positions
[2026-03-28T03:20:54.594] [INFO] [training:0] Loading positions from C:\Users\chris\pyproj\my_env\Projects\ChessEngine\x64\Release\assets\training_data_draws.bin...
[2026-03-28T03:20:54.594] [INFO] [training:0]   Total positions: 35,143,613 — using offset-cache fast path (avoids reading 1675 MB into RAM)
[2026-03-28T03:20:54.594] [INFO] [training:0] Scanning C:\Users\chris\pyproj\my_env\Projects\ChessEngine\x64\Release\assets\training_data_draws.bin for position offsets...
[2026-03-28T03:20:55.984] [INFO] [training:0]   Loaded cached index: 35,143,613 offsets (C:\Users\chris\pyproj\my_env\Projects\ChessEngine\x64\Release\assets\training_data_draws.bin.offidx)
[2026-03-28T03:20:58.511] [INFO] [training:0]   Sampled 61,185 from 35,143,613 positions (reservoir)
[2026-03-28T03:21:06.144] [INFO] [training:0]     Parsed 50,000/61,185 positions (8252 pos/s,
[2026-03-28T03:21:06.144] [INFO] [training:0]   Parsed 61,185 positions in 7.6s (8,047 pos/s)
[2026-03-28T03:21:06.144] [INFO] [training:0]   Vectorized HalfKAv2 conversion (61,185 positions)...
[2026-03-28T03:21:06.426] [INFO] [training:0]   HalfKAv2 conversion: 0.3s (217,153 pos/s)
[2026-03-28T03:21:06.426] [INFO] [training:0]   Converting to tensors...
[2026-03-28T03:21:06.427] [INFO] [training:0] Phase distribution: Opening=20,044, Middlegame=16,928, Endgame=24,213
[2026-03-28T03:21:06.427] [INFO] [training:0]   [training_data_draws.bin] loaded: 61,185 positions
[2026-03-28T03:21:06.545] [INFO] [training:0]   Train positions: 175,320
[2026-03-28T03:21:06.545] [INFO] [training:0]   Val positions:   19,480
[2026-03-28T03:21:06.671] [INFO] [training:0]   Phase-balanced samples: 209,133 (from 175,320 train)
[2026-03-28T03:23:01.744] [INFO] [training:0]   Ep 1 | Batch 86/86 (100%) | Loss: 0.188104
[2026-03-28T03:23:15.625] [INFO] [training:0] ----------------------------------------------------------------------
[2026-03-28T03:23:15.625] [INFO] [training:0]   Epoch    1/8 | Train: 0.188104 (rebalanced) | Val: 0.356568 * | LR: 0.000042 | Acc: 0.5564
[2026-03-28T03:23:15.625] [METRIC] [training:6] EPOCH epoch=1 train_loss=0.18810400 val_loss=0.35656800 lr=4.200000e-05 acc=0.5564
[2026-03-28T03:23:15.625] [INFO] [training:0]   Time: 1m55s | Elapsed: 1m55s | 1,529 pos/s
[2026-03-28T03:23:15.625] [INFO] [training:0]   Phase loss -> Opening: 0.367649  Middlegame: 0.355155  Endgame: 0.350371
[2026-03-28T03:23:17.125] [INFO] [training:0] Weights saved to C:\Users\chris\pyproj\my_env\Projects\ChessEngine\x64\Release\assets\nnue_weights.bin
[2026-03-28T03:23:19.504] [INFO] [training:0] Checkpoint saved to C:\Users\chris\pyproj\my_env\Projects\ChessEngine\x64\Release\assets\nnue_weights_checkpoint.pt
[2026-03-28T03:25:12.426] [INFO] [training:0]   Ep 2 | Batch 86/86 (100%) | Loss: 0.186512
[2026-03-28T03:25:25.975] [INFO] [training:0] ----------------------------------------------------------------------
[2026-03-28T03:25:25.975] [INFO] [training:0]   Epoch    2/8 | Train: 0.186512 (rebalanced) | Val: 0.350970 * | LR: 0.000086 | Acc: 0.5718
[2026-03-28T03:25:25.975] [METRIC] [training:6] EPOCH epoch=2 train_loss=0.18651200 val_loss=0.35097000 lr=8.600000e-05 acc=0.5718
[2026-03-28T03:25:25.975] [INFO] [training:0]   Time: 1m53s | Elapsed: 4m06s | 1,557 pos/s
[2026-03-28T03:25:25.975] [INFO] [training:0]   Phase loss -> Opening: 0.364853  Middlegame: 0.350699  Endgame: 0.341927
[2026-03-28T03:25:27.112] [INFO] [training:0] Weights saved to C:\Users\chris\pyproj\my_env\Projects\ChessEngine\x64\Release\assets\nnue_weights.bin
[2026-03-28T03:25:28.849] [INFO] [training:0] Checkpoint saved to C:\Users\chris\pyproj\my_env\Projects\ChessEngine\x64\Release\assets\nnue_weights_checkpoint.pt
[2026-03-28T03:27:21.845] [INFO] [training:0]   Ep 3 | Batch 86/86 (100%) | Loss: 0.183662
[2026-03-28T03:27:34.456] [INFO] [training:0] ----------------------------------------------------------------------
[2026-03-28T03:27:34.456] [INFO] [training:0]   Epoch    3/8 | Train: 0.183662 (rebalanced) | Val: 0.348588 * | LR: 0.000130 | Acc: 0.5672
[2026-03-28T03:27:34.456] [METRIC] [training:6] EPOCH epoch=3 train_loss=0.18366200 val_loss=0.34858800 lr=1.300000e-04 acc=0.5672
[2026-03-28T03:27:34.456] [INFO] [training:0]   Time: 1m53s | Elapsed: 6m15s | 1,556 pos/s
[2026-03-28T03:27:34.457] [INFO] [training:0]   Phase loss -> Opening: 0.363058  Middlegame: 0.350196  Endgame: 0.337554
[2026-03-28T03:27:35.644] [INFO] [training:0] Weights saved to C:\Users\chris\pyproj\my_env\Projects\ChessEngine\x64\Release\assets\nnue_weights.bin
[2026-03-28T03:27:37.423] [INFO] [training:0] Checkpoint saved to C:\Users\chris\pyproj\my_env\Projects\ChessEngine\x64\Release\assets\nnue_weights_checkpoint.pt
[2026-03-28T03:29:29.936] [INFO] [training:0]   Ep 4 | Batch 86/86 (100%) | Loss: 0.180098
[2026-03-28T03:29:42.816] [INFO] [training:0] ----------------------------------------------------------------------
[2026-03-28T03:29:42.816] [INFO] [training:0]   Epoch    4/8 | Train: 0.180098 (rebalanced) | Val: 0.346698 * | LR: 0.000174 | Acc: 0.5593
[2026-03-28T03:29:42.816] [METRIC] [training:6] EPOCH epoch=4 train_loss=0.18009800 val_loss=0.34669800 lr=1.740000e-04 acc=0.5593
[2026-03-28T03:29:42.816] [INFO] [training:0]   Time: 1m52s | Elapsed: 8m23s | 1,563 pos/s
[2026-03-28T03:29:42.816] [INFO] [training:0]   Phase loss -> Opening: 0.360133  Middlegame: 0.349727  Endgame: 0.335143
[2026-03-28T03:29:43.942] [INFO] [training:0] Weights saved to C:\Users\chris\pyproj\my_env\Projects\ChessEngine\x64\Release\assets\nnue_weights.bin
[2026-03-28T03:29:45.717] [INFO] [training:0] Checkpoint saved to C:\Users\chris\pyproj\my_env\Projects\ChessEngine\x64\Release\assets\nnue_weights_checkpoint.pt
[2026-03-28T03:31:38.261] [INFO] [training:0]   Ep 5 | Batch 86/86 (100%) | Loss: 0.176623
[2026-03-28T03:31:51.001] [INFO] [training:0] ----------------------------------------------------------------------
[2026-03-28T03:31:51.001] [INFO] [training:0]   Epoch    5/8 | Train: 0.176623 (rebalanced) | Val: 0.344337 * | LR: 0.000172 | Acc: 0.5616
[2026-03-28T03:31:51.001] [METRIC] [training:6] EPOCH epoch=5 train_loss=0.17662300 val_loss=0.34433700 lr=1.720000e-04 acc=0.5616
[2026-03-28T03:31:51.001] [INFO] [training:0]   Time: 1m52s | Elapsed: 10m31s | 1,563 pos/s [SWA]
[2026-03-28T03:31:51.001] [INFO] [training:0]   Phase loss -> Opening: 0.356748  Middlegame: 0.348424  Endgame: 0.332565
[2026-03-28T03:31:52.153] [INFO] [training:0] Weights saved to C:\Users\chris\pyproj\my_env\Projects\ChessEngine\x64\Release\assets\nnue_weights.bin
[2026-03-28T03:31:53.784] [INFO] [training:0] Checkpoint saved to C:\Users\chris\pyproj\my_env\Projects\ChessEngine\x64\Release\assets\nnue_weights_checkpoint.pt
[2026-03-28T03:33:47.008] [INFO] [training:0]   Ep 6 | Batch 86/86 (100%) | Loss: 0.173177
[2026-03-28T03:33:59.557] [INFO] [training:0] ----------------------------------------------------------------------
[2026-03-28T03:33:59.557] [INFO] [training:0]   Epoch    6/8 | Train: 0.173177 (rebalanced) | Val: 0.343573 * | LR: 0.000105 | Acc: 0.5643
[2026-03-28T03:33:59.557] [METRIC] [training:6] EPOCH epoch=6 train_loss=0.17317700 val_loss=0.34357300 lr=1.050000e-04 acc=0.5643
[2026-03-28T03:33:59.557] [INFO] [training:0]   Time: 1m53s | Elapsed: 12m40s | 1,554 pos/s [SWA]
[2026-03-28T03:33:59.557] [INFO] [training:0]   Phase loss -> Opening: 0.356495  Middlegame: 0.347391  Endgame: 0.331688
[2026-03-28T03:34:00.875] [INFO] [training:0] Weights saved to C:\Users\chris\pyproj\my_env\Projects\ChessEngine\x64\Release\assets\nnue_weights.bin
[2026-03-28T03:34:02.910] [INFO] [training:0] Checkpoint saved to C:\Users\chris\pyproj\my_env\Projects\ChessEngine\x64\Release\assets\nnue_weights_checkpoint.pt
[2026-03-28T03:35:58.326] [INFO] [training:0]   Ep 7 | Batch 86/86 (100%) | Loss: 0.170407
[2026-03-28T03:36:12.005] [INFO] [training:0] ----------------------------------------------------------------------
[2026-03-28T03:36:12.005] [INFO] [training:0]   Epoch    7/8 | Train: 0.170407 (rebalanced) | Val: 0.342968 * | LR: 0.000038 | Acc: 0.5663
[2026-03-28T03:36:12.005] [METRIC] [training:6] EPOCH epoch=7 train_loss=0.17040700 val_loss=0.34296800 lr=3.800000e-05 acc=0.5663
[2026-03-28T03:36:12.005] [INFO] [training:0]   Time: 1m55s | Elapsed: 14m51s | 1,524 pos/s [SWA]
[2026-03-28T03:36:12.005] [INFO] [training:0]   Phase loss -> Opening: 0.355432  Middlegame: 0.346538  Endgame: 0.331601
[2026-03-28T03:36:13.347] [INFO] [training:0] Weights saved to C:\Users\chris\pyproj\my_env\Projects\ChessEngine\x64\Release\assets\nnue_weights.bin
[2026-03-28T03:36:15.113] [INFO] [training:0] Checkpoint saved to C:\Users\chris\pyproj\my_env\Projects\ChessEngine\x64\Release\assets\nnue_weights_checkpoint.pt
[2026-03-28T03:38:10.016] [INFO] [training:0]   Ep 8 | Batch 86/86 (100%) | Loss: 0.169271
[2026-03-28T03:38:23.535] [INFO] [training:0] ----------------------------------------------------------------------
[2026-03-28T03:38:23.535] [INFO] [training:0]   Epoch    8/8 | Train: 0.169271 (rebalanced) | Val: 0.342296 * | LR: 0.000010 | Acc: 0.5691
[2026-03-28T03:38:23.535] [METRIC] [training:6] EPOCH epoch=8 train_loss=0.16927100 val_loss=0.34229600 lr=1.000000e-05 acc=0.5691
[2026-03-28T03:38:23.535] [INFO] [training:0]   Time: 1m55s | Elapsed: 17m03s | 1,531 pos/s [SWA]
[2026-03-28T03:38:23.535] [INFO] [training:0]   Phase loss -> Opening: 0.354850  Middlegame: 0.345879  Endgame: 0.330858
[2026-03-28T03:38:24.715] [INFO] [training:0] Weights saved to C:\Users\chris\pyproj\my_env\Projects\ChessEngine\x64\Release\assets\nnue_weights.bin
[2026-03-28T03:38:26.414] [INFO] [training:0] Checkpoint saved to C:\Users\chris\pyproj\my_env\Projects\ChessEngine\x64\Release\assets\nnue_weights_checkpoint.pt
[2026-03-28T03:38:26.414] [INFO] [training:0] Applying SWA averaged weights (4 snapshots)...
[2026-03-28T03:38:26.438] [INFO] [training:0]   SWA: Applied averaged weights (4 snapshots)
[2026-03-28T03:38:27.581] [INFO] [training:0] Weights saved to C:\Users\chris\pyproj\my_env\Projects\ChessEngine\x64\Release\assets\nnue_weights_swa.bin
[2026-03-28T03:38:27.581] [INFO] [training:0]   SWA weights saved to C:\Users\chris\pyproj\my_env\Projects\ChessEngine\x64\Release\assets\nnue_weights_swa.bin
[2026-03-28T03:38:27.581] [INFO] [training:0]   Best validation weights remain at C:\Users\chris\pyproj\my_env\Projects\ChessEngine\x64\Release\assets\nnue_weights.bin
[2026-03-28T03:38:27.581] [INFO] [training:0] ============================================================
[2026-03-28T03:38:27.581] [INFO] [training:0] Training complete!
[2026-03-28T03:38:27.581] [INFO] [training:0]   Total time:  17m21s
[2026-03-28T03:38:27.581] [INFO] [training:0]   Best loss:   0.342296
[2026-03-28T03:38:27.581] [INFO] [training:0]   Weights:     C:\Users\chris\pyproj\my_env\Projects\ChessEngine\x64\Release\assets\nnue_weights.bin
[2026-03-28T03:38:27.581] [INFO] [training:0]   SWA applied: Yes (4 snapshots averaged)
[2026-03-28T03:38:27.581] [INFO] [training:0] ============================================================
[2026-03-28T03:38:29.168] [INFO] [training:0] Progress graph saved to .\training progress\training_progress.png
[2026-03-28T03:38:30.094] [EVENT] [training:6] PHASE_END success=true elapsed_sec=1068.0
[2026-03-28T03:38:30.181] [INFO] [training:0]   SWA weights archived to nnue_weights_swa_gen6.bin
[2026-03-28T03:38:30.181] [EVENT] [swa_match:6] PHASE_START games=100
[2026-03-28T03:38:30.181] [INFO] [swa_match:0] [SWA] Running best-of-two: Best-Val vs SWA (100 games)
[2026-03-28T03:38:30.182] [CMD] [swa_match:0] [CMD] py -3 "C:\Users\chris\pyproj\my_env\Projects\ChessEngine\x64\Release\assets\swa_match.py" "C:\Users\chris\pyproj\my_env\Projects\ChessEngine\x64\Release\ChessEngine.exe" "C:\Users\chris\pyproj\my_env\Projects\ChessEngine\x64\Release\assets\nnue_weights_swa_gen6.bin" "C:\Users\chris\pyproj\my_env\Projects\ChessEngine\x64\Release\assets\nnue_weights_gen6.bin" 100 7
[2026-03-28T03:38:42.949] [INFO] [swa_match:0] [SWA] 10/100: +4 =5 -1
[2026-03-28T03:38:54.526] [INFO] [swa_match:0] [SWA] 20/100: +7 =10 -3
[2026-03-28T03:39:06.616] [INFO] [swa_match:0] [SWA] 30/100: +9 =18 -3
[2026-03-28T03:39:19.161] [INFO] [swa_match:0] [SWA] 40/100: +11 =22 -7
[2026-03-28T03:39:31.721] [INFO] [swa_match:0] [SWA] 50/100: +16 =27 -7
[2026-03-28T03:39:43.646] [INFO] [swa_match:0] [SWA] 60/100: +20 =32 -8
[2026-03-28T03:39:55.465] [INFO] [swa_match:0] [SWA] 70/100: +23 =37 -10
[2026-03-28T03:40:07.299] [INFO] [swa_match:0] [SWA] 80/100: +25 =45 -10
[2026-03-28T03:40:19.850] [INFO] [swa_match:0] [SWA] 90/100: +27 =49 -14
[2026-03-28T03:40:32.732] [INFO] [swa_match:0] [SWA] 100/100: +32 =54 -14
[2026-03-28T03:40:32.732] [INFO] [swa_match:0] [SWA] Final: +32 =54 -14 SWA_ELO: 63
[2026-03-28T03:40:32.750] [EVENT] [swa_match:6] PHASE_END success=true elapsed_sec=122.0
[2026-03-28T03:40:32.750] [METRIC] [swa:6] ELO_RESULT elo=+63 wins=0 draws=0 losses=0
[2026-03-28T03:40:32.750] [INFO] [swa_match:0] [SWA] SWA wins by +63 ELO â€” promoting SWA weights for gen 6
[2026-03-28T03:40:32.787] [EVENT] [pipeline:6] GEN_SUMMARY gen=6 train_loss=0.16927100 val_loss=0.34229600 elo=+0 elapsed_sec=0.0
[2026-03-28T03:40:33.496] [INFO] [swa_match:1] --- Generation 7 ---
[2026-03-28T03:40:33.497] [EVENT] [selfplay:7] PHASE_START games=750 depth=7 workers=12
[2026-03-28T03:40:33.498] [CMD] [selfplay:1] [CMD] "C:\Users\chris\pyproj\my_env\Projects\ChessEngine\x64\Release\ChessEngine.exe" --generate --games 750 --depth 7 --mixed-depth-ratio 0.200000 --mixed-depth-low 4 --workers 12 --output "C:\Users\chris\pyproj\my_env\Projects\ChessEngine\x64\Release\assets\selfplay_gen7.bin" --weights "C:\Users\chris\pyproj\my_env\Projects\ChessEngine\x64\Release\assets\nnue_weights_gen6.bin" --openings "C:\Users\chris\pyproj\my_env\Projects\ChessEngine\x64\Release\assets\openings.txt" --game-time-limit 480 --resigncp 500 --contempt 20 --maxplies 250 --drawcp 0
[2026-03-28T03:40:34.015] [INFO] [selfplay:1] [SelfPlay] Loaded 2000 opening positions from C:\Users\chris\pyproj\my_env\Projects\ChessEngine\x64\Release\assets\openings.txt
[2026-03-28T03:40:34.015] [INFO] [selfplay:1] [SelfPlay] Starting 750 games  depth=7  movetime=0ms  workers=12  output=C:\Users\chris\pyproj\my_env\Projects\ChessEngine\x64\Release\assets\selfplay_gen7.bin  openings=2000  contempt=20  openingTemp=1.5  softmaxPlies=8  softmaxTemp=0.5  recordMinPly=10  mixedDepth=4/7 (20%/80%)
[2026-03-28T03:40:37.657] [INFO] [selfplay:1] [SelfPlay] 1/750 (0%)  pos=77  W/D/B=1/0/0  (100%/0%/0%)  d4/d7  0.4 games/s (avg 0.4)  52.8K nps  ETA 00:35:00        
[2026-03-28T03:40:37.740] [INFO] [selfplay:1] [SelfPlay] 2/750 (0%)  pos=121  W/D/B=2/0/0  (100%/0%/0%)  d4/d7  0.5 games/s (avg 0.5)  93.0K nps  ETA 00:22:41       
[2026-03-28T03:40:41.427] [INFO] [selfplay:1] [SelfPlay] 3/750 (0%)  pos=223  W/D/B=2/1/0  (66%/33%/0%)  d4/d7  2.2 games/s (avg 0.8)  144.0K nps  ETA 00:15:23      
[2026-03-28T03:40:42.081] [INFO] [selfplay:1] [SelfPlay] 4/750 (0%)  pos=324  W/D/B=2/2/0  (50%/50%/0%)  d4/d7  1.9 games/s (avg 0.5)  99.3K nps  ETA 00:23:01       
[2026-03-28T03:40:46.823] [INFO] [selfplay:1] [SelfPlay] 5/750 (0%)  pos=453  W/D/B=3/2/0  (60%/40%/0%)  d4/d7  1.9 games/s (avg 0.6)  128.5K nps  ETA 00:19:57      
[2026-03-28T03:40:59.283] [INFO] [selfplay:1] [SelfPlay] 6/750 (0%)  pos=565  W/D/B=4/2/0  (66%/33%/0%)  d4/d7  1.6 games/s (avg 0.5)  102.8K nps  ETA 00:26:15      
[2026-03-28T03:41:00.807] [INFO] [selfplay:1] [SelfPlay] 7/750 (0%)  pos=603  W/D/B=4/3/0  (57%/42%/0%)  d4/d7  1.5 games/s (avg 0.3)  185.6K nps  ETA 00:44:40      
[2026-03-28T03:41:03.636] [INFO] [selfplay:1] [SelfPlay] 8/750 (1%)  pos=635  W/D/B=4/3/1  (50%/37%/12%)  d4/d7  1.4 games/s (avg 0.3)  256.2K nps  ETA 00:41:21     
[2026-03-28T03:41:09.618] [INFO] [selfplay:1] [SelfPlay] 9/750 (1%)  pos=694  W/D/B=4/3/2  (44%/33%/22%)  d4/d7  1.2 games/s (avg 0.3)  300.4K nps  ETA 00:40:32     
[2026-03-28T03:41:10.838] [INFO] [selfplay:1] [SelfPlay] 10/750 (1%)  pos=781  W/D/B=4/4/2  (40%/40%/20%)  d4/d7  1.1 games/s (avg 0.3)  297.6K nps  ETA 00:43:53    
[2026-03-28T03:41:12.207] [INFO] [selfplay:1] [SelfPlay] 11/750 (1%)  pos=828  W/D/B=5/4/2  (45%/36%/18%)  d4/d7  1.0 games/s (avg 0.3)  358.8K nps  ETA 00:41:11    
[2026-03-28T03:41:15.375] [INFO] [selfplay:1] [SelfPlay] 12/750 (1%)  pos=1013  W/D/B=6/4/2  (50%/33%/16%)  d4/d7  1.0 games/s (avg 0.3)  357.7K nps  ETA 00:39:07   
[2026-03-28T03:41:15.375] [INFO] [selfplay:1] [INFO] Process terminated -- pipeline stopped by user.
[2026-03-28T03:41:15.375] [EVENT] [selfplay:7] PHASE_END success=false elapsed_sec=41.0
[2026-03-28T03:41:15.375] [ERROR] [selfplay:1] [ERR] Self-play failed gen 7
[2026-03-28T03:41:15.375] [INFO] [selfplay:1] === Pipeline stopped ===
[2026-03-28T03:41:15.375] [EVENT] [pipeline:0] PIPELINE_END stopped=true total_elapsed_sec=3209.0 completed_gens=1
# â”€â”€ END OF LOG â”€â”€ 2026-03-28T03:41:15.375
