# NNUE Training Runner - Structured Log
# Format: [TIMESTAMP] [LEVEL] [PHASE:GEN] message
# Structured events use KEY=VALUE pairs after the tag
# Levels: INFO, WARN, ERROR, EVENT, METRIC, CONFIG, CMD
# Generated: 2026-03-28T23:53:02.616
#
# â”€â”€ HOW TO READ THIS LOG â”€â”€
# Lines starting with [EVENT] mark pipeline milestones (start/stop/phase transitions)
# Lines starting with [METRIC] contain numeric training data points
# Lines starting with [ERROR] or [WARN] flag issues to investigate
# Lines starting with [CONFIG] dump the full configuration used
# Lines starting with [CMD] show exact command lines executed
# Lines starting with [INFO] are general informational messages
#
[2026-03-28T23:53:02.619] [INFO] [selfplay:0] [LOG] Writing structured log to: C:\Users\chris\pyproj\my_env\Projects\ChessEngine\x64\Release\assets\logs\training_run_20260328_235302.log
[2026-03-28T23:53:02.619] [EVENT] [pipeline:0] PIPELINE_START first_gen=9 last_gen=18 total_gens=10
[2026-03-28T23:53:02.619] [CONFIG] [pipeline:0] generations=10 startGen=8 gamesPerGen=2000 epochsPerGen=12 batchSize=2048 lr=0.0001 weightDecay=0.0015 dropout=0.2 labelSmooth=0.01 gradAccum=4 warmupSteps=100 drawWeight=0.3 mateBoost=5 splRatio=0.35 frcMix=0 replayWindow=4 replayDecay=0.7 workers=12 depth=8 mixedDepthLow=5 mixedDepthRatio=0.2 maxPositions=300000 earlyStop=8 cosineLr=true cosineT0=0 swa=true swaStart=8 drawPct=30 wdlAlpha=0.3 wdlDrawElo=50 eloValidate=false eloGames=100 swaGames=100 overfitDetect=true resignCp=500 contemptCp=20 maxPlies=250 drawCp=0 exeName=ChessEngine.exe pyScript=train_nnue.py dataDir=assets
[2026-03-28T23:53:02.619] [INFO] [selfplay:0] --- Generation 9 ---
[2026-03-28T23:53:02.621] [EVENT] [selfplay:9] PHASE_START games=2000 depth=8 workers=12
[2026-03-28T23:53:02.621] [CMD] [selfplay:0] [CMD] "C:\Users\chris\pyproj\my_env\Projects\ChessEngine\x64\Release\ChessEngine.exe" --generate --games 2000 --depth 8 --mixed-depth-ratio 0.200000 --mixed-depth-low 5 --workers 12 --output "C:\Users\chris\pyproj\my_env\Projects\ChessEngine\x64\Release\assets\selfplay_gen9.bin" --weights "C:\Users\chris\pyproj\my_env\Projects\ChessEngine\x64\Release\assets\nnue_weights_gen8.bin" --openings "C:\Users\chris\pyproj\my_env\Projects\ChessEngine\x64\Release\assets\openings.txt" --game-time-limit 720 --resigncp 500 --contempt 20 --maxplies 250 --drawcp 0
[2026-03-28T23:53:03.496] [INFO] [selfplay:0] [SelfPlay] Loaded 2000 opening positions from C:\Users\chris\pyproj\my_env\Projects\ChessEngine\x64\Release\assets\openings.txt
[2026-03-28T23:53:03.496] [INFO] [selfplay:0] [SelfPlay] Starting 2000 games  depth=8  movetime=0ms  workers=12  output=C:\Users\chris\pyproj\my_env\Projects\ChessEngine\x64\Release\assets\selfplay_gen9.bin  openings=2000  contempt=20  openingTemp=1.5  softmaxPlies=8  softmaxTemp=0.5  recordMinPly=10  mixedDepth=5/8 (20%/80%)
[2026-03-28T23:53:08.888] [INFO] [selfplay:0] [SelfPlay] 1/2000 (0%)  pos=36  W/D/B=0/1/0  (0%/100%/0%)  d5/d8  0.2 games/s (avg 0.2)  59.7K nps  ETA 02:42:13       
[2026-03-28T23:53:08.988] [INFO] [selfplay:0] [SelfPlay] 2/2000 (0%)  pos=84  W/D/B=1/1/0  (50%/50%/0%)  d5/d8  0.5 games/s (avg 0.4)  118.6K nps  ETA 01:29:46      
[2026-03-28T23:53:11.628] [INFO] [selfplay:0] [SelfPlay] 3/2000 (0%)  pos=85  W/D/B=2/1/0  (66%/33%/0%)  d5/d8  1.9 games/s (avg 0.5)  117.7K nps  ETA 01:00:52      
[2026-03-28T23:53:12.502] [INFO] [selfplay:0] [SelfPlay] 4/2000 (0%)  pos=177  W/D/B=2/1/1  (50%/25%/25%)  d5/d8  1.7 games/s (avg 0.5)  146.9K nps  ETA 01:07:37    
[2026-03-28T23:53:13.971] [INFO] [selfplay:0] [SelfPlay] 5/2000 (0%)  pos=225  W/D/B=2/1/2  (40%/20%/40%)  d5/d8  1.6 games/s (avg 0.6)  164.7K nps  ETA 00:59:51    
[2026-03-28T23:53:17.636] [INFO] [selfplay:0] [SelfPlay] 6/2000 (0%)  pos=293  W/D/B=2/1/3  (33%/16%/50%)  d5/d8  1.5 games/s (avg 0.6)  175.8K nps  ETA 00:57:57    
[2026-03-28T23:54:03.693] [INFO] [selfplay:0] [SelfPlay] 7/2000 (0%)  pos=350  W/D/B=3/1/3  (42%/14%/42%)  d5/d8  1.3 games/s (avg 0.5)  158.0K nps  ETA 01:06:19    
[2026-03-28T23:54:07.003] [INFO] [selfplay:0] [SelfPlay] 8/2000 (0%)  pos=424  W/D/B=3/1/4  (37%/12%/50%)  d5/d8  1.2 games/s (avg 0.1)  363.1K nps  ETA 04:09:45    
[2026-03-28T23:54:10.472] [INFO] [selfplay:0] [SelfPlay] 9/2000 (0%)  pos=494  W/D/B=3/2/4  (33%/22%/44%)  d5/d8  1.0 games/s (avg 0.1)  488.9K nps  ETA 03:54:06    
[2026-03-28T23:54:12.120] [INFO] [selfplay:0] [SelfPlay] 10/2000 (0%)  pos=553  W/D/B=3/3/4  (30%/30%/40%)  d5/d8  0.9 games/s (avg 0.1)  421.9K nps  ETA 03:42:06   
[2026-03-28T23:54:13.901] [INFO] [selfplay:0] [SelfPlay] 11/2000 (0%)  pos=746  W/D/B=3/4/4  (27%/36%/36%)  d5/d8  0.9 games/s (avg 0.2)  574.1K nps  ETA 03:26:46   
[2026-03-28T23:54:18.845] [INFO] [selfplay:0] [SelfPlay] 12/2000 (0%)  pos=903  W/D/B=3/4/5  (25%/33%/41%)  d5/d8  0.8 games/s (avg 0.2)  717.9K nps  ETA 03:14:18   
[2026-03-28T23:54:22.023] [INFO] [selfplay:0] [SelfPlay] 13/2000 (0%)  pos=984  W/D/B=4/4/5  (30%/30%/38%)  d5/d8  0.7 games/s (avg 0.2)  618.0K nps  ETA 03:11:53   
[2026-03-28T23:54:25.759] [INFO] [selfplay:0] [SelfPlay] 14/2000 (0%)  pos=1041  W/D/B=4/4/6  (28%/28%/42%)  d5/d8  0.7 games/s (avg 0.2)  688.3K nps  ETA 03:05:35  
[2026-03-28T23:54:31.053] [INFO] [selfplay:0] [SelfPlay] 15/2000 (0%)  pos=1143  W/D/B=4/4/7  (26%/26%/46%)  d5/d8  0.6 games/s (avg 0.2)  631.2K nps  ETA 03:01:21  
[2026-03-28T23:54:52.024] [INFO] [selfplay:0] [SelfPlay] 16/2000 (0%)  pos=1318  W/D/B=4/4/8  (25%/25%/50%)  d5/d8  0.6 games/s (avg 0.2)  673.7K nps  ETA 03:00:36  
[2026-03-28T23:55:02.923] [INFO] [selfplay:0] [SelfPlay] 17/2000 (0%)  pos=1412  W/D/B=5/4/8  (29%/23%/47%)  d5/d8  0.5 games/s (avg 0.2)  779.5K nps  ETA 03:30:48  
[2026-03-28T23:55:05.029] [INFO] [selfplay:0] [SelfPlay] 18/2000 (0%)  pos=1559  W/D/B=5/4/9  (27%/22%/50%)  d5/d8  0.4 games/s (avg 0.2)  735.2K nps  ETA 03:39:08  
[2026-03-28T23:55:05.619] [INFO] [selfplay:0] [SelfPlay] 19/2000 (0%)  pos=1605  W/D/B=6/4/9  (31%/21%/47%)  d5/d8  0.5 games/s (avg 0.2)  765.0K nps  ETA 03:31:10  
[2026-03-28T23:55:09.391] [INFO] [selfplay:0] [SelfPlay] 20/2000 (1%)  pos=1691  W/D/B=7/4/9  (35%/20%/45%)  d5/d8  0.6 games/s (avg 0.2)  872.8K nps  ETA 03:21:27  
[2026-03-28T23:55:12.891] [INFO] [selfplay:0] [SelfPlay] 21/2000 (1%)  pos=1743  W/D/B=7/4/10  (33%/19%/47%)  d5/d8  0.6 games/s (avg 0.2)  918.6K nps  ETA 03:17:40 
[2026-03-28T23:55:16.679] [INFO] [selfplay:0] [SelfPlay] 22/2000 (1%)  pos=1857  W/D/B=7/4/11  (31%/18%/50%)  d5/d8  0.5 games/s (avg 0.2)  877.4K nps  ETA 03:13:49 
[2026-03-28T23:55:26.245] [INFO] [selfplay:0] [SelfPlay] 23/2000 (1%)  pos=1956  W/D/B=8/4/11  (34%/17%/47%)  d5/d8  0.5 games/s (avg 0.2)  835.9K nps  ETA 03:10:38 
[2026-03-28T23:55:34.312] [INFO] [selfplay:0] [SelfPlay] 24/2000 (1%)  pos=2046  W/D/B=8/4/12  (33%/16%/50%)  d5/d8  0.4 games/s (avg 0.2)  833.3K nps  ETA 03:15:44 
[2026-03-28T23:55:44.743] [INFO] [selfplay:0] [SelfPlay] 25/2000 (1%)  pos=2223  W/D/B=9/4/12  (36%/16%/48%)  d5/d8  0.4 games/s (avg 0.2)  761.5K nps  ETA 03:18:23 
[2026-03-28T23:55:50.806] [INFO] [selfplay:0] [SelfPlay] 26/2000 (1%)  pos=2375  W/D/B=9/4/13  (34%/15%/50%)  d5/d8  0.3 games/s (avg 0.2)  764.4K nps  ETA 03:23:56 
[2026-03-28T23:55:53.683] [INFO] [selfplay:0] [SelfPlay] 27/2000 (1%)  pos=2508  W/D/B=9/4/14  (33%/14%/51%)  d5/d8  0.3 games/s (avg 0.2)  764.6K nps  ETA 03:23:42 
[2026-03-28T23:55:55.058] [INFO] [selfplay:0] [SelfPlay] 28/2000 (1%)  pos=2570  W/D/B=9/4/15  (32%/14%/53%)  d5/d8  0.3 games/s (avg 0.2)  789.0K nps  ETA 03:19:45 
[2026-03-28T23:56:02.293] [INFO] [selfplay:0] [SelfPlay] 29/2000 (1%)  pos=2598  W/D/B=9/4/16  (31%/13%/55%)  d5/d8  0.4 games/s (avg 0.2)  798.5K nps  ETA 03:14:13 
[2026-03-28T23:56:02.310] [INFO] [selfplay:0] [SelfPlay] 30/2000 (1%)  pos=2743  W/D/B=9/5/16  (30%/16%/53%)  d5/d8  0.3 games/s (avg 0.2)  792.1K nps  ETA 03:15:41 
[2026-03-28T23:56:02.902] [INFO] [selfplay:0] [SelfPlay] 31/2000 (1%)  pos=2860  W/D/B=9/5/17  (29%/16%/54%)  d5/d8  9.2 games/s (avg 0.2)  797.7K nps  ETA 03:09:16 
[2026-03-28T23:56:06.418] [INFO] [selfplay:0] [SelfPlay] 32/2000 (1%)  pos=2941  W/D/B=10/5/17  (31%/15%/53%)  d5/d8  8.1 games/s (avg 0.2)  797.4K nps  ETA 03:03:50
[2026-03-28T23:56:29.850] [INFO] [selfplay:0] [SelfPlay] 33/2000 (1%)  pos=3106  W/D/B=11/5/17  (33%/15%/51%)  d5/d8  7.5 games/s (avg 0.2)  852.1K nps  ETA 03:01:19
[2026-03-28T23:56:37.077] [INFO] [selfplay:0] [SelfPlay] 34/2000 (1%)  pos=3140  W/D/B=12/5/17  (35%/14%/50%)  d5/d8  6.9 games/s (avg 0.2)  879.5K nps  ETA 03:18:45
[2026-03-28T23:56:39.933] [INFO] [selfplay:0] [SelfPlay] 35/2000 (1%)  pos=3179  W/D/B=12/5/18  (34%/14%/51%)  d5/d8  6.4 games/s (avg 0.2)  915.7K nps  ETA 03:19:48
[2026-03-28T23:57:06.962] [INFO] [selfplay:0] [SelfPlay] 36/2000 (1%)  pos=3319  W/D/B=12/5/19  (33%/13%/52%)  d5/d8  5.9 games/s (avg 0.2)  920.2K nps  ETA 03:16:20
[2026-03-28T23:57:09.063] [INFO] [selfplay:0] [SelfPlay] 37/2000 (1%)  pos=3372  W/D/B=12/5/20  (32%/13%/54%)  d5/d8  5.5 games/s (avg 0.2)  943.9K nps  ETA 03:35:14
[2026-03-28T23:57:15.578] [INFO] [selfplay:0] [SelfPlay] 38/2000 (1%)  pos=3469  W/D/B=13/5/20  (34%/13%/52%)  d5/d8  5.1 games/s (avg 0.2)  977.9K nps  ETA 03:31:12
[2026-03-28T23:57:20.079] [INFO] [selfplay:0] [SelfPlay] 39/2000 (1%)  pos=3641  W/D/B=13/5/21  (33%/12%/53%)  d5/d8  4.7 games/s (avg 0.2)  981.2K nps  ETA 03:31:11
[2026-03-28T23:57:26.700] [INFO] [selfplay:0] [SelfPlay] 40/2000 (2%)  pos=3732  W/D/B=13/5/22  (32%/12%/55%)  d5/d8  4.3 games/s (avg 0.2)  1.0M nps  ETA 03:29:25  
[2026-03-28T23:57:30.806] [INFO] [selfplay:0] [SelfPlay] 41/2000 (2%)  pos=3807  W/D/B=13/5/23  (31%/12%/56%)  d5/d8  4.0 games/s (avg 0.2)  1.1M nps  ETA 03:29:31  
[2026-03-28T23:57:33.217] [INFO] [selfplay:0] [SelfPlay] 42/2000 (2%)  pos=3984  W/D/B=14/5/23  (33%/11%/54%)  d5/d8  3.7 games/s (avg 0.2)  1.2M nps  ETA 03:27:39  
[2026-03-28T23:57:54.855] [INFO] [selfplay:0] [SelfPlay] 43/2000 (2%)  pos=4067  W/D/B=14/5/24  (32%/11%/55%)  d5/d8  3.2 games/s (avg 0.2)  1.2M nps  ETA 03:24:13  
[2026-03-28T23:58:03.206] [INFO] [selfplay:0] [SelfPlay] 44/2000 (2%)  pos=4184  W/D/B=14/5/25  (31%/11%/56%)  d5/d8  3.0 games/s (avg 0.2)  1.2M nps  ETA 03:35:44  
[2026-03-28T23:58:10.044] [INFO] [selfplay:0] [SelfPlay] 45/2000 (2%)  pos=4289  W/D/B=14/5/26  (31%/11%/57%)  d5/d8  2.8 games/s (avg 0.2)  1.3M nps  ETA 03:36:53  
[2026-03-28T23:58:12.554] [INFO] [selfplay:0] [SelfPlay] 46/2000 (2%)  pos=4332  W/D/B=14/6/26  (30%/13%/56%)  d5/d8  2.6 games/s (avg 0.2)  1.3M nps  ETA 03:36:58  
[2026-03-28T23:58:16.392] [INFO] [selfplay:0] [SelfPlay] 47/2000 (2%)  pos=4419  W/D/B=14/6/27  (29%/12%/57%)  d5/d8  2.2 games/s (avg 0.2)  1.3M nps  ETA 03:33:59  
[2026-03-28T23:58:19.097] [INFO] [selfplay:0] [SelfPlay] 48/2000 (2%)  pos=4467  W/D/B=14/7/27  (29%/14%/56%)  d5/d8  1.9 games/s (avg 0.2)  1.3M nps  ETA 03:32:01  
[2026-03-28T23:58:20.390] [INFO] [selfplay:0] [SelfPlay] 49/2000 (2%)  pos=4592  W/D/B=15/7/27  (30%/14%/55%)  d5/d8  1.7 games/s (avg 0.2)  1.3M nps  ETA 03:29:25  
[2026-03-28T23:58:24.797] [INFO] [selfplay:0] [SelfPlay] 50/2000 (2%)  pos=4645  W/D/B=16/7/27  (32%/14%/54%)  d5/d8  1.6 games/s (avg 0.2)  1.3M nps  ETA 03:25:53  
[2026-03-28T23:58:26.675] [INFO] [selfplay:0] [SelfPlay] 51/2000 (2%)  pos=4806  W/D/B=16/7/28  (31%/13%/54%)  d5/d8  1.4 games/s (avg 0.2)  1.3M nps  ETA 03:24:36  
[2026-03-28T23:58:43.362] [INFO] [selfplay:0] [SelfPlay] 52/2000 (2%)  pos=4883  W/D/B=17/7/28  (32%/13%/53%)  d5/d8  1.2 games/s (avg 0.2)  1.3M nps  ETA 03:21:30  
[2026-03-28T23:58:43.373] [INFO] [selfplay:0] [SelfPlay] 53/2000 (2%)  pos=4974  W/D/B=17/7/29  (32%/13%/54%)  d5/d8  1.1 games/s (avg 0.2)  1.3M nps  ETA 03:28:05  
[2026-03-28T23:58:52.050] [INFO] [selfplay:0] [SelfPlay] 54/2000 (2%)  pos=5103  W/D/B=18/7/29  (33%/12%/53%)  d5/d8  14.7 games/s (avg 0.2)  1.4M nps  ETA 03:23:59 
[2026-03-28T23:58:52.452] [INFO] [selfplay:0] [SelfPlay] 55/2000 (2%)  pos=5158  W/D/B=19/7/29  (34%/12%/52%)  d5/d8  13.6 games/s (avg 0.2)  1.4M nps  ETA 03:25:26 
[2026-03-28T23:58:59.750] [INFO] [selfplay:0] [SelfPlay] 56/2000 (2%)  pos=5230  W/D/B=20/7/29  (35%/12%/51%)  d5/d8  11.9 games/s (avg 0.2)  1.4M nps  ETA 03:21:45 
[2026-03-28T23:59:01.264] [INFO] [selfplay:0] [SelfPlay] 57/2000 (2%)  pos=5380  W/D/B=20/7/30  (35%/12%/52%)  d5/d8  11.0 games/s (avg 0.2)  1.5M nps  ETA 03:22:22 
[2026-03-28T23:59:05.233] [INFO] [selfplay:0] [SelfPlay] 58/2000 (2%)  pos=5431  W/D/B=21/7/30  (36%/12%/51%)  d5/d8  10.2 games/s (avg 0.2)  1.5M nps  ETA 03:19:35 
[2026-03-28T23:59:15.672] [INFO] [selfplay:0] [SelfPlay] 59/2000 (2%)  pos=5480  W/D/B=21/8/30  (35%/13%/50%)  d5/d8  9.4 games/s (avg 0.2)  1.5M nps  ETA 03:18:09  
[2026-03-28T23:59:15.881] [INFO] [selfplay:0] [SelfPlay] 60/2000 (3%)  pos=5521  W/D/B=21/9/30  (35%/15%/50%)  d5/d8  8.7 games/s (avg 0.2)  1.5M nps  ETA 03:20:33  
[2026-03-28T23:59:24.651] [INFO] [selfplay:0] [SelfPlay] 61/2000 (3%)  pos=5592  W/D/B=21/9/31  (34%/14%/50%)  d5/d8  8.1 games/s (avg 0.2)  1.6M nps  ETA 03:17:07  
[2026-03-28T23:59:51.422] [INFO] [selfplay:0] [SelfPlay] 62/2000 (3%)  pos=5644  W/D/B=21/9/32  (33%/14%/51%)  d5/d8  7.5 games/s (avg 0.2)  1.6M nps  ETA 03:18:08  
[2026-03-29T00:00:10.058] [INFO] [selfplay:0] [SelfPlay] 63/2000 (3%)  pos=5741  W/D/B=22/9/32  (34%/14%/50%)  d5/d8  6.9 games/s (avg 0.2)  1.6M nps  ETA 03:28:43  
[2026-03-29T00:00:13.510] [INFO] [selfplay:0] [SelfPlay] 64/2000 (3%)  pos=5798  W/D/B=23/9/32  (35%/14%/50%)  d5/d8  6.4 games/s (avg 0.2)  1.6M nps  ETA 03:34:59  
[2026-03-29T00:00:18.713] [INFO] [selfplay:0] [SelfPlay] 65/2000 (3%)  pos=5891  W/D/B=24/9/32  (36%/13%/49%)  d5/d8  5.9 games/s (avg 0.2)  1.7M nps  ETA 03:33:16  
[2026-03-29T00:00:25.721] [INFO] [selfplay:0] [SelfPlay] 66/2000 (3%)  pos=5997  W/D/B=24/9/33  (36%/13%/50%)  d5/d8  5.5 games/s (avg 0.2)  1.7M nps  ETA 03:32:26  
[2026-03-29T00:00:27.318] [INFO] [selfplay:0] [SelfPlay] 67/2000 (3%)  pos=6069  W/D/B=24/9/34  (35%/13%/50%)  d5/d8  5.1 games/s (avg 0.2)  1.7M nps  ETA 03:32:37  
[2026-03-29T00:00:34.243] [INFO] [selfplay:0] [SelfPlay] 68/2000 (3%)  pos=6157  W/D/B=24/9/35  (35%/13%/51%)  d5/d8  4.4 games/s (avg 0.2)  1.8M nps  ETA 03:30:02  
[2026-03-29T00:00:36.751] [INFO] [selfplay:0] [SelfPlay] 69/2000 (3%)  pos=6392  W/D/B=24/10/35  (34%/14%/50%)  d5/d8  4.1 games/s (avg 0.2)  1.8M nps  ETA 03:30:11 
[2026-03-29T00:00:40.376] [INFO] [selfplay:0] [SelfPlay] 70/2000 (3%)  pos=6427  W/D/B=25/10/35  (35%/14%/50%)  d5/d8  3.8 games/s (avg 0.2)  1.8M nps  ETA 03:28:13 
[2026-03-29T00:00:46.065] [INFO] [selfplay:0] [SelfPlay] 71/2000 (3%)  pos=6495  W/D/B=25/10/36  (35%/14%/50%)  d5/d8  3.5 games/s (avg 0.2)  1.9M nps  ETA 03:26:46 
[2026-03-29T00:00:48.020] [INFO] [selfplay:0] [SelfPlay] 72/2000 (3%)  pos=6564  W/D/B=26/10/36  (36%/13%/50%)  d5/d8  3.2 games/s (avg 0.2)  1.9M nps  ETA 03:26:24 
[2026-03-29T00:00:57.040] [INFO] [selfplay:0] [SelfPlay] 73/2000 (3%)  pos=6642  W/D/B=27/10/36  (36%/13%/49%)  d5/d8  2.8 games/s (avg 0.2)  1.8M nps  ETA 03:24:13 
[2026-03-29T00:01:00.590] [INFO] [selfplay:0] [SelfPlay] 74/2000 (3%)  pos=6873  W/D/B=27/10/37  (36%/13%/50%)  d5/d8  2.6 games/s (avg 0.2)  1.9M nps  ETA 03:25:20 
[2026-03-29T00:01:02.035] [INFO] [selfplay:0] [SelfPlay] 75/2000 (3%)  pos=6902  W/D/B=28/10/37  (37%/13%/49%)  d5/d8  2.3 games/s (avg 0.2)  1.8M nps  ETA 03:24:04 
[2026-03-29T00:01:03.023] [INFO] [selfplay:0] [SelfPlay] 76/2000 (3%)  pos=6984  W/D/B=28/10/38  (36%/13%/50%)  d5/d8  2.0 games/s (avg 0.2)  1.8M nps  ETA 03:21:53 
[2026-03-29T00:01:04.751] [INFO] [selfplay:0] [SelfPlay] 77/2000 (3%)  pos=7077  W/D/B=29/10/38  (37%/12%/49%)  d5/d8  1.9 games/s (avg 0.2)  1.9M nps  ETA 03:19:33 
[2026-03-29T00:01:08.899] [INFO] [selfplay:0] [SelfPlay] 78/2000 (3%)  pos=7157  W/D/B=30/10/38  (38%/12%/48%)  d5/d8  1.7 games/s (avg 0.2)  1.9M nps  ETA 03:17:34 
[2026-03-29T00:01:12.787] [INFO] [selfplay:0] [SelfPlay] 79/2000 (3%)  pos=7240  W/D/B=30/10/39  (37%/12%/49%)  d5/d8  1.5 games/s (avg 0.2)  1.8M nps  ETA 03:16:39 
[2026-03-29T00:01:16.426] [INFO] [selfplay:0] [SelfPlay] 80/2000 (4%)  pos=7330  W/D/B=30/10/40  (37%/12%/50%)  d5/d8  1.3 games/s (avg 0.2)  1.8M nps  ETA 03:15:39 
[2026-03-29T00:01:59.134] [INFO] [selfplay:0] [SelfPlay] 81/2000 (4%)  pos=7403  W/D/B=30/10/41  (37%/12%/50%)  d5/d8  1.1 games/s (avg 0.2)  1.8M nps  ETA 03:13:55 
[2026-03-29T00:02:08.744] [INFO] [selfplay:0] [SelfPlay] 82/2000 (4%)  pos=7499  W/D/B=30/10/42  (36%/12%/51%)  d5/d8  1.0 games/s (avg 0.2)  1.8M nps  ETA 03:28:38 
[2026-03-29T00:02:15.842] [INFO] [selfplay:0] [SelfPlay] 83/2000 (4%)  pos=7539  W/D/B=30/10/43  (36%/12%/51%)  d5/d8  1.0 games/s (avg 0.2)  1.8M nps  ETA 03:29:46 
[2026-03-29T00:02:17.425] [INFO] [selfplay:0] [SelfPlay] 84/2000 (4%)  pos=7575  W/D/B=31/10/43  (36%/11%/51%)  d5/d8  0.8 games/s (avg 0.2)  1.7M nps  ETA 03:29:57 
[2026-03-29T00:02:23.387] [INFO] [selfplay:0] [SelfPlay] 85/2000 (4%)  pos=7654  W/D/B=32/10/43  (37%/11%/50%)  d5/d8  0.8 games/s (avg 0.2)  1.8M nps  ETA 03:27:53 
[2026-03-29T00:02:25.832] [INFO] [selfplay:0] [SelfPlay] 86/2000 (4%)  pos=7780  W/D/B=33/10/43  (38%/11%/50%)  d5/d8  0.7 games/s (avg 0.2)  1.7M nps  ETA 03:27:37 
[2026-03-29T00:02:34.960] [INFO] [selfplay:0] [SelfPlay] 87/2000 (4%)  pos=7844  W/D/B=34/10/43  (39%/11%/49%)  d5/d8  0.7 games/s (avg 0.2)  1.7M nps  ETA 03:25:55 
[2026-03-29T00:02:36.607] [INFO] [selfplay:0] [SelfPlay] 88/2000 (4%)  pos=7901  W/D/B=34/11/43  (38%/12%/48%)  d5/d8  0.6 games/s (avg 0.2)  1.6M nps  ETA 03:26:54 
[2026-03-29T00:02:40.488] [INFO] [selfplay:0] [SelfPlay] 89/2000 (4%)  pos=7986  W/D/B=35/11/43  (39%/12%/48%)  d5/d8  0.6 games/s (avg 0.2)  1.7M nps  ETA 03:25:02 
[2026-03-29T00:02:55.997] [INFO] [selfplay:0] [SelfPlay] 90/2000 (4%)  pos=8036  W/D/B=35/12/43  (38%/13%/47%)  d5/d8  0.5 games/s (avg 0.2)  1.6M nps  ETA 03:23:49 
[2026-03-29T00:03:13.911] [INFO] [selfplay:0] [SelfPlay] 91/2000 (4%)  pos=8093  W/D/B=35/12/44  (38%/13%/48%)  d5/d8  0.5 games/s (avg 0.2)  1.5M nps  ETA 03:26:51 
[2026-03-29T00:03:22.041] [INFO] [selfplay:0] [SelfPlay] 92/2000 (4%)  pos=8137  W/D/B=35/12/45  (38%/13%/48%)  d5/d8  0.4 games/s (avg 0.2)  1.4M nps  ETA 03:30:51 
[2026-03-29T00:03:41.683] [INFO] [selfplay:0] [SelfPlay] 93/2000 (4%)  pos=8206  W/D/B=35/12/46  (37%/12%/49%)  d5/d8  0.4 games/s (avg 0.2)  1.4M nps  ETA 03:31:03 
[2026-03-29T00:03:43.711] [INFO] [selfplay:0] [SelfPlay] 94/2000 (4%)  pos=8338  W/D/B=35/13/46  (37%/13%/48%)  d5/d8  0.3 games/s (avg 0.1)  1.3M nps  ETA 03:35:38 
[2026-03-29T00:03:56.599] [INFO] [selfplay:0] [SelfPlay] 95/2000 (4%)  pos=8375  W/D/B=35/14/46  (36%/14%/48%)  d5/d8  0.3 games/s (avg 0.1)  1.3M nps  ETA 03:33:44 
[2026-03-29T00:04:05.948] [INFO] [selfplay:0] [SelfPlay] 96/2000 (4%)  pos=8453  W/D/B=36/14/46  (37%/14%/47%)  d5/d8  0.3 games/s (avg 0.1)  1.3M nps  ETA 03:35:44 
[2026-03-29T00:04:10.439] [INFO] [selfplay:0] [SelfPlay] 97/2000 (4%)  pos=8542  W/D/B=37/14/46  (38%/14%/47%)  d5/d8  0.3 games/s (avg 0.1)  1.3M nps  ETA 03:36:32 
[2026-03-29T00:04:12.421] [INFO] [selfplay:0] [SelfPlay] 98/2000 (4%)  pos=8576  W/D/B=37/14/47  (37%/14%/47%)  d5/d8  0.3 games/s (avg 0.1)  1.3M nps  ETA 03:35:42 
[2026-03-29T00:04:12.816] [INFO] [selfplay:0] [SelfPlay] 99/2000 (4%)  pos=8675  W/D/B=37/15/47  (37%/15%/47%)  d5/d8  0.3 games/s (avg 0.1)  1.3M nps  ETA 03:34:03 
[2026-03-29T00:04:19.446] [INFO] [selfplay:0] [SelfPlay] 100/2000 (5%)  pos=8775  W/D/B=37/15/48  (37%/15%/48%)  d5/d8  0.6 games/s (avg 0.1)  1.3M nps  ETA 03:31:51
[2026-03-29T00:04:21.137] [INFO] [selfplay:0] [SelfPlay] 101/2000 (5%)  pos=8870  W/D/B=37/15/49  (36%/14%/48%)  d5/d8  0.6 games/s (avg 0.1)  1.3M nps  ETA 03:31:47
[2026-03-29T00:04:21.332] [INFO] [selfplay:0] [SelfPlay] 102/2000 (5%)  pos=8938  W/D/B=37/16/49  (36%/15%/48%)  d5/d8  0.6 games/s (avg 0.2)  1.3M nps  ETA 03:30:09
[2026-03-29T00:04:28.799] [INFO] [selfplay:0] [SelfPlay] 103/2000 (5%)  pos=8997  W/D/B=37/16/50  (35%/15%/48%)  d5/d8  1.3 games/s (avg 0.2)  1.3M nps  ETA 03:27:56
[2026-03-29T00:04:31.122] [INFO] [selfplay:0] [SelfPlay] 104/2000 (5%)  pos=9053  W/D/B=38/16/50  (36%/15%/48%)  d5/d8  1.1 games/s (avg 0.2)  1.3M nps  ETA 03:28:11
[2026-03-29T00:04:31.512] [INFO] [selfplay:0] [SelfPlay] 105/2000 (5%)  pos=9119  W/D/B=38/16/51  (36%/15%/48%)  d5/d8  1.0 games/s (avg 0.2)  1.3M nps  ETA 03:26:49
[2026-03-29T00:04:45.128] [INFO] [selfplay:0] [SelfPlay] 106/2000 (5%)  pos=9258  W/D/B=38/16/52  (35%/15%/49%)  d5/d8  1.2 games/s (avg 0.2)  1.3M nps  ETA 03:24:40
[2026-03-29T00:04:45.294] [INFO] [selfplay:0] [SelfPlay] 107/2000 (5%)  pos=9372  W/D/B=38/16/53  (35%/14%/49%)  d5/d8  1.1 games/s (avg 0.2)  1.3M nps  ETA 03:26:52
[2026-03-29T00:04:50.670] [INFO] [selfplay:0] [SelfPlay] 108/2000 (5%)  pos=9416  W/D/B=38/17/53  (35%/15%/49%)  d5/d8  1.9 games/s (avg 0.2)  1.3M nps  ETA 03:24:48
[2026-03-29T00:05:10.776] [INFO] [selfplay:0] [SelfPlay] 109/2000 (5%)  pos=9485  W/D/B=38/17/54  (34%/15%/49%)  d5/d8  1.7 games/s (avg 0.2)  1.3M nps  ETA 03:24:08
[2026-03-29T00:05:21.397] [INFO] [selfplay:0] [SelfPlay] 110/2000 (5%)  pos=9540  W/D/B=38/18/54  (34%/16%/49%)  d5/d8  1.6 games/s (avg 0.2)  1.3M nps  ETA 03:28:05
[2026-03-29T00:05:36.571] [INFO] [selfplay:0] [SelfPlay] 111/2000 (5%)  pos=9656  W/D/B=38/19/54  (34%/17%/48%)  d5/d8  1.5 games/s (avg 0.2)  1.3M nps  ETA 03:29:01
[2026-03-29T00:05:59.972] [INFO] [selfplay:0] [SelfPlay] 112/2000 (5%)  pos=9738  W/D/B=38/20/54  (33%/17%/48%)  d5/d8  1.4 games/s (avg 0.1)  1.3M nps  ETA 03:31:11
[2026-03-29T00:06:06.701] [INFO] [selfplay:0] [SelfPlay] 113/2000 (5%)  pos=9857  W/D/B=38/20/55  (33%/17%/48%)  d5/d8  1.3 games/s (avg 0.1)  1.3M nps  ETA 03:35:59
[2026-03-29T00:06:13.730] [INFO] [selfplay:0] [SelfPlay] 114/2000 (5%)  pos=10075  W/D/B=38/21/55  (33%/18%/48%)  d5/d8  1.1 games/s (avg 0.1)  1.3M nps  ETA 03:35:50
[2026-03-29T00:06:16.034] [INFO] [selfplay:0] [SelfPlay] 115/2000 (5%)  pos=10204  W/D/B=38/21/56  (33%/18%/48%)  d5/d8  1.0 games/s (avg 0.1)  1.3M nps  ETA 03:35:50
[2026-03-29T00:06:21.533] [INFO] [selfplay:0] [SelfPlay] 116/2000 (5%)  pos=10364  W/D/B=38/21/57  (32%/18%/49%)  d5/d8  0.9 games/s (avg 0.1)  1.3M nps  ETA 03:34:25
[2026-03-29T00:06:23.913] [INFO] [selfplay:0] [SelfPlay] 117/2000 (5%)  pos=10414  W/D/B=39/21/57  (33%/17%/48%)  d5/d8  0.8 games/s (avg 0.1)  1.3M nps  ETA 03:34:01
[2026-03-29T00:06:35.545] [INFO] [selfplay:0] [SelfPlay] 118/2000 (5%)  pos=10463  W/D/B=40/21/57  (33%/17%/48%)  d5/d8  0.7 games/s (avg 0.1)  1.3M nps  ETA 03:32:33
[2026-03-29T00:06:46.469] [INFO] [selfplay:0] [SelfPlay] 119/2000 (5%)  pos=10557  W/D/B=40/21/58  (33%/17%/48%)  d5/d8  0.6 games/s (avg 0.1)  1.3M nps  ETA 03:33:45
[2026-03-29T00:06:48.152] [INFO] [selfplay:0] [SelfPlay] 120/2000 (6%)  pos=10691  W/D/B=40/21/59  (33%/17%/49%)  d5/d8  0.5 games/s (avg 0.1)  1.2M nps  ETA 03:34:51
[2026-03-29T00:06:54.725] [INFO] [selfplay:0] [SelfPlay] 121/2000 (6%)  pos=10758  W/D/B=40/22/59  (33%/18%/48%)  d5/d8  0.6 games/s (avg 0.1)  1.2M nps  ETA 03:33:19
[2026-03-29T00:06:56.470] [INFO] [selfplay:0] [SelfPlay] 122/2000 (6%)  pos=10856  W/D/B=40/22/60  (32%/18%/49%)  d5/d8  0.5 games/s (avg 0.1)  1.2M nps  ETA 03:33:14
[2026-03-29T00:07:01.672] [INFO] [selfplay:0] [SelfPlay] 123/2000 (6%)  pos=10896  W/D/B=40/23/60  (32%/18%/48%)  d5/d8  0.5 games/s (avg 0.1)  1.2M nps  ETA 03:31:45
[2026-03-29T00:07:07.592] [INFO] [selfplay:0] [SelfPlay] 124/2000 (6%)  pos=10971  W/D/B=41/23/60  (33%/18%/48%)  d5/d8  0.5 games/s (avg 0.1)  1.2M nps  ETA 03:31:14
[2026-03-29T00:07:11.376] [INFO] [selfplay:0] [SelfPlay] 125/2000 (6%)  pos=11037  W/D/B=42/23/60  (33%/18%/48%)  d5/d8  0.4 games/s (avg 0.1)  1.2M nps  ETA 03:30:58
[2026-03-29T00:07:15.135] [INFO] [selfplay:0] [SelfPlay] 126/2000 (6%)  pos=11062  W/D/B=43/23/60  (34%/18%/47%)  d5/d8  0.4 games/s (avg 0.1)  1.2M nps  ETA 03:30:06
[2026-03-29T00:07:45.674] [INFO] [selfplay:0] [SelfPlay] 127/2000 (6%)  pos=11115  W/D/B=43/24/60  (33%/18%/47%)  d5/d8  0.4 games/s (avg 0.1)  1.2M nps  ETA 03:28:48
[2026-03-29T00:07:56.083] [INFO] [selfplay:0] [SelfPlay] 128/2000 (6%)  pos=11196  W/D/B=43/24/61  (33%/18%/47%)  d5/d8  0.3 games/s (avg 0.1)  1.2M nps  ETA 03:34:51
[2026-03-29T00:08:15.722] [INFO] [selfplay:0] [SelfPlay] 129/2000 (6%)  pos=11231  W/D/B=43/24/62  (33%/18%/48%)  d5/d8  0.3 games/s (avg 0.1)  1.2M nps  ETA 03:35:25
[2026-03-29T00:08:20.591] [INFO] [selfplay:0] [SelfPlay] 130/2000 (6%)  pos=11326  W/D/B=44/24/62  (33%/18%/47%)  d5/d8  0.3 games/s (avg 0.1)  1.2M nps  ETA 03:38:37
[2026-03-29T00:08:41.676] [INFO] [selfplay:0] [SelfPlay] 131/2000 (6%)  pos=11390  W/D/B=45/24/62  (34%/18%/47%)  d5/d8  0.3 games/s (avg 0.1)  1.2M nps  ETA 03:37:43
[2026-03-29T00:08:45.148] [INFO] [selfplay:0] [SelfPlay] 132/2000 (6%)  pos=11463  W/D/B=46/24/62  (34%/18%/46%)  d5/d8  0.2 games/s (avg 0.1)  1.1M nps  ETA 03:41:13
[2026-03-29T00:08:51.980] [INFO] [selfplay:0] [SelfPlay] 133/2000 (6%)  pos=11521  W/D/B=47/24/62  (35%/18%/46%)  d5/d8  0.2 games/s (avg 0.1)  1.1M nps  ETA 03:40:11
[2026-03-29T00:08:55.163] [INFO] [selfplay:0] [SelfPlay] 134/2000 (6%)  pos=11604  W/D/B=47/25/62  (35%/18%/46%)  d5/d8  0.2 games/s (avg 0.1)  1.1M nps  ETA 03:40:04
[2026-03-29T00:08:58.322] [INFO] [selfplay:0] [SelfPlay] 135/2000 (6%)  pos=11661  W/D/B=47/26/62  (34%/19%/45%)  d5/d8  0.2 games/s (avg 0.1)  1.1M nps  ETA 03:39:04
[2026-03-29T00:09:03.435] [INFO] [selfplay:0] [SelfPlay] 136/2000 (6%)  pos=11697  W/D/B=47/27/62  (34%/19%/45%)  d5/d8  0.2 games/s (avg 0.1)  1.1M nps  ETA 03:38:01
[2026-03-29T00:09:06.401] [INFO] [selfplay:0] [SelfPlay] 137/2000 (6%)  pos=11754  W/D/B=48/27/62  (35%/19%/45%)  d5/d8  0.2 games/s (avg 0.1)  1.1M nps  ETA 03:37:30
[2026-03-29T00:09:09.035] [INFO] [selfplay:0] [SelfPlay] 138/2000 (6%)  pos=11835  W/D/B=48/28/62  (34%/20%/44%)  d5/d8  0.3 games/s (avg 0.1)  1.1M nps  ETA 03:36:29
[2026-03-29T00:09:10.543] [INFO] [selfplay:0] [SelfPlay] 139/2000 (6%)  pos=11923  W/D/B=49/28/62  (35%/20%/44%)  d5/d8  0.3 games/s (avg 0.1)  1.1M nps  ETA 03:35:25
[2026-03-29T00:09:17.255] [INFO] [selfplay:0] [SelfPlay] 140/2000 (7%)  pos=12084  W/D/B=49/29/62  (35%/20%/44%)  d5/d8  0.3 games/s (avg 0.1)  1.1M nps  ETA 03:34:01
[2026-03-29T00:09:17.798] [INFO] [selfplay:0] [SelfPlay] 141/2000 (7%)  pos=12180  W/D/B=49/30/62  (34%/21%/43%)  d5/d8  0.3 games/s (avg 0.1)  1.1M nps  ETA 03:33:57
[2026-03-29T00:09:28.795] [INFO] [selfplay:0] [SelfPlay] 142/2000 (7%)  pos=12379  W/D/B=49/30/63  (34%/21%/44%)  d5/d8  0.5 games/s (avg 0.1)  1.1M nps  ETA 03:32:17
[2026-03-29T00:09:29.831] [INFO] [selfplay:0] [SelfPlay] 143/2000 (7%)  pos=12457  W/D/B=49/31/63  (34%/21%/44%)  d5/d8  0.5 games/s (avg 0.1)  1.1M nps  ETA 03:33:14
[2026-03-29T00:09:56.521] [INFO] [selfplay:0] [SelfPlay] 144/2000 (7%)  pos=12535  W/D/B=50/31/63  (34%/21%/43%)  d5/d8  0.5 games/s (avg 0.1)  1.1M nps  ETA 03:31:25
[2026-03-29T00:09:59.545] [INFO] [selfplay:0] [SelfPlay] 145/2000 (7%)  pos=12661  W/D/B=51/31/63  (35%/21%/43%)  d5/d8  0.5 games/s (avg 0.1)  1.1M nps  ETA 03:35:56
[2026-03-29T00:10:02.052] [INFO] [selfplay:0] [SelfPlay] 146/2000 (7%)  pos=12758  W/D/B=51/31/64  (34%/21%/43%)  d5/d8  0.5 games/s (avg 0.1)  1.1M nps  ETA 03:35:00
[2026-03-29T00:10:04.789] [INFO] [selfplay:0] [SelfPlay] 147/2000 (7%)  pos=12807  W/D/B=52/31/64  (35%/21%/43%)  d5/d8  0.5 games/s (avg 0.1)  1.1M nps  ETA 03:33:56
[2026-03-29T00:10:09.233] [INFO] [selfplay:0] [SelfPlay] 148/2000 (7%)  pos=12897  W/D/B=52/31/65  (35%/20%/43%)  d5/d8  0.5 games/s (avg 0.1)  1.1M nps  ETA 03:32:55
[2026-03-29T00:10:16.428] [INFO] [selfplay:0] [SelfPlay] 149/2000 (7%)  pos=12909  W/D/B=53/31/65  (35%/20%/43%)  d5/d8  0.4 games/s (avg 0.1)  1.1M nps  ETA 03:32:15
[2026-03-29T00:10:17.836] [INFO] [selfplay:0] [SelfPlay] 150/2000 (7%)  pos=12946  W/D/B=54/31/65  (36%/20%/43%)  d5/d8  0.4 games/s (avg 0.1)  1.1M nps  ETA 03:32:17
[2026-03-29T00:10:24.627] [INFO] [selfplay:0] [SelfPlay] 151/2000 (7%)  pos=13050  W/D/B=54/32/65  (35%/21%/43%)  d5/d8  0.4 games/s (avg 0.1)  1.1M nps  ETA 03:30:58
[2026-03-29T00:10:47.224] [INFO] [selfplay:0] [SelfPlay] 152/2000 (7%)  pos=13117  W/D/B=55/32/65  (36%/21%/42%)  d5/d8  0.4 games/s (avg 0.1)  1.1M nps  ETA 03:30:43
[2026-03-29T00:11:06.343] [INFO] [selfplay:0] [SelfPlay] 153/2000 (7%)  pos=13141  W/D/B=55/32/66  (35%/20%/43%)  d5/d8  0.3 games/s (avg 0.1)  1.1M nps  ETA 03:32:20
[2026-03-29T00:11:06.379] [INFO] [selfplay:0] [SelfPlay] 154/2000 (7%)  pos=13227  W/D/B=56/32/66  (36%/20%/42%)  d5/d8  0.4 games/s (avg 0.1)  1.1M nps  ETA 03:31:13
[2026-03-29T00:11:06.379] [INFO] [selfplay:0] [SelfPlay] 155/2000 (7%)  pos=13275  W/D/B=56/32/67  (36%/20%/43%)  d5/d8  0.3 games/s (avg 0.1)  1.1M nps  ETA 03:30:25
[2026-03-29T00:11:12.641] [INFO] [selfplay:0] [SelfPlay] 156/2000 (7%)  pos=13507  W/D/B=56/33/67  (35%/21%/42%)  d5/d8  0.3 games/s (avg 0.1)  1.1M nps  ETA 03:30:21
[2026-03-29T00:11:24.203] [INFO] [selfplay:0] [SelfPlay] 157/2000 (7%)  pos=13672  W/D/B=57/33/67  (36%/21%/42%)  d5/d8  0.3 games/s (avg 0.1)  1.0M nps  ETA 03:32:54
[2026-03-29T00:11:28.476] [INFO] [selfplay:0] [SelfPlay] 158/2000 (7%)  pos=13762  W/D/B=58/33/67  (36%/20%/42%)  d5/d8  0.2 games/s (avg 0.1)  1.0M nps  ETA 03:33:48
[2026-03-29T00:11:43.407] [INFO] [selfplay:0] [SelfPlay] 159/2000 (7%)  pos=13881  W/D/B=59/33/67  (37%/20%/42%)  d5/d8  0.2 games/s (avg 0.1)  1.0M nps  ETA 03:32:59
[2026-03-29T00:12:10.619] [INFO] [selfplay:0] [SelfPlay] 160/2000 (8%)  pos=13976  W/D/B=60/33/67  (37%/20%/41%)  d5/d8  0.2 games/s (avg 0.1)  990.3K nps  ETA 03:34:10
[2026-03-29T00:12:19.093] [INFO] [selfplay:0] [SelfPlay] 161/2000 (8%)  pos=14011  W/D/B=61/33/67  (37%/20%/41%)  d5/d8  0.2 games/s (avg 0.1)  955.1K nps  ETA 03:38:18
[2026-03-29T00:12:19.093] [INFO] [selfplay:0] [SelfPlay] 162/2000 (8%)  pos=14090  W/D/B=62/33/67  (38%/20%/41%)  d5/d8  0.2 games/s (avg 0.1)  956.5K nps  ETA 03:37:42
[2026-03-29T00:12:23.381] [INFO] [selfplay:0] [SelfPlay] 163/2000 (8%)  pos=14161  W/D/B=62/34/67  (38%/20%/41%)  d5/d8  0.2 games/s (avg 0.1)  954.9K nps  ETA 03:36:58
[2026-03-29T00:12:29.302] [INFO] [selfplay:0] [SelfPlay] 164/2000 (8%)  pos=14187  W/D/B=63/34/67  (38%/20%/40%)  d5/d8  0.2 games/s (avg 0.1)  948.7K nps  ETA 03:36:19
[2026-03-29T00:12:29.812] [INFO] [selfplay:0] [SelfPlay] 165/2000 (8%)  pos=14247  W/D/B=64/34/67  (38%/20%/40%)  d5/d8  0.2 games/s (avg 0.1)  940.5K nps  ETA 03:36:04
[2026-03-29T00:12:47.329] [INFO] [selfplay:0] [SelfPlay] 166/2000 (8%)  pos=14358  W/D/B=64/34/68  (38%/20%/40%)  d5/d8  0.5 games/s (avg 0.1)  952.2K nps  ETA 03:34:28
[2026-03-29T00:13:13.565] [INFO] [selfplay:0] [SelfPlay] 167/2000 (8%)  pos=14470  W/D/B=64/34/69  (38%/20%/41%)  d5/d8  0.4 games/s (avg 0.1)  937.0K nps  ETA 03:36:30
[2026-03-29T00:13:32.857] [INFO] [selfplay:0] [SelfPlay] 168/2000 (8%)  pos=14501  W/D/B=64/34/70  (38%/20%/41%)  d5/d8  0.4 games/s (avg 0.1)  937.2K nps  ETA 03:35:34
[2026-03-29T00:13:32.865] [INFO] [selfplay:0] [SelfPlay] 169/2000 (8%)  pos=14556  W/D/B=65/34/70  (38%/20%/41%)  d5/d8  0.4 games/s (avg 0.1)  940.7K nps  ETA 03:34:36
[2026-03-29T00:13:32.865] [INFO] [selfplay:0] [SelfPlay] 170/2000 (8%)  pos=14710  W/D/B=66/34/70  (38%/20%/41%)  d5/d8  0.4 games/s (avg 0.1)  939.6K nps  ETA 03:34:39
[2026-03-29T00:13:32.865] [INFO] [selfplay:0] [SelfPlay] 171/2000 (8%)  pos=14835  W/D/B=67/34/70  (39%/19%/40%)  d5/d8  0.4 games/s (avg 0.1)  936.7K nps  ETA 03:33:43
[2026-03-29T00:13:32.865] [INFO] [selfplay:0] [SelfPlay] 172/2000 (8%)  pos=14882  W/D/B=67/34/71  (38%/19%/41%)  d5/d8  0.3 games/s (avg 0.1)  929.6K nps  ETA 03:33:50
[2026-03-29T00:13:32.865] [INFO] [selfplay:0] [SelfPlay] 173/2000 (8%)  pos=14968  W/D/B=68/34/71  (39%/19%/41%)  d5/d8  0.3 games/s (avg 0.1)  931.2K nps  ETA 03:33:20
[2026-03-29T00:13:32.865] [INFO] [selfplay:0] [SelfPlay] 174/2000 (8%)  pos=15087  W/D/B=69/34/71  (39%/19%/40%)  d5/d8  0.3 games/s (avg 0.1)  934.1K nps  ETA 03:33:02
[2026-03-29T00:13:32.865] [INFO] [selfplay:0] [SelfPlay] 175/2000 (8%)  pos=15165  W/D/B=69/35/71  (39%/20%/40%)  d5/d8  0.3 games/s (avg 0.1)  931.6K nps  ETA 03:32:36
[2026-03-29T00:13:58.871] [INFO] [selfplay:0] [SelfPlay] 176/2000 (8%)  pos=15274  W/D/B=70/35/71  (39%/19%/40%)  d5/d8  0.3 games/s (avg 0.1)  936.2K nps  ETA 03:31:49
[2026-03-29T00:14:00.990] [INFO] [selfplay:0] [SelfPlay] 177/2000 (8%)  pos=15383  W/D/B=70/35/72  (39%/19%/40%)  d5/d8  0.2 games/s (avg 0.1)  911.1K nps  ETA 03:35:27
[2026-03-29T00:14:24.690] [INFO] [selfplay:0] [SelfPlay] 178/2000 (8%)  pos=15410  W/D/B=71/35/72  (39%/19%/40%)  d5/d8  0.3 games/s (avg 0.1)  911.6K nps  ETA 03:34:07
[2026-03-29T00:14:29.247] [INFO] [selfplay:0] [SelfPlay] 179/2000 (8%)  pos=15487  W/D/B=71/36/72  (39%/20%/40%)  d5/d8  0.2 games/s (avg 0.1)  887.5K nps  ETA 03:37:09
[2026-03-29T00:14:30.712] [INFO] [selfplay:0] [SelfPlay] 180/2000 (9%)  pos=15541  W/D/B=71/36/73  (39%/20%/40%)  d5/d8  0.2 games/s (avg 0.1)  887.7K nps  ETA 03:36:38
[2026-03-29T00:14:33.717] [INFO] [selfplay:0] [SelfPlay] 181/2000 (9%)  pos=15664  W/D/B=71/37/73  (39%/20%/40%)  d5/d8  0.3 games/s (avg 0.1)  893.1K nps  ETA 03:35:33
[2026-03-29T00:14:38.659] [INFO] [selfplay:0] [SelfPlay] 182/2000 (9%)  pos=15782  W/D/B=71/37/74  (39%/20%/40%)  d5/d8  0.3 games/s (avg 0.1)  890.3K nps  ETA 03:34:43
[2026-03-29T00:14:39.181] [INFO] [selfplay:0] [SelfPlay] 183/2000 (9%)  pos=15861  W/D/B=71/37/75  (38%/20%/40%)  d5/d8  0.3 games/s (avg 0.1)  885.2K nps  ETA 03:34:19
[2026-03-29T00:14:41.606] [INFO] [selfplay:0] [SelfPlay] 184/2000 (9%)  pos=16093  W/D/B=71/37/76  (38%/20%/41%)  d5/d8  0.5 games/s (avg 0.1)  894.0K nps  ETA 03:33:04
[2026-03-29T00:14:42.828] [INFO] [selfplay:0] [SelfPlay] 185/2000 (9%)  pos=16135  W/D/B=71/38/76  (38%/20%/41%)  d5/d8  0.5 games/s (avg 0.1)  891.4K nps  ETA 03:32:14
[2026-03-29T00:15:06.550] [INFO] [selfplay:0] [SelfPlay] 186/2000 (9%)  pos=16256  W/D/B=72/38/76  (38%/20%/40%)  d5/d8  0.6 games/s (avg 0.1)  895.5K nps  ETA 03:30:47
[2026-03-29T00:15:17.019] [INFO] [selfplay:0] [SelfPlay] 187/2000 (9%)  pos=16441  W/D/B=72/39/76  (38%/20%/40%)  d5/d8  0.5 games/s (avg 0.1)  901.9K nps  ETA 03:33:37
[2026-03-29T00:15:18.423] [INFO] [selfplay:0] [SelfPlay] 188/2000 (9%)  pos=16472  W/D/B=72/39/77  (38%/20%/40%)  d5/d8  0.5 games/s (avg 0.1)  892.3K nps  ETA 03:34:11
[2026-03-29T00:15:24.537] [INFO] [selfplay:0] [SelfPlay] 189/2000 (9%)  pos=16543  W/D/B=72/39/78  (38%/20%/41%)  d5/d8  0.5 games/s (avg 0.1)  897.0K nps  ETA 03:33:04
[2026-03-29T00:15:24.654] [INFO] [selfplay:0] [SelfPlay] 190/2000 (9%)  pos=16657  W/D/B=73/39/78  (38%/20%/41%)  d5/d8  0.4 games/s (avg 0.1)  899.3K nps  ETA 03:32:55
[2026-03-29T00:15:33.084] [INFO] [selfplay:0] [SelfPlay] 191/2000 (9%)  pos=16833  W/D/B=73/39/79  (38%/20%/41%)  d5/d8  1.7 games/s (avg 0.1)  899.7K nps  ETA 03:31:34
[2026-03-29T00:15:48.617] [INFO] [selfplay:0] [SelfPlay] 192/2000 (9%)  pos=16902  W/D/B=73/40/79  (38%/20%/41%)  d5/d8  1.5 games/s (avg 0.1)  904.2K nps  ETA 03:31:32
[2026-03-29T00:15:54.814] [INFO] [selfplay:0] [SelfPlay] 193/2000 (9%)  pos=16938  W/D/B=73/41/79  (37%/21%/40%)  d5/d8  1.4 games/s (avg 0.1)  907.5K nps  ETA 03:32:55
[2026-03-29T00:15:54.881] [INFO] [selfplay:0] [SelfPlay] 194/2000 (9%)  pos=17074  W/D/B=73/42/79  (37%/21%/40%)  d5/d8  1.2 games/s (avg 0.1)  911.7K nps  ETA 03:32:45
[2026-03-29T00:16:16.252] [INFO] [selfplay:0] [SelfPlay] 195/2000 (9%)  pos=17314  W/D/B=73/43/79  (37%/22%/40%)  d5/d8  3.3 games/s (avg 0.1)  919.0K nps  ETA 03:31:13
[2026-03-29T00:16:18.969] [INFO] [selfplay:0] [SelfPlay] 196/2000 (9%)  pos=17380  W/D/B=74/43/79  (37%/21%/40%)  d5/d8  3.1 games/s (avg 0.1)  923.9K nps  ETA 03:33:36
[2026-03-29T00:16:24.202] [INFO] [selfplay:0] [SelfPlay] 197/2000 (9%)  pos=17395  W/D/B=75/43/79  (38%/21%/40%)  d5/d8  2.7 games/s (avg 0.1)  922.6K nps  ETA 03:32:46
[2026-03-29T00:16:26.260] [INFO] [selfplay:0] [SelfPlay] 198/2000 (9%)  pos=17506  W/D/B=75/43/80  (37%/21%/40%)  d5/d8  2.5 games/s (avg 0.1)  932.1K nps  ETA 03:32:25
[2026-03-29T00:16:27.604] [INFO] [selfplay:0] [SelfPlay] 199/2000 (9%)  pos=17575  W/D/B=75/44/80  (37%/22%/40%)  d5/d8  2.2 games/s (avg 0.1)  935.7K nps  ETA 03:31:33
[2026-03-29T00:16:33.573] [INFO] [selfplay:0] [SelfPlay] 200/2000 (10%)  pos=17677  W/D/B=75/45/80  (37%/22%/40%)  d5/d8  1.9 games/s (avg 0.1)  938.9K nps  ETA 03:30:30
[2026-03-29T00:16:36.842] [INFO] [selfplay:0] [SelfPlay] 201/2000 (10%)  pos=17736  W/D/B=76/45/80  (37%/22%/39%)  d5/d8  1.8 games/s (avg 0.1)  938.8K nps  ETA 03:30:17
[2026-03-29T00:16:40.745] [INFO] [selfplay:0] [SelfPlay] 202/2000 (10%)  pos=17860  W/D/B=77/45/80  (38%/22%/39%)  d5/d8  1.6 games/s (avg 0.1)  942.7K nps  ETA 03:29:36
[2026-03-29T00:16:41.035] [INFO] [selfplay:0] [SelfPlay] 203/2000 (10%)  pos=17896  W/D/B=77/45/81  (37%/22%/39%)  d5/d8  1.4 games/s (avg 0.1)  942.6K nps  ETA 03:29:05
[2026-03-29T00:16:57.442] [INFO] [selfplay:0] [SelfPlay] 204/2000 (10%)  pos=17955  W/D/B=78/45/81  (38%/22%/39%)  d5/d8  1.7 games/s (avg 0.1)  947.3K nps  ETA 03:27:43
[2026-03-29T00:17:03.138] [INFO] [selfplay:0] [SelfPlay] 205/2000 (10%)  pos=18021  W/D/B=79/45/81  (38%/21%/39%)  d5/d8  1.6 games/s (avg 0.1)  950.5K nps  ETA 03:29:09
[2026-03-29T00:17:19.610] [INFO] [selfplay:0] [SelfPlay] 206/2000 (10%)  pos=18088  W/D/B=79/46/81  (38%/22%/39%)  d5/d8  1.4 games/s (avg 0.1)  946.8K nps  ETA 03:28:40
[2026-03-29T00:17:21.274] [INFO] [selfplay:0] [SelfPlay] 207/2000 (10%)  pos=18220  W/D/B=79/46/82  (38%/22%/39%)  d5/d8  1.3 games/s (avg 0.1)  952.8K nps  ETA 03:30:11
[2026-03-29T00:17:48.077] [INFO] [selfplay:0] [SelfPlay] 208/2000 (10%)  pos=18309  W/D/B=79/46/83  (37%/22%/39%)  d5/d8  1.2 games/s (avg 0.1)  958.1K nps  ETA 03:28:52
[2026-03-29T00:17:51.543] [INFO] [selfplay:0] [SelfPlay] 209/2000 (10%)  pos=18354  W/D/B=80/46/83  (38%/22%/39%)  d5/d8  1.1 games/s (avg 0.1)  962.4K nps  ETA 03:31:57
[2026-03-29T00:17:54.642] [INFO] [selfplay:0] [SelfPlay] 210/2000 (10%)  pos=18413  W/D/B=80/46/84  (38%/21%/40%)  d5/d8  1.0 games/s (avg 0.1)  963.1K nps  ETA 03:31:20
[2026-03-29T00:17:58.238] [INFO] [selfplay:0] [SelfPlay] 211/2000 (10%)  pos=18480  W/D/B=80/47/84  (37%/22%/39%)  d5/d8  0.9 games/s (avg 0.1)  965.0K nps  ETA 03:30:39
[2026-03-29T00:18:00.897] [INFO] [selfplay:0] [SelfPlay] 212/2000 (10%)  pos=18662  W/D/B=81/47/84  (38%/22%/39%)  d5/d8  0.8 games/s (avg 0.1)  968.5K nps  ETA 03:30:03
[2026-03-29T00:18:10.119] [INFO] [selfplay:0] [SelfPlay] 213/2000 (10%)  pos=18703  W/D/B=81/48/84  (38%/22%/39%)  d5/d8  0.7 games/s (avg 0.1)  967.8K nps  ETA 03:29:13
[2026-03-29T00:18:13.897] [INFO] [selfplay:0] [SelfPlay] 214/2000 (10%)  pos=18886  W/D/B=82/48/84  (38%/22%/39%)  d5/d8  0.6 games/s (avg 0.1)  958.4K nps  ETA 03:29:29
[2026-03-29T00:18:15.507] [INFO] [selfplay:0] [SelfPlay] 215/2000 (10%)  pos=18922  W/D/B=82/49/84  (38%/22%/39%)  d5/d8  0.6 games/s (avg 0.1)  958.3K nps  ETA 03:28:57
[2026-03-29T00:18:18.254] [INFO] [selfplay:0] [SelfPlay] 216/2000 (10%)  pos=19014  W/D/B=82/49/85  (37%/22%/39%)  d5/d8  0.6 games/s (avg 0.1)  961.1K nps  ETA 03:28:05
[2026-03-29T00:18:24.383] [INFO] [selfplay:0] [SelfPlay] 217/2000 (10%)  pos=19153  W/D/B=82/50/85  (37%/23%/39%)  d5/d8  0.5 games/s (avg 0.1)  964.7K nps  ETA 03:27:20
[2026-03-29T00:18:36.176] [INFO] [selfplay:0] [SelfPlay] 218/2000 (10%)  pos=19272  W/D/B=83/50/85  (38%/22%/38%)  d5/d8  0.5 games/s (avg 0.1)  958.6K nps  ETA 03:27:00
[2026-03-29T00:18:37.250] [INFO] [selfplay:0] [SelfPlay] 219/2000 (10%)  pos=19294  W/D/B=84/50/85  (38%/22%/38%)  d5/d8  0.4 games/s (avg 0.1)  947.8K nps  ETA 03:27:43
[2026-03-29T00:18:38.915] [INFO] [selfplay:0] [SelfPlay] 220/2000 (11%)  pos=19374  W/D/B=84/50/86  (38%/22%/39%)  d5/d8  0.5 games/s (avg 0.1)  954.3K nps  ETA 03:26:47
[2026-03-29T00:18:44.159] [INFO] [selfplay:0] [SelfPlay] 221/2000 (11%)  pos=19435  W/D/B=84/51/86  (38%/23%/38%)  d5/d8  0.5 games/s (avg 0.1)  952.7K nps  ETA 03:25:54
[2026-03-29T00:18:48.920] [INFO] [selfplay:0] [SelfPlay] 222/2000 (11%)  pos=19534  W/D/B=84/51/87  (37%/22%/39%)  d5/d8  0.5 games/s (avg 0.1)  947.6K nps  ETA 03:25:34
[2026-03-29T00:18:49.894] [INFO] [selfplay:0] [SelfPlay] 223/2000 (11%)  pos=19573  W/D/B=85/51/87  (38%/22%/39%)  d5/d8  0.4 games/s (avg 0.1)  946.2K nps  ETA 03:25:13
[2026-03-29T00:19:05.202] [INFO] [selfplay:0] [SelfPlay] 224/2000 (11%)  pos=19634  W/D/B=85/51/88  (37%/22%/39%)  d5/d8  0.5 games/s (avg 0.1)  952.5K nps  ETA 03:24:05
[2026-03-29T00:19:09.866] [INFO] [selfplay:0] [SelfPlay] 225/2000 (11%)  pos=19832  W/D/B=85/51/89  (37%/22%/39%)  d5/d8  0.5 games/s (avg 0.1)  939.5K nps  ETA 03:25:15
[2026-03-29T00:19:12.577] [INFO] [selfplay:0] [SelfPlay] 226/2000 (11%)  pos=19944  W/D/B=85/51/90  (37%/22%/39%)  d5/d8  0.4 games/s (avg 0.1)  943.3K nps  ETA 03:24:52
[2026-03-29T00:19:17.495] [INFO] [selfplay:0] [SelfPlay] 227/2000 (11%)  pos=20057  W/D/B=86/51/90  (37%/22%/39%)  d5/d8  0.4 games/s (avg 0.1)  946.9K nps  ETA 03:24:11
[2026-03-29T00:19:21.663] [INFO] [selfplay:0] [SelfPlay] 228/2000 (11%)  pos=20093  W/D/B=86/52/90  (37%/22%/39%)  d5/d8  0.4 games/s (avg 0.1)  945.2K nps  ETA 03:23:48
[2026-03-29T00:19:24.645] [INFO] [selfplay:0] [SelfPlay] 229/2000 (11%)  pos=20148  W/D/B=86/52/91  (37%/22%/39%)  d5/d8  0.4 games/s (avg 0.1)  944.8K nps  ETA 03:23:21
[2026-03-29T00:19:28.577] [INFO] [selfplay:0] [SelfPlay] 230/2000 (11%)  pos=20189  W/D/B=87/52/91  (37%/22%/39%)  d5/d8  0.4 games/s (avg 0.1)  945.2K nps  ETA 03:22:43
[2026-03-29T00:19:34.370] [INFO] [selfplay:0] [SelfPlay] 231/2000 (11%)  pos=20344  W/D/B=88/52/91  (38%/22%/39%)  d5/d8  0.3 games/s (avg 0.1)  946.7K nps  ETA 03:22:13
[2026-03-29T00:19:35.221] [INFO] [selfplay:0] [SelfPlay] 232/2000 (11%)  pos=20433  W/D/B=89/52/91  (38%/22%/39%)  d5/d8  0.3 games/s (avg 0.1)  943.5K nps  ETA 03:22:02
[2026-03-29T00:19:36.542] [INFO] [selfplay:0] [SelfPlay] 233/2000 (11%)  pos=20467  W/D/B=90/52/91  (38%/22%/39%)  d5/d8  0.4 games/s (avg 0.1)  947.8K nps  ETA 03:21:09
[2026-03-29T00:19:37.821] [INFO] [selfplay:0] [SelfPlay] 234/2000 (11%)  pos=20618  W/D/B=91/52/91  (38%/22%/38%)  d5/d8  0.5 games/s (avg 0.1)  947.0K nps  ETA 03:20:21
[2026-03-29T00:19:39.390] [INFO] [selfplay:0] [SelfPlay] 235/2000 (11%)  pos=20622  W/D/B=92/52/91  (39%/22%/38%)  d5/d8  0.5 games/s (avg 0.1)  946.7K nps  ETA 03:19:33
[2026-03-29T00:20:09.667] [INFO] [selfplay:0] [SelfPlay] 236/2000 (11%)  pos=20664  W/D/B=92/53/91  (38%/22%/38%)  d5/d8  0.5 games/s (avg 0.1)  945.3K nps  ETA 03:18:17
[2026-03-29T00:20:13.839] [INFO] [selfplay:0] [SelfPlay] 237/2000 (11%)  pos=20706  W/D/B=92/53/92  (38%/22%/38%)  d5/d8  0.5 games/s (avg 0.1)  947.0K nps  ETA 03:21:32
[2026-03-29T00:20:21.900] [INFO] [selfplay:0] [SelfPlay] 238/2000 (11%)  pos=20818  W/D/B=93/53/92  (39%/22%/38%)  d5/d8  0.5 games/s (avg 0.1)  947.8K nps  ETA 03:21:02
[2026-03-29T00:20:25.237] [INFO] [selfplay:0] [SelfPlay] 239/2000 (11%)  pos=20887  W/D/B=93/54/92  (38%/22%/38%)  d5/d8  0.4 games/s (avg 0.1)  942.5K nps  ETA 03:21:09
[2026-03-29T00:20:29.621] [INFO] [selfplay:0] [SelfPlay] 240/2000 (12%)  pos=21077  W/D/B=94/54/92  (39%/22%/38%)  d5/d8  0.4 games/s (avg 0.1)  945.4K nps  ETA 03:20:34
[2026-03-29T00:20:35.780] [INFO] [selfplay:0] [SelfPlay] 241/2000 (12%)  pos=21155  W/D/B=95/54/92  (39%/22%/38%)  d5/d8  0.4 games/s (avg 0.1)  944.0K nps  ETA 03:20:08
[2026-03-29T00:20:41.160] [INFO] [selfplay:0] [SelfPlay] 242/2000 (12%)  pos=21261  W/D/B=95/54/93  (39%/22%/38%)  d5/d8  0.3 games/s (avg 0.1)  943.5K nps  ETA 03:19:57
[2026-03-29T00:20:42.082] [INFO] [selfplay:0] [SelfPlay] 243/2000 (12%)  pos=21317  W/D/B=95/54/94  (39%/22%/38%)  d5/d8  0.3 games/s (avg 0.1)  942.5K nps  ETA 03:19:44
[2026-03-29T00:20:42.609] [INFO] [selfplay:0] [SelfPlay] 244/2000 (12%)  pos=21359  W/D/B=96/54/94  (39%/22%/38%)  d5/d8  0.4 games/s (avg 0.1)  945.5K nps  ETA 03:18:55
[2026-03-29T00:20:48.667] [INFO] [selfplay:0] [SelfPlay] 245/2000 (12%)  pos=21539  W/D/B=96/55/94  (39%/22%/38%)  d5/d8  0.7 games/s (avg 0.1)  945.9K nps  ETA 03:17:58
[2026-03-29T00:20:52.908] [INFO] [selfplay:0] [SelfPlay] 246/2000 (12%)  pos=21645  W/D/B=97/55/94  (39%/22%/38%)  d5/d8  0.6 games/s (avg 0.1)  940.5K nps  ETA 03:17:48
[2026-03-29T00:20:57.199] [INFO] [selfplay:0] [SelfPlay] 247/2000 (12%)  pos=21650  W/D/B=97/55/95  (39%/22%/38%)  d5/d8  0.5 games/s (avg 0.1)  937.1K nps  ETA 03:17:24
[2026-03-29T00:21:02.143] [INFO] [selfplay:0] [SelfPlay] 248/2000 (12%)  pos=21735  W/D/B=97/55/96  (39%/22%/38%)  d5/d8  0.5 games/s (avg 0.1)  938.7K nps  ETA 03:16:58
[2026-03-29T00:21:27.113] [INFO] [selfplay:0] [SelfPlay] 249/2000 (12%)  pos=21788  W/D/B=98/55/96  (39%/22%/38%)  d5/d8  0.4 games/s (avg 0.1)  940.0K nps  ETA 03:16:19
[2026-03-29T00:21:37.237] [INFO] [selfplay:0] [SelfPlay] 250/2000 (12%)  pos=21833  W/D/B=98/56/96  (39%/22%/38%)  d5/d8  0.4 games/s (avg 0.1)  941.5K nps  ETA 03:18:35
[2026-03-29T00:21:38.983] [INFO] [selfplay:0] [SelfPlay] 251/2000 (12%)  pos=21976  W/D/B=99/56/96  (39%/22%/38%)  d5/d8  0.4 games/s (avg 0.1)  938.1K nps  ETA 03:18:59
[2026-03-29T00:21:40.469] [INFO] [selfplay:0] [SelfPlay] 252/2000 (12%)  pos=22047  W/D/B=100/56/96  (39%/22%/38%)  d5/d8  0.4 games/s (avg 0.1)  942.7K nps  ETA 03:18:18
[2026-03-29T00:21:55.673] [INFO] [selfplay:0] [SelfPlay] 253/2000 (12%)  pos=22144  W/D/B=100/56/97  (39%/22%/38%)  d5/d8  0.4 games/s (avg 0.1)  945.6K nps  ETA 03:17:19
[2026-03-29T00:21:56.847] [INFO] [selfplay:0] [SelfPlay] 254/2000 (12%)  pos=22220  W/D/B=101/56/97  (39%/22%/38%)  d5/d8  0.4 games/s (avg 0.1)  935.1K nps  ETA 03:18:26
[2026-03-29T00:22:04.721] [INFO] [selfplay:0] [SelfPlay] 255/2000 (12%)  pos=22297  W/D/B=102/56/97  (40%/21%/38%)  d5/d8  0.5 games/s (avg 0.1)  937.0K nps  ETA 03:17:33
[2026-03-29T00:22:08.270] [INFO] [selfplay:0] [SelfPlay] 256/2000 (12%)  pos=22386  W/D/B=102/56/98  (39%/21%/38%)  d5/d8  0.4 games/s (avg 0.1)  933.7K nps  ETA 03:17:39
[2026-03-29T00:22:10.498] [INFO] [selfplay:0] [SelfPlay] 257/2000 (12%)  pos=22468  W/D/B=102/56/99  (39%/21%/38%)  d5/d8  0.4 games/s (avg 0.1)  936.4K nps  ETA 03:17:11
[2026-03-29T00:22:15.528] [INFO] [selfplay:0] [SelfPlay] 258/2000 (12%)  pos=22553  W/D/B=102/56/100  (39%/21%/38%)  d5/d8  0.4 games/s (avg 0.1)  934.7K nps  ETA 03:16:29
[2026-03-29T00:22:31.867] [INFO] [selfplay:0] [SelfPlay] 259/2000 (12%)  pos=22618  W/D/B=102/56/101  (39%/21%/38%)  d5/d8  0.4 games/s (avg 0.1)  935.3K nps  ETA 03:16:01
[2026-03-29T00:22:33.212] [INFO] [selfplay:0] [SelfPlay] 260/2000 (13%)  pos=22680  W/D/B=102/56/102  (39%/21%/39%)  d5/d8  0.3 games/s (avg 0.1)  923.6K nps  ETA 03:17:13
[2026-03-29T00:22:36.409] [INFO] [selfplay:0] [SelfPlay] 261/2000 (13%)  pos=22758  W/D/B=103/56/102  (39%/21%/39%)  d5/d8  0.4 games/s (avg 0.1)  925.7K nps  ETA 03:16:28
[2026-03-29T00:22:39.112] [INFO] [selfplay:0] [SelfPlay] 262/2000 (13%)  pos=22774  W/D/B=103/56/103  (39%/21%/39%)  d5/d8  0.4 games/s (avg 0.1)  924.9K nps  ETA 03:15:57
[2026-03-29T00:22:44.656] [INFO] [selfplay:0] [SelfPlay] 263/2000 (13%)  pos=22990  W/D/B=103/57/103  (39%/21%/39%)  d5/d8  0.4 games/s (avg 0.1)  923.1K nps  ETA 03:15:21
[2026-03-29T00:23:00.107] [INFO] [selfplay:0] [SelfPlay] 264/2000 (13%)  pos=23065  W/D/B=103/57/104  (39%/21%/39%)  d5/d8  0.3 games/s (avg 0.1)  923.6K nps  ETA 03:14:57
[2026-03-29T00:23:00.425] [INFO] [selfplay:0] [SelfPlay] 265/2000 (13%)  pos=23108  W/D/B=103/57/105  (38%/21%/39%)  d5/d8  0.3 games/s (avg 0.1)  916.6K nps  ETA 03:16:02
[2026-03-29T00:23:02.609] [INFO] [selfplay:0] [SelfPlay] 266/2000 (13%)  pos=23145  W/D/B=103/58/105  (38%/21%/39%)  d5/d8  0.7 games/s (avg 0.1)  918.3K nps  ETA 03:15:10
[2026-03-29T00:23:04.963] [INFO] [selfplay:0] [SelfPlay] 267/2000 (13%)  pos=23172  W/D/B=103/58/106  (38%/21%/39%)  d5/d8  0.7 games/s (avg 0.1)  917.9K nps  ETA 03:14:35
[2026-03-29T00:23:16.180] [INFO] [selfplay:0] [SelfPlay] 268/2000 (13%)  pos=23224  W/D/B=103/59/106  (38%/22%/39%)  d5/d8  0.6 games/s (avg 0.1)  916.2K nps  ETA 03:13:51
[2026-03-29T00:23:28.851] [INFO] [selfplay:0] [SelfPlay] 269/2000 (13%)  pos=23323  W/D/B=104/59/106  (38%/21%/39%)  d5/d8  0.6 games/s (avg 0.1)  914.9K nps  ETA 03:14:11
[2026-03-29T00:23:35.349] [INFO] [selfplay:0] [SelfPlay] 270/2000 (13%)  pos=23441  W/D/B=105/59/106  (38%/21%/39%)  d5/d8  0.5 games/s (avg 0.1)  908.8K nps  ETA 03:14:49
[2026-03-29T00:23:37.243] [INFO] [selfplay:0] [SelfPlay] 271/2000 (13%)  pos=23494  W/D/B=105/59/107  (38%/21%/39%)  d5/d8  0.4 games/s (avg 0.1)  903.9K nps  ETA 03:14:45
[2026-03-29T00:23:43.762] [INFO] [selfplay:0] [SelfPlay] 272/2000 (13%)  pos=23604  W/D/B=106/59/107  (38%/21%/39%)  d5/d8  0.5 games/s (avg 0.1)  907.0K nps  ETA 03:14:02
[2026-03-29T00:24:02.629] [INFO] [selfplay:0] [SelfPlay] 273/2000 (13%)  pos=23644  W/D/B=106/59/108  (38%/21%/39%)  d5/d8  0.4 games/s (avg 0.1)  902.1K nps  ETA 03:13:42
[2026-03-29T00:24:03.064] [INFO] [selfplay:0] [SelfPlay] 274/2000 (13%)  pos=23754  W/D/B=107/59/108  (39%/21%/39%)  d5/d8  0.4 games/s (avg 0.1)  893.8K nps  ETA 03:15:11
[2026-03-29T00:24:03.075] [INFO] [selfplay:0] [SelfPlay] 275/2000 (13%)  pos=23785  W/D/B=108/59/108  (39%/21%/39%)  d5/d8  0.6 games/s (avg 0.1)  896.7K nps  ETA 03:14:24
[2026-03-29T00:24:16.597] [INFO] [selfplay:0] [SelfPlay] 276/2000 (13%)  pos=23875  W/D/B=109/59/108  (39%/21%/39%)  d5/d8  14.1 games/s (avg 0.1)  902.1K nps  ETA 03:13:21
[2026-03-29T00:24:17.945] [INFO] [selfplay:0] [SelfPlay] 277/2000 (13%)  pos=23973  W/D/B=109/59/109  (39%/21%/39%)  d5/d8  13.0 games/s (avg 0.1)  906.5K nps  ETA 03:14:10
[2026-03-29T00:24:25.565] [INFO] [selfplay:0] [SelfPlay] 278/2000 (13%)  pos=24057  W/D/B=110/59/109  (39%/21%/39%)  d5/d8  12.0 games/s (avg 0.1)  913.4K nps  ETA 03:13:22
[2026-03-29T00:24:33.269] [INFO] [selfplay:0] [SelfPlay] 279/2000 (13%)  pos=24115  W/D/B=110/59/110  (39%/21%/39%)  d5/d8  11.1 games/s (avg 0.1)  918.0K nps  ETA 03:13:22
[2026-03-29T00:24:33.660] [INFO] [selfplay:0] [SelfPlay] 280/2000 (14%)  pos=24247  W/D/B=110/59/111  (39%/21%/39%)  d5/d8  10.3 games/s (avg 0.1)  921.9K nps  ETA 03:13:27
[2026-03-29T00:24:33.688] [INFO] [selfplay:0] [SelfPlay] 281/2000 (14%)  pos=24316  W/D/B=111/59/111  (39%/20%/39%)  d5/d8  9.1 games/s (avg 0.1)  922.1K nps  ETA 03:12:42
[2026-03-29T00:24:37.330] [INFO] [selfplay:0] [SelfPlay] 282/2000 (14%)  pos=24349  W/D/B=112/59/111  (39%/20%/39%)  d5/d8  13.2 games/s (avg 0.1)  923.5K nps  ETA 03:11:52
[2026-03-29T00:25:01.785] [INFO] [selfplay:0] [SelfPlay] 283/2000 (14%)  pos=24383  W/D/B=112/59/112  (39%/20%/39%)  d5/d8  12.2 games/s (avg 0.1)  924.9K nps  ETA 03:11:05
[2026-03-29T00:25:02.622] [INFO] [selfplay:0] [SelfPlay] 284/2000 (14%)  pos=24398  W/D/B=113/59/112  (39%/20%/39%)  d5/d8  11.3 games/s (avg 0.1)  926.0K nps  ETA 03:13:09
[2026-03-29T00:25:17.641] [INFO] [selfplay:0] [SelfPlay] 285/2000 (14%)  pos=24477  W/D/B=113/59/113  (39%/20%/39%)  d5/d8  9.7 games/s (avg 0.1)  930.9K nps  ETA 03:12:13
[2026-03-29T00:25:26.045] [INFO] [selfplay:0] [SelfPlay] 286/2000 (14%)  pos=24522  W/D/B=113/59/114  (39%/20%/39%)  d5/d8  9.0 games/s (avg 0.1)  936.2K nps  ETA 03:13:03
[2026-03-29T00:25:27.126] [INFO] [selfplay:0] [SelfPlay] 287/2000 (14%)  pos=24582  W/D/B=113/59/115  (39%/20%/40%)  d5/d8  8.3 games/s (avg 0.1)  939.1K nps  ETA 03:13:13
[2026-03-29T00:25:31.784] [INFO] [selfplay:0] [SelfPlay] 288/2000 (14%)  pos=24637  W/D/B=114/59/115  (39%/20%/39%)  d5/d8  7.2 games/s (avg 0.1)  942.7K nps  ETA 03:12:28
[2026-03-29T00:25:35.349] [INFO] [selfplay:0] [SelfPlay] 289/2000 (14%)  pos=24877  W/D/B=114/60/115  (39%/20%/39%)  d5/d8  6.7 games/s (avg 0.1)  947.6K nps  ETA 03:12:11
[2026-03-29T00:25:37.812] [INFO] [selfplay:0] [SelfPlay] 290/2000 (14%)  pos=24926  W/D/B=114/60/116  (39%/20%/40%)  d5/d8  6.2 games/s (avg 0.1)  952.9K nps  ETA 03:11:46
[2026-03-29T00:25:39.289] [INFO] [selfplay:0] [SelfPlay] 291/2000 (14%)  pos=25020  W/D/B=115/60/116  (39%/20%/39%)  d5/d8  5.7 games/s (avg 0.1)  955.7K nps  ETA 03:11:16
[2026-03-29T00:25:41.264] [INFO] [selfplay:0] [SelfPlay] 292/2000 (14%)  pos=25072  W/D/B=116/60/116  (39%/20%/39%)  d5/d8  5.0 games/s (avg 0.1)  954.9K nps  ETA 03:10:38
[2026-03-29T00:25:42.999] [INFO] [selfplay:0] [SelfPlay] 293/2000 (14%)  pos=25139  W/D/B=116/60/117  (39%/20%/39%)  d5/d8  4.3 games/s (avg 0.1)  957.4K nps  ETA 03:10:03
[2026-03-29T00:26:02.156] [INFO] [selfplay:0] [SelfPlay] 294/2000 (14%)  pos=25213  W/D/B=116/60/118  (39%/20%/40%)  d5/d8  3.7 games/s (avg 0.2)  956.3K nps  ETA 03:09:11
[2026-03-29T00:26:02.941] [INFO] [selfplay:0] [SelfPlay] 295/2000 (14%)  pos=25278  W/D/B=116/61/118  (39%/20%/40%)  d5/d8  3.5 games/s (avg 0.1)  958.6K nps  ETA 03:10:34
[2026-03-29T00:26:03.184] [INFO] [selfplay:0] [SelfPlay] 296/2000 (14%)  pos=25324  W/D/B=116/61/119  (39%/20%/40%)  d5/d8  3.1 games/s (avg 0.1)  960.8K nps  ETA 03:09:55
[2026-03-29T00:26:36.853] [INFO] [selfplay:0] [SelfPlay] 297/2000 (14%)  pos=25399  W/D/B=116/62/119  (39%/20%/40%)  d5/d8  3.3 games/s (avg 0.2)  964.4K nps  ETA 03:08:37
[2026-03-29T00:26:45.178] [INFO] [selfplay:0] [SelfPlay] 298/2000 (14%)  pos=25475  W/D/B=116/62/120  (38%/20%/40%)  d5/d8  3.0 games/s (avg 0.1)  967.4K nps  ETA 03:11:31
[2026-03-29T00:26:47.576] [INFO] [selfplay:0] [SelfPlay] 299/2000 (14%)  pos=25512  W/D/B=116/63/120  (38%/21%/40%)  d5/d8  2.8 games/s (avg 0.1)  968.7K nps  ETA 03:11:38
[2026-03-29T00:26:59.594] [INFO] [selfplay:0] [SelfPlay] 300/2000 (15%)  pos=25590  W/D/B=116/63/121  (38%/21%/40%)  d5/d8  2.4 games/s (avg 0.1)  970.3K nps  ETA 03:10:57
[2026-03-29T00:26:59.765] [INFO] [selfplay:0] [SelfPlay] 301/2000 (15%)  pos=25658  W/D/B=116/63/122  (38%/20%/40%)  d5/d8  2.3 games/s (avg 0.1)  976.4K nps  ETA 03:11:32
[2026-03-29T00:27:08.591] [INFO] [selfplay:0] [SelfPlay] 302/2000 (15%)  pos=25688  W/D/B=117/63/122  (38%/20%/40%)  d5/d8  2.8 games/s (avg 0.1)  978.5K nps  ETA 03:10:39
[2026-03-29T00:27:10.504] [INFO] [selfplay:0] [SelfPlay] 303/2000 (15%)  pos=25783  W/D/B=117/63/123  (38%/20%/40%)  d5/d8  2.6 games/s (avg 0.1)  984.8K nps  ETA 03:10:52
[2026-03-29T00:27:18.024] [INFO] [selfplay:0] [SelfPlay] 304/2000 (15%)  pos=25833  W/D/B=118/63/123  (38%/20%/40%)  d5/d8  2.3 games/s (avg 0.1)  986.6K nps  ETA 03:10:13
[2026-03-29T00:27:26.040] [INFO] [selfplay:0] [SelfPlay] 305/2000 (15%)  pos=25928  W/D/B=119/63/123  (39%/20%/40%)  d5/d8  2.1 games/s (avg 0.1)  991.4K nps  ETA 03:10:09
[2026-03-29T00:27:26.725] [INFO] [selfplay:0] [SelfPlay] 306/2000 (15%)  pos=26006  W/D/B=120/63/123  (39%/20%/40%)  d5/d8  2.0 games/s (avg 0.1)  995.5K nps  ETA 03:10:17
[2026-03-29T00:27:32.841] [INFO] [selfplay:0] [SelfPlay] 307/2000 (15%)  pos=26019  W/D/B=120/63/124  (39%/20%/40%)  d5/d8  1.9 games/s (avg 0.1)  995.7K nps  ETA 03:09:32
[2026-03-29T00:27:36.558] [INFO] [selfplay:0] [SelfPlay] 308/2000 (15%)  pos=26074  W/D/B=121/63/124  (39%/20%/40%)  d5/d8  1.7 games/s (avg 0.1)  995.6K nps  ETA 03:09:23
[2026-03-29T00:27:43.097] [INFO] [selfplay:0] [SelfPlay] 309/2000 (15%)  pos=26140  W/D/B=122/63/124  (39%/20%/40%)  d5/d8  1.5 games/s (avg 0.1)  992.6K nps  ETA 03:08:58
[2026-03-29T00:27:46.294] [INFO] [selfplay:0] [SelfPlay] 310/2000 (15%)  pos=26195  W/D/B=123/63/124  (39%/20%/40%)  d5/d8  1.3 games/s (avg 0.1)  990.0K nps  ETA 03:08:54
[2026-03-29T00:27:50.388] [INFO] [selfplay:0] [SelfPlay] 311/2000 (15%)  pos=26244  W/D/B=123/63/125  (39%/20%/40%)  d5/d8  1.2 games/s (avg 0.1)  992.5K nps  ETA 03:08:27
[2026-03-29T00:27:53.157] [INFO] [selfplay:0] [SelfPlay] 312/2000 (15%)  pos=26409  W/D/B=123/64/125  (39%/20%/40%)  d5/d8  1.0 games/s (avg 0.1)  989.6K nps  ETA 03:08:07
[2026-03-29T00:27:53.667] [INFO] [selfplay:0] [SelfPlay] 313/2000 (15%)  pos=26489  W/D/B=123/64/126  (39%/20%/40%)  d5/d8  0.9 games/s (avg 0.1)  990.3K nps  ETA 03:07:41
[2026-03-29T00:27:55.918] [INFO] [selfplay:0] [SelfPlay] 314/2000 (15%)  pos=26599  W/D/B=124/64/126  (39%/20%/40%)  d5/d8  1.1 games/s (avg 0.2)  993.1K nps  ETA 03:07:01
[2026-03-29T00:27:59.264] [INFO] [selfplay:0] [SelfPlay] 315/2000 (15%)  pos=26737  W/D/B=125/64/126  (39%/20%/40%)  d5/d8  1.0 games/s (avg 0.2)  996.6K nps  ETA 03:06:29
[2026-03-29T00:28:02.045] [INFO] [selfplay:0] [SelfPlay] 316/2000 (15%)  pos=26840  W/D/B=125/64/127  (39%/20%/40%)  d5/d8  0.9 games/s (avg 0.2)  996.7K nps  ETA 03:06:05
[2026-03-29T00:28:15.711] [INFO] [selfplay:0] [SelfPlay] 317/2000 (15%)  pos=26883  W/D/B=125/65/127  (39%/20%/40%)  d5/d8  0.8 games/s (avg 0.2)  994.7K nps  ETA 03:05:27
[2026-03-29T00:28:19.576] [INFO] [selfplay:0] [SelfPlay] 318/2000 (15%)  pos=26972  W/D/B=125/65/128  (39%/20%/40%)  d5/d8  0.7 games/s (avg 0.2)  997.2K nps  ETA 03:06:08
[2026-03-29T00:28:24.482] [INFO] [selfplay:0] [SelfPlay] 319/2000 (15%)  pos=27010  W/D/B=125/66/128  (39%/20%/40%)  d5/d8  0.7 games/s (avg 0.2)  994.2K nps  ETA 03:05:46
[2026-03-29T00:28:29.314] [INFO] [selfplay:0] [SelfPlay] 320/2000 (16%)  pos=27074  W/D/B=125/67/128  (39%/20%/40%)  d5/d8  0.6 games/s (avg 0.2)  990.5K nps  ETA 03:05:30
[2026-03-29T00:28:34.265] [INFO] [selfplay:0] [SelfPlay] 321/2000 (16%)  pos=27155  W/D/B=125/67/129  (38%/20%/40%)  d5/d8  0.5 games/s (avg 0.2)  989.9K nps  ETA 03:05:14
[2026-03-29T00:28:42.905] [INFO] [selfplay:0] [SelfPlay] 322/2000 (16%)  pos=27228  W/D/B=126/67/129  (39%/20%/40%)  d5/d8  0.5 games/s (avg 0.2)  991.8K nps  ETA 03:04:54
[2026-03-29T00:28:44.988] [INFO] [selfplay:0] [SelfPlay] 323/2000 (16%)  pos=27356  W/D/B=127/67/129  (39%/20%/39%)  d5/d8  0.4 games/s (avg 0.2)  985.2K nps  ETA 03:05:05
[2026-03-29T00:28:50.588] [INFO] [selfplay:0] [SelfPlay] 324/2000 (16%)  pos=27400  W/D/B=127/68/129  (39%/20%/39%)  d5/d8  0.4 games/s (avg 0.2)  986.2K nps  ETA 03:04:31
[2026-03-29T00:29:00.356] [INFO] [selfplay:0] [SelfPlay] 325/2000 (16%)  pos=27459  W/D/B=128/68/129  (39%/20%/39%)  d5/d8  0.4 games/s (avg 0.2)  984.1K nps  ETA 03:04:16
[2026-03-29T00:29:02.861] [INFO] [selfplay:0] [SelfPlay] 326/2000 (16%)  pos=27516  W/D/B=129/68/129  (39%/20%/39%)  d5/d8  0.4 games/s (avg 0.2)  980.4K nps  ETA 03:04:32
[2026-03-29T00:29:07.288] [INFO] [selfplay:0] [SelfPlay] 327/2000 (16%)  pos=27634  W/D/B=129/69/129  (39%/21%/39%)  d5/d8  0.4 games/s (avg 0.2)  979.0K nps  ETA 03:04:03
[2026-03-29T00:29:11.352] [INFO] [selfplay:0] [SelfPlay] 328/2000 (16%)  pos=27737  W/D/B=129/70/129  (39%/21%/39%)  d5/d8  0.3 games/s (avg 0.2)  975.9K nps  ETA 03:03:46
[2026-03-29T00:29:13.244] [INFO] [selfplay:0] [SelfPlay] 329/2000 (16%)  pos=27790  W/D/B=129/70/130  (39%/21%/39%)  d5/d8  0.3 games/s (avg 0.2)  976.3K nps  ETA 03:03:28
[2026-03-29T00:29:13.545] [INFO] [selfplay:0] [SelfPlay] 330/2000 (16%)  pos=27897  W/D/B=130/70/130  (39%/21%/39%)  d5/d8  0.4 games/s (avg 0.2)  978.3K nps  ETA 03:02:59
[2026-03-29T00:29:15.816] [INFO] [selfplay:0] [SelfPlay] 331/2000 (16%)  pos=27934  W/D/B=130/71/130  (39%/21%/39%)  d5/d8  0.8 games/s (avg 0.2)  978.3K nps  ETA 03:02:20
[2026-03-29T00:29:26.021] [INFO] [selfplay:0] [SelfPlay] 332/2000 (16%)  pos=27997  W/D/B=131/71/130  (39%/21%/39%)  d5/d8  0.7 games/s (avg 0.2)  976.8K nps  ETA 03:01:43
[2026-03-29T00:29:38.591] [INFO] [selfplay:0] [SelfPlay] 333/2000 (16%)  pos=28063  W/D/B=132/71/130  (39%/21%/39%)  d5/d8  0.7 games/s (avg 0.2)  972.2K nps  ETA 03:01:52
[2026-03-29T00:29:41.035] [INFO] [selfplay:0] [SelfPlay] 334/2000 (16%)  pos=28139  W/D/B=132/71/131  (39%/21%/39%)  d5/d8  0.6 games/s (avg 0.2)  965.7K nps  ETA 03:02:27
[2026-03-29T00:29:41.046] [INFO] [selfplay:0] [SelfPlay] 335/2000 (16%)  pos=28204  W/D/B=133/71/131  (39%/21%/39%)  d5/d8  0.5 games/s (avg 0.2)  967.9K nps  ETA 03:02:02
[2026-03-29T00:29:41.173] [INFO] [selfplay:0] [SelfPlay] 336/2000 (16%)  pos=28240  W/D/B=133/72/131  (39%/21%/38%)  d5/d8  13.8 games/s (avg 0.2)  969.0K nps  ETA 03:01:23
[2026-03-29T00:29:46.180] [INFO] [selfplay:0] [SelfPlay] 337/2000 (16%)  pos=28336  W/D/B=133/73/131  (39%/21%/38%)  d5/d8  12.9 games/s (avg 0.2)  969.5K nps  ETA 03:00:39
[2026-03-29T00:29:50.008] [INFO] [selfplay:0] [SelfPlay] 338/2000 (16%)  pos=28413  W/D/B=133/74/131  (39%/21%/38%)  d5/d8  11.9 games/s (avg 0.2)  969.7K nps  ETA 03:00:26
[2026-03-29T00:29:53.722] [INFO] [selfplay:0] [SelfPlay] 339/2000 (16%)  pos=28510  W/D/B=134/74/131  (39%/21%/38%)  d5/d8  11.0 games/s (avg 0.2)  975.5K nps  ETA 03:00:07
[2026-03-29T00:29:54.118] [INFO] [selfplay:0] [SelfPlay] 340/2000 (17%)  pos=28608  W/D/B=135/74/131  (39%/21%/38%)  d5/d8  10.2 games/s (avg 0.2)  978.5K nps  ETA 02:59:51
[2026-03-29T00:30:01.818] [INFO] [selfplay:0] [SelfPlay] 341/2000 (17%)  pos=28654  W/D/B=135/74/132  (39%/21%/38%)  d5/d8  9.1 games/s (avg 0.2)  978.4K nps  ETA 02:59:06
[2026-03-29T00:30:01.982] [INFO] [selfplay:0] [SelfPlay] 342/2000 (17%)  pos=28739  W/D/B=135/74/133  (39%/21%/38%)  d5/d8  8.4 games/s (avg 0.2)  982.0K nps  ETA 02:59:14
[2026-03-29T00:30:02.605] [INFO] [selfplay:0] [SelfPlay] 343/2000 (17%)  pos=28864  W/D/B=135/74/134  (39%/21%/39%)  d5/d8  8.0 games/s (avg 0.2)  982.3K nps  ETA 02:58:36
[2026-03-29T00:30:10.601] [INFO] [selfplay:0] [SelfPlay] 344/2000 (17%)  pos=28993  W/D/B=135/74/135  (39%/21%/39%)  d5/d8  7.1 games/s (avg 0.2)  985.2K nps  ETA 02:57:54
[2026-03-29T00:30:28.428] [INFO] [selfplay:0] [SelfPlay] 345/2000 (17%)  pos=29120  W/D/B=135/74/136  (39%/21%/39%)  d5/d8  6.5 games/s (avg 0.2)  985.4K nps  ETA 02:57:46
[2026-03-29T00:30:30.489] [INFO] [selfplay:0] [SelfPlay] 346/2000 (17%)  pos=29183  W/D/B=135/74/137  (39%/21%/39%)  d5/d8  6.1 games/s (avg 0.2)  987.4K nps  ETA 02:58:49
[2026-03-29T00:30:33.335] [INFO] [selfplay:0] [SelfPlay] 347/2000 (17%)  pos=29266  W/D/B=135/74/138  (38%/21%/39%)  d5/d8  5.6 games/s (avg 0.2)  993.1K nps  ETA 02:58:20
[2026-03-29T00:30:41.115] [INFO] [selfplay:0] [SelfPlay] 348/2000 (17%)  pos=29338  W/D/B=135/75/138  (38%/21%/39%)  d5/d8  5.2 games/s (avg 0.2)  996.1K nps  ETA 02:57:52
[2026-03-29T00:30:58.770] [INFO] [selfplay:0] [SelfPlay] 349/2000 (17%)  pos=29431  W/D/B=136/75/138  (38%/21%/39%)  d5/d8  4.8 games/s (avg 0.2)  996.5K nps  ETA 02:57:42
[2026-03-29T00:30:59.323] [INFO] [selfplay:0] [SelfPlay] 350/2000 (17%)  pos=29519  W/D/B=137/75/138  (39%/21%/39%)  d5/d8  4.4 games/s (avg 0.2)  1.0M nps  ETA 02:58:46
[2026-03-29T00:31:29.282] [INFO] [selfplay:0] [SelfPlay] 351/2000 (17%)  pos=29630  W/D/B=137/75/139  (39%/21%/39%)  d5/d8  4.0 games/s (avg 0.2)  1.0M nps  ETA 02:57:41
[2026-03-29T00:31:31.523] [INFO] [selfplay:0] [SelfPlay] 352/2000 (17%)  pos=29689  W/D/B=138/75/139  (39%/21%/39%)  d5/d8  3.7 games/s (avg 0.2)  1.0M nps  ETA 02:59:52
[2026-03-29T00:31:35.022] [INFO] [selfplay:0] [SelfPlay] 353/2000 (17%)  pos=29805  W/D/B=138/75/140  (39%/21%/39%)  d5/d8  3.2 games/s (avg 0.2)  1.0M nps  ETA 02:59:25
[2026-03-29T00:31:37.091] [INFO] [selfplay:0] [SelfPlay] 354/2000 (17%)  pos=29897  W/D/B=138/75/141  (38%/21%/39%)  d5/d8  3.0 games/s (avg 0.2)  1.0M nps  ETA 02:59:05
[2026-03-29T00:31:44.060] [INFO] [selfplay:0] [SelfPlay] 355/2000 (17%)  pos=29994  W/D/B=138/75/142  (38%/21%/40%)  d5/d8  2.6 games/s (avg 0.2)  1.0M nps  ETA 02:58:33
[2026-03-29T00:31:55.998] [INFO] [selfplay:0] [SelfPlay] 356/2000 (17%)  pos=30114  W/D/B=138/75/143  (38%/21%/40%)  d5/d8  2.4 games/s (avg 0.2)  1.0M nps  ETA 02:58:24
[2026-03-29T00:32:09.421] [INFO] [selfplay:0] [SelfPlay] 357/2000 (17%)  pos=30203  W/D/B=139/75/143  (38%/21%/40%)  d5/d8  2.2 games/s (avg 0.2)  1.0M nps  ETA 02:58:41
[2026-03-29T00:32:20.165] [INFO] [selfplay:0] [SelfPlay] 358/2000 (17%)  pos=30262  W/D/B=139/76/143  (38%/21%/39%)  d5/d8  2.1 games/s (avg 0.2)  1.0M nps  ETA 02:59:08
[2026-03-29T00:32:20.282] [INFO] [selfplay:0] [SelfPlay] 359/2000 (17%)  pos=30348  W/D/B=140/76/143  (38%/21%/39%)  d5/d8  1.9 games/s (avg 0.2)  1.0M nps  ETA 02:59:32
[2026-03-29T00:32:21.587] [INFO] [selfplay:0] [SelfPlay] 360/2000 (18%)  pos=30448  W/D/B=140/76/144  (38%/21%/40%)  d5/d8  2.9 games/s (avg 0.2)  1.0M nps  ETA 02:58:54
[2026-03-29T00:32:23.853] [INFO] [selfplay:0] [SelfPlay] 361/2000 (18%)  pos=30513  W/D/B=141/76/144  (39%/21%/39%)  d5/d8  2.6 games/s (avg 0.2)  1.0M nps  ETA 02:58:24
[2026-03-29T00:32:27.619] [INFO] [selfplay:0] [SelfPlay] 362/2000 (18%)  pos=30556  W/D/B=141/77/144  (38%/21%/39%)  d5/d8  2.3 games/s (avg 0.2)  1.0M nps  ETA 02:57:56
[2026-03-29T00:32:28.910] [INFO] [selfplay:0] [SelfPlay] 363/2000 (18%)  pos=30592  W/D/B=141/78/144  (38%/21%/39%)  d5/d8  2.0 games/s (avg 0.2)  1.0M nps  ETA 02:57:40
[2026-03-29T00:32:34.538] [INFO] [selfplay:0] [SelfPlay] 364/2000 (18%)  pos=30677  W/D/B=142/78/144  (39%/21%/39%)  d5/d8  1.8 games/s (avg 0.2)  1.0M nps  ETA 02:57:05
[2026-03-29T00:32:35.968] [INFO] [selfplay:0] [SelfPlay] 365/2000 (18%)  pos=30824  W/D/B=143/78/144  (39%/21%/39%)  d5/d8  1.7 games/s (avg 0.2)  1.0M nps  ETA 02:56:59
[2026-03-29T00:32:38.250] [INFO] [selfplay:0] [SelfPlay] 366/2000 (18%)  pos=30970  W/D/B=143/78/145  (39%/21%/39%)  d5/d8  1.5 games/s (avg 0.2)  1.0M nps  ETA 02:56:29
[2026-03-29T00:32:39.329] [INFO] [selfplay:0] [SelfPlay] 367/2000 (18%)  pos=31066  W/D/B=144/78/145  (39%/21%/39%)  d5/d8  1.3 games/s (avg 0.2)  1.0M nps  ETA 02:56:05
[2026-03-29T00:32:43.488] [INFO] [selfplay:0] [SelfPlay] 368/2000 (18%)  pos=31166  W/D/B=145/78/145  (39%/21%/39%)  d5/d8  1.3 games/s (avg 0.2)  1.0M nps  ETA 02:55:32
[2026-03-29T00:32:52.575] [INFO] [selfplay:0] [SelfPlay] 369/2000 (18%)  pos=31323  W/D/B=145/78/146  (39%/21%/39%)  d5/d8  1.1 games/s (avg 0.2)  1.0M nps  ETA 02:55:09
[2026-03-29T00:33:05.668] [INFO] [selfplay:0] [SelfPlay] 370/2000 (18%)  pos=31485  W/D/B=145/78/147  (39%/21%/39%)  d5/d8  1.0 games/s (avg 0.2)  1.0M nps  ETA 02:55:11
[2026-03-29T00:33:21.433] [INFO] [selfplay:0] [SelfPlay] 371/2000 (18%)  pos=31660  W/D/B=145/79/147  (39%/21%/39%)  d5/d8  1.0 games/s (avg 0.2)  1.0M nps  ETA 02:55:32
[2026-03-29T00:33:23.391] [INFO] [selfplay:0] [SelfPlay] 372/2000 (18%)  pos=31723  W/D/B=146/79/147  (39%/21%/39%)  d5/d8  0.9 games/s (avg 0.2)  1.0M nps  ETA 02:56:19
[2026-03-29T00:33:30.817] [INFO] [selfplay:0] [SelfPlay] 373/2000 (18%)  pos=31782  W/D/B=147/79/147  (39%/21%/39%)  d5/d8  0.8 games/s (avg 0.2)  1.0M nps  ETA 02:55:47
[2026-03-29T00:33:35.008] [INFO] [selfplay:0] [SelfPlay] 374/2000 (18%)  pos=31890  W/D/B=147/79/148  (39%/21%/39%)  d5/d8  0.7 games/s (avg 0.2)  1.0M nps  ETA 02:55:49
[2026-03-29T00:33:38.675] [INFO] [selfplay:0] [SelfPlay] 375/2000 (18%)  pos=32120  W/D/B=148/79/148  (39%/21%/39%)  d5/d8  0.7 games/s (avg 0.2)  1.0M nps  ETA 02:55:32
[2026-03-29T00:33:41.382] [INFO] [selfplay:0] [SelfPlay] 376/2000 (18%)  pos=32175  W/D/B=149/79/148  (39%/21%/39%)  d5/d8  0.6 games/s (avg 0.2)  1.0M nps  ETA 02:55:15
[2026-03-29T00:33:42.041] [INFO] [selfplay:0] [SelfPlay] 377/2000 (18%)  pos=32339  W/D/B=149/80/148  (39%/21%/39%)  d5/d8  0.6 games/s (avg 0.2)  1.0M nps  ETA 02:54:54
[2026-03-29T00:33:46.606] [INFO] [selfplay:0] [SelfPlay] 378/2000 (18%)  pos=32409  W/D/B=150/80/148  (39%/21%/39%)  d5/d8  0.7 games/s (avg 0.2)  1.0M nps  ETA 02:54:18
[2026-03-29T00:33:49.725] [INFO] [selfplay:0] [SelfPlay] 379/2000 (18%)  pos=32491  W/D/B=150/80/149  (39%/21%/39%)  d5/d8  0.6 games/s (avg 0.2)  1.0M nps  ETA 02:54:06
[2026-03-29T00:33:50.596] [INFO] [selfplay:0] [SelfPlay] 380/2000 (19%)  pos=32610  W/D/B=150/81/149  (39%/21%/39%)  d5/d8  0.6 games/s (avg 0.2)  1.0M nps  ETA 02:53:47
[2026-03-29T00:33:57.903] [INFO] [selfplay:0] [SelfPlay] 381/2000 (19%)  pos=32692  W/D/B=151/81/149  (39%/21%/39%)  d5/d8  0.7 games/s (avg 0.2)  1.0M nps  ETA 02:53:11
[2026-03-29T00:33:59.614] [INFO] [selfplay:0] [SelfPlay] 382/2000 (19%)  pos=32735  W/D/B=151/81/150  (39%/21%/39%)  d5/d8  0.6 games/s (avg 0.2)  1.0M nps  ETA 02:53:13
[2026-03-29T00:34:06.202] [INFO] [selfplay:0] [SelfPlay] 383/2000 (19%)  pos=32812  W/D/B=151/81/151  (39%/21%/39%)  d5/d8  0.6 games/s (avg 0.2)  1.0M nps  ETA 02:52:43
[2026-03-29T00:34:10.559] [INFO] [selfplay:0] [SelfPlay] 384/2000 (19%)  pos=32855  W/D/B=151/82/151  (39%/21%/39%)  d5/d8  0.5 games/s (avg 0.2)  1.0M nps  ETA 02:52:38
[2026-03-29T00:34:10.691] [INFO] [selfplay:0] [SelfPlay] 385/2000 (19%)  pos=32960  W/D/B=151/82/152  (39%/21%/39%)  d5/d8  0.5 games/s (avg 0.2)  1.0M nps  ETA 02:52:28
[2026-03-29T00:34:33.588] [INFO] [selfplay:0] [SelfPlay] 386/2000 (19%)  pos=32993  W/D/B=152/82/152  (39%/21%/39%)  d5/d8  1.5 games/s (avg 0.2)  1.0M nps  ETA 02:51:33
[2026-03-29T00:34:36.100] [INFO] [selfplay:0] [SelfPlay] 387/2000 (19%)  pos=33125  W/D/B=152/82/153  (39%/21%/39%)  d5/d8  1.4 games/s (avg 0.2)  1.0M nps  ETA 02:52:56
[2026-03-29T00:34:45.027] [INFO] [selfplay:0] [SelfPlay] 388/2000 (19%)  pos=33162  W/D/B=152/83/153  (39%/21%/39%)  d5/d8  1.3 games/s (avg 0.2)  1.0M nps  ETA 02:52:26
[2026-03-29T00:34:46.243] [INFO] [selfplay:0] [SelfPlay] 389/2000 (19%)  pos=33205  W/D/B=152/83/154  (39%/21%/39%)  d5/d8  1.2 games/s (avg 0.2)  1.1M nps  ETA 02:52:38
[2026-03-29T00:34:50.402] [INFO] [selfplay:0] [SelfPlay] 390/2000 (19%)  pos=33276  W/D/B=153/83/154  (39%/21%/39%)  d5/d8  1.1 games/s (avg 0.2)  1.1M nps  ETA 02:52:07
[2026-03-29T00:34:50.862] [INFO] [selfplay:0] [SelfPlay] 391/2000 (19%)  pos=33356  W/D/B=153/83/155  (39%/21%/39%)  d5/d8  1.0 games/s (avg 0.2)  1.1M nps  ETA 02:51:55
[2026-03-29T00:34:51.259] [INFO] [selfplay:0] [SelfPlay] 392/2000 (19%)  pos=33437  W/D/B=154/83/155  (39%/21%/39%)  d5/d8  1.2 games/s (avg 0.2)  1.1M nps  ETA 02:51:25
[2026-03-29T00:35:01.924] [INFO] [selfplay:0] [SelfPlay] 393/2000 (19%)  pos=33560  W/D/B=154/84/155  (39%/21%/39%)  d5/d8  1.4 games/s (avg 0.2)  1.1M nps  ETA 02:50:43
[2026-03-29T00:35:05.592] [INFO] [selfplay:0] [SelfPlay] 394/2000 (19%)  pos=33589  W/D/B=154/84/156  (39%/21%/39%)  d5/d8  1.3 games/s (avg 0.2)  1.1M nps  ETA 02:51:01
[2026-03-29T00:35:08.908] [INFO] [selfplay:0] [SelfPlay] 395/2000 (19%)  pos=33725  W/D/B=154/84/157  (38%/21%/39%)  d5/d8  1.1 games/s (avg 0.2)  1.1M nps  ETA 02:50:45
[2026-03-29T00:35:45.282] [INFO] [selfplay:0] [SelfPlay] 396/2000 (19%)  pos=33762  W/D/B=155/84/157  (39%/21%/39%)  d5/d8  1.0 games/s (avg 0.2)  1.1M nps  ETA 02:49:53
[2026-03-29T00:36:03.633] [INFO] [selfplay:0] [SelfPlay] 397/2000 (19%)  pos=33815  W/D/B=155/84/158  (39%/21%/39%)  d5/d8  0.9 games/s (avg 0.2)  1.1M nps  ETA 02:52:04
[2026-03-29T00:36:07.723] [INFO] [selfplay:0] [SelfPlay] 398/2000 (19%)  pos=33957  W/D/B=155/85/158  (38%/21%/39%)  d5/d8  0.9 games/s (avg 0.2)  1.1M nps  ETA 02:53:01
[2026-03-29T00:36:12.526] [INFO] [selfplay:0] [SelfPlay] 399/2000 (19%)  pos=34075  W/D/B=155/85/159  (38%/21%/39%)  d5/d8  0.8 games/s (avg 0.2)  1.1M nps  ETA 02:52:44
[2026-03-29T00:36:12.967] [INFO] [selfplay:0] [SelfPlay] 400/2000 (20%)  pos=34146  W/D/B=156/85/159  (39%/21%/39%)  d5/d8  0.7 games/s (avg 0.2)  1.1M nps  ETA 02:52:36
[2026-03-29T00:36:24.542] [INFO] [selfplay:0] [SelfPlay] 401/2000 (20%)  pos=34277  W/D/B=157/85/159  (39%/21%/39%)  d5/d8  0.9 games/s (avg 0.2)  1.1M nps  ETA 02:51:53
[2026-03-29T00:36:25.028] [INFO] [selfplay:0] [SelfPlay] 402/2000 (20%)  pos=34320  W/D/B=158/85/159  (39%/21%/39%)  d5/d8  0.8 games/s (avg 0.2)  1.1M nps  ETA 02:52:19
[2026-03-29T00:36:39.751] [INFO] [selfplay:0] [SelfPlay] 403/2000 (20%)  pos=34405  W/D/B=158/85/160  (39%/21%/39%)  d5/d8  1.0 games/s (avg 0.2)  1.1M nps  ETA 02:51:34
[2026-03-29T00:36:47.595] [INFO] [selfplay:0] [SelfPlay] 404/2000 (20%)  pos=34542  W/D/B=158/86/160  (39%/21%/39%)  d5/d8  1.0 games/s (avg 0.2)  1.1M nps  ETA 02:52:07
[2026-03-29T00:36:50.387] [INFO] [selfplay:0] [SelfPlay] 405/2000 (20%)  pos=34693  W/D/B=158/87/160  (39%/21%/39%)  d5/d8  0.8 games/s (avg 0.2)  1.1M nps  ETA 02:52:12
[2026-03-29T00:36:58.012] [INFO] [selfplay:0] [SelfPlay] 406/2000 (20%)  pos=34736  W/D/B=159/87/160  (39%/21%/39%)  d5/d8  0.8 games/s (avg 0.2)  1.1M nps  ETA 02:51:45
[2026-03-29T00:37:00.812] [INFO] [selfplay:0] [SelfPlay] 407/2000 (20%)  pos=34802  W/D/B=160/87/160  (39%/21%/39%)  d5/d8  0.7 games/s (avg 0.2)  1.1M nps  ETA 02:51:48
[2026-03-29T00:37:06.722] [INFO] [selfplay:0] [SelfPlay] 408/2000 (20%)  pos=34847  W/D/B=160/87/161  (39%/21%/39%)  d5/d8  0.6 games/s (avg 0.2)  1.1M nps  ETA 02:51:24
[2026-03-29T00:37:08.779] [INFO] [selfplay:0] [SelfPlay] 409/2000 (20%)  pos=34892  W/D/B=161/87/161  (39%/21%/39%)  d5/d8  0.6 games/s (avg 0.2)  1.1M nps  ETA 02:51:20
[2026-03-29T00:37:10.119] [INFO] [selfplay:0] [SelfPlay] 410/2000 (20%)  pos=35078  W/D/B=161/88/161  (39%/21%/39%)  d5/d8  0.5 games/s (avg 0.2)  1.1M nps  ETA 02:50:57
[2026-03-29T00:37:12.762] [INFO] [selfplay:0] [SelfPlay] 411/2000 (20%)  pos=35112  W/D/B=161/88/162  (39%/21%/39%)  d5/d8  0.6 games/s (avg 0.2)  1.1M nps  ETA 02:50:29
[2026-03-29T00:37:15.412] [INFO] [selfplay:0] [SelfPlay] 412/2000 (20%)  pos=35281  W/D/B=161/89/162  (39%/21%/39%)  d5/d8  0.5 games/s (avg 0.2)  1.1M nps  ETA 02:50:09
[2026-03-29T00:37:26.153] [INFO] [selfplay:0] [SelfPlay] 413/2000 (20%)  pos=35326  W/D/B=161/90/162  (38%/21%/39%)  d5/d8  0.5 games/s (avg 0.2)  1.1M nps  ETA 02:49:39
[2026-03-29T00:37:30.626] [INFO] [selfplay:0] [SelfPlay] 414/2000 (20%)  pos=35370  W/D/B=162/90/162  (39%/21%/39%)  d5/d8  0.5 games/s (avg 0.2)  1.1M nps  ETA 02:49:55
[2026-03-29T00:37:38.426] [INFO] [selfplay:0] [SelfPlay] 415/2000 (20%)  pos=35442  W/D/B=163/90/162  (39%/21%/39%)  d5/d8  0.4 games/s (avg 0.2)  1.1M nps  ETA 02:49:39
[2026-03-29T00:37:39.947] [INFO] [selfplay:0] [SelfPlay] 416/2000 (20%)  pos=35544  W/D/B=164/90/162  (39%/21%/38%)  d5/d8  0.4 games/s (avg 0.2)  1.1M nps  ETA 02:49:43
[2026-03-29T00:37:45.003] [INFO] [selfplay:0] [SelfPlay] 417/2000 (20%)  pos=35584  W/D/B=165/90/162  (39%/21%/38%)  d5/d8  0.4 games/s (avg 0.2)  1.1M nps  ETA 02:49:15
[2026-03-29T00:38:00.785] [INFO] [selfplay:0] [SelfPlay] 418/2000 (20%)  pos=35659  W/D/B=165/91/162  (39%/21%/38%)  d5/d8  0.4 games/s (avg 0.2)  1.1M nps  ETA 02:48:52
[2026-03-29T00:38:07.672] [INFO] [selfplay:0] [SelfPlay] 419/2000 (20%)  pos=35690  W/D/B=166/91/162  (39%/21%/38%)  d5/d8  0.3 games/s (avg 0.2)  1.1M nps  ETA 02:49:30
[2026-03-29T00:38:14.870] [INFO] [selfplay:0] [SelfPlay] 420/2000 (21%)  pos=35747  W/D/B=166/91/163  (39%/21%/38%)  d5/d8  0.3 games/s (avg 0.2)  1.1M nps  ETA 02:49:25
[2026-03-29T00:38:25.688] [INFO] [selfplay:0] [SelfPlay] 421/2000 (21%)  pos=35797  W/D/B=166/92/163  (39%/21%/38%)  d5/d8  0.3 games/s (avg 0.2)  1.1M nps  ETA 02:49:18
[2026-03-29T00:38:28.087] [INFO] [selfplay:0] [SelfPlay] 422/2000 (21%)  pos=35873  W/D/B=166/92/164  (39%/21%/38%)  d5/d8  0.3 games/s (avg 0.2)  1.0M nps  ETA 02:49:37
[2026-03-29T00:38:37.658] [INFO] [selfplay:0] [SelfPlay] 423/2000 (21%)  pos=35922  W/D/B=166/92/165  (39%/21%/39%)  d5/d8  0.3 games/s (avg 0.2)  1.0M nps  ETA 02:49:07
[2026-03-29T00:38:38.847] [INFO] [selfplay:0] [SelfPlay] 424/2000 (21%)  pos=35979  W/D/B=167/92/165  (39%/21%/38%)  d5/d8  0.3 games/s (avg 0.2)  1.0M nps  ETA 02:49:21
[2026-03-29T00:38:41.094] [INFO] [selfplay:0] [SelfPlay] 425/2000 (21%)  pos=36023  W/D/B=167/92/166  (39%/21%/39%)  d5/d8  0.3 games/s (avg 0.2)  1.0M nps  ETA 02:48:54
[2026-03-29T00:38:42.310] [INFO] [selfplay:0] [SelfPlay] 426/2000 (21%)  pos=36073  W/D/B=168/92/166  (39%/21%/38%)  d5/d8  0.4 games/s (avg 0.2)  1.0M nps  ETA 02:48:33
[2026-03-29T00:38:46.810] [INFO] [selfplay:0] [SelfPlay] 427/2000 (21%)  pos=36173  W/D/B=168/92/167  (39%/21%/39%)  d5/d8  0.4 games/s (avg 0.2)  1.0M nps  ETA 02:48:04
[2026-03-29T00:38:50.308] [INFO] [selfplay:0] [SelfPlay] 428/2000 (21%)  pos=36258  W/D/B=168/92/168  (39%/21%/39%)  d5/d8  0.4 games/s (avg 0.2)  1.0M nps  ETA 02:47:52
[2026-03-29T00:39:33.775] [INFO] [selfplay:0] [SelfPlay] 429/2000 (21%)  pos=36329  W/D/B=168/92/169  (39%/21%/39%)  d5/d8  0.4 games/s (avg 0.2)  1.1M nps  ETA 02:46:54
[2026-03-29T00:39:35.545] [INFO] [selfplay:0] [SelfPlay] 430/2000 (21%)  pos=36385  W/D/B=168/92/170  (39%/21%/39%)  d5/d8  0.4 games/s (avg 0.2)  1.1M nps  ETA 02:49:45
[2026-03-29T00:39:41.773] [INFO] [selfplay:0] [SelfPlay] 431/2000 (21%)  pos=36448  W/D/B=169/92/170  (39%/21%/39%)  d5/d8  0.4 games/s (avg 0.2)  1.1M nps  ETA 02:49:18
[2026-03-29T00:39:43.047] [INFO] [selfplay:0] [SelfPlay] 432/2000 (21%)  pos=36554  W/D/B=170/92/170  (39%/21%/39%)  d5/d8  0.3 games/s (avg 0.2)  1.1M nps  ETA 02:49:15
[2026-03-29T00:39:43.062] [INFO] [selfplay:0] [SelfPlay] 433/2000 (21%)  pos=36608  W/D/B=171/92/170  (39%/21%/39%)  d5/d8  0.4 games/s (avg 0.2)  1.1M nps  ETA 02:48:51
[2026-03-29T00:39:45.879] [INFO] [selfplay:0] [SelfPlay] 434/2000 (21%)  pos=36663  W/D/B=172/92/170  (39%/21%/39%)  d5/d8  10.3 games/s (avg 0.2)  1.1M nps  ETA 02:48:18
[2026-03-29T00:39:47.594] [INFO] [selfplay:0] [SelfPlay] 435/2000 (21%)  pos=36743  W/D/B=172/92/171  (39%/21%/39%)  d5/d8  9.6 games/s (avg 0.2)  1.1M nps  ETA 02:48:00
[2026-03-29T00:39:50.381] [INFO] [selfplay:0] [SelfPlay] 436/2000 (21%)  pos=36828  W/D/B=172/92/172  (39%/21%/39%)  d5/d8  8.8 games/s (avg 0.2)  1.1M nps  ETA 02:47:36
[2026-03-29T00:40:03.241] [INFO] [selfplay:0] [SelfPlay] 437/2000 (21%)  pos=36885  W/D/B=173/92/172  (39%/21%/39%)  d5/d8  8.2 games/s (avg 0.2)  1.1M nps  ETA 02:47:06
[2026-03-29T00:40:03.885] [INFO] [selfplay:0] [SelfPlay] 438/2000 (21%)  pos=36917  W/D/B=173/93/172  (39%/21%/39%)  d5/d8  7.6 games/s (avg 0.2)  1.1M nps  ETA 02:47:34
[2026-03-29T00:40:05.027] [INFO] [selfplay:0] [SelfPlay] 439/2000 (21%)  pos=36921  W/D/B=173/93/173  (39%/21%/39%)  d5/d8  6.7 games/s (avg 0.2)  1.1M nps  ETA 02:47:07
[2026-03-29T00:40:18.433] [INFO] [selfplay:0] [SelfPlay] 440/2000 (22%)  pos=36985  W/D/B=173/94/173  (39%/21%/39%)  d5/d8  5.8 games/s (avg 0.2)  1.1M nps  ETA 02:46:30
[2026-03-29T00:40:26.531] [INFO] [selfplay:0] [SelfPlay] 441/2000 (22%)  pos=37096  W/D/B=173/94/174  (39%/21%/39%)  d5/d8  5.4 games/s (avg 0.2)  1.1M nps  ETA 02:46:52
[2026-03-29T00:40:34.832] [INFO] [selfplay:0] [SelfPlay] 442/2000 (22%)  pos=37155  W/D/B=173/95/174  (39%/21%/39%)  d5/d8  5.0 games/s (avg 0.2)  1.1M nps  ETA 02:46:53
[2026-03-29T00:40:42.820] [INFO] [selfplay:0] [SelfPlay] 443/2000 (22%)  pos=37285  W/D/B=174/95/174  (39%/21%/39%)  d5/d8  4.6 games/s (avg 0.2)  1.1M nps  ETA 02:46:53
[2026-03-29T00:40:47.309] [INFO] [selfplay:0] [SelfPlay] 444/2000 (22%)  pos=37363  W/D/B=175/95/174  (39%/21%/39%)  d5/d8  4.2 games/s (avg 0.2)  1.1M nps  ETA 02:46:56
[2026-03-29T00:40:50.600] [INFO] [selfplay:0] [SelfPlay] 445/2000 (22%)  pos=37462  W/D/B=176/95/174  (39%/21%/39%)  d5/d8  3.9 games/s (avg 0.2)  1.1M nps  ETA 02:46:43
[2026-03-29T00:41:04.720] [INFO] [selfplay:0] [SelfPlay] 446/2000 (22%)  pos=37561  W/D/B=177/95/174  (39%/21%/39%)  d5/d8  3.6 games/s (avg 0.2)  1.1M nps  ETA 02:46:15
[2026-03-29T00:41:10.267] [INFO] [selfplay:0] [SelfPlay] 447/2000 (22%)  pos=37642  W/D/B=178/95/174  (39%/21%/38%)  d5/d8  3.4 games/s (avg 0.2)  1.1M nps  ETA 02:46:45
[2026-03-29T00:41:25.511] [INFO] [selfplay:0] [SelfPlay] 448/2000 (22%)  pos=37703  W/D/B=178/95/175  (39%/21%/39%)  d5/d8  3.1 games/s (avg 0.2)  1.1M nps  ETA 02:46:24
[2026-03-29T00:41:30.992] [INFO] [selfplay:0] [SelfPlay] 449/2000 (22%)  pos=37900  W/D/B=179/95/175  (39%/21%/38%)  d5/d8  2.9 games/s (avg 0.2)  1.1M nps  ETA 02:46:59
[2026-03-29T00:41:36.807] [INFO] [selfplay:0] [SelfPlay] 450/2000 (22%)  pos=37999  W/D/B=180/95/175  (40%/21%/38%)  d5/d8  2.7 games/s (avg 0.2)  1.1M nps  ETA 02:46:48
[2026-03-29T00:41:39.521] [INFO] [selfplay:0] [SelfPlay] 451/2000 (22%)  pos=38060  W/D/B=181/95/175  (40%/21%/38%)  d5/d8  2.5 games/s (avg 0.2)  1.1M nps  ETA 02:46:43
[2026-03-29T00:41:45.565] [INFO] [selfplay:0] [SelfPlay] 452/2000 (22%)  pos=38218  W/D/B=181/95/176  (40%/21%/38%)  d5/d8  2.1 games/s (avg 0.2)  1.1M nps  ETA 02:46:20
[2026-03-29T00:41:46.684] [INFO] [selfplay:0] [SelfPlay] 453/2000 (22%)  pos=38331  W/D/B=182/95/176  (40%/20%/38%)  d5/d8  2.0 games/s (avg 0.2)  1.1M nps  ETA 02:46:17
[2026-03-29T00:41:56.386] [INFO] [selfplay:0] [SelfPlay] 454/2000 (22%)  pos=38417  W/D/B=183/95/176  (40%/20%/38%)  d5/d8  1.8 games/s (avg 0.2)  1.1M nps  ETA 02:45:45
[2026-03-29T00:42:09.867] [INFO] [selfplay:0] [SelfPlay] 455/2000 (22%)  pos=38464  W/D/B=184/95/176  (40%/20%/38%)  d5/d8  1.7 games/s (avg 0.2)  1.1M nps  ETA 02:45:44
[2026-03-29T00:42:10.438] [INFO] [selfplay:0] [SelfPlay] 456/2000 (22%)  pos=38519  W/D/B=184/95/177  (40%/20%/38%)  d5/d8  1.6 games/s (avg 0.2)  1.1M nps  ETA 02:46:16
[2026-03-29T00:42:10.968] [INFO] [selfplay:0] [SelfPlay] 457/2000 (22%)  pos=38573  W/D/B=185/95/177  (40%/20%/38%)  d5/d8  1.6 games/s (avg 0.2)  1.1M nps  ETA 02:45:48
[2026-03-29T00:42:26.327] [INFO] [selfplay:0] [SelfPlay] 458/2000 (22%)  pos=38656  W/D/B=186/95/177  (40%/20%/38%)  d5/d8  1.6 games/s (avg 0.2)  1.1M nps  ETA 02:45:08
[2026-03-29T00:42:37.800] [INFO] [selfplay:0] [SelfPlay] 459/2000 (22%)  pos=38896  W/D/B=186/96/177  (40%/20%/38%)  d5/d8  1.5 games/s (avg 0.2)  1.1M nps  ETA 02:45:35
[2026-03-29T00:42:40.423] [INFO] [selfplay:0] [SelfPlay] 460/2000 (23%)  pos=39001  W/D/B=186/96/178  (40%/20%/38%)  d5/d8  1.4 games/s (avg 0.2)  1.1M nps  ETA 02:45:55
[2026-03-29T00:42:42.733] [INFO] [selfplay:0] [SelfPlay] 461/2000 (23%)  pos=39044  W/D/B=186/96/179  (40%/20%/38%)  d5/d8  1.2 games/s (avg 0.2)  1.1M nps  ETA 02:45:35
[2026-03-29T00:42:43.781] [INFO] [selfplay:0] [SelfPlay] 462/2000 (23%)  pos=39090  W/D/B=186/97/179  (40%/20%/38%)  d5/d8  1.1 games/s (avg 0.2)  1.1M nps  ETA 02:45:16
[2026-03-29T00:42:44.468] [INFO] [selfplay:0] [SelfPlay] 463/2000 (23%)  pos=39155  W/D/B=186/97/180  (40%/20%/38%)  d5/d8  1.1 games/s (avg 0.2)  1.1M nps  ETA 02:44:53
[2026-03-29T00:43:06.414] [INFO] [selfplay:0] [SelfPlay] 464/2000 (23%)  pos=39256  W/D/B=186/97/181  (40%/20%/39%)  d5/d8  1.2 games/s (avg 0.2)  1.1M nps  ETA 02:44:06
[2026-03-29T00:43:09.868] [INFO] [selfplay:0] [SelfPlay] 465/2000 (23%)  pos=39420  W/D/B=187/97/181  (40%/20%/38%)  d5/d8  1.1 games/s (avg 0.2)  1.1M nps  ETA 02:45:08
[2026-03-29T00:43:11.322] [INFO] [selfplay:0] [SelfPlay] 466/2000 (23%)  pos=39485  W/D/B=187/98/181  (40%/21%/38%)  d5/d8  0.9 games/s (avg 0.2)  1.1M nps  ETA 02:44:55
[2026-03-29T00:43:20.560] [INFO] [selfplay:0] [SelfPlay] 467/2000 (23%)  pos=39540  W/D/B=187/98/182  (40%/20%/38%)  d5/d8  0.9 games/s (avg 0.2)  1.1M nps  ETA 02:44:23
[2026-03-29T00:43:23.723] [INFO] [selfplay:0] [SelfPlay] 468/2000 (23%)  pos=39757  W/D/B=187/99/182  (39%/21%/38%)  d5/d8  0.8 games/s (avg 0.2)  1.1M nps  ETA 02:44:33
[2026-03-29T00:43:27.905] [INFO] [selfplay:0] [SelfPlay] 469/2000 (23%)  pos=39838  W/D/B=188/99/182  (40%/21%/38%)  d5/d8  0.7 games/s (avg 0.2)  1.1M nps  ETA 02:44:15
[2026-03-29T00:43:37.557] [INFO] [selfplay:0] [SelfPlay] 470/2000 (23%)  pos=39879  W/D/B=188/99/183  (40%/21%/38%)  d5/d8  0.6 games/s (avg 0.2)  1.1M nps  ETA 02:43:55
[2026-03-29T00:43:44.419] [INFO] [selfplay:0] [SelfPlay] 471/2000 (23%)  pos=40034  W/D/B=188/100/183  (39%/21%/38%)  d5/d8  0.6 games/s (avg 0.2)  1.1M nps  ETA 02:44:03
[2026-03-29T00:44:01.299] [INFO] [selfplay:0] [SelfPlay] 472/2000 (23%)  pos=40209  W/D/B=188/100/184  (39%/21%/38%)  d5/d8  0.5 games/s (avg 0.2)  1.1M nps  ETA 02:43:47
[2026-03-29T00:44:03.254] [INFO] [selfplay:0] [SelfPlay] 473/2000 (23%)  pos=40254  W/D/B=188/100/185  (39%/21%/39%)  d5/d8  0.4 games/s (avg 0.2)  1.1M nps  ETA 02:44:29
[2026-03-29T00:44:14.014] [INFO] [selfplay:0] [SelfPlay] 474/2000 (23%)  pos=40339  W/D/B=188/100/186  (39%/21%/39%)  d5/d8  0.4 games/s (avg 0.2)  1.1M nps  ETA 02:43:59
[2026-03-29T00:44:17.415] [INFO] [selfplay:0] [SelfPlay] 475/2000 (23%)  pos=40466  W/D/B=189/100/186  (39%/21%/39%)  d5/d8  0.4 games/s (avg 0.2)  1.1M nps  ETA 02:44:14
[2026-03-29T00:44:22.946] [INFO] [selfplay:0] [SelfPlay] 476/2000 (23%)  pos=40591  W/D/B=189/100/187  (39%/21%/39%)  d5/d8  0.4 games/s (avg 0.2)  1.1M nps  ETA 02:43:55
[2026-03-29T00:44:30.671] [INFO] [selfplay:0] [SelfPlay] 477/2000 (23%)  pos=40634  W/D/B=190/100/187  (39%/20%/39%)  d5/d8  0.3 games/s (avg 0.2)  1.1M nps  ETA 02:43:44
[2026-03-29T00:44:30.969] [INFO] [selfplay:0] [SelfPlay] 478/2000 (23%)  pos=40644  W/D/B=191/100/187  (39%/20%/39%)  d5/d8  0.3 games/s (avg 0.2)  1.1M nps  ETA 02:43:49
[2026-03-29T00:44:42.485] [INFO] [selfplay:0] [SelfPlay] 479/2000 (23%)  pos=40759  W/D/B=191/100/188  (39%/20%/39%)  d5/d8  0.8 games/s (avg 0.2)  1.1M nps  ETA 02:43:12
[2026-03-29T00:44:50.214] [INFO] [selfplay:0] [SelfPlay] 480/2000 (24%)  pos=40895  W/D/B=192/100/188  (40%/20%/39%)  d5/d8  0.7 games/s (avg 0.2)  1.1M nps  ETA 02:43:25
[2026-03-29T00:44:55.432] [INFO] [selfplay:0] [SelfPlay] 481/2000 (24%)  pos=40969  W/D/B=192/100/189  (39%/20%/39%)  d5/d8  0.6 games/s (avg 0.2)  1.1M nps  ETA 02:43:26
[2026-03-29T00:45:17.397] [INFO] [selfplay:0] [SelfPlay] 482/2000 (24%)  pos=41065  W/D/B=193/100/189  (40%/20%/39%)  d5/d8  0.5 games/s (avg 0.2)  1.1M nps  ETA 02:42:58
[2026-03-29T00:45:23.445] [INFO] [selfplay:0] [SelfPlay] 483/2000 (24%)  pos=41210  W/D/B=194/100/189  (40%/20%/39%)  d5/d8  0.5 games/s (avg 0.2)  1.1M nps  ETA 02:43:56
[2026-03-29T00:45:26.893] [INFO] [selfplay:0] [SelfPlay] 484/2000 (24%)  pos=41286  W/D/B=195/100/189  (40%/20%/39%)  d5/d8  0.4 games/s (avg 0.2)  1.1M nps  ETA 02:43:51
[2026-03-29T00:45:31.145] [INFO] [selfplay:0] [SelfPlay] 485/2000 (24%)  pos=41323  W/D/B=196/100/189  (40%/20%/38%)  d5/d8  0.4 games/s (avg 0.2)  1.1M nps  ETA 02:43:35
[2026-03-29T00:45:33.700] [INFO] [selfplay:0] [SelfPlay] 486/2000 (24%)  pos=41475  W/D/B=197/100/189  (40%/20%/38%)  d5/d8  0.4 games/s (avg 0.2)  1.1M nps  ETA 02:43:22
[2026-03-29T00:45:36.462] [INFO] [selfplay:0] [SelfPlay] 487/2000 (24%)  pos=41576  W/D/B=198/100/189  (40%/20%/38%)  d5/d8  0.4 games/s (avg 0.2)  1.1M nps  ETA 02:43:04
[2026-03-29T00:45:37.436] [INFO] [selfplay:0] [SelfPlay] 488/2000 (24%)  pos=41793  W/D/B=198/101/189  (40%/20%/38%)  d5/d8  0.4 games/s (avg 0.2)  1.1M nps  ETA 02:42:48
[2026-03-29T00:46:05.388] [INFO] [selfplay:0] [SelfPlay] 489/2000 (24%)  pos=41940  W/D/B=199/101/189  (40%/20%/38%)  d5/d8  0.5 games/s (avg 0.2)  1.1M nps  ETA 02:41:57
[2026-03-29T00:46:09.891] [INFO] [selfplay:0] [SelfPlay] 490/2000 (24%)  pos=42065  W/D/B=200/101/189  (40%/20%/38%)  d5/d8  0.4 games/s (avg 0.2)  1.1M nps  ETA 02:43:20
[2026-03-29T00:46:13.346] [INFO] [selfplay:0] [SelfPlay] 491/2000 (24%)  pos=42170  W/D/B=201/101/189  (40%/20%/38%)  d5/d8  0.4 games/s (avg 0.2)  1.1M nps  ETA 02:43:09
[2026-03-29T00:46:16.328] [INFO] [selfplay:0] [SelfPlay] 492/2000 (24%)  pos=42257  W/D/B=201/101/190  (40%/20%/38%)  d5/d8  0.4 games/s (avg 0.2)  1.1M nps  ETA 02:42:54
[2026-03-29T00:46:22.607] [INFO] [selfplay:0] [SelfPlay] 493/2000 (24%)  pos=42315  W/D/B=201/101/191  (40%/20%/38%)  d5/d8  0.4 games/s (avg 0.2)  1.1M nps  ETA 02:42:32
[2026-03-29T00:46:24.481] [INFO] [selfplay:0] [SelfPlay] 494/2000 (24%)  pos=42471  W/D/B=202/101/191  (40%/20%/38%)  d5/d8  0.4 games/s (avg 0.2)  1.1M nps  ETA 02:42:31
[2026-03-29T00:46:35.123] [INFO] [selfplay:0] [SelfPlay] 495/2000 (24%)  pos=42513  W/D/B=203/101/191  (41%/20%/38%)  d5/d8  0.4 games/s (avg 0.2)  1.1M nps  ETA 02:42:01
[2026-03-29T00:46:42.193] [INFO] [selfplay:0] [SelfPlay] 496/2000 (24%)  pos=42629  W/D/B=203/101/192  (40%/20%/38%)  d5/d8  0.3 games/s (avg 0.2)  1.1M nps  ETA 02:42:11
[2026-03-29T00:46:51.225] [INFO] [selfplay:0] [SelfPlay] 497/2000 (24%)  pos=42738  W/D/B=204/101/192  (41%/20%/38%)  d5/d8  0.3 games/s (avg 0.2)  1.1M nps  ETA 02:42:04
[2026-03-29T00:46:52.162] [INFO] [selfplay:0] [SelfPlay] 498/2000 (24%)  pos=42879  W/D/B=204/101/193  (40%/20%/38%)  d5/d8  0.3 games/s (avg 0.2)  1.1M nps  ETA 02:42:14
[2026-03-29T00:47:02.707] [INFO] [selfplay:0] [SelfPlay] 499/2000 (24%)  pos=42915  W/D/B=204/102/193  (40%/20%/38%)  d5/d8  0.4 games/s (avg 0.2)  1.1M nps  ETA 02:41:40
[2026-03-29T00:47:22.308] [INFO] [selfplay:0] [SelfPlay] 500/2000 (25%)  pos=43004  W/D/B=205/102/193  (41%/20%/38%)  d5/d8  0.4 games/s (avg 0.2)  1.1M nps  ETA 02:41:38
[2026-03-29T00:47:23.273] [INFO] [selfplay:0] [SelfPlay] 501/2000 (25%)  pos=43066  W/D/B=205/102/194  (40%/20%/38%)  d5/d8  0.3 games/s (avg 0.2)  1.1M nps  ETA 02:42:29
[2026-03-29T00:47:38.313] [INFO] [selfplay:0] [SelfPlay] 502/2000 (25%)  pos=43151  W/D/B=206/102/194  (41%/20%/38%)  d5/d8  0.4 games/s (avg 0.2)  1.1M nps  ETA 02:41:52
[2026-03-29T00:47:48.750] [INFO] [selfplay:0] [SelfPlay] 503/2000 (25%)  pos=43195  W/D/B=207/102/194  (41%/20%/38%)  d5/d8  0.4 games/s (avg 0.2)  1.1M nps  ETA 02:42:15
[2026-03-29T00:47:52.417] [INFO] [selfplay:0] [SelfPlay] 504/2000 (25%)  pos=43210  W/D/B=207/102/195  (41%/20%/38%)  d5/d8  0.3 games/s (avg 0.2)  1.1M nps  ETA 02:42:28
[2026-03-29T00:47:56.767] [INFO] [selfplay:0] [SelfPlay] 505/2000 (25%)  pos=43281  W/D/B=208/102/195  (41%/20%/38%)  d5/d8  0.3 games/s (avg 0.2)  1.1M nps  ETA 02:42:11
[2026-03-29T00:47:58.127] [INFO] [selfplay:0] [SelfPlay] 506/2000 (25%)  pos=43379  W/D/B=208/102/196  (41%/20%/38%)  d5/d8  0.3 games/s (avg 0.2)  1.1M nps  ETA 02:42:02
[2026-03-29T00:48:07.182] [INFO] [selfplay:0] [SelfPlay] 507/2000 (25%)  pos=43500  W/D/B=209/102/196  (41%/20%/38%)  d5/d8  0.4 games/s (avg 0.2)  1.1M nps  ETA 02:41:32
[2026-03-29T00:48:16.036] [INFO] [selfplay:0] [SelfPlay] 508/2000 (25%)  pos=43620  W/D/B=209/102/197  (41%/20%/38%)  d5/d8  0.3 games/s (avg 0.2)  1.1M nps  ETA 02:41:33
[2026-03-29T00:48:17.979] [INFO] [selfplay:0] [SelfPlay] 509/2000 (25%)  pos=43685  W/D/B=209/103/197  (41%/20%/38%)  d5/d8  0.3 games/s (avg 0.2)  1.1M nps  ETA 02:41:41
[2026-03-29T00:48:19.011] [INFO] [selfplay:0] [SelfPlay] 510/2000 (25%)  pos=43740  W/D/B=210/103/197  (41%/20%/38%)  d5/d8  0.3 games/s (avg 0.2)  1.1M nps  ETA 02:41:22
[2026-03-29T00:48:24.545] [INFO] [selfplay:0] [SelfPlay] 511/2000 (25%)  pos=43770  W/D/B=210/103/198  (41%/20%/38%)  d5/d8  0.4 games/s (avg 0.2)  1.1M nps  ETA 02:40:55
[2026-03-29T00:48:25.978] [INFO] [selfplay:0] [SelfPlay] 512/2000 (25%)  pos=43917  W/D/B=210/103/199  (41%/20%/38%)  d5/d8  0.4 games/s (avg 0.2)  1.1M nps  ETA 02:40:50
[2026-03-29T00:48:30.520] [INFO] [selfplay:0] [SelfPlay] 513/2000 (25%)  pos=44041  W/D/B=210/104/199  (40%/20%/38%)  d5/d8  0.4 games/s (avg 0.2)  1.1M nps  ETA 02:40:25
[2026-03-29T00:48:31.661] [INFO] [selfplay:0] [SelfPlay] 514/2000 (25%)  pos=44171  W/D/B=211/104/199  (41%/20%/38%)  d5/d8  0.4 games/s (avg 0.2)  1.1M nps  ETA 02:40:17
[2026-03-29T00:48:59.917] [INFO] [selfplay:0] [SelfPlay] 515/2000 (25%)  pos=44227  W/D/B=212/104/199  (41%/20%/38%)  d5/d8  0.5 games/s (avg 0.2)  1.1M nps  ETA 02:39:28
[2026-03-29T00:49:09.398] [INFO] [selfplay:0] [SelfPlay] 516/2000 (25%)  pos=44319  W/D/B=213/104/199  (41%/20%/38%)  d5/d8  0.4 games/s (avg 0.2)  1.1M nps  ETA 02:40:43
[2026-03-29T00:49:17.601] [INFO] [selfplay:0] [SelfPlay] 517/2000 (25%)  pos=44418  W/D/B=214/104/199  (41%/20%/38%)  d5/d8  0.4 games/s (avg 0.2)  1.1M nps  ETA 02:40:45
[2026-03-29T00:49:18.963] [INFO] [selfplay:0] [SelfPlay] 518/2000 (25%)  pos=44530  W/D/B=214/104/200  (41%/20%/38%)  d5/d8  0.3 games/s (avg 0.2)  1.1M nps  ETA 02:40:52
[2026-03-29T00:49:20.340] [INFO] [selfplay:0] [SelfPlay] 519/2000 (25%)  pos=44647  W/D/B=215/104/200  (41%/20%/38%)  d5/d8  0.4 games/s (avg 0.2)  1.1M nps  ETA 02:40:31
[2026-03-29T00:49:20.806] [INFO] [selfplay:0] [SelfPlay] 520/2000 (26%)  pos=44707  W/D/B=215/104/201  (41%/20%/38%)  d5/d8  0.5 games/s (avg 0.2)  1.1M nps  ETA 02:40:10
[2026-03-29T00:49:26.768] [INFO] [selfplay:0] [SelfPlay] 521/2000 (26%)  pos=44817  W/D/B=215/104/202  (41%/19%/38%)  d5/d8  0.7 games/s (avg 0.2)  1.1M nps  ETA 02:39:41
[2026-03-29T00:49:43.253] [INFO] [selfplay:0] [SelfPlay] 522/2000 (26%)  pos=44957  W/D/B=215/105/202  (41%/20%/38%)  d5/d8  0.6 games/s (avg 0.2)  1.1M nps  ETA 02:39:23
[2026-03-29T00:49:45.592] [INFO] [selfplay:0] [SelfPlay] 523/2000 (26%)  pos=45045  W/D/B=216/105/202  (41%/20%/38%)  d5/d8  0.6 games/s (avg 0.2)  1.1M nps  ETA 02:39:58
[2026-03-29T00:49:50.586] [INFO] [selfplay:0] [SelfPlay] 524/2000 (26%)  pos=45216  W/D/B=217/105/202  (41%/20%/38%)  d5/d8  0.6 games/s (avg 0.2)  1.1M nps  ETA 02:39:38
[2026-03-29T00:49:51.911] [INFO] [selfplay:0] [SelfPlay] 525/2000 (26%)  pos=45307  W/D/B=217/106/202  (41%/20%/38%)  d5/d8  0.5 games/s (avg 0.2)  1.1M nps  ETA 02:39:31
[2026-03-29T00:49:52.184] [INFO] [selfplay:0] [SelfPlay] 526/2000 (26%)  pos=45341  W/D/B=217/106/203  (41%/20%/38%)  d5/d8  0.5 games/s (avg 0.2)  1.1M nps  ETA 02:39:11
[2026-03-29T00:49:54.475] [INFO] [selfplay:0] [SelfPlay] 527/2000 (26%)  pos=45373  W/D/B=217/106/204  (41%/20%/38%)  d5/d8  1.0 games/s (avg 0.2)  1.1M nps  ETA 02:38:45
[2026-03-29T00:49:56.932] [INFO] [selfplay:0] [SelfPlay] 528/2000 (26%)  pos=45452  W/D/B=217/107/204  (41%/20%/38%)  d5/d8  0.9 games/s (avg 0.2)  1.1M nps  ETA 02:38:26
[2026-03-29T00:50:16.160] [INFO] [selfplay:0] [SelfPlay] 529/2000 (26%)  pos=45488  W/D/B=217/108/204  (41%/20%/38%)  d5/d8  0.8 games/s (avg 0.2)  1.1M nps  ETA 02:37:52
[2026-03-29T00:50:19.107] [INFO] [selfplay:0] [SelfPlay] 530/2000 (26%)  pos=45534  W/D/B=217/108/205  (40%/20%/38%)  d5/d8  0.8 games/s (avg 0.2)  1.1M nps  ETA 02:38:37
[2026-03-29T00:50:25.342] [INFO] [selfplay:0] [SelfPlay] 531/2000 (26%)  pos=45634  W/D/B=218/108/205  (41%/20%/38%)  d5/d8  0.7 games/s (avg 0.2)  1.1M nps  ETA 02:38:18
[2026-03-29T00:50:27.631] [INFO] [selfplay:0] [SelfPlay] 532/2000 (26%)  pos=45705  W/D/B=219/108/205  (41%/20%/38%)  d5/d8  0.6 games/s (avg 0.2)  1.1M nps  ETA 02:38:14
[2026-03-29T00:50:28.676] [INFO] [selfplay:0] [SelfPlay] 533/2000 (26%)  pos=45769  W/D/B=219/108/206  (41%/20%/38%)  d5/d8  0.6 games/s (avg 0.2)  1.1M nps  ETA 02:37:58
[2026-03-29T00:50:30.805] [INFO] [selfplay:0] [SelfPlay] 534/2000 (26%)  pos=45847  W/D/B=220/108/206  (41%/20%/38%)  d5/d8  0.7 games/s (avg 0.2)  1.1M nps  ETA 02:37:36
[2026-03-29T00:50:31.052] [INFO] [selfplay:0] [SelfPlay] 535/2000 (26%)  pos=45924  W/D/B=220/109/206  (41%/20%/38%)  d5/d8  0.6 games/s (avg 0.2)  1.1M nps  ETA 02:37:19
[2026-03-29T00:50:34.794] [INFO] [selfplay:0] [SelfPlay] 536/2000 (26%)  pos=45960  W/D/B=220/110/206  (41%/20%/38%)  d5/d8  1.1 games/s (avg 0.2)  1.1M nps  ETA 02:36:52
[2026-03-29T00:50:41.788] [INFO] [selfplay:0] [SelfPlay] 537/2000 (26%)  pos=46087  W/D/B=221/110/206  (41%/20%/38%)  d5/d8  1.0 games/s (avg 0.2)  1.1M nps  ETA 02:36:35
[2026-03-29T00:51:04.449] [INFO] [selfplay:0] [SelfPlay] 538/2000 (26%)  pos=46138  W/D/B=221/110/207  (41%/20%/38%)  d5/d8  0.9 games/s (avg 0.2)  1.1M nps  ETA 02:36:15
[2026-03-29T00:51:06.002] [INFO] [selfplay:0] [SelfPlay] 539/2000 (26%)  pos=46245  W/D/B=221/110/208  (41%/20%/38%)  d5/d8  0.8 games/s (avg 0.2)  1.1M nps  ETA 02:37:13
[2026-03-29T00:51:06.897] [INFO] [selfplay:0] [SelfPlay] 540/2000 (27%)  pos=46315  W/D/B=221/111/208  (40%/20%/38%)  d5/d8  0.8 games/s (avg 0.2)  1.1M nps  ETA 02:36:54
[2026-03-29T00:51:07.359] [INFO] [selfplay:0] [SelfPlay] 541/2000 (27%)  pos=46335  W/D/B=221/111/209  (40%/20%/38%)  d5/d8  0.8 games/s (avg 0.2)  1.1M nps  ETA 02:36:34
[2026-03-29T00:51:07.729] [INFO] [selfplay:0] [SelfPlay] 542/2000 (27%)  pos=46472  W/D/B=222/111/209  (40%/20%/38%)  d5/d8  1.0 games/s (avg 0.2)  1.1M nps  ETA 02:36:10
[2026-03-29T00:51:11.403] [INFO] [selfplay:0] [SelfPlay] 543/2000 (27%)  pos=46520  W/D/B=222/111/210  (40%/20%/38%)  d5/d8  1.3 games/s (avg 0.2)  1.1M nps  ETA 02:35:46
[2026-03-29T00:51:21.150] [INFO] [selfplay:0] [SelfPlay] 544/2000 (27%)  pos=46623  W/D/B=223/111/210  (40%/20%/38%)  d5/d8  1.1 games/s (avg 0.2)  1.1M nps  ETA 02:35:25
[2026-03-29T00:51:45.524] [INFO] [selfplay:0] [SelfPlay] 545/2000 (27%)  pos=46706  W/D/B=224/111/210  (41%/20%/38%)  d5/d8  1.0 games/s (avg 0.2)  1.1M nps  ETA 02:35:12
[2026-03-29T00:51:55.172] [INFO] [selfplay:0] [SelfPlay] 546/2000 (27%)  pos=46787  W/D/B=225/111/210  (41%/20%/38%)  d5/d8  1.0 games/s (avg 0.2)  1.1M nps  ETA 02:36:10
[2026-03-29T00:52:02.401] [INFO] [selfplay:0] [SelfPlay] 547/2000 (27%)  pos=46919  W/D/B=226/111/210  (41%/20%/38%)  d5/d8  0.8 games/s (avg 0.2)  1.1M nps  ETA 02:36:14
[2026-03-29T00:52:03.955] [INFO] [selfplay:0] [SelfPlay] 548/2000 (27%)  pos=46982  W/D/B=227/111/210  (41%/20%/38%)  d5/d8  0.7 games/s (avg 0.2)  1.1M nps  ETA 02:36:14
[2026-03-29T00:52:11.081] [INFO] [selfplay:0] [SelfPlay] 549/2000 (27%)  pos=47045  W/D/B=228/111/210  (41%/20%/38%)  d5/d8  0.7 games/s (avg 0.2)  1.1M nps  ETA 02:35:50
[2026-03-29T00:52:18.239] [INFO] [selfplay:0] [SelfPlay] 550/2000 (27%)  pos=47110  W/D/B=229/111/210  (41%/20%/38%)  d5/d8  0.6 games/s (avg 0.2)  1.1M nps  ETA 02:35:45
[2026-03-29T00:52:26.972] [INFO] [selfplay:0] [SelfPlay] 551/2000 (27%)  pos=47244  W/D/B=229/111/211  (41%/20%/38%)  d5/d8  0.6 games/s (avg 0.2)  1.1M nps  ETA 02:35:39
[2026-03-29T00:52:27.420] [INFO] [selfplay:0] [SelfPlay] 552/2000 (27%)  pos=47284  W/D/B=229/111/212  (41%/20%/38%)  d5/d8  0.5 games/s (avg 0.2)  1.1M nps  ETA 02:35:47
[2026-03-29T00:52:33.047] [INFO] [selfplay:0] [SelfPlay] 553/2000 (27%)  pos=47370  W/D/B=229/111/213  (41%/20%/38%)  d5/d8  0.8 games/s (avg 0.2)  1.1M nps  ETA 02:35:19
[2026-03-29T00:52:33.291] [INFO] [selfplay:0] [SelfPlay] 554/2000 (27%)  pos=47374  W/D/B=230/111/213  (41%/20%/38%)  d5/d8  0.7 games/s (avg 0.2)  1.1M nps  ETA 02:35:16
[2026-03-29T00:52:40.809] [INFO] [selfplay:0] [SelfPlay] 555/2000 (27%)  pos=47508  W/D/B=230/111/214  (41%/20%/38%)  d5/d8  1.2 games/s (avg 0.2)  1.1M nps  ETA 02:34:46
[2026-03-29T00:52:43.072] [INFO] [selfplay:0] [SelfPlay] 556/2000 (27%)  pos=47552  W/D/B=231/111/214  (41%/19%/38%)  d5/d8  1.0 games/s (avg 0.2)  1.1M nps  ETA 02:34:48
[2026-03-29T00:52:58.510] [INFO] [selfplay:0] [SelfPlay] 557/2000 (27%)  pos=47602  W/D/B=231/111/215  (41%/19%/38%)  d5/d8  0.9 games/s (avg 0.2)  1.1M nps  ETA 02:34:17
[2026-03-29T00:53:07.910] [INFO] [selfplay:0] [SelfPlay] 558/2000 (27%)  pos=47708  W/D/B=232/111/215  (41%/19%/38%)  d5/d8  0.9 games/s (avg 0.2)  1.1M nps  ETA 02:34:41
[2026-03-29T00:53:08.348] [INFO] [selfplay:0] [SelfPlay] 559/2000 (27%)  pos=47812  W/D/B=233/111/215  (41%/19%/38%)  d5/d8  0.8 games/s (avg 0.2)  1.1M nps  ETA 02:34:51
[2026-03-29T00:53:13.749] [INFO] [selfplay:0] [SelfPlay] 560/2000 (28%)  pos=47957  W/D/B=233/112/215  (41%/20%/38%)  d5/d8  1.0 games/s (avg 0.2)  1.1M nps  ETA 02:34:23
[2026-03-29T00:53:16.080] [INFO] [selfplay:0] [SelfPlay] 561/2000 (28%)  pos=47961  W/D/B=234/112/215  (41%/19%/38%)  d5/d8  0.9 games/s (avg 0.2)  1.1M nps  ETA 02:34:18
[2026-03-29T00:53:22.626] [INFO] [selfplay:0] [SelfPlay] 562/2000 (28%)  pos=48008  W/D/B=235/112/215  (41%/19%/38%)  d5/d8  0.8 games/s (avg 0.2)  1.1M nps  ETA 02:33:56
[2026-03-29T00:53:24.115] [INFO] [selfplay:0] [SelfPlay] 563/2000 (28%)  pos=48134  W/D/B=235/112/216  (41%/19%/38%)  d5/d8  0.7 games/s (avg 0.2)  1.1M nps  ETA 02:33:56
[2026-03-29T00:53:27.566] [INFO] [selfplay:0] [SelfPlay] 564/2000 (28%)  pos=48173  W/D/B=236/112/216  (41%/19%/38%)  d5/d8  0.7 games/s (avg 0.2)  1.1M nps  ETA 02:33:34
[2026-03-29T00:53:42.401] [INFO] [selfplay:0] [SelfPlay] 565/2000 (28%)  pos=48237  W/D/B=236/112/217  (41%/19%/38%)  d5/d8  0.6 games/s (avg 0.2)  1.1M nps  ETA 02:33:10
[2026-03-29T00:53:44.928] [INFO] [selfplay:0] [SelfPlay] 566/2000 (28%)  pos=48322  W/D/B=237/112/217  (41%/19%/38%)  d5/d8  0.6 games/s (avg 0.2)  1.1M nps  ETA 02:33:36
[2026-03-29T00:53:51.013] [INFO] [selfplay:0] [SelfPlay] 567/2000 (28%)  pos=48387  W/D/B=237/113/217  (41%/19%/38%)  d5/d8  0.5 games/s (avg 0.2)  1.1M nps  ETA 02:33:17
[2026-03-29T00:53:55.687] [INFO] [selfplay:0] [SelfPlay] 568/2000 (28%)  pos=48461  W/D/B=237/113/218  (41%/19%/38%)  d5/d8  0.5 games/s (avg 0.2)  1.1M nps  ETA 02:33:10
[2026-03-29T00:53:59.835] [INFO] [selfplay:0] [SelfPlay] 569/2000 (28%)  pos=48597  W/D/B=237/113/219  (41%/19%/38%)  d5/d8  0.4 games/s (avg 0.2)  1.1M nps  ETA 02:33:01
[2026-03-29T00:54:00.674] [INFO] [selfplay:0] [SelfPlay] 570/2000 (28%)  pos=48714  W/D/B=237/113/220  (41%/19%/38%)  d5/d8  0.4 games/s (avg 0.2)  1.1M nps  ETA 02:32:51
[2026-03-29T00:54:10.656] [INFO] [selfplay:0] [SelfPlay] 571/2000 (28%)  pos=48818  W/D/B=238/113/220  (41%/19%/38%)  d5/d8  0.5 games/s (avg 0.2)  1.1M nps  ETA 02:32:22
[2026-03-29T00:54:15.130] [INFO] [selfplay:0] [SelfPlay] 572/2000 (28%)  pos=48907  W/D/B=238/113/221  (41%/19%/38%)  d5/d8  0.5 games/s (avg 0.2)  1.1M nps  ETA 02:32:31
[2026-03-29T00:54:19.375] [INFO] [selfplay:0] [SelfPlay] 573/2000 (28%)  pos=49019  W/D/B=239/113/221  (41%/19%/38%)  d5/d8  0.4 games/s (avg 0.2)  1.1M nps  ETA 02:32:19
[2026-03-29T00:54:35.360] [INFO] [selfplay:0] [SelfPlay] 574/2000 (28%)  pos=49106  W/D/B=240/113/221  (41%/19%/38%)  d5/d8  0.4 games/s (avg 0.2)  1.1M nps  ETA 02:31:56
[2026-03-29T00:54:38.675] [INFO] [selfplay:0] [SelfPlay] 575/2000 (28%)  pos=49175  W/D/B=241/113/221  (41%/19%/38%)  d5/d8  0.3 games/s (avg 0.2)  1.1M nps  ETA 02:32:25
[2026-03-29T00:55:03.056] [INFO] [selfplay:0] [SelfPlay] 576/2000 (28%)  pos=49258  W/D/B=241/113/222  (41%/19%/38%)  d5/d8  0.3 games/s (avg 0.2)  1.1M nps  ETA 02:31:51
[2026-03-29T00:55:18.659] [INFO] [selfplay:0] [SelfPlay] 577/2000 (28%)  pos=49301  W/D/B=241/114/222  (41%/19%/38%)  d5/d8  0.3 games/s (avg 0.2)  1.1M nps  ETA 02:32:37
[2026-03-29T00:55:19.730] [INFO] [selfplay:0] [SelfPlay] 578/2000 (28%)  pos=49375  W/D/B=241/115/222  (41%/19%/38%)  d5/d8  0.3 games/s (avg 0.2)  1.1M nps  ETA 02:33:08
[2026-03-29T00:55:23.054] [INFO] [selfplay:0] [SelfPlay] 579/2000 (28%)  pos=49480  W/D/B=241/115/223  (41%/19%/38%)  d5/d8  0.4 games/s (avg 0.2)  1.1M nps  ETA 02:32:46
[2026-03-29T00:55:25.725] [INFO] [selfplay:0] [SelfPlay] 580/2000 (29%)  pos=49601  W/D/B=241/115/224  (41%/19%/38%)  d5/d8  0.4 games/s (avg 0.2)  1.1M nps  ETA 02:32:32
[2026-03-29T00:55:29.681] [INFO] [selfplay:0] [SelfPlay] 581/2000 (29%)  pos=49669  W/D/B=242/115/224  (41%/19%/38%)  d5/d8  0.4 games/s (avg 0.2)  1.1M nps  ETA 02:32:15
[2026-03-29T00:55:30.411] [INFO] [selfplay:0] [SelfPlay] 582/2000 (29%)  pos=49749  W/D/B=243/115/224  (41%/19%/38%)  d5/d8  0.3 games/s (avg 0.2)  1.1M nps  ETA 02:32:07
[2026-03-29T00:55:30.975] [INFO] [selfplay:0] [SelfPlay] 583/2000 (29%)  pos=49814  W/D/B=244/115/224  (41%/19%/38%)  d5/d8  0.5 games/s (avg 0.2)  1.1M nps  ETA 02:31:45
[2026-03-29T00:55:38.820] [INFO] [selfplay:0] [SelfPlay] 584/2000 (29%)  pos=49886  W/D/B=245/115/224  (41%/19%/38%)  d5/d8  0.7 games/s (avg 0.2)  1.1M nps  ETA 02:31:18
[2026-03-29T00:55:51.941] [INFO] [selfplay:0] [SelfPlay] 585/2000 (29%)  pos=49956  W/D/B=245/115/225  (41%/19%/38%)  d5/d8  0.6 games/s (avg 0.2)  1.1M nps  ETA 02:31:10
[2026-03-29T00:56:00.041] [INFO] [selfplay:0] [SelfPlay] 586/2000 (29%)  pos=50009  W/D/B=245/115/226  (41%/19%/38%)  d5/d8  0.5 games/s (avg 0.2)  1.1M nps  ETA 02:31:25
[2026-03-29T00:56:05.318] [INFO] [selfplay:0] [SelfPlay] 587/2000 (29%)  pos=50109  W/D/B=245/116/226  (41%/19%/38%)  d5/d8  0.5 games/s (avg 0.2)  1.1M nps  ETA 02:31:25
[2026-03-29T00:56:08.037] [INFO] [selfplay:0] [SelfPlay] 588/2000 (29%)  pos=50189  W/D/B=246/116/226  (41%/19%/38%)  d5/d8  0.4 games/s (avg 0.2)  1.1M nps  ETA 02:31:18
[2026-03-29T00:56:08.734] [INFO] [selfplay:0] [SelfPlay] 589/2000 (29%)  pos=50283  W/D/B=247/116/226  (41%/19%/38%)  d5/d8  0.4 games/s (avg 0.2)  1.1M nps  ETA 02:31:05
[2026-03-29T00:56:09.237] [INFO] [selfplay:0] [SelfPlay] 590/2000 (29%)  pos=50319  W/D/B=248/116/226  (42%/19%/38%)  d5/d8  0.6 games/s (avg 0.2)  1.1M nps  ETA 02:30:46
[2026-03-29T00:56:13.697] [INFO] [selfplay:0] [SelfPlay] 591/2000 (29%)  pos=50425  W/D/B=248/116/227  (41%/19%/38%)  d5/d8  0.8 games/s (avg 0.2)  1.1M nps  ETA 02:30:20
[2026-03-29T00:56:14.734] [INFO] [selfplay:0] [SelfPlay] 592/2000 (29%)  pos=50573  W/D/B=248/117/227  (41%/19%/38%)  d5/d8  0.7 games/s (avg 0.2)  1.1M nps  ETA 02:30:13
[2026-03-29T00:56:17.952] [INFO] [selfplay:0] [SelfPlay] 593/2000 (29%)  pos=50624  W/D/B=249/117/227  (41%/19%/38%)  d5/d8  0.7 games/s (avg 0.2)  1.1M nps  ETA 02:29:52
[2026-03-29T00:56:22.861] [INFO] [selfplay:0] [SelfPlay] 594/2000 (29%)  pos=50829  W/D/B=249/118/227  (41%/19%/38%)  d5/d8  0.7 games/s (avg 0.2)  1.1M nps  ETA 02:29:36
[2026-03-29T00:56:31.180] [INFO] [selfplay:0] [SelfPlay] 595/2000 (29%)  pos=50886  W/D/B=250/118/227  (42%/19%/38%)  d5/d8  0.6 games/s (avg 0.2)  1.1M nps  ETA 02:29:23
[2026-03-29T00:56:37.149] [INFO] [selfplay:0] [SelfPlay] 596/2000 (29%)  pos=50969  W/D/B=250/119/227  (41%/19%/38%)  d5/d8  0.5 games/s (avg 0.2)  1.1M nps  ETA 02:29:23
[2026-03-29T00:56:38.921] [INFO] [selfplay:0] [SelfPlay] 597/2000 (29%)  pos=51027  W/D/B=250/119/228  (41%/19%/38%)  d5/d8  0.5 games/s (avg 0.2)  1.1M nps  ETA 02:29:20
[2026-03-29T00:56:50.929] [INFO] [selfplay:0] [SelfPlay] 598/2000 (29%)  pos=51028  W/D/B=251/119/228  (41%/19%/38%)  d5/d8  0.5 games/s (avg 0.2)  1.1M nps  ETA 02:28:53
[2026-03-29T00:57:07.985] [INFO] [selfplay:0] [SelfPlay] 599/2000 (29%)  pos=51108  W/D/B=252/119/228  (42%/19%/38%)  d5/d8  0.4 games/s (avg 0.2)  1.1M nps  ETA 02:28:54
[2026-03-29T00:57:11.331] [INFO] [selfplay:0] [SelfPlay] 600/2000 (30%)  pos=51179  W/D/B=253/119/228  (42%/19%/38%)  d5/d8  0.4 games/s (avg 0.2)  1.0M nps  ETA 02:29:27
[2026-03-29T00:57:12.672] [INFO] [selfplay:0] [SelfPlay] 601/2000 (30%)  pos=51252  W/D/B=253/119/229  (42%/19%/38%)  d5/d8  0.4 games/s (avg 0.2)  1.0M nps  ETA 02:29:14
[2026-03-29T00:57:14.521] [INFO] [selfplay:0] [SelfPlay] 602/2000 (30%)  pos=51284  W/D/B=253/119/230  (42%/19%/38%)  d5/d8  0.4 games/s (avg 0.2)  1.0M nps  ETA 02:28:56
[2026-03-29T00:57:28.784] [INFO] [selfplay:0] [SelfPlay] 603/2000 (30%)  pos=51394  W/D/B=254/119/230  (42%/19%/38%)  d5/d8  0.4 games/s (avg 0.2)  1.0M nps  ETA 02:28:27
[2026-03-29T00:57:33.155] [INFO] [selfplay:0] [SelfPlay] 604/2000 (30%)  pos=51494  W/D/B=255/119/230  (42%/19%/38%)  d5/d8  0.4 games/s (avg 0.2)  1.0M nps  ETA 02:28:49
[2026-03-29T00:57:35.605] [INFO] [selfplay:0] [SelfPlay] 605/2000 (30%)  pos=51533  W/D/B=256/119/230  (42%/19%/38%)  d5/d8  0.4 games/s (avg 0.2)  1.0M nps  ETA 02:28:39
[2026-03-29T00:57:41.858] [INFO] [selfplay:0] [SelfPlay] 606/2000 (30%)  pos=51627  W/D/B=256/119/231  (42%/19%/38%)  d5/d8  0.4 games/s (avg 0.2)  1.0M nps  ETA 02:28:21
[2026-03-29T00:58:02.619] [INFO] [selfplay:0] [SelfPlay] 607/2000 (30%)  pos=51655  W/D/B=257/119/231  (42%/19%/38%)  d5/d8  0.3 games/s (avg 0.2)  1.0M nps  ETA 02:27:59
[2026-03-29T00:58:06.701] [INFO] [selfplay:0] [SelfPlay] 608/2000 (30%)  pos=51665  W/D/B=258/119/231  (42%/19%/37%)  d5/d8  0.3 games/s (avg 0.2)  1.0M nps  ETA 02:28:42
[2026-03-29T00:58:20.090] [INFO] [selfplay:0] [SelfPlay] 609/2000 (30%)  pos=51777  W/D/B=259/119/231  (42%/19%/37%)  d5/d8  0.3 games/s (avg 0.2)  1.0M nps  ETA 02:28:22
[2026-03-29T00:58:22.187] [INFO] [selfplay:0] [SelfPlay] 610/2000 (30%)  pos=51821  W/D/B=259/119/232  (42%/19%/38%)  d5/d8  0.3 games/s (avg 0.2)  1.0M nps  ETA 02:28:42
[2026-03-29T00:58:44.779] [INFO] [selfplay:0] [SelfPlay] 611/2000 (30%)  pos=51967  W/D/B=260/119/232  (42%/19%/37%)  d5/d8  0.3 games/s (avg 0.2)  1.0M nps  ETA 02:28:05
[2026-03-29T00:58:47.394] [INFO] [selfplay:0] [SelfPlay] 612/2000 (30%)  pos=52199  W/D/B=260/119/233  (42%/19%/38%)  d5/d8  0.3 games/s (avg 0.2)  1.0M nps  ETA 02:28:56
[2026-03-29T00:58:49.892] [INFO] [selfplay:0] [SelfPlay] 613/2000 (30%)  pos=52234  W/D/B=260/119/234  (42%/19%/38%)  d5/d8  0.3 games/s (avg 0.2)  1.0M nps  ETA 02:28:40
[2026-03-29T00:58:52.664] [INFO] [selfplay:0] [SelfPlay] 614/2000 (30%)  pos=52366  W/D/B=260/119/235  (42%/19%/38%)  d5/d8  0.3 games/s (avg 0.2)  1.0M nps  ETA 02:28:25
[2026-03-29T00:58:53.922] [INFO] [selfplay:0] [SelfPlay] 615/2000 (30%)  pos=52409  W/D/B=260/120/235  (42%/19%/38%)  d5/d8  0.3 games/s (avg 0.2)  1.0M nps  ETA 02:28:12
[2026-03-29T00:58:55.004] [INFO] [selfplay:0] [SelfPlay] 616/2000 (30%)  pos=52623  W/D/B=260/121/235  (42%/19%/38%)  d5/d8  0.4 games/s (avg 0.2)  1.0M nps  ETA 02:27:54
[2026-03-29T00:58:59.188] [INFO] [selfplay:0] [SelfPlay] 617/2000 (30%)  pos=52717  W/D/B=260/121/236  (42%/19%/38%)  d5/d8  0.5 games/s (avg 0.2)  1.0M nps  ETA 02:27:33
[2026-03-29T00:59:02.971] [INFO] [selfplay:0] [SelfPlay] 618/2000 (30%)  pos=52758  W/D/B=261/121/236  (42%/19%/38%)  d5/d8  0.4 games/s (avg 0.2)  1.0M nps  ETA 02:27:21
[2026-03-29T00:59:03.816] [INFO] [selfplay:0] [SelfPlay] 619/2000 (30%)  pos=52813  W/D/B=261/121/237  (42%/19%/38%)  d5/d8  0.4 games/s (avg 0.2)  1.0M nps  ETA 02:27:12
[2026-03-29T00:59:07.566] [INFO] [selfplay:0] [SelfPlay] 620/2000 (31%)  pos=52942  W/D/B=261/122/237  (42%/19%/38%)  d5/d8  0.5 games/s (avg 0.2)  1.0M nps  ETA 02:26:50
[2026-03-29T00:59:32.371] [INFO] [selfplay:0] [SelfPlay] 621/2000 (31%)  pos=53030  W/D/B=261/122/238  (42%/19%/38%)  d5/d8  0.5 games/s (avg 0.2)  1.0M nps  ETA 02:26:18
[2026-03-29T00:59:37.510] [INFO] [selfplay:0] [SelfPlay] 622/2000 (31%)  pos=53051  W/D/B=262/122/238  (42%/19%/38%)  d5/d8  0.4 games/s (avg 0.2)  1.0M nps  ETA 02:27:11
[2026-03-29T00:59:39.315] [INFO] [selfplay:0] [SelfPlay] 623/2000 (31%)  pos=53154  W/D/B=263/122/238  (42%/19%/38%)  d5/d8  0.4 games/s (avg 0.2)  1.0M nps  ETA 02:27:06
[2026-03-29T00:59:40.355] [INFO] [selfplay:0] [SelfPlay] 624/2000 (31%)  pos=53201  W/D/B=264/122/238  (42%/19%/38%)  d5/d8  0.4 games/s (avg 0.2)  1.0M nps  ETA 02:26:50
[2026-03-29T00:59:41.779] [INFO] [selfplay:0] [SelfPlay] 625/2000 (31%)  pos=53266  W/D/B=265/122/238  (42%/19%/38%)  d5/d8  0.5 games/s (avg 0.2)  1.0M nps  ETA 02:26:31
[2026-03-29T00:59:46.122] [INFO] [selfplay:0] [SelfPlay] 626/2000 (31%)  pos=53330  W/D/B=265/122/239  (42%/19%/38%)  d5/d8  0.5 games/s (avg 0.2)  1.0M nps  ETA 02:26:11
[2026-03-29T00:59:46.338] [INFO] [selfplay:0] [SelfPlay] 627/2000 (31%)  pos=53401  W/D/B=265/122/240  (42%/19%/38%)  d5/d8  0.5 games/s (avg 0.2)  1.0M nps  ETA 02:26:04
[2026-03-29T00:59:47.885] [INFO] [selfplay:0] [SelfPlay] 628/2000 (31%)  pos=53534  W/D/B=265/122/241  (42%/19%/38%)  d5/d8  1.1 games/s (avg 0.2)  1.0M nps  ETA 02:25:43
[2026-03-29T00:59:48.097] [INFO] [selfplay:0] [SelfPlay] 629/2000 (31%)  pos=53588  W/D/B=266/122/241  (42%/19%/38%)  d5/d8  1.0 games/s (avg 0.2)  1.0M nps  ETA 02:25:28
[2026-03-29T00:59:51.758] [INFO] [selfplay:0] [SelfPlay] 630/2000 (31%)  pos=53622  W/D/B=267/122/241  (42%/19%/38%)  d5/d8  1.6 games/s (avg 0.2)  1.0M nps  ETA 02:25:04
[2026-03-29T01:00:01.954] [INFO] [selfplay:0] [SelfPlay] 631/2000 (31%)  pos=53692  W/D/B=267/122/242  (42%/19%/38%)  d5/d8  1.4 games/s (avg 0.2)  1.0M nps  ETA 02:24:46
[2026-03-29T01:00:23.710] [INFO] [selfplay:0] [SelfPlay] 632/2000 (31%)  pos=53840  W/D/B=267/123/242  (42%/19%/38%)  d5/d8  1.3 games/s (avg 0.2)  1.0M nps  ETA 02:24:36
[2026-03-29T01:00:24.989] [INFO] [selfplay:0] [SelfPlay] 633/2000 (31%)  pos=53938  W/D/B=267/123/243  (42%/19%/38%)  d5/d8  1.2 games/s (avg 0.2)  1.0M nps  ETA 02:25:24
[2026-03-29T01:00:48.509] [INFO] [selfplay:0] [SelfPlay] 634/2000 (31%)  pos=53999  W/D/B=268/123/243  (42%/19%/38%)  d5/d8  1.1 games/s (avg 0.2)  1.0M nps  ETA 02:24:43
[2026-03-29T01:01:01.884] [INFO] [selfplay:0] [SelfPlay] 635/2000 (31%)  pos=54074  W/D/B=268/123/244  (42%/19%/38%)  d5/d8  1.0 games/s (avg 0.2)  1.0M nps  ETA 02:25:24
[2026-03-29T01:01:02.016] [INFO] [selfplay:0] [SelfPlay] 636/2000 (31%)  pos=54124  W/D/B=269/123/244  (42%/19%/38%)  d5/d8  1.0 games/s (avg 0.2)  1.0M nps  ETA 02:25:46
[2026-03-29T01:01:06.466] [INFO] [selfplay:0] [SelfPlay] 637/2000 (31%)  pos=54208  W/D/B=269/124/244  (42%/19%/38%)  d5/d8  2.0 games/s (avg 0.2)  1.0M nps  ETA 02:25:22
[2026-03-29T01:01:14.423] [INFO] [selfplay:0] [SelfPlay] 638/2000 (31%)  pos=54265  W/D/B=269/124/245  (42%/19%/38%)  d5/d8  1.7 games/s (avg 0.2)  1.0M nps  ETA 02:25:08
[2026-03-29T01:01:18.714] [INFO] [selfplay:0] [SelfPlay] 639/2000 (31%)  pos=54357  W/D/B=270/124/245  (42%/19%/38%)  d5/d8  1.6 games/s (avg 0.2)  1.0M nps  ETA 02:25:08
[2026-03-29T01:01:19.667] [INFO] [selfplay:0] [SelfPlay] 640/2000 (32%)  pos=54440  W/D/B=271/124/245  (42%/19%/38%)  d5/d8  1.4 games/s (avg 0.2)  1.1M nps  ETA 02:25:01
[2026-03-29T01:01:33.941] [INFO] [selfplay:0] [SelfPlay] 641/2000 (32%)  pos=54545  W/D/B=271/124/246  (42%/19%/38%)  d5/d8  1.3 games/s (avg 0.2)  1.1M nps  ETA 02:24:30
[2026-03-29T01:01:34.122] [INFO] [selfplay:0] [SelfPlay] 642/2000 (32%)  pos=54681  W/D/B=271/125/246  (42%/19%/38%)  d5/d8  1.2 games/s (avg 0.2)  1.1M nps  ETA 02:24:54
[2026-03-29T01:01:37.519] [INFO] [selfplay:0] [SelfPlay] 643/2000 (32%)  pos=54721  W/D/B=271/125/247  (42%/19%/38%)  d5/d8  1.9 games/s (avg 0.2)  1.1M nps  ETA 02:24:31
[2026-03-29T01:01:54.099] [INFO] [selfplay:0] [SelfPlay] 644/2000 (32%)  pos=54782  W/D/B=272/125/247  (42%/19%/38%)  d5/d8  1.6 games/s (avg 0.2)  1.1M nps  ETA 02:24:06
[2026-03-29T01:02:02.901] [INFO] [selfplay:0] [SelfPlay] 645/2000 (32%)  pos=54814  W/D/B=273/125/247  (42%/19%/38%)  d5/d8  1.5 games/s (avg 0.2)  1.1M nps  ETA 02:24:28
[2026-03-29T01:02:06.783] [INFO] [selfplay:0] [SelfPlay] 646/2000 (32%)  pos=54877  W/D/B=273/125/248  (42%/19%/38%)  d5/d8  1.4 games/s (avg 0.2)  1.1M nps  ETA 02:24:32
[2026-03-29T01:02:12.039] [INFO] [selfplay:0] [SelfPlay] 647/2000 (32%)  pos=54920  W/D/B=274/125/248  (42%/19%/38%)  d5/d8  1.2 games/s (avg 0.2)  1.1M nps  ETA 02:24:19
[2026-03-29T01:02:13.132] [INFO] [selfplay:0] [SelfPlay] 648/2000 (32%)  pos=55011  W/D/B=274/125/249  (42%/19%/38%)  d5/d8  1.1 games/s (avg 0.2)  1.1M nps  ETA 02:24:14
[2026-03-29T01:02:21.776] [INFO] [selfplay:0] [SelfPlay] 649/2000 (32%)  pos=55058  W/D/B=275/125/249  (42%/19%/38%)  d5/d8  1.0 games/s (avg 0.2)  1.1M nps  ETA 02:23:49
[2026-03-29T01:02:35.282] [INFO] [selfplay:0] [SelfPlay] 650/2000 (32%)  pos=55101  W/D/B=275/125/250  (42%/19%/38%)  d5/d8  0.9 games/s (avg 0.2)  1.1M nps  ETA 02:23:43
[2026-03-29T01:02:39.233] [INFO] [selfplay:0] [SelfPlay] 651/2000 (32%)  pos=55144  W/D/B=276/125/250  (42%/19%/38%)  d5/d8  0.8 games/s (avg 0.2)  1.1M nps  ETA 02:24:00
[2026-03-29T01:02:45.553] [INFO] [selfplay:0] [SelfPlay] 652/2000 (32%)  pos=55170  W/D/B=277/125/250  (42%/19%/38%)  d5/d8  0.8 games/s (avg 0.2)  1.1M nps  ETA 02:23:46
[2026-03-29T01:02:51.758] [INFO] [selfplay:0] [SelfPlay] 653/2000 (32%)  pos=55300  W/D/B=278/125/250  (42%/19%/38%)  d5/d8  0.7 games/s (avg 0.2)  1.1M nps  ETA 02:23:40
[2026-03-29T01:02:55.685] [INFO] [selfplay:0] [SelfPlay] 654/2000 (32%)  pos=55399  W/D/B=278/125/251  (42%/19%/38%)  d5/d8  0.6 games/s (avg 0.2)  1.1M nps  ETA 02:23:35
[2026-03-29T01:03:07.586] [INFO] [selfplay:0] [SelfPlay] 655/2000 (32%)  pos=55515  W/D/B=278/125/252  (42%/19%/38%)  d5/d8  0.5 games/s (avg 0.2)  1.1M nps  ETA 02:23:16
[2026-03-29T01:03:12.893] [INFO] [selfplay:0] [SelfPlay] 656/2000 (32%)  pos=55608  W/D/B=278/125/253  (42%/19%/38%)  d5/d8  0.5 games/s (avg 0.2)  1.1M nps  ETA 02:23:28
[2026-03-29T01:03:17.213] [INFO] [selfplay:0] [SelfPlay] 657/2000 (32%)  pos=55728  W/D/B=279/125/253  (42%/19%/38%)  d5/d8  0.4 games/s (avg 0.2)  1.1M nps  ETA 02:23:20
[2026-03-29T01:03:19.008] [INFO] [selfplay:0] [SelfPlay] 658/2000 (32%)  pos=55866  W/D/B=280/125/253  (42%/18%/38%)  d5/d8  0.4 games/s (avg 0.2)  1.1M nps  ETA 02:23:11
[2026-03-29T01:03:29.366] [INFO] [selfplay:0] [SelfPlay] 659/2000 (32%)  pos=55975  W/D/B=280/125/254  (42%/18%/38%)  d5/d8  0.4 games/s (avg 0.2)  1.1M nps  ETA 02:22:48
[2026-03-29T01:03:31.927] [INFO] [selfplay:0] [SelfPlay] 660/2000 (33%)  pos=56035  W/D/B=280/125/255  (42%/18%/38%)  d5/d8  0.4 games/s (avg 0.2)  1.1M nps  ETA 02:22:56
[2026-03-29T01:03:38.198] [INFO] [selfplay:0] [SelfPlay] 661/2000 (33%)  pos=56092  W/D/B=280/126/255  (42%/19%/38%)  d5/d8  0.4 games/s (avg 0.2)  1.1M nps  ETA 02:22:39
[2026-03-29T01:03:54.074] [INFO] [selfplay:0] [SelfPlay] 662/2000 (33%)  pos=56143  W/D/B=281/126/255  (42%/19%/38%)  d5/d8  0.3 games/s (avg 0.2)  1.1M nps  ETA 02:22:22
[2026-03-29T01:03:58.724] [INFO] [selfplay:0] [SelfPlay] 663/2000 (33%)  pos=56213  W/D/B=281/126/256  (42%/19%/38%)  d5/d8  0.3 games/s (avg 0.2)  1.0M nps  ETA 02:22:46
[2026-03-29T01:04:07.931] [INFO] [selfplay:0] [SelfPlay] 664/2000 (33%)  pos=56306  W/D/B=281/126/257  (42%/18%/38%)  d5/d8  0.3 games/s (avg 0.2)  1.0M nps  ETA 02:22:32
[2026-03-29T01:04:09.421] [INFO] [selfplay:0] [SelfPlay] 665/2000 (33%)  pos=56355  W/D/B=282/126/257  (42%/18%/38%)  d5/d8  0.3 games/s (avg 0.2)  1.0M nps  ETA 02:22:39
[2026-03-29T01:04:14.820] [INFO] [selfplay:0] [SelfPlay] 666/2000 (33%)  pos=56427  W/D/B=282/126/258  (42%/18%/38%)  d5/d8  0.3 games/s (avg 0.2)  1.0M nps  ETA 02:22:18
[2026-03-29T01:04:18.002] [INFO] [selfplay:0] [SelfPlay] 667/2000 (33%)  pos=56471  W/D/B=282/126/259  (42%/18%/38%)  d5/d8  0.3 games/s (avg 0.2)  1.0M nps  ETA 02:22:13
[2026-03-29T01:04:22.802] [INFO] [selfplay:0] [SelfPlay] 668/2000 (33%)  pos=56510  W/D/B=282/127/259  (42%/19%/38%)  d5/d8  0.3 games/s (avg 0.2)  1.0M nps  ETA 02:21:58
[2026-03-29T01:04:27.306] [INFO] [selfplay:0] [SelfPlay] 669/2000 (33%)  pos=56579  W/D/B=282/127/260  (42%/18%/38%)  d5/d8  0.3 games/s (avg 0.2)  1.0M nps  ETA 02:21:49
[2026-03-29T01:04:45.966] [INFO] [selfplay:0] [SelfPlay] 670/2000 (33%)  pos=56682  W/D/B=283/127/260  (42%/18%/38%)  d5/d8  0.3 games/s (avg 0.2)  1.0M nps  ETA 02:21:24
[2026-03-29T01:04:57.335] [INFO] [selfplay:0] [SelfPlay] 671/2000 (33%)  pos=56755  W/D/B=284/127/260  (42%/18%/38%)  d5/d8  0.2 games/s (avg 0.2)  1.0M nps  ETA 02:21:50
[2026-03-29T01:05:04.293] [INFO] [selfplay:0] [SelfPlay] 672/2000 (33%)  pos=56864  W/D/B=285/127/260  (42%/18%/38%)  d5/d8  0.2 games/s (avg 0.2)  1.0M nps  ETA 02:21:57
[2026-03-29T01:05:10.347] [INFO] [selfplay:0] [SelfPlay] 673/2000 (33%)  pos=56970  W/D/B=285/127/261  (42%/18%/38%)  d5/d8  0.2 games/s (avg 0.2)  1.0M nps  ETA 02:21:53
[2026-03-29T01:05:14.534] [INFO] [selfplay:0] [SelfPlay] 674/2000 (33%)  pos=57054  W/D/B=285/127/262  (42%/18%/38%)  d5/d8  0.2 games/s (avg 0.2)  1.0M nps  ETA 02:21:47
[2026-03-29T01:05:20.481] [INFO] [selfplay:0] [SelfPlay] 675/2000 (33%)  pos=57182  W/D/B=286/127/262  (42%/18%/38%)  d5/d8  0.2 games/s (avg 0.2)  1.0M nps  ETA 02:21:36
[2026-03-29T01:05:21.819] [INFO] [selfplay:0] [SelfPlay] 676/2000 (33%)  pos=57240  W/D/B=286/128/262  (42%/18%/38%)  d5/d8  0.2 games/s (avg 0.2)  1.0M nps  ETA 02:21:32
[2026-03-29T01:05:21.963] [INFO] [selfplay:0] [SelfPlay] 677/2000 (33%)  pos=57370  W/D/B=286/128/263  (42%/18%/38%)  d5/d8  0.3 games/s (avg 0.2)  1.0M nps  ETA 02:21:17
[2026-03-29T01:05:26.079] [INFO] [selfplay:0] [SelfPlay] 678/2000 (33%)  pos=57484  W/D/B=286/128/264  (42%/18%/38%)  d5/d8  1.3 games/s (avg 0.2)  1.0M nps  ETA 02:20:55
[2026-03-29T01:05:27.245] [INFO] [selfplay:0] [SelfPlay] 679/2000 (33%)  pos=57625  W/D/B=287/128/264  (42%/18%/38%)  d5/d8  1.1 games/s (avg 0.2)  1.0M nps  ETA 02:20:47
[2026-03-29T01:05:34.453] [INFO] [selfplay:0] [SelfPlay] 680/2000 (34%)  pos=57681  W/D/B=287/129/264  (42%/18%/38%)  d5/d8  1.1 games/s (avg 0.2)  1.0M nps  ETA 02:20:24
[2026-03-29T01:05:41.358] [INFO] [selfplay:0] [SelfPlay] 681/2000 (34%)  pos=57818  W/D/B=287/129/265  (42%/18%/38%)  d5/d8  0.9 games/s (avg 0.2)  1.0M nps  ETA 02:20:20
[2026-03-29T01:05:41.633] [INFO] [selfplay:0] [SelfPlay] 682/2000 (34%)  pos=57854  W/D/B=287/130/265  (42%/19%/38%)  d5/d8  0.8 games/s (avg 0.2)  1.0M nps  ETA 02:20:20
[2026-03-29T01:05:50.808] [INFO] [selfplay:0] [SelfPlay] 683/2000 (34%)  pos=57924  W/D/B=288/130/265  (42%/19%/38%)  d5/d8  1.2 games/s (avg 0.2)  1.0M nps  ETA 02:19:54
[2026-03-29T01:06:13.240] [INFO] [selfplay:0] [SelfPlay] 684/2000 (34%)  pos=57994  W/D/B=289/130/265  (42%/19%/38%)  d5/d8  1.2 games/s (avg 0.2)  1.0M nps  ETA 02:19:40
[2026-03-29T01:06:14.443] [INFO] [selfplay:0] [SelfPlay] 685/2000 (34%)  pos=58058  W/D/B=290/130/265  (42%/18%/38%)  d5/d8  1.1 games/s (avg 0.2)  1.0M nps  ETA 02:20:26
[2026-03-29T01:06:18.116] [INFO] [selfplay:0] [SelfPlay] 686/2000 (34%)  pos=58177  W/D/B=291/130/265  (42%/18%/38%)  d5/d8  1.0 games/s (avg 0.2)  1.0M nps  ETA 02:20:06
[2026-03-29T01:06:18.861] [INFO] [selfplay:0] [SelfPlay] 687/2000 (34%)  pos=58365  W/D/B=292/130/265  (42%/18%/38%)  d5/d8  0.9 games/s (avg 0.2)  1.0M nps  ETA 02:19:58
[2026-03-29T01:06:26.703] [INFO] [selfplay:0] [SelfPlay] 688/2000 (34%)  pos=58438  W/D/B=293/130/265  (42%/18%/38%)  d5/d8  1.0 games/s (avg 0.2)  1.0M nps  ETA 02:19:33
[2026-03-29T01:06:36.992] [INFO] [selfplay:0] [SelfPlay] 689/2000 (34%)  pos=58488  W/D/B=294/130/265  (42%/18%/38%)  d5/d8  0.9 games/s (avg 0.2)  1.0M nps  ETA 02:19:28
[2026-03-29T01:06:43.479] [INFO] [selfplay:0] [SelfPlay] 690/2000 (34%)  pos=58614  W/D/B=294/130/266  (42%/18%/38%)  d5/d8  0.7 games/s (avg 0.2)  1.0M nps  ETA 02:19:33
[2026-03-29T01:06:43.741] [INFO] [selfplay:0] [SelfPlay] 691/2000 (34%)  pos=58703  W/D/B=294/131/266  (42%/18%/38%)  d5/d8  0.7 games/s (avg 0.2)  1.0M nps  ETA 02:19:32
[2026-03-29T01:06:45.363] [INFO] [selfplay:0] [SelfPlay] 692/2000 (34%)  pos=58791  W/D/B=294/131/267  (42%/18%/38%)  d5/d8  1.1 games/s (avg 0.2)  1.0M nps  ETA 02:19:14
[2026-03-29T01:06:54.010] [INFO] [selfplay:0] [SelfPlay] 693/2000 (34%)  pos=58876  W/D/B=294/132/267  (42%/19%/38%)  d5/d8  1.0 games/s (avg 0.2)  1.0M nps  ETA 02:18:50
[2026-03-29T01:07:03.170] [INFO] [selfplay:0] [SelfPlay] 694/2000 (34%)  pos=58895  W/D/B=294/132/268  (42%/19%/38%)  d5/d8  0.9 games/s (avg 0.2)  1.0M nps  ETA 02:18:48
[2026-03-29T01:07:22.515] [INFO] [selfplay:0] [SelfPlay] 695/2000 (34%)  pos=58950  W/D/B=294/132/269  (42%/18%/38%)  d5/d8  0.8 games/s (avg 0.2)  1.0M nps  ETA 02:18:36
[2026-03-29T01:07:25.472] [INFO] [selfplay:0] [SelfPlay] 696/2000 (34%)  pos=59012  W/D/B=294/132/270  (42%/18%/38%)  d5/d8  0.7 games/s (avg 0.2)  1.0M nps  ETA 02:19:12
[2026-03-29T01:07:35.116] [INFO] [selfplay:0] [SelfPlay] 697/2000 (34%)  pos=59083  W/D/B=295/132/270  (42%/18%/38%)  d5/d8  0.7 games/s (avg 0.2)  1.0M nps  ETA 02:18:51
[2026-03-29T01:07:46.912] [INFO] [selfplay:0] [SelfPlay] 698/2000 (34%)  pos=59191  W/D/B=295/133/270  (42%/19%/38%)  d5/d8  0.6 games/s (avg 0.2)  1.0M nps  ETA 02:18:49
[2026-03-29T01:07:53.820] [INFO] [selfplay:0] [SelfPlay] 699/2000 (34%)  pos=59263  W/D/B=296/133/270  (42%/19%/38%)  d5/d8  0.5 games/s (avg 0.2)  1.0M nps  ETA 02:18:57
[2026-03-29T01:07:57.973] [INFO] [selfplay:0] [SelfPlay] 700/2000 (35%)  pos=59325  W/D/B=297/133/270  (42%/19%/38%)  d5/d8  0.5 games/s (avg 0.2)  1.0M nps  ETA 02:18:55
[2026-03-29T01:08:04.000] [INFO] [selfplay:0] [SelfPlay] 701/2000 (35%)  pos=59403  W/D/B=297/133/271  (42%/18%/38%)  d5/d8  0.4 games/s (avg 0.2)  1.0M nps  ETA 02:18:42
[2026-03-29T01:08:25.383] [INFO] [selfplay:0] [SelfPlay] 702/2000 (35%)  pos=59522  W/D/B=297/133/272  (42%/18%/38%)  d5/d8  0.4 games/s (avg 0.2)  1.0M nps  ETA 02:18:20
[2026-03-29T01:08:51.602] [INFO] [selfplay:0] [SelfPlay] 703/2000 (35%)  pos=59686  W/D/B=297/134/272  (42%/19%/38%)  d5/d8  0.3 games/s (avg 0.2)  1.0M nps  ETA 02:18:35
[2026-03-29T01:08:54.500] [INFO] [selfplay:0] [SelfPlay] 704/2000 (35%)  pos=59743  W/D/B=298/134/272  (42%/19%/38%)  d5/d8  0.3 games/s (avg 0.2)  1.0M nps  ETA 02:19:29
[2026-03-29T01:08:57.482] [INFO] [selfplay:0] [SelfPlay] 705/2000 (35%)  pos=59850  W/D/B=298/134/273  (42%/19%/38%)  d5/d8  0.3 games/s (avg 0.2)  1.0M nps  ETA 02:19:16
[2026-03-29T01:08:59.940] [INFO] [selfplay:0] [SelfPlay] 706/2000 (35%)  pos=59980  W/D/B=298/134/274  (42%/18%/38%)  d5/d8  0.3 games/s (avg 0.2)  1.0M nps  ETA 02:19:03
[2026-03-29T01:09:01.047] [INFO] [selfplay:0] [SelfPlay] 707/2000 (35%)  pos=60032  W/D/B=299/134/274  (42%/18%/38%)  d5/d8  0.3 games/s (avg 0.2)  1.0M nps  ETA 02:18:52
[2026-03-29T01:09:03.843] [INFO] [selfplay:0] [SelfPlay] 708/2000 (35%)  pos=60096  W/D/B=300/134/274  (42%/18%/38%)  d5/d8  0.4 games/s (avg 0.2)  1.0M nps  ETA 02:18:33
[2026-03-29T01:09:07.824] [INFO] [selfplay:0] [SelfPlay] 709/2000 (35%)  pos=60277  W/D/B=301/134/274  (42%/18%/38%)  d5/d8  0.4 games/s (avg 0.2)  1.0M nps  ETA 02:18:19
[2026-03-29T01:09:10.227] [INFO] [selfplay:0] [SelfPlay] 710/2000 (35%)  pos=60367  W/D/B=301/134/275  (42%/18%/38%)  d5/d8  0.4 games/s (avg 0.2)  1.0M nps  ETA 02:18:10
[2026-03-29T01:09:10.370] [INFO] [selfplay:0] [SelfPlay] 711/2000 (35%)  pos=60553  W/D/B=301/134/276  (42%/18%/38%)  d5/d8  0.4 games/s (avg 0.2)  1.0M nps  ETA 02:17:59
[2026-03-29T01:09:11.255] [INFO] [selfplay:0] [SelfPlay] 712/2000 (35%)  pos=60703  W/D/B=301/135/276  (42%/18%/38%)  d5/d8  1.4 games/s (avg 0.2)  1.0M nps  ETA 02:17:40
[2026-03-29T01:09:18.119] [INFO] [selfplay:0] [SelfPlay] 713/2000 (35%)  pos=60837  W/D/B=302/135/276  (42%/18%/38%)  d5/d8  1.3 games/s (avg 0.2)  1.0M nps  ETA 02:17:18
[2026-03-29T01:09:36.229] [INFO] [selfplay:0] [SelfPlay] 714/2000 (35%)  pos=60892  W/D/B=303/135/276  (42%/18%/38%)  d5/d8  1.2 games/s (avg 0.2)  1.0M nps  ETA 02:17:01
[2026-03-29T01:09:36.682] [INFO] [selfplay:0] [SelfPlay] 715/2000 (35%)  pos=60969  W/D/B=304/135/276  (42%/18%/38%)  d5/d8  1.1 games/s (avg 0.2)  1.0M nps  ETA 02:17:33
[2026-03-29T01:09:51.714] [INFO] [selfplay:0] [SelfPlay] 716/2000 (35%)  pos=61055  W/D/B=305/135/276  (42%/18%/38%)  d5/d8  1.2 games/s (avg 0.2)  1.0M nps  ETA 02:17:01
[2026-03-29T01:10:06.154] [INFO] [selfplay:0] [SelfPlay] 717/2000 (35%)  pos=61140  W/D/B=306/135/276  (42%/18%/38%)  d5/d8  1.1 games/s (avg 0.2)  1.0M nps  ETA 02:17:11
[2026-03-29T01:10:08.221] [INFO] [selfplay:0] [SelfPlay] 718/2000 (35%)  pos=61223  W/D/B=306/135/277  (42%/18%/38%)  d5/d8  1.1 games/s (avg 0.2)  1.0M nps  ETA 02:17:31
[2026-03-29T01:10:23.925] [INFO] [selfplay:0] [SelfPlay] 719/2000 (35%)  pos=61301  W/D/B=307/135/277  (42%/18%/38%)  d5/d8  1.0 games/s (avg 0.2)  1.0M nps  ETA 02:17:03
[2026-03-29T01:10:29.961] [INFO] [selfplay:0] [SelfPlay] 720/2000 (36%)  pos=61342  W/D/B=308/135/277  (42%/18%/38%)  d5/d8  0.9 games/s (avg 0.2)  1.0M nps  ETA 02:17:23
[2026-03-29T01:10:38.999] [INFO] [selfplay:0] [SelfPlay] 721/2000 (36%)  pos=61477  W/D/B=309/135/277  (42%/18%/38%)  d5/d8  0.8 games/s (avg 0.2)  1.0M nps  ETA 02:17:13
[2026-03-29T01:10:44.293] [INFO] [selfplay:0] [SelfPlay] 722/2000 (36%)  pos=61560  W/D/B=310/135/277  (42%/18%/38%)  d5/d8  0.7 games/s (avg 0.2)  1.0M nps  ETA 02:17:15
[2026-03-29T01:10:54.152] [INFO] [selfplay:0] [SelfPlay] 723/2000 (36%)  pos=61642  W/D/B=310/135/278  (42%/18%/38%)  d5/d8  0.6 games/s (avg 0.2)  1.0M nps  ETA 02:17:02
[2026-03-29T01:10:57.406] [INFO] [selfplay:0] [SelfPlay] 724/2000 (36%)  pos=61747  W/D/B=311/135/278  (42%/18%/38%)  d5/d8  0.5 games/s (avg 0.2)  1.0M nps  ETA 02:17:08
[2026-03-29T01:11:00.836] [INFO] [selfplay:0] [SelfPlay] 725/2000 (36%)  pos=61809  W/D/B=311/136/278  (42%/18%/38%)  d5/d8  0.5 games/s (avg 0.2)  1.0M nps  ETA 02:16:55
[2026-03-29T01:11:01.321] [INFO] [selfplay:0] [SelfPlay] 726/2000 (36%)  pos=61885  W/D/B=311/136/279  (42%/18%/38%)  d5/d8  0.5 games/s (avg 0.2)  1.0M nps  ETA 02:16:47
[2026-03-29T01:11:04.411] [INFO] [selfplay:0] [SelfPlay] 727/2000 (36%)  pos=61906  W/D/B=312/136/279  (42%/18%/38%)  d5/d8  0.7 games/s (avg 0.2)  1.0M nps  ETA 02:16:28
[2026-03-29T01:11:05.411] [INFO] [selfplay:0] [SelfPlay] 728/2000 (36%)  pos=62009  W/D/B=313/136/279  (42%/18%/38%)  d5/d8  0.7 games/s (avg 0.2)  1.0M nps  ETA 02:16:17
[2026-03-29T01:11:07.750] [INFO] [selfplay:0] [SelfPlay] 729/2000 (36%)  pos=62110  W/D/B=314/136/279  (43%/18%/38%)  d5/d8  0.7 games/s (avg 0.2)  1.0M nps  ETA 02:15:59
[2026-03-29T01:11:12.101] [INFO] [selfplay:0] [SelfPlay] 730/2000 (36%)  pos=62232  W/D/B=315/136/279  (43%/18%/38%)  d5/d8  0.7 games/s (avg 0.2)  1.0M nps  ETA 02:15:45
[2026-03-29T01:11:33.668] [INFO] [selfplay:0] [SelfPlay] 731/2000 (36%)  pos=62296  W/D/B=315/137/279  (43%/18%/38%)  d5/d8  0.6 games/s (avg 0.2)  1.0M nps  ETA 02:15:17
[2026-03-29T01:11:51.700] [INFO] [selfplay:0] [SelfPlay] 732/2000 (36%)  pos=62497  W/D/B=316/137/279  (43%/18%/38%)  d5/d8  0.6 games/s (avg 0.2)  1.0M nps  ETA 02:15:41
[2026-03-29T01:11:52.803] [INFO] [selfplay:0] [SelfPlay] 733/2000 (36%)  pos=62609  W/D/B=316/137/280  (43%/18%/38%)  d5/d8  0.5 games/s (avg 0.2)  1.0M nps  ETA 02:16:11
[2026-03-29T01:11:57.580] [INFO] [selfplay:0] [SelfPlay] 734/2000 (36%)  pos=62645  W/D/B=316/138/280  (43%/18%/38%)  d5/d8  0.5 games/s (avg 0.2)  1.0M nps  ETA 02:15:52
[2026-03-29T01:11:58.395] [INFO] [selfplay:0] [SelfPlay] 735/2000 (36%)  pos=62783  W/D/B=317/138/280  (43%/18%/38%)  d5/d8  0.5 games/s (avg 0.2)  1.0M nps  ETA 02:15:47
[2026-03-29T01:12:01.449] [INFO] [selfplay:0] [SelfPlay] 736/2000 (36%)  pos=62832  W/D/B=317/138/281  (43%/18%/38%)  d5/d8  0.6 games/s (avg 0.2)  1.0M nps  ETA 02:15:28
[2026-03-29T01:12:04.270] [INFO] [selfplay:0] [SelfPlay] 737/2000 (36%)  pos=62988  W/D/B=318/138/281  (43%/18%/38%)  d5/d8  0.6 games/s (avg 0.2)  1.0M nps  ETA 02:15:16
[2026-03-29T01:12:06.631] [INFO] [selfplay:0] [SelfPlay] 738/2000 (36%)  pos=63093  W/D/B=318/138/282  (43%/18%/38%)  d5/d8  0.5 games/s (avg 0.2)  1.0M nps  ETA 02:15:03
[2026-03-29T01:12:21.215] [INFO] [selfplay:0] [SelfPlay] 739/2000 (36%)  pos=63167  W/D/B=319/138/282  (43%/18%/38%)  d5/d8  0.5 games/s (avg 0.2)  1.0M nps  ETA 02:14:39
[2026-03-29T01:12:24.688] [INFO] [selfplay:0] [SelfPlay] 740/2000 (37%)  pos=63241  W/D/B=319/139/282  (43%/18%/38%)  d5/d8  0.4 games/s (avg 0.2)  1.0M nps  ETA 02:14:56
[2026-03-29T01:12:25.619] [INFO] [selfplay:0] [SelfPlay] 741/2000 (37%)  pos=63271  W/D/B=319/139/283  (43%/18%/38%)  d5/d8  0.4 games/s (avg 0.2)  1.0M nps  ETA 02:14:48
[2026-03-29T01:12:27.487] [INFO] [selfplay:0] [SelfPlay] 742/2000 (37%)  pos=63345  W/D/B=320/139/283  (43%/18%/38%)  d5/d8  0.5 games/s (avg 0.2)  1.0M nps  ETA 02:14:32
[2026-03-29T01:12:28.642] [INFO] [selfplay:0] [SelfPlay] 743/2000 (37%)  pos=63502  W/D/B=320/139/284  (43%/18%/38%)  d5/d8  0.5 games/s (avg 0.2)  1.0M nps  ETA 02:14:17
[2026-03-29T01:12:37.316] [INFO] [selfplay:0] [SelfPlay] 744/2000 (37%)  pos=63711  W/D/B=320/140/284  (43%/18%/38%)  d5/d8  0.6 games/s (avg 0.2)  1.0M nps  ETA 02:13:56
[2026-03-29T01:12:41.778] [INFO] [selfplay:0] [SelfPlay] 745/2000 (37%)  pos=63783  W/D/B=321/140/284  (43%/18%/38%)  d5/d8  0.5 games/s (avg 0.2)  1.0M nps  ETA 02:13:56
[2026-03-29T01:12:59.252] [INFO] [selfplay:0] [SelfPlay] 746/2000 (37%)  pos=63917  W/D/B=322/140/284  (43%/18%/38%)  d5/d8  0.5 games/s (avg 0.2)  1.0M nps  ETA 02:13:35
[2026-03-29T01:13:10.943] [INFO] [selfplay:0] [SelfPlay] 747/2000 (37%)  pos=63983  W/D/B=322/140/285  (43%/18%/38%)  d5/d8  0.4 games/s (avg 0.2)  1.0M nps  ETA 02:13:52
[2026-03-29T01:13:15.358] [INFO] [selfplay:0] [SelfPlay] 748/2000 (37%)  pos=64051  W/D/B=323/140/285  (43%/18%/38%)  d5/d8  0.4 games/s (avg 0.2)  1.0M nps  ETA 02:14:02
[2026-03-29T01:13:16.363] [INFO] [selfplay:0] [SelfPlay] 749/2000 (37%)  pos=64093  W/D/B=323/141/285  (43%/18%/38%)  d5/d8  0.3 games/s (avg 0.2)  1.0M nps  ETA 02:13:55
[2026-03-29T01:13:22.172] [INFO] [selfplay:0] [SelfPlay] 750/2000 (37%)  pos=64156  W/D/B=323/142/285  (43%/18%/38%)  d5/d8  0.4 games/s (avg 0.2)  1.0M nps  ETA 02:13:35
[2026-03-29T01:13:22.404] [INFO] [selfplay:0] [SelfPlay] 751/2000 (37%)  pos=64218  W/D/B=323/142/286  (43%/18%/38%)  d5/d8  0.4 games/s (avg 0.2)  1.0M nps  ETA 02:13:34
[2026-03-29T01:13:31.394] [INFO] [selfplay:0] [SelfPlay] 752/2000 (37%)  pos=64326  W/D/B=323/143/286  (42%/19%/38%)  d5/d8  1.0 games/s (avg 0.2)  1.0M nps  ETA 02:13:08
[2026-03-29T01:13:43.087] [INFO] [selfplay:0] [SelfPlay] 753/2000 (37%)  pos=64423  W/D/B=324/143/286  (43%/18%/37%)  d5/d8  0.9 games/s (avg 0.2)  1.0M nps  ETA 02:13:03
[2026-03-29T01:13:44.719] [INFO] [selfplay:0] [SelfPlay] 754/2000 (37%)  pos=64480  W/D/B=324/143/287  (42%/18%/38%)  d5/d8  0.7 games/s (avg 0.2)  1.0M nps  ETA 02:13:15
[2026-03-29T01:13:46.969] [INFO] [selfplay:0] [SelfPlay] 755/2000 (37%)  pos=64573  W/D/B=324/143/288  (42%/18%/38%)  d5/d8  0.7 games/s (avg 0.2)  1.0M nps  ETA 02:13:01
[2026-03-29T01:13:54.717] [INFO] [selfplay:0] [SelfPlay] 756/2000 (37%)  pos=64590  W/D/B=324/143/289  (42%/18%/38%)  d5/d8  0.7 games/s (avg 0.2)  1.0M nps  ETA 02:12:41
[2026-03-29T01:14:01.457] [INFO] [selfplay:0] [SelfPlay] 757/2000 (37%)  pos=64726  W/D/B=324/143/290  (42%/18%/38%)  d5/d8  0.6 games/s (avg 0.2)  1.0M nps  ETA 02:12:39
[2026-03-29T01:14:03.510] [INFO] [selfplay:0] [SelfPlay] 758/2000 (37%)  pos=64867  W/D/B=324/144/290  (42%/18%/38%)  d5/d8  0.5 games/s (avg 0.2)  1.0M nps  ETA 02:12:36
[2026-03-29T01:14:14.483] [INFO] [selfplay:0] [SelfPlay] 759/2000 (37%)  pos=65001  W/D/B=324/144/291  (42%/18%/38%)  d5/d8  0.5 games/s (avg 0.2)  1.0M nps  ETA 02:12:15
[2026-03-29T01:14:23.373] [INFO] [selfplay:0] [SelfPlay] 760/2000 (38%)  pos=65171  W/D/B=325/144/291  (42%/18%/38%)  d5/d8  0.5 games/s (avg 0.2)  1.0M nps  ETA 02:12:18
[2026-03-29T01:14:30.633] [INFO] [selfplay:0] [SelfPlay] 761/2000 (38%)  pos=65411  W/D/B=325/145/291  (42%/19%/38%)  d5/d8  0.4 games/s (avg 0.2)  1.0M nps  ETA 02:12:17
[2026-03-29T01:14:33.858] [INFO] [selfplay:0] [SelfPlay] 762/2000 (38%)  pos=65523  W/D/B=325/145/292  (42%/19%/38%)  d5/d8  0.4 games/s (avg 0.2)  1.0M nps  ETA 02:12:16
[2026-03-29T01:14:36.393] [INFO] [selfplay:0] [SelfPlay] 763/2000 (38%)  pos=65648  W/D/B=325/145/293  (42%/19%/38%)  d5/d8  0.4 games/s (avg 0.2)  1.0M nps  ETA 02:12:06
[2026-03-29T01:14:37.524] [INFO] [selfplay:0] [SelfPlay] 764/2000 (38%)  pos=65696  W/D/B=326/145/293  (42%/18%/38%)  d5/d8  0.4 games/s (avg 0.2)  1.0M nps  ETA 02:11:53
[2026-03-29T01:14:45.036] [INFO] [selfplay:0] [SelfPlay] 765/2000 (38%)  pos=65835  W/D/B=327/145/293  (42%/18%/38%)  d5/d8  0.4 games/s (avg 0.2)  1.0M nps  ETA 02:11:33
[2026-03-29T01:14:50.373] [INFO] [selfplay:0] [SelfPlay] 766/2000 (38%)  pos=65910  W/D/B=328/145/293  (42%/18%/38%)  d5/d8  0.4 games/s (avg 0.2)  1.0M nps  ETA 02:11:31
[2026-03-29T01:14:56.794] [INFO] [selfplay:0] [SelfPlay] 767/2000 (38%)  pos=65954  W/D/B=329/145/293  (42%/18%/38%)  d5/d8  0.4 games/s (avg 0.2)  1.0M nps  ETA 02:11:21
[2026-03-29T01:14:59.783] [INFO] [selfplay:0] [SelfPlay] 768/2000 (38%)  pos=66072  W/D/B=330/145/293  (42%/18%/38%)  d5/d8  0.3 games/s (avg 0.2)  1.0M nps  ETA 02:11:18
[2026-03-29T01:15:14.581] [INFO] [selfplay:0] [SelfPlay] 769/2000 (38%)  pos=66184  W/D/B=330/145/294  (42%/18%/38%)  d5/d8  0.3 games/s (avg 0.2)  1.0M nps  ETA 02:10:54
[2026-03-29T01:15:16.676] [INFO] [selfplay:0] [SelfPlay] 770/2000 (38%)  pos=66424  W/D/B=330/146/294  (42%/18%/38%)  d5/d8  0.3 games/s (avg 0.2)  1.0M nps  ETA 02:11:14
[2026-03-29T01:15:20.118] [INFO] [selfplay:0] [SelfPlay] 771/2000 (38%)  pos=66488  W/D/B=330/146/295  (42%/18%/38%)  d5/d8  0.3 games/s (avg 0.2)  1.0M nps  ETA 02:11:00
[2026-03-29T01:15:28.743] [INFO] [selfplay:0] [SelfPlay] 772/2000 (38%)  pos=66517  W/D/B=330/147/295  (42%/19%/38%)  d5/d8  0.3 games/s (avg 0.2)  1.0M nps  ETA 02:10:43
[2026-03-29T01:15:29.331] [INFO] [selfplay:0] [SelfPlay] 773/2000 (38%)  pos=66610  W/D/B=331/147/295  (42%/19%/38%)  d5/d8  0.3 games/s (avg 0.2)  1.0M nps  ETA 02:10:49
[2026-03-29T01:15:32.975] [INFO] [selfplay:0] [SelfPlay] 774/2000 (38%)  pos=66676  W/D/B=331/147/296  (42%/18%/38%)  d5/d8  0.5 games/s (avg 0.2)  1.0M nps  ETA 02:10:30
[2026-03-29T01:15:36.280] [INFO] [selfplay:0] [SelfPlay] 775/2000 (38%)  pos=66835  W/D/B=332/147/296  (42%/18%/38%)  d5/d8  0.5 games/s (avg 0.2)  1.0M nps  ETA 02:10:20
[2026-03-29T01:15:40.629] [INFO] [selfplay:0] [SelfPlay] 776/2000 (38%)  pos=66911  W/D/B=332/147/297  (42%/18%/38%)  d5/d8  0.4 games/s (avg 0.2)  1.0M nps  ETA 02:10:07
[2026-03-29T01:15:44.767] [INFO] [selfplay:0] [SelfPlay] 777/2000 (38%)  pos=67011  W/D/B=333/147/297  (42%/18%/38%)  d5/d8  0.4 games/s (avg 0.2)  1.0M nps  ETA 02:09:58
[2026-03-29T01:15:49.521] [INFO] [selfplay:0] [SelfPlay] 778/2000 (38%)  pos=67113  W/D/B=333/148/297  (42%/19%/38%)  d5/d8  0.4 games/s (avg 0.2)  1.0M nps  ETA 02:09:47
[2026-03-29T01:15:59.268] [INFO] [selfplay:0] [SelfPlay] 779/2000 (38%)  pos=67183  W/D/B=333/148/298  (42%/18%/38%)  d5/d8  0.4 games/s (avg 0.2)  1.0M nps  ETA 02:09:34
[2026-03-29T01:16:16.529] [INFO] [selfplay:0] [SelfPlay] 780/2000 (39%)  pos=67286  W/D/B=334/148/298  (42%/18%/38%)  d5/d8  0.3 games/s (avg 0.2)  1.0M nps  ETA 02:09:24
[2026-03-29T01:16:23.139] [INFO] [selfplay:0] [SelfPlay] 781/2000 (39%)  pos=67323  W/D/B=334/149/298  (42%/19%/38%)  d5/d8  0.3 games/s (avg 0.2)  1.0M nps  ETA 02:09:47
[2026-03-29T01:16:26.158] [INFO] [selfplay:0] [SelfPlay] 782/2000 (39%)  pos=67356  W/D/B=334/149/299  (42%/19%/38%)  d5/d8  0.3 games/s (avg 0.2)  1.0M nps  ETA 02:09:44
[2026-03-29T01:16:27.286] [INFO] [selfplay:0] [SelfPlay] 783/2000 (39%)  pos=67392  W/D/B=335/149/299  (42%/19%/38%)  d5/d8  0.3 games/s (avg 0.2)  1.0M nps  ETA 02:09:34
[2026-03-29T01:16:30.132] [INFO] [selfplay:0] [SelfPlay] 784/2000 (39%)  pos=67477  W/D/B=335/149/300  (42%/19%/38%)  d5/d8  0.4 games/s (avg 0.2)  1.0M nps  ETA 02:09:17
[2026-03-29T01:16:34.464] [INFO] [selfplay:0] [SelfPlay] 785/2000 (39%)  pos=67598  W/D/B=335/149/301  (42%/18%/38%)  d5/d8  0.4 games/s (avg 0.2)  1.0M nps  ETA 02:09:05
[2026-03-29T01:16:36.421] [INFO] [selfplay:0] [SelfPlay] 786/2000 (39%)  pos=67636  W/D/B=335/149/302  (42%/18%/38%)  d5/d8  0.3 games/s (avg 0.2)  1.0M nps  ETA 02:08:57
[2026-03-29T01:16:53.917] [INFO] [selfplay:0] [SelfPlay] 787/2000 (39%)  pos=67876  W/D/B=335/150/302  (42%/19%/38%)  d5/d8  0.4 games/s (avg 0.2)  1.0M nps  ETA 02:08:28
[2026-03-29T01:17:09.968] [INFO] [selfplay:0] [SelfPlay] 788/2000 (39%)  pos=67941  W/D/B=335/151/302  (42%/19%/38%)  d5/d8  0.3 games/s (avg 0.2)  1.0M nps  ETA 02:08:41
[2026-03-29T01:17:16.559] [INFO] [selfplay:0] [SelfPlay] 789/2000 (39%)  pos=68012  W/D/B=335/151/303  (42%/19%/38%)  d5/d8  0.3 games/s (avg 0.2)  997.9K nps  ETA 02:08:58
[2026-03-29T01:17:19.846] [INFO] [selfplay:0] [SelfPlay] 790/2000 (39%)  pos=68057  W/D/B=335/152/303  (42%/19%/38%)  d5/d8  0.3 games/s (avg 0.2)  996.6K nps  ETA 02:08:56
[2026-03-29T01:17:24.889] [INFO] [selfplay:0] [SelfPlay] 791/2000 (39%)  pos=68155  W/D/B=335/152/304  (42%/19%/38%)  d5/d8  0.3 games/s (avg 0.2)  995.8K nps  ETA 02:08:43
[2026-03-29T01:17:26.178] [INFO] [selfplay:0] [SelfPlay] 792/2000 (39%)  pos=68224  W/D/B=336/152/304  (42%/19%/38%)  d5/d8  0.3 games/s (avg 0.2)  995.3K nps  ETA 02:08:38
[2026-03-29T01:17:27.836] [INFO] [selfplay:0] [SelfPlay] 793/2000 (39%)  pos=68312  W/D/B=336/153/304  (42%/19%/38%)  d5/d8  0.3 games/s (avg 0.2)  996.4K nps  ETA 02:08:23
[2026-03-29T01:17:30.232] [INFO] [selfplay:0] [SelfPlay] 794/2000 (39%)  pos=68351  W/D/B=336/154/304  (42%/19%/38%)  d5/d8  0.4 games/s (avg 0.2)  996.7K nps  ETA 02:08:10
[2026-03-29T01:17:31.710] [INFO] [selfplay:0] [SelfPlay] 795/2000 (39%)  pos=68472  W/D/B=337/154/304  (42%/19%/38%)  d5/d8  0.4 games/s (avg 0.2)  996.2K nps  ETA 02:07:57
[2026-03-29T01:17:35.361] [INFO] [selfplay:0] [SelfPlay] 796/2000 (39%)  pos=68573  W/D/B=338/154/304  (42%/19%/38%)  d5/d8  0.4 games/s (avg 0.2)  996.9K nps  ETA 02:07:42
[2026-03-29T01:17:36.464] [INFO] [selfplay:0] [SelfPlay] 797/2000 (39%)  pos=68685  W/D/B=338/154/305  (42%/19%/38%)  d5/d8  0.4 games/s (avg 0.2)  997.9K nps  ETA 02:07:34
[2026-03-29T01:17:45.707] [INFO] [selfplay:0] [SelfPlay] 798/2000 (39%)  pos=68746  W/D/B=338/154/306  (42%/19%/38%)  d5/d8  0.5 games/s (avg 0.2)  997.7K nps  ETA 02:07:11
[2026-03-29T01:17:51.317] [INFO] [selfplay:0] [SelfPlay] 799/2000 (39%)  pos=68864  W/D/B=338/155/306  (42%/19%/38%)  d5/d8  0.4 games/s (avg 0.2)  997.1K nps  ETA 02:07:14
[2026-03-29T01:18:15.602] [INFO] [selfplay:0] [SelfPlay] 800/2000 (40%)  pos=68932  W/D/B=339/155/306  (42%/19%/38%)  d5/d8  0.4 games/s (avg 0.2)  996.8K nps  ETA 02:06:46
[2026-03-29T01:18:20.801] [INFO] [selfplay:0] [SelfPlay] 801/2000 (40%)  pos=69004  W/D/B=340/155/306  (42%/19%/38%)  d5/d8  0.3 games/s (avg 0.2)  991.1K nps  ETA 02:07:27
[2026-03-29T01:18:23.240] [INFO] [selfplay:0] [SelfPlay] 802/2000 (40%)  pos=69050  W/D/B=340/155/307  (42%/19%/38%)  d5/d8  0.3 games/s (avg 0.2)  990.6K nps  ETA 02:07:22
[2026-03-29T01:18:35.986] [INFO] [selfplay:0] [SelfPlay] 803/2000 (40%)  pos=69244  W/D/B=341/155/307  (42%/19%/38%)  d5/d8  0.3 games/s (avg 0.2)  990.1K nps  ETA 02:06:58
[2026-03-29T01:18:49.832] [INFO] [selfplay:0] [SelfPlay] 804/2000 (40%)  pos=69290  W/D/B=342/155/307  (42%/19%/38%)  d5/d8  0.3 games/s (avg 0.2)  987.3K nps  ETA 02:07:00
[2026-03-29T01:18:51.638] [INFO] [selfplay:0] [SelfPlay] 805/2000 (40%)  pos=69384  W/D/B=342/155/308  (42%/19%/38%)  d5/d8  0.3 games/s (avg 0.2)  985.7K nps  ETA 02:07:17
[2026-03-29T01:18:54.366] [INFO] [selfplay:0] [SelfPlay] 806/2000 (40%)  pos=69418  W/D/B=342/155/309  (42%/19%/38%)  d5/d8  0.3 games/s (avg 0.2)  986.2K nps  ETA 02:07:04
[2026-03-29T01:18:56.735] [INFO] [selfplay:0] [SelfPlay] 807/2000 (40%)  pos=69532  W/D/B=343/155/309  (42%/19%/38%)  d5/d8  0.3 games/s (avg 0.2)  986.7K nps  ETA 02:06:51
[2026-03-29T01:18:58.536] [INFO] [selfplay:0] [SelfPlay] 808/2000 (40%)  pos=69599  W/D/B=344/155/309  (42%/19%/38%)  d5/d8  0.3 games/s (avg 0.2)  987.4K nps  ETA 02:06:40
[2026-03-29T01:19:00.680] [INFO] [selfplay:0] [SelfPlay] 809/2000 (40%)  pos=69713  W/D/B=344/155/310  (42%/19%/38%)  d5/d8  0.4 games/s (avg 0.2)  987.0K nps  ETA 02:06:27
[2026-03-29T01:19:06.858] [INFO] [selfplay:0] [SelfPlay] 810/2000 (40%)  pos=69780  W/D/B=345/155/310  (42%/19%/38%)  d5/d8  0.4 games/s (avg 0.2)  987.8K nps  ETA 02:06:10
[2026-03-29T01:19:07.272] [INFO] [selfplay:0] [SelfPlay] 811/2000 (40%)  pos=69828  W/D/B=345/155/311  (42%/19%/38%)  d5/d8  0.3 games/s (avg 0.2)  986.1K nps  ETA 02:06:09
[2026-03-29T01:19:07.771] [INFO] [selfplay:0] [SelfPlay] 812/2000 (40%)  pos=69867  W/D/B=345/155/312  (42%/19%/38%)  d5/d8  0.7 games/s (avg 0.2)  986.8K nps  ETA 02:05:53
[2026-03-29T01:19:17.994] [INFO] [selfplay:0] [SelfPlay] 813/2000 (40%)  pos=69923  W/D/B=345/155/313  (42%/19%/38%)  d5/d8  0.9 games/s (avg 0.2)  988.7K nps  ETA 02:05:29
[2026-03-29T01:19:18.218] [INFO] [selfplay:0] [SelfPlay] 814/2000 (40%)  pos=70013  W/D/B=346/155/313  (42%/19%/38%)  d5/d8  0.7 games/s (avg 0.2)  986.7K nps  ETA 02:05:39
[2026-03-29T01:19:24.620] [INFO] [selfplay:0] [SelfPlay] 815/2000 (40%)  pos=70138  W/D/B=346/155/314  (42%/19%/38%)  d5/d8  1.3 games/s (avg 0.2)  988.5K nps  ETA 02:05:16
[2026-03-29T01:19:56.136] [INFO] [selfplay:0] [SelfPlay] 816/2000 (40%)  pos=70288  W/D/B=347/155/314  (42%/18%/38%)  d5/d8  1.1 games/s (avg 0.2)  988.4K nps  ETA 02:04:46
[2026-03-29T01:20:02.842] [INFO] [selfplay:0] [SelfPlay] 817/2000 (40%)  pos=70341  W/D/B=348/155/314  (42%/18%/38%)  d5/d8  1.0 games/s (avg 0.2)  990.4K nps  ETA 02:05:40
[2026-03-29T01:20:05.432] [INFO] [selfplay:0] [SelfPlay] 818/2000 (40%)  pos=70377  W/D/B=348/156/314  (42%/19%/38%)  d5/d8  0.9 games/s (avg 0.2)  989.2K nps  ETA 02:05:39
[2026-03-29T01:20:12.931] [INFO] [selfplay:0] [SelfPlay] 819/2000 (40%)  pos=70428  W/D/B=349/156/314  (42%/19%/38%)  d5/d8  0.8 games/s (avg 0.2)  989.6K nps  ETA 02:05:22
[2026-03-29T01:20:14.178] [INFO] [selfplay:0] [SelfPlay] 820/2000 (41%)  pos=70472  W/D/B=350/156/314  (42%/19%/38%)  d5/d8  0.7 games/s (avg 0.2)  988.2K nps  ETA 02:05:24
[2026-03-29T01:20:14.686] [INFO] [selfplay:0] [SelfPlay] 821/2000 (41%)  pos=70544  W/D/B=350/156/315  (42%/19%/38%)  d5/d8  0.7 games/s (avg 0.2)  989.1K nps  ETA 02:05:10
[2026-03-29T01:20:21.843] [INFO] [selfplay:0] [SelfPlay] 822/2000 (41%)  pos=70719  W/D/B=350/157/315  (42%/19%/38%)  d5/d8  0.9 games/s (avg 0.2)  989.2K nps  ETA 02:04:49
[2026-03-29T01:20:23.720] [INFO] [selfplay:0] [SelfPlay] 823/2000 (41%)  pos=70783  W/D/B=350/157/316  (42%/19%/38%)  d5/d8  0.8 games/s (avg 0.2)  988.6K nps  ETA 02:04:49
[2026-03-29T01:20:38.170] [INFO] [selfplay:0] [SelfPlay] 824/2000 (41%)  pos=70855  W/D/B=350/157/317  (42%/19%/38%)  d5/d8  0.8 games/s (avg 0.2)  988.3K nps  ETA 02:04:24
[2026-03-29T01:20:46.394] [INFO] [selfplay:0] [SelfPlay] 825/2000 (41%)  pos=70929  W/D/B=350/157/318  (42%/19%/38%)  d5/d8  0.7 games/s (avg 0.2)  989.9K nps  ETA 02:04:35
[2026-03-29T01:20:55.072] [INFO] [selfplay:0] [SelfPlay] 826/2000 (41%)  pos=71032  W/D/B=351/157/318  (42%/19%/38%)  d5/d8  0.6 games/s (avg 0.2)  989.1K nps  ETA 02:04:31
[2026-03-29T01:20:55.458] [INFO] [selfplay:0] [SelfPlay] 827/2000 (41%)  pos=71094  W/D/B=352/157/318  (42%/18%/38%)  d5/d8  0.5 games/s (avg 0.2)  986.6K nps  ETA 02:04:37
[2026-03-29T01:21:03.020] [INFO] [selfplay:0] [SelfPlay] 828/2000 (41%)  pos=71158  W/D/B=352/157/319  (42%/18%/38%)  d5/d8  0.9 games/s (avg 0.2)  988.3K nps  ETA 02:04:14
[2026-03-29T01:21:15.322] [INFO] [selfplay:0] [SelfPlay] 829/2000 (41%)  pos=71278  W/D/B=352/158/319  (42%/19%/38%)  d5/d8  0.7 games/s (avg 0.2)  986.2K nps  ETA 02:04:05
[2026-03-29T01:21:32.709] [INFO] [selfplay:0] [SelfPlay] 830/2000 (41%)  pos=71359  W/D/B=353/158/319  (42%/19%/38%)  d5/d8  0.6 games/s (avg 0.2)  984.5K nps  ETA 02:04:01
[2026-03-29T01:21:34.460] [INFO] [selfplay:0] [SelfPlay] 831/2000 (41%)  pos=71437  W/D/B=354/158/319  (42%/19%/38%)  d5/d8  0.6 games/s (avg 0.2)  985.7K nps  ETA 02:04:27
[2026-03-29T01:21:37.487] [INFO] [selfplay:0] [SelfPlay] 832/2000 (41%)  pos=71518  W/D/B=355/158/319  (42%/18%/38%)  d5/d8  0.6 games/s (avg 0.2)  986.4K nps  ETA 02:04:12
[2026-03-29T01:21:38.490] [INFO] [selfplay:0] [SelfPlay] 833/2000 (41%)  pos=71589  W/D/B=356/158/319  (42%/18%/38%)  d5/d8  0.6 games/s (avg 0.2)  987.9K nps  ETA 02:04:03
[2026-03-29T01:21:48.269] [INFO] [selfplay:0] [SelfPlay] 834/2000 (41%)  pos=71660  W/D/B=356/158/320  (42%/18%/38%)  d5/d8  0.6 games/s (avg 0.2)  989.9K nps  ETA 02:03:40
[2026-03-29T01:21:49.146] [INFO] [selfplay:0] [SelfPlay] 835/2000 (41%)  pos=71732  W/D/B=357/158/320  (42%/18%/38%)  d5/d8  0.5 games/s (avg 0.2)  987.9K nps  ETA 02:03:48
[2026-03-29T01:21:50.501] [INFO] [selfplay:0] [SelfPlay] 836/2000 (41%)  pos=71822  W/D/B=358/158/320  (42%/18%/38%)  d5/d8  0.6 games/s (avg 0.2)  989.5K nps  ETA 02:03:33
[2026-03-29T01:22:02.986] [INFO] [selfplay:0] [SelfPlay] 837/2000 (41%)  pos=71881  W/D/B=359/158/320  (42%/18%/38%)  d5/d8  0.6 games/s (avg 0.2)  990.5K nps  ETA 02:03:09
[2026-03-29T01:22:07.701] [INFO] [selfplay:0] [SelfPlay] 838/2000 (41%)  pos=71981  W/D/B=359/158/321  (42%/18%/38%)  d5/d8  0.6 games/s (avg 0.2)  988.5K nps  ETA 02:03:18
[2026-03-29T01:22:25.140] [INFO] [selfplay:0] [SelfPlay] 839/2000 (41%)  pos=72152  W/D/B=360/158/321  (42%/18%/38%)  d5/d8  0.5 games/s (avg 0.2)  988.7K nps  ETA 02:02:58
[2026-03-29T01:22:29.633] [INFO] [selfplay:0] [SelfPlay] 840/2000 (42%)  pos=72202  W/D/B=360/158/322  (42%/18%/38%)  d5/d8  0.4 games/s (avg 0.2)  984.8K nps  ETA 02:03:19
[2026-03-29T01:22:31.862] [INFO] [selfplay:0] [SelfPlay] 841/2000 (42%)  pos=72290  W/D/B=361/158/322  (42%/18%/38%)  d5/d8  0.4 games/s (avg 0.2)  984.2K nps  ETA 02:03:13
[2026-03-29T01:22:36.446] [INFO] [selfplay:0] [SelfPlay] 842/2000 (42%)  pos=72344  W/D/B=362/158/322  (42%/18%/38%)  d5/d8  0.4 games/s (avg 0.2)  984.5K nps  ETA 02:02:59
[2026-03-29T01:22:38.629] [INFO] [selfplay:0] [SelfPlay] 843/2000 (42%)  pos=72398  W/D/B=363/158/322  (43%/18%/38%)  d5/d8  0.4 games/s (avg 0.2)  984.0K nps  ETA 02:02:51
[2026-03-29T01:22:39.524] [INFO] [selfplay:0] [SelfPlay] 844/2000 (42%)  pos=72513  W/D/B=364/158/322  (43%/18%/38%)  d5/d8  0.4 games/s (avg 0.2)  984.5K nps  ETA 02:02:41
[2026-03-29T01:22:45.743] [INFO] [selfplay:0] [SelfPlay] 845/2000 (42%)  pos=72559  W/D/B=364/158/323  (43%/18%/38%)  d5/d8  0.5 games/s (avg 0.2)  985.3K nps  ETA 02:02:22
[2026-03-29T01:23:01.673] [INFO] [selfplay:0] [SelfPlay] 846/2000 (42%)  pos=72666  W/D/B=365/158/323  (43%/18%/38%)  d5/d8  0.5 games/s (avg 0.2)  985.1K nps  ETA 02:02:05
[2026-03-29T01:23:08.917] [INFO] [selfplay:0] [SelfPlay] 847/2000 (42%)  pos=72757  W/D/B=365/159/323  (43%/18%/38%)  d5/d8  0.4 games/s (avg 0.2)  983.2K nps  ETA 02:02:21
[2026-03-29T01:23:09.607] [INFO] [selfplay:0] [SelfPlay] 848/2000 (42%)  pos=72901  W/D/B=366/159/323  (43%/18%/38%)  d5/d8  0.4 games/s (avg 0.2)  981.8K nps  ETA 02:02:22
[2026-03-29T01:23:12.555] [INFO] [selfplay:0] [SelfPlay] 849/2000 (42%)  pos=72980  W/D/B=367/159/323  (43%/18%/38%)  d5/d8  0.5 games/s (avg 0.2)  982.3K nps  ETA 02:02:06
[2026-03-29T01:23:32.078] [INFO] [selfplay:0] [SelfPlay] 850/2000 (42%)  pos=73027  W/D/B=367/159/324  (43%/18%/38%)  d5/d8  0.5 games/s (avg 0.2)  982.5K nps  ETA 02:01:39
[2026-03-29T01:23:32.404] [INFO] [selfplay:0] [SelfPlay] 851/2000 (42%)  pos=73088  W/D/B=367/159/325  (43%/18%/38%)  d5/d8  0.4 games/s (avg 0.2)  978.7K nps  ETA 02:02:09
[2026-03-29T01:23:37.166] [INFO] [selfplay:0] [SelfPlay] 852/2000 (42%)  pos=73166  W/D/B=368/159/325  (43%/18%/38%)  d5/d8  0.8 games/s (avg 0.2)  980.1K nps  ETA 02:01:50
[2026-03-29T01:23:52.678] [INFO] [selfplay:0] [SelfPlay] 853/2000 (42%)  pos=73301  W/D/B=368/159/326  (43%/18%/38%)  d5/d8  0.7 games/s (avg 0.2)  980.8K nps  ETA 02:01:30
[2026-03-29T01:24:07.352] [INFO] [selfplay:0] [SelfPlay] 854/2000 (42%)  pos=73388  W/D/B=369/159/326  (43%/18%/38%)  d5/d8  0.7 games/s (avg 0.2)  981.9K nps  ETA 02:01:38
[2026-03-29T01:24:08.691] [INFO] [selfplay:0] [SelfPlay] 855/2000 (42%)  pos=73491  W/D/B=369/160/326  (43%/18%/38%)  d5/d8  0.6 games/s (avg 0.2)  978.9K nps  ETA 02:01:55
[2026-03-29T01:24:14.455] [INFO] [selfplay:0] [SelfPlay] 856/2000 (42%)  pos=73561  W/D/B=370/160/326  (43%/18%/38%)  d5/d8  0.6 games/s (avg 0.2)  980.0K nps  ETA 02:01:38
[2026-03-29T01:24:30.664] [INFO] [selfplay:0] [SelfPlay] 857/2000 (42%)  pos=73671  W/D/B=370/160/327  (43%/18%/38%)  d5/d8  0.5 games/s (avg 0.2)  980.0K nps  ETA 02:01:19
[2026-03-29T01:24:30.918] [INFO] [selfplay:0] [SelfPlay] 858/2000 (42%)  pos=73757  W/D/B=370/160/328  (43%/18%/38%)  d5/d8  0.5 games/s (avg 0.2)  977.1K nps  ETA 02:01:43
[2026-03-29T01:24:34.531] [INFO] [selfplay:0] [SelfPlay] 859/2000 (42%)  pos=73793  W/D/B=370/161/328  (43%/18%/38%)  d5/d8  1.0 games/s (avg 0.2)  978.2K nps  ETA 02:01:24
[2026-03-29T01:24:40.599] [INFO] [selfplay:0] [SelfPlay] 860/2000 (43%)  pos=73879  W/D/B=370/161/329  (43%/18%/38%)  d5/d8  0.9 games/s (avg 0.2)  979.0K nps  ETA 02:01:12
[2026-03-29T01:24:42.020] [INFO] [selfplay:0] [SelfPlay] 861/2000 (43%)  pos=73968  W/D/B=371/161/329  (43%/18%/38%)  d5/d8  0.8 games/s (avg 0.2)  978.7K nps  ETA 02:01:11
[2026-03-29T01:25:02.435] [INFO] [selfplay:0] [SelfPlay] 862/2000 (43%)  pos=74020  W/D/B=372/161/329  (43%/18%/38%)  d5/d8  0.8 games/s (avg 0.2)  979.7K nps  ETA 02:00:39
[2026-03-29T01:25:19.814] [INFO] [selfplay:0] [SelfPlay] 863/2000 (43%)  pos=74070  W/D/B=372/161/330  (43%/18%/38%)  d5/d8  0.7 games/s (avg 0.2)  980.4K nps  ETA 02:00:53
[2026-03-29T01:25:23.641] [INFO] [selfplay:0] [SelfPlay] 864/2000 (43%)  pos=74150  W/D/B=373/161/330  (43%/18%/38%)  d5/d8  0.7 games/s (avg 0.2)  981.8K nps  ETA 02:01:15
[2026-03-29T01:25:28.515] [INFO] [selfplay:0] [SelfPlay] 865/2000 (43%)  pos=74204  W/D/B=374/161/330  (43%/18%/38%)  d5/d8  0.6 games/s (avg 0.2)  981.9K nps  ETA 02:01:04
[2026-03-29T01:25:34.907] [INFO] [selfplay:0] [SelfPlay] 866/2000 (43%)  pos=74251  W/D/B=375/161/330  (43%/18%/38%)  d5/d8  0.5 games/s (avg 0.2)  981.4K nps  ETA 02:00:55
[2026-03-29T01:25:38.946] [INFO] [selfplay:0] [SelfPlay] 867/2000 (43%)  pos=74321  W/D/B=376/161/330  (43%/18%/38%)  d5/d8  0.5 games/s (avg 0.2)  980.5K nps  ETA 02:00:50
[2026-03-29T01:25:43.984] [INFO] [selfplay:0] [SelfPlay] 868/2000 (43%)  pos=74389  W/D/B=377/161/330  (43%/18%/38%)  d5/d8  0.4 games/s (avg 0.2)  980.8K nps  ETA 02:00:40
[2026-03-29T01:25:44.211] [INFO] [selfplay:0] [SelfPlay] 869/2000 (43%)  pos=74432  W/D/B=377/161/331  (43%/18%/38%)  d5/d8  0.4 games/s (avg 0.2)  981.2K nps  ETA 02:00:36
[2026-03-29T01:25:55.199] [INFO] [selfplay:0] [SelfPlay] 870/2000 (43%)  pos=74572  W/D/B=377/161/332  (43%/18%/38%)  d5/d8  1.0 games/s (avg 0.2)  981.3K nps  ETA 02:00:11
[2026-03-29T01:26:00.219] [INFO] [selfplay:0] [SelfPlay] 871/2000 (43%)  pos=74683  W/D/B=377/161/333  (43%/18%/38%)  d5/d8  0.9 games/s (avg 0.2)  982.4K nps  ETA 02:00:17
[2026-03-29T01:26:01.034] [INFO] [selfplay:0] [SelfPlay] 872/2000 (43%)  pos=74736  W/D/B=378/161/333  (43%/18%/38%)  d5/d8  0.8 games/s (avg 0.2)  982.4K nps  ETA 02:00:12
[2026-03-29T01:26:05.980] [INFO] [selfplay:0] [SelfPlay] 873/2000 (43%)  pos=74875  W/D/B=379/161/333  (43%/18%/38%)  d5/d8  0.9 games/s (avg 0.2)  984.1K nps  ETA 01:59:55
[2026-03-29T01:26:07.427] [INFO] [selfplay:0] [SelfPlay] 874/2000 (43%)  pos=74947  W/D/B=379/162/333  (43%/18%/38%)  d5/d8  0.8 games/s (avg 0.2)  982.9K nps  ETA 01:59:51
[2026-03-29T01:26:15.513] [INFO] [selfplay:0] [SelfPlay] 875/2000 (43%)  pos=74992  W/D/B=379/163/333  (43%/18%/38%)  d5/d8  0.8 games/s (avg 0.2)  982.6K nps  ETA 01:59:30
[2026-03-29T01:26:19.314] [INFO] [selfplay:0] [SelfPlay] 876/2000 (43%)  pos=75071  W/D/B=379/163/334  (43%/18%/38%)  d5/d8  0.7 games/s (avg 0.2)  982.7K nps  ETA 01:59:32
[2026-03-29T01:26:22.707] [INFO] [selfplay:0] [SelfPlay] 877/2000 (43%)  pos=75159  W/D/B=379/163/335  (43%/18%/38%)  d5/d8  0.6 games/s (avg 0.2)  983.4K nps  ETA 01:59:21
[2026-03-29T01:26:23.400] [INFO] [selfplay:0] [SelfPlay] 878/2000 (43%)  pos=75253  W/D/B=379/163/336  (43%/18%/38%)  d5/d8  0.6 games/s (avg 0.2)  983.8K nps  ETA 01:59:15
[2026-03-29T01:26:26.468] [INFO] [selfplay:0] [SelfPlay] 879/2000 (43%)  pos=75413  W/D/B=379/164/336  (43%/18%/38%)  d5/d8  0.7 games/s (avg 0.2)  983.8K nps  ETA 01:58:58
[2026-03-29T01:26:44.100] [INFO] [selfplay:0] [SelfPlay] 880/2000 (44%)  pos=75500  W/D/B=380/164/336  (43%/18%/38%)  d5/d8  0.6 games/s (avg 0.2)  983.1K nps  ETA 01:58:33
[2026-03-29T01:26:47.941] [INFO] [selfplay:0] [SelfPlay] 881/2000 (44%)  pos=75574  W/D/B=381/164/336  (43%/18%/38%)  d5/d8  0.6 games/s (avg 0.2)  983.7K nps  ETA 01:58:54
[2026-03-29T01:27:06.211] [INFO] [selfplay:0] [SelfPlay] 882/2000 (44%)  pos=75707  W/D/B=382/164/336  (43%/18%/38%)  d5/d8  0.5 games/s (avg 0.2)  984.1K nps  ETA 01:58:31
[2026-03-29T01:27:13.701] [INFO] [selfplay:0] [SelfPlay] 883/2000 (44%)  pos=75745  W/D/B=382/165/336  (43%/18%/38%)  d5/d8  0.5 games/s (avg 0.2)  980.1K nps  ETA 01:58:50
[2026-03-29T01:27:15.095] [INFO] [selfplay:0] [SelfPlay] 884/2000 (44%)  pos=75832  W/D/B=383/165/336  (43%/18%/38%)  d5/d8  0.4 games/s (avg 0.2)  979.2K nps  ETA 01:58:52
[2026-03-29T01:27:16.243] [INFO] [selfplay:0] [SelfPlay] 885/2000 (44%)  pos=75917  W/D/B=384/165/336  (43%/18%/37%)  d5/d8  0.5 games/s (avg 0.2)  980.2K nps  ETA 01:58:39
[2026-03-29T01:27:17.738] [INFO] [selfplay:0] [SelfPlay] 886/2000 (44%)  pos=75993  W/D/B=384/165/337  (43%/18%/38%)  d5/d8  0.5 games/s (avg 0.2)  980.8K nps  ETA 01:58:25
[2026-03-29T01:27:19.764] [INFO] [selfplay:0] [SelfPlay] 887/2000 (44%)  pos=76075  W/D/B=384/165/338  (43%/18%/38%)  d5/d8  0.5 games/s (avg 0.2)  981.2K nps  ETA 01:58:12
[2026-03-29T01:27:24.352] [INFO] [selfplay:0] [SelfPlay] 888/2000 (44%)  pos=76137  W/D/B=384/165/339  (43%/18%/38%)  d5/d8  0.5 games/s (avg 0.2)  982.1K nps  ETA 01:57:59
[2026-03-29T01:27:36.830] [INFO] [selfplay:0] [SelfPlay] 889/2000 (44%)  pos=76377  W/D/B=384/166/339  (43%/18%/38%)  d5/d8  0.5 games/s (avg 0.2)  981.1K nps  ETA 01:57:41
[2026-03-29T01:28:01.367] [INFO] [selfplay:0] [SelfPlay] 890/2000 (44%)  pos=76428  W/D/B=384/166/340  (43%/18%/38%)  d5/d8  0.4 games/s (avg 0.2)  979.1K nps  ETA 01:57:31
[2026-03-29T01:28:04.376] [INFO] [selfplay:0] [SelfPlay] 891/2000 (44%)  pos=76511  W/D/B=385/166/340  (43%/18%/38%)  d5/d8  0.4 games/s (avg 0.2)  980.8K nps  ETA 01:58:08
[2026-03-29T01:28:11.495] [INFO] [selfplay:0] [SelfPlay] 892/2000 (44%)  pos=76628  W/D/B=386/166/340  (43%/18%/38%)  d5/d8  0.4 games/s (avg 0.2)  982.2K nps  ETA 01:57:54
[2026-03-29T01:28:14.863] [INFO] [selfplay:0] [SelfPlay] 893/2000 (44%)  pos=76684  W/D/B=386/166/341  (43%/18%/38%)  d5/d8  0.3 games/s (avg 0.2)  980.5K nps  ETA 01:57:51
[2026-03-29T01:28:16.838] [INFO] [selfplay:0] [SelfPlay] 894/2000 (44%)  pos=76922  W/D/B=386/166/342  (43%/18%/38%)  d5/d8  0.3 games/s (avg 0.2)  979.8K nps  ETA 01:57:43
[2026-03-29T01:28:18.502] [INFO] [selfplay:0] [SelfPlay] 895/2000 (44%)  pos=76980  W/D/B=387/166/342  (43%/18%/38%)  d5/d8  0.4 games/s (avg 0.2)  980.3K nps  ETA 01:57:32
[2026-03-29T01:28:21.597] [INFO] [selfplay:0] [SelfPlay] 896/2000 (44%)  pos=77067  W/D/B=388/166/342  (43%/18%/38%)  d5/d8  0.4 games/s (avg 0.2)  981.5K nps  ETA 01:57:17
[2026-03-29T01:28:22.221] [INFO] [selfplay:0] [SelfPlay] 897/2000 (44%)  pos=77183  W/D/B=389/166/342  (43%/18%/38%)  d5/d8  0.4 games/s (avg 0.2)  981.7K nps  ETA 01:57:11
[2026-03-29T01:28:22.792] [INFO] [selfplay:0] [SelfPlay] 898/2000 (44%)  pos=77241  W/D/B=390/166/342  (43%/18%/38%)  d5/d8  0.6 games/s (avg 0.2)  983.0K nps  ETA 01:56:56
[2026-03-29T01:28:23.569] [INFO] [selfplay:0] [SelfPlay] 899/2000 (44%)  pos=77280  W/D/B=391/166/342  (43%/18%/38%)  d5/d8  0.7 games/s (avg 0.2)  984.2K nps  ETA 01:56:43
[2026-03-29T01:28:27.796] [INFO] [selfplay:0] [SelfPlay] 900/2000 (45%)  pos=77357  W/D/B=391/166/343  (43%/18%/38%)  d5/d8  0.8 games/s (avg 0.2)  984.1K nps  ETA 01:56:27
[2026-03-29T01:28:29.081] [INFO] [selfplay:0] [SelfPlay] 901/2000 (45%)  pos=77457  W/D/B=391/166/344  (43%/18%/38%)  d5/d8  0.7 games/s (avg 0.2)  984.2K nps  ETA 01:56:21
[2026-03-29T01:28:30.755] [INFO] [selfplay:0] [SelfPlay] 902/2000 (45%)  pos=77547  W/D/B=392/166/344  (43%/18%/38%)  d5/d8  0.7 games/s (avg 0.2)  985.0K nps  ETA 01:56:07
[2026-03-29T01:28:32.226] [INFO] [selfplay:0] [SelfPlay] 903/2000 (45%)  pos=77661  W/D/B=392/167/344  (43%/18%/38%)  d5/d8  0.7 games/s (avg 0.2)  984.7K nps  ETA 01:55:56
[2026-03-29T01:28:36.694] [INFO] [selfplay:0] [SelfPlay] 904/2000 (45%)  pos=77807  W/D/B=392/168/344  (43%/18%/38%)  d5/d8  0.7 games/s (avg 0.2)  984.5K nps  ETA 01:55:40
[2026-03-29T01:28:52.507] [INFO] [selfplay:0] [SelfPlay] 905/2000 (45%)  pos=77868  W/D/B=392/168/345  (43%/18%/38%)  d5/d8  0.6 games/s (avg 0.2)  983.3K nps  ETA 01:55:20
[2026-03-29T01:28:58.161] [INFO] [selfplay:0] [SelfPlay] 906/2000 (45%)  pos=77919  W/D/B=392/168/346  (43%/18%/38%)  d5/d8  0.6 games/s (avg 0.2)  984.3K nps  ETA 01:55:36
[2026-03-29T01:29:08.637] [INFO] [selfplay:0] [SelfPlay] 907/2000 (45%)  pos=78016  W/D/B=392/168/347  (43%/18%/38%)  d5/d8  0.5 games/s (avg 0.2)  984.1K nps  ETA 01:55:23
[2026-03-29T01:29:15.651] [INFO] [selfplay:0] [SelfPlay] 908/2000 (45%)  pos=78093  W/D/B=392/168/348  (43%/18%/38%)  d5/d8  0.5 games/s (avg 0.2)  982.9K nps  ETA 01:55:26
[2026-03-29T01:29:19.812] [INFO] [selfplay:0] [SelfPlay] 909/2000 (45%)  pos=78141  W/D/B=392/168/349  (43%/18%/38%)  d5/d8  0.4 games/s (avg 0.2)  981.8K nps  ETA 01:55:23
[2026-03-29T01:29:35.347] [INFO] [selfplay:0] [SelfPlay] 910/2000 (45%)  pos=78170  W/D/B=392/168/350  (43%/18%/38%)  d5/d8  0.4 games/s (avg 0.2)  981.5K nps  ETA 01:55:03
[2026-03-29T01:29:38.935] [INFO] [selfplay:0] [SelfPlay] 911/2000 (45%)  pos=78280  W/D/B=393/168/350  (43%/18%/38%)  d5/d8  0.3 games/s (avg 0.2)  978.6K nps  ETA 01:55:19
[2026-03-29T01:29:56.871] [INFO] [selfplay:0] [SelfPlay] 912/2000 (45%)  pos=78318  W/D/B=393/168/351  (43%/18%/38%)  d5/d8  0.3 games/s (avg 0.2)  978.1K nps  ETA 01:54:55
[2026-03-29T01:29:58.346] [INFO] [selfplay:0] [SelfPlay] 913/2000 (45%)  pos=78453  W/D/B=394/168/351  (43%/18%/38%)  d5/d8  0.3 games/s (avg 0.2)  975.1K nps  ETA 01:55:20
[2026-03-29T01:30:00.200] [INFO] [selfplay:0] [SelfPlay] 914/2000 (45%)  pos=78593  W/D/B=395/168/351  (43%/18%/38%)  d5/d8  0.3 games/s (avg 0.2)  976.2K nps  ETA 01:55:07
[2026-03-29T01:30:05.108] [INFO] [selfplay:0] [SelfPlay] 915/2000 (45%)  pos=78695  W/D/B=396/168/351  (43%/18%/38%)  d5/d8  0.4 games/s (avg 0.2)  977.1K nps  ETA 01:54:52
[2026-03-29T01:30:09.194] [INFO] [selfplay:0] [SelfPlay] 916/2000 (45%)  pos=78761  W/D/B=396/168/352  (43%/18%/38%)  d5/d8  0.4 games/s (avg 0.2)  977.4K nps  ETA 01:54:45
[2026-03-29T01:30:14.317] [INFO] [selfplay:0] [SelfPlay] 917/2000 (45%)  pos=78888  W/D/B=397/168/352  (43%/18%/38%)  d5/d8  0.3 games/s (avg 0.2)  977.7K nps  ETA 01:54:35
[2026-03-29T01:30:14.583] [INFO] [selfplay:0] [SelfPlay] 918/2000 (45%)  pos=78989  W/D/B=397/168/353  (43%/18%/38%)  d5/d8  0.3 games/s (avg 0.2)  977.6K nps  ETA 01:54:31
[2026-03-29T01:30:33.270] [INFO] [selfplay:0] [SelfPlay] 919/2000 (45%)  pos=79095  W/D/B=398/168/353  (43%/18%/38%)  d5/d8  0.8 games/s (avg 0.2)  979.2K nps  ETA 01:54:00
[2026-03-29T01:30:39.056] [INFO] [selfplay:0] [SelfPlay] 920/2000 (46%)  pos=79108  W/D/B=399/168/353  (43%/18%/38%)  d5/d8  0.8 games/s (avg 0.2)  979.4K nps  ETA 01:54:21
[2026-03-29T01:30:40.040] [INFO] [selfplay:0] [SelfPlay] 921/2000 (46%)  pos=79168  W/D/B=400/168/353  (43%/18%/38%)  d5/d8  0.7 games/s (avg 0.2)  979.3K nps  ETA 01:54:19
[2026-03-29T01:31:02.981] [INFO] [selfplay:0] [SelfPlay] 922/2000 (46%)  pos=79248  W/D/B=401/168/353  (43%/18%/38%)  d5/d8  0.7 games/s (avg 0.2)  980.3K nps  ETA 01:53:44
[2026-03-29T01:31:17.600] [INFO] [selfplay:0] [SelfPlay] 923/2000 (46%)  pos=79382  W/D/B=401/168/354  (43%/18%/38%)  d5/d8  0.7 games/s (avg 0.2)  981.0K nps  ETA 01:54:05
[2026-03-29T01:31:18.076] [INFO] [selfplay:0] [SelfPlay] 924/2000 (46%)  pos=79421  W/D/B=402/168/354  (43%/18%/38%)  d5/d8  0.6 games/s (avg 0.2)  978.1K nps  ETA 01:54:23
[2026-03-29T01:31:19.035] [INFO] [selfplay:0] [SelfPlay] 925/2000 (46%)  pos=79540  W/D/B=403/168/354  (43%/18%/38%)  d5/d8  0.8 games/s (avg 0.2)  979.5K nps  ETA 01:54:09
[2026-03-29T01:31:23.519] [INFO] [selfplay:0] [SelfPlay] 926/2000 (46%)  pos=79637  W/D/B=404/168/354  (43%/18%/38%)  d5/d8  0.8 games/s (avg 0.2)  980.5K nps  ETA 01:53:52
[2026-03-29T01:31:33.836] [INFO] [selfplay:0] [SelfPlay] 927/2000 (46%)  pos=79800  W/D/B=404/168/355  (43%/18%/38%)  d5/d8  0.8 games/s (avg 0.2)  981.1K nps  ETA 01:53:39
[2026-03-29T01:31:46.780] [INFO] [selfplay:0] [SelfPlay] 928/2000 (46%)  pos=79849  W/D/B=404/168/356  (43%/18%/38%)  d5/d8  0.7 games/s (avg 0.2)  979.5K nps  ETA 01:53:34
[2026-03-29T01:31:57.316] [INFO] [selfplay:0] [SelfPlay] 929/2000 (46%)  pos=79957  W/D/B=405/168/356  (43%/18%/38%)  d5/d8  0.6 games/s (avg 0.2)  978.4K nps  ETA 01:53:38
[2026-03-29T01:32:08.544] [INFO] [selfplay:0] [SelfPlay] 930/2000 (46%)  pos=80076  W/D/B=406/168/356  (43%/18%/38%)  d5/d8  0.5 games/s (avg 0.2)  976.9K nps  ETA 01:53:35
[2026-03-29T01:32:23.690] [INFO] [selfplay:0] [SelfPlay] 931/2000 (46%)  pos=80316  W/D/B=406/169/356  (43%/18%/38%)  d5/d8  0.4 games/s (avg 0.2)  975.4K nps  ETA 01:53:31
[2026-03-29T01:32:27.653] [INFO] [selfplay:0] [SelfPlay] 932/2000 (46%)  pos=80436  W/D/B=406/169/357  (43%/18%/38%)  d5/d8  0.4 games/s (avg 0.2)  973.4K nps  ETA 01:53:45
[2026-03-29T01:32:31.601] [INFO] [selfplay:0] [SelfPlay] 933/2000 (46%)  pos=80481  W/D/B=406/170/357  (43%/18%/38%)  d5/d8  0.4 games/s (avg 0.2)  973.0K nps  ETA 01:53:36
[2026-03-29T01:32:32.427] [INFO] [selfplay:0] [SelfPlay] 934/2000 (46%)  pos=80535  W/D/B=407/170/357  (43%/18%/38%)  d5/d8  0.3 games/s (avg 0.2)  973.1K nps  ETA 01:53:31
[2026-03-29T01:32:38.648] [INFO] [selfplay:0] [SelfPlay] 935/2000 (46%)  pos=80698  W/D/B=408/170/357  (43%/18%/38%)  d5/d8  0.5 games/s (avg 0.2)  975.0K nps  ETA 01:53:11
[2026-03-29T01:32:49.742] [INFO] [selfplay:0] [SelfPlay] 936/2000 (46%)  pos=80774  W/D/B=409/170/357  (43%/18%/38%)  d5/d8  0.4 games/s (avg 0.2)  974.5K nps  ETA 01:53:01
[2026-03-29T01:32:59.024] [INFO] [selfplay:0] [SelfPlay] 937/2000 (46%)  pos=80815  W/D/B=409/171/357  (43%/18%/38%)  d5/d8  0.4 games/s (avg 0.2)  972.3K nps  ETA 01:53:02
[2026-03-29T01:33:15.587] [INFO] [selfplay:0] [SelfPlay] 938/2000 (46%)  pos=80883  W/D/B=410/171/357  (43%/18%/38%)  d5/d8  0.3 games/s (avg 0.2)  971.5K nps  ETA 01:52:51
[2026-03-29T01:33:16.449] [INFO] [selfplay:0] [SelfPlay] 939/2000 (46%)  pos=80920  W/D/B=411/171/357  (43%/18%/38%)  d5/d8  0.3 games/s (avg 0.2)  968.7K nps  ETA 01:53:13
[2026-03-29T01:33:21.290] [INFO] [selfplay:0] [SelfPlay] 940/2000 (47%)  pos=80977  W/D/B=412/171/357  (43%/18%/37%)  d5/d8  0.4 games/s (avg 0.2)  970.6K nps  ETA 01:52:55
[2026-03-29T01:33:22.725] [INFO] [selfplay:0] [SelfPlay] 941/2000 (47%)  pos=81104  W/D/B=413/171/357  (43%/18%/37%)  d5/d8  0.4 games/s (avg 0.2)  971.1K nps  ETA 01:52:50
[2026-03-29T01:33:22.990] [INFO] [selfplay:0] [SelfPlay] 942/2000 (47%)  pos=81166  W/D/B=413/171/358  (43%/18%/38%)  d5/d8  0.4 games/s (avg 0.2)  970.8K nps  ETA 01:52:40
[2026-03-29T01:33:23.143] [INFO] [selfplay:0] [SelfPlay] 943/2000 (47%)  pos=81381  W/D/B=413/172/358  (43%/18%/37%)  d5/d8  0.9 games/s (avg 0.2)  972.6K nps  ETA 01:52:27
[2026-03-29T01:33:27.355] [INFO] [selfplay:0] [SelfPlay] 944/2000 (47%)  pos=81448  W/D/B=414/172/358  (43%/18%/37%)  d5/d8  1.8 games/s (avg 0.2)  972.7K nps  ETA 01:52:09
[2026-03-29T01:33:36.911] [INFO] [selfplay:0] [SelfPlay] 945/2000 (47%)  pos=81524  W/D/B=415/172/358  (43%/18%/37%)  d5/d8  1.5 games/s (avg 0.2)  971.8K nps  ETA 01:51:55
[2026-03-29T01:33:41.385] [INFO] [selfplay:0] [SelfPlay] 946/2000 (47%)  pos=81764  W/D/B=415/173/358  (43%/18%/37%)  d5/d8  1.4 games/s (avg 0.2)  971.8K nps  ETA 01:51:58
[2026-03-29T01:33:54.438] [INFO] [selfplay:0] [SelfPlay] 947/2000 (47%)  pos=81885  W/D/B=415/174/358  (43%/18%/37%)  d5/d8  1.3 games/s (avg 0.2)  971.5K nps  ETA 01:51:40
[2026-03-29T01:33:55.488] [INFO] [selfplay:0] [SelfPlay] 948/2000 (47%)  pos=81940  W/D/B=415/174/359  (43%/18%/37%)  d5/d8  1.2 games/s (avg 0.2)  972.9K nps  ETA 01:51:53
[2026-03-29T01:33:57.758] [INFO] [selfplay:0] [SelfPlay] 949/2000 (47%)  pos=81996  W/D/B=415/175/359  (43%/18%/37%)  d5/d8  1.1 games/s (avg 0.2)  973.7K nps  ETA 01:51:39
[2026-03-29T01:34:00.415] [INFO] [selfplay:0] [SelfPlay] 950/2000 (47%)  pos=82086  W/D/B=416/175/359  (43%/18%/37%)  d5/d8  1.0 games/s (avg 0.2)  974.3K nps  ETA 01:51:29
[2026-03-29T01:34:07.519] [INFO] [selfplay:0] [SelfPlay] 951/2000 (47%)  pos=82234  W/D/B=416/175/360  (43%/18%/37%)  d5/d8  0.9 games/s (avg 0.2)  973.8K nps  ETA 01:51:13
[2026-03-29T01:34:16.819] [INFO] [selfplay:0] [SelfPlay] 952/2000 (47%)  pos=82301  W/D/B=416/175/361  (43%/18%/37%)  d5/d8  0.8 games/s (avg 0.2)  972.1K nps  ETA 01:51:06
[2026-03-29T01:34:20.279] [INFO] [selfplay:0] [SelfPlay] 953/2000 (47%)  pos=82358  W/D/B=416/175/362  (43%/18%/37%)  d5/d8  0.7 games/s (avg 0.2)  971.3K nps  ETA 01:51:09
[2026-03-29T01:34:31.290] [INFO] [selfplay:0] [SelfPlay] 954/2000 (47%)  pos=82424  W/D/B=416/175/363  (43%/18%/38%)  d5/d8  0.6 games/s (avg 0.2)  972.0K nps  ETA 01:50:51
[2026-03-29T01:34:34.288] [INFO] [selfplay:0] [SelfPlay] 955/2000 (47%)  pos=82504  W/D/B=417/175/363  (43%/18%/38%)  d5/d8  0.6 games/s (avg 0.2)  970.3K nps  ETA 01:50:58
[2026-03-29T01:34:53.891] [INFO] [selfplay:0] [SelfPlay] 956/2000 (47%)  pos=82627  W/D/B=418/175/363  (43%/18%/37%)  d5/d8  0.5 games/s (avg 0.2)  971.0K nps  ETA 01:50:31
[2026-03-29T01:34:57.055] [INFO] [selfplay:0] [SelfPlay] 957/2000 (47%)  pos=82715  W/D/B=419/175/363  (43%/18%/37%)  d5/d8  0.5 games/s (avg 0.2)  971.6K nps  ETA 01:50:56
[2026-03-29T01:35:09.928] [INFO] [selfplay:0] [SelfPlay] 958/2000 (47%)  pos=82883  W/D/B=419/176/363  (43%/18%/37%)  d5/d8  0.5 games/s (avg 0.2)  972.4K nps  ETA 01:50:36
[2026-03-29T01:35:33.972] [INFO] [selfplay:0] [SelfPlay] 959/2000 (47%)  pos=82943  W/D/B=420/176/363  (43%/18%/37%)  d5/d8  0.4 games/s (avg 0.2)  970.1K nps  ETA 01:50:26
[2026-03-29T01:35:39.804] [INFO] [selfplay:0] [SelfPlay] 960/2000 (48%)  pos=83027  W/D/B=420/176/364  (43%/18%/37%)  d5/d8  0.3 games/s (avg 0.2)  965.6K nps  ETA 01:50:57
[2026-03-29T01:35:40.261] [INFO] [selfplay:0] [SelfPlay] 961/2000 (48%)  pos=83080  W/D/B=420/176/365  (43%/18%/37%)  d5/d8  0.3 games/s (avg 0.2)  965.3K nps  ETA 01:50:55
[2026-03-29T01:35:45.969] [INFO] [selfplay:0] [SelfPlay] 962/2000 (48%)  pos=83143  W/D/B=420/176/366  (43%/18%/38%)  d5/d8  0.6 games/s (avg 0.2)  966.3K nps  ETA 01:50:37
[2026-03-29T01:35:50.125] [INFO] [selfplay:0] [SelfPlay] 963/2000 (48%)  pos=83227  W/D/B=421/176/366  (43%/18%/38%)  d5/d8  0.5 games/s (avg 0.2)  966.5K nps  ETA 01:50:32
[2026-03-29T01:35:52.530] [INFO] [selfplay:0] [SelfPlay] 964/2000 (48%)  pos=83263  W/D/B=422/176/366  (43%/18%/37%)  d5/d8  0.5 games/s (avg 0.2)  966.3K nps  ETA 01:50:24
[2026-03-29T01:35:58.254] [INFO] [selfplay:0] [SelfPlay] 965/2000 (48%)  pos=83380  W/D/B=423/176/366  (43%/18%/37%)  d5/d8  0.5 games/s (avg 0.2)  967.8K nps  ETA 01:50:11
[2026-03-29T01:36:02.314] [INFO] [selfplay:0] [SelfPlay] 966/2000 (48%)  pos=83535  W/D/B=424/176/366  (43%/18%/37%)  d5/d8  0.4 games/s (avg 0.2)  966.5K nps  ETA 01:50:05
[2026-03-29T01:36:04.310] [INFO] [selfplay:0] [SelfPlay] 967/2000 (48%)  pos=83599  W/D/B=425/176/366  (43%/18%/37%)  d5/d8  0.4 games/s (avg 0.2)  966.8K nps  ETA 01:49:58
[2026-03-29T01:36:10.040] [INFO] [selfplay:0] [SelfPlay] 968/2000 (48%)  pos=83683  W/D/B=426/176/366  (44%/18%/37%)  d5/d8  0.4 games/s (avg 0.2)  969.3K nps  ETA 01:49:43
[2026-03-29T01:36:28.005] [INFO] [selfplay:0] [SelfPlay] 969/2000 (48%)  pos=83777  W/D/B=426/176/367  (43%/18%/37%)  d5/d8  0.4 games/s (avg 0.2)  968.8K nps  ETA 01:49:24
[2026-03-29T01:36:36.954] [INFO] [selfplay:0] [SelfPlay] 970/2000 (48%)  pos=84015  W/D/B=426/177/367  (43%/18%/37%)  d5/d8  0.3 games/s (avg 0.2)  966.9K nps  ETA 01:49:39
[2026-03-29T01:36:38.075] [INFO] [selfplay:0] [SelfPlay] 971/2000 (48%)  pos=84117  W/D/B=426/177/368  (43%/18%/37%)  d5/d8  0.3 games/s (avg 0.2)  964.9K nps  ETA 01:49:43
[2026-03-29T01:36:43.168] [INFO] [selfplay:0] [SelfPlay] 972/2000 (48%)  pos=84150  W/D/B=427/177/368  (43%/18%/37%)  d5/d8  0.4 games/s (avg 0.2)  965.4K nps  ETA 01:49:27
[2026-03-29T01:36:47.486] [INFO] [selfplay:0] [SelfPlay] 973/2000 (48%)  pos=84274  W/D/B=428/177/368  (43%/18%/37%)  d5/d8  0.4 games/s (avg 0.2)  965.9K nps  ETA 01:49:20
[2026-03-29T01:36:57.138] [INFO] [selfplay:0] [SelfPlay] 974/2000 (48%)  pos=84367  W/D/B=428/177/369  (43%/18%/37%)  d5/d8  0.3 games/s (avg 0.2)  965.8K nps  ETA 01:49:06
[2026-03-29T01:36:58.878] [INFO] [selfplay:0] [SelfPlay] 975/2000 (48%)  pos=84440  W/D/B=429/177/369  (44%/18%/37%)  d5/d8  0.3 games/s (avg 0.2)  964.3K nps  ETA 01:49:11
[2026-03-29T01:36:59.539] [INFO] [selfplay:0] [SelfPlay] 976/2000 (48%)  pos=84547  W/D/B=429/177/370  (43%/18%/37%)  d5/d8  0.3 games/s (avg 0.2)  965.5K nps  ETA 01:49:01
[2026-03-29T01:37:04.402] [INFO] [selfplay:0] [SelfPlay] 977/2000 (48%)  pos=84641  W/D/B=429/177/371  (43%/18%/37%)  d5/d8  0.5 games/s (avg 0.2)  966.3K nps  ETA 01:48:45
[2026-03-29T01:37:06.871] [INFO] [selfplay:0] [SelfPlay] 978/2000 (48%)  pos=84746  W/D/B=429/177/372  (43%/18%/38%)  d5/d8  0.5 games/s (avg 0.2)  965.9K nps  ETA 01:48:38
[2026-03-29T01:37:11.713] [INFO] [selfplay:0] [SelfPlay] 979/2000 (48%)  pos=84764  W/D/B=430/177/372  (43%/18%/37%)  d5/d8  0.5 games/s (avg 0.2)  965.7K nps  ETA 01:48:26
[2026-03-29T01:37:28.139] [INFO] [selfplay:0] [SelfPlay] 980/2000 (49%)  pos=84883  W/D/B=430/177/373  (43%/18%/38%)  d5/d8  0.4 games/s (avg 0.2)  965.7K nps  ETA 01:48:07
[2026-03-29T01:37:30.887] [INFO] [selfplay:0] [SelfPlay] 981/2000 (49%)  pos=84956  W/D/B=431/177/373  (43%/18%/38%)  d5/d8  0.4 games/s (avg 0.2)  963.1K nps  ETA 01:48:24
[2026-03-29T01:37:36.958] [INFO] [selfplay:0] [SelfPlay] 982/2000 (49%)  pos=85064  W/D/B=431/177/374  (43%/18%/38%)  d5/d8  0.4 games/s (avg 0.2)  964.1K nps  ETA 01:48:11
[2026-03-29T01:37:39.797] [INFO] [selfplay:0] [SelfPlay] 983/2000 (49%)  pos=85130  W/D/B=431/178/374  (43%/18%/38%)  d5/d8  0.3 games/s (avg 0.2)  963.3K nps  ETA 01:48:07
[2026-03-29T01:37:44.109] [INFO] [selfplay:0] [SelfPlay] 984/2000 (49%)  pos=85182  W/D/B=431/179/374  (43%/18%/38%)  d5/d8  0.3 games/s (avg 0.2)  963.4K nps  ETA 01:47:56
[2026-03-29T01:37:54.133] [INFO] [selfplay:0] [SelfPlay] 985/2000 (49%)  pos=85205  W/D/B=432/179/374  (43%/18%/37%)  d5/d8  0.3 games/s (avg 0.2)  963.0K nps  ETA 01:47:41
[2026-03-29T01:38:05.637] [INFO] [selfplay:0] [SelfPlay] 986/2000 (49%)  pos=85272  W/D/B=432/179/375  (43%/18%/38%)  d5/d8  0.3 games/s (avg 0.2)  961.7K nps  ETA 01:47:37
[2026-03-29T01:38:09.702] [INFO] [selfplay:0] [SelfPlay] 987/2000 (49%)  pos=85425  W/D/B=433/179/375  (43%/18%/37%)  d5/d8  0.3 games/s (avg 0.2)  961.0K nps  ETA 01:47:44
[2026-03-29T01:38:40.129] [INFO] [selfplay:0] [SelfPlay] 988/2000 (49%)  pos=85448  W/D/B=434/179/375  (43%/18%/37%)  d5/d8  0.3 games/s (avg 0.2)  960.8K nps  ETA 01:47:09
[2026-03-29T01:38:40.560] [INFO] [selfplay:0] [SelfPlay] 989/2000 (49%)  pos=85493  W/D/B=435/179/375  (43%/18%/37%)  d5/d8  0.2 games/s (avg 0.2)  955.1K nps  ETA 01:47:56
[2026-03-29T01:38:41.080] [INFO] [selfplay:0] [SelfPlay] 990/2000 (49%)  pos=85565  W/D/B=436/179/375  (44%/18%/37%)  d5/d8  0.5 games/s (avg 0.2)  956.2K nps  ETA 01:47:45
[2026-03-29T01:38:42.007] [INFO] [selfplay:0] [SelfPlay] 991/2000 (49%)  pos=85624  W/D/B=436/180/375  (43%/18%/37%)  d5/d8  0.7 games/s (avg 0.2)  956.7K nps  ETA 01:47:31
[2026-03-29T01:38:44.248] [INFO] [selfplay:0] [SelfPlay] 992/2000 (49%)  pos=85667  W/D/B=437/180/375  (44%/18%/37%)  d5/d8  0.8 games/s (avg 0.2)  957.3K nps  ETA 01:47:18
[2026-03-29T01:38:59.513] [INFO] [selfplay:0] [SelfPlay] 993/2000 (49%)  pos=85704  W/D/B=437/181/375  (44%/18%/37%)  d5/d8  0.7 games/s (avg 0.2)  956.9K nps  ETA 01:46:54
[2026-03-29T01:39:01.845] [INFO] [selfplay:0] [SelfPlay] 994/2000 (49%)  pos=85847  W/D/B=438/181/375  (44%/18%/37%)  d5/d8  0.7 games/s (avg 0.2)  957.8K nps  ETA 01:47:10
[2026-03-29T01:39:03.201] [INFO] [selfplay:0] [SelfPlay] 995/2000 (49%)  pos=86007  W/D/B=438/181/376  (44%/18%/37%)  d5/d8  0.6 games/s (avg 0.2)  958.9K nps  ETA 01:47:01
[2026-03-29T01:39:03.910] [INFO] [selfplay:0] [SelfPlay] 996/2000 (49%)  pos=86123  W/D/B=438/181/377  (43%/18%/37%)  d5/d8  0.7 games/s (avg 0.2)  959.7K nps  ETA 01:46:49
[2026-03-29T01:39:07.989] [INFO] [selfplay:0] [SelfPlay] 997/2000 (49%)  pos=86217  W/D/B=438/181/378  (43%/18%/37%)  d5/d8  0.8 games/s (avg 0.2)  961.0K nps  ETA 01:46:34
[2026-03-29T01:39:09.218] [INFO] [selfplay:0] [SelfPlay] 998/2000 (49%)  pos=86402  W/D/B=438/182/378  (43%/18%/37%)  d5/d8  0.7 games/s (avg 0.2)  960.2K nps  ETA 01:46:29
[2026-03-29T01:39:21.419] [INFO] [selfplay:0] [SelfPlay] 999/2000 (49%)  pos=86483  W/D/B=438/182/379  (43%/18%/37%)  d5/d8  0.7 games/s (avg 0.2)  960.1K nps  ETA 01:46:06
[2026-03-29T01:39:21.647] [INFO] [selfplay:0] [SelfPlay] 1000/2000 (50%)  pos=86527  W/D/B=439/182/379  (43%/18%/37%)  d5/d8  0.6 games/s (avg 0.2)  958.7K nps  ETA 01:46:16
[2026-03-29T01:39:43.006] [INFO] [selfplay:0] [SelfPlay] 1001/2000 (50%)  pos=86663  W/D/B=440/182/379  (43%/18%/37%)  d5/d8  1.2 games/s (avg 0.2)  959.6K nps  ETA 01:45:44
[2026-03-29T01:39:59.954] [INFO] [selfplay:0] [SelfPlay] 1002/2000 (50%)  pos=86779  W/D/B=440/183/379  (43%/18%/37%)  d5/d8  1.1 games/s (avg 0.2)  961.0K nps  ETA 01:45:56
[2026-03-29T01:40:03.967] [INFO] [selfplay:0] [SelfPlay] 1003/2000 (50%)  pos=86861  W/D/B=440/184/379  (43%/18%/37%)  d5/d8  1.0 games/s (avg 0.2)  961.4K nps  ETA 01:46:14
[2026-03-29T01:40:10.815] [INFO] [selfplay:0] [SelfPlay] 1004/2000 (50%)  pos=86913  W/D/B=440/184/380  (43%/18%/37%)  d5/d8  0.9 games/s (avg 0.2)  961.5K nps  ETA 01:46:02
[2026-03-29T01:40:14.524] [INFO] [selfplay:0] [SelfPlay] 1005/2000 (50%)  pos=86978  W/D/B=441/184/380  (43%/18%/37%)  d5/d8  0.8 games/s (avg 0.2)  960.0K nps  ETA 01:45:59
[2026-03-29T01:40:18.671] [INFO] [selfplay:0] [SelfPlay] 1006/2000 (50%)  pos=87010  W/D/B=442/184/380  (43%/18%/37%)  d5/d8  0.7 games/s (avg 0.2)  959.3K nps  ETA 01:45:50
[2026-03-29T01:40:21.570] [INFO] [selfplay:0] [SelfPlay] 1007/2000 (50%)  pos=87104  W/D/B=443/184/380  (43%/18%/37%)  d5/d8  0.6 games/s (avg 0.2)  959.5K nps  ETA 01:45:42
[2026-03-29T01:40:24.844] [INFO] [selfplay:0] [SelfPlay] 1008/2000 (50%)  pos=87232  W/D/B=443/185/380  (43%/18%/37%)  d5/d8  0.6 games/s (avg 0.2)  960.4K nps  ETA 01:45:32
[2026-03-29T01:40:26.511] [INFO] [selfplay:0] [SelfPlay] 1009/2000 (50%)  pos=87331  W/D/B=443/185/381  (43%/18%/37%)  d5/d8  0.6 games/s (avg 0.2)  959.8K nps  ETA 01:45:24
[2026-03-29T01:40:26.712] [INFO] [selfplay:0] [SelfPlay] 1010/2000 (50%)  pos=87449  W/D/B=443/185/382  (43%/18%/37%)  d5/d8  0.6 games/s (avg 0.2)  960.8K nps  ETA 01:45:15
[2026-03-29T01:40:49.514] [INFO] [selfplay:0] [SelfPlay] 1011/2000 (50%)  pos=87514  W/D/B=443/185/383  (43%/18%/37%)  d5/d8  1.2 games/s (avg 0.2)  961.8K nps  ETA 01:44:40
[2026-03-29T01:40:54.026] [INFO] [selfplay:0] [SelfPlay] 1012/2000 (50%)  pos=87600  W/D/B=444/185/383  (43%/18%/37%)  d5/d8  1.1 games/s (avg 0.2)  963.1K nps  ETA 01:45:08
[2026-03-29T01:41:10.913] [INFO] [selfplay:0] [SelfPlay] 1013/2000 (50%)  pos=87701  W/D/B=444/185/384  (43%/18%/37%)  d5/d8  1.0 games/s (avg 0.2)  962.2K nps  ETA 01:44:47
[2026-03-29T01:41:14.194] [INFO] [selfplay:0] [SelfPlay] 1014/2000 (50%)  pos=87854  W/D/B=444/185/385  (43%/18%/37%)  d5/d8  0.9 games/s (avg 0.2)  963.5K nps  ETA 01:45:05
[2026-03-29T01:41:15.982] [INFO] [selfplay:0] [SelfPlay] 1015/2000 (50%)  pos=87967  W/D/B=444/185/386  (43%/18%/38%)  d5/d8  0.8 games/s (avg 0.2)  964.2K nps  ETA 01:44:56
[2026-03-29T01:41:17.117] [INFO] [selfplay:0] [SelfPlay] 1016/2000 (50%)  pos=88069  W/D/B=445/185/386  (43%/18%/37%)  d5/d8  0.8 games/s (avg 0.2)  964.9K nps  ETA 01:44:46
[2026-03-29T01:41:18.469] [INFO] [selfplay:0] [SelfPlay] 1017/2000 (50%)  pos=88137  W/D/B=445/185/387  (43%/18%/38%)  d5/d8  0.8 games/s (avg 0.2)  966.3K nps  ETA 01:44:35
[2026-03-29T01:41:22.788] [INFO] [selfplay:0] [SelfPlay] 1018/2000 (50%)  pos=88290  W/D/B=445/185/388  (43%/18%/38%)  d5/d8  0.8 games/s (avg 0.2)  967.7K nps  ETA 01:44:20
[2026-03-29T01:41:25.565] [INFO] [selfplay:0] [SelfPlay] 1019/2000 (50%)  pos=88331  W/D/B=446/185/388  (43%/18%/38%)  d5/d8  0.7 games/s (avg 0.2)  966.8K nps  ETA 01:44:13
[2026-03-29T01:41:41.216] [INFO] [selfplay:0] [SelfPlay] 1020/2000 (51%)  pos=88376  W/D/B=446/186/388  (43%/18%/38%)  d5/d8  0.7 games/s (avg 0.2)  966.9K nps  ETA 01:43:52
[2026-03-29T01:41:41.899] [INFO] [selfplay:0] [SelfPlay] 1021/2000 (51%)  pos=88439  W/D/B=446/186/389  (43%/18%/38%)  d5/d8  0.6 games/s (avg 0.2)  967.6K nps  ETA 01:44:08
[2026-03-29T01:41:46.796] [INFO] [selfplay:0] [SelfPlay] 1022/2000 (51%)  pos=88506  W/D/B=446/186/390  (43%/18%/38%)  d5/d8  0.7 games/s (avg 0.2)  968.4K nps  ETA 01:43:52
[2026-03-29T01:41:48.346] [INFO] [selfplay:0] [SelfPlay] 1023/2000 (51%)  pos=88549  W/D/B=446/187/390  (43%/18%/38%)  d5/d8  0.7 games/s (avg 0.2)  967.8K nps  ETA 01:43:48
[2026-03-29T01:41:59.872] [INFO] [selfplay:0] [SelfPlay] 1024/2000 (51%)  pos=88642  W/D/B=446/188/390  (43%/18%/38%)  d5/d8  0.7 games/s (avg 0.2)  967.5K nps  ETA 01:43:26
[2026-03-29T01:42:09.084] [INFO] [selfplay:0] [SelfPlay] 1025/2000 (51%)  pos=88687  W/D/B=447/188/390  (43%/18%/38%)  d5/d8  0.6 games/s (avg 0.2)  966.3K nps  ETA 01:43:28
[2026-03-29T01:42:15.994] [INFO] [selfplay:0] [SelfPlay] 1026/2000 (51%)  pos=88770  W/D/B=447/188/391  (43%/18%/38%)  d5/d8  0.5 games/s (avg 0.2)  965.6K nps  ETA 01:43:26
[2026-03-29T01:42:17.585] [INFO] [selfplay:0] [SelfPlay] 1027/2000 (51%)  pos=88818  W/D/B=448/188/391  (43%/18%/38%)  d5/d8  0.4 games/s (avg 0.2)  964.1K nps  ETA 01:43:25
[2026-03-29T01:42:22.114] [EVENT] [selfplay:0] [SKIP] Skipping current phase...
[2026-03-29T01:42:25.507] [INFO] [selfplay:0] [SelfPlay] 1028/2000 (51%)  pos=88862  W/D/B=448/189/391  (43%/18%/38%)  d5/d8  0.5 games/s (avg 0.2)  964.5K nps  ETA 01:43:12
[2026-03-29T01:42:25.518] [INFO] [selfplay:0] [INFO] Process terminated -- phase skipped by user.
[2026-03-29T01:42:25.518] [EVENT] [selfplay:9] PHASE_END success=true elapsed_sec=6562.0
[2026-03-29T01:42:26.711] [EVENT] [selfplay:0] [SKIP] Self-play skipped â€” using partial data
[2026-03-29T01:42:26.713] [INFO] [selfplay:0]   Using Stockfish-labeled data: C:\Users\chris\pyproj\my_env\Projects\ChessEngine\x64\Release\assets\training_data_sf.bin
[2026-03-29T01:42:26.713] [INFO] [selfplay:0]   Self-play current gen (weight 0.1262, base gets 0.65)
[2026-03-29T01:42:26.714] [INFO] [selfplay:0]   Replay buffer: gen 8 (weight 0.0883)
[2026-03-29T01:42:26.714] [INFO] [selfplay:0]   Replay buffer: gen 7 (weight 0.0618)
[2026-03-29T01:42:26.714] [INFO] [selfplay:0]   Replay buffer: gen 6 (weight 0.0433)
[2026-03-29T01:42:26.714] [INFO] [selfplay:0]   Replay buffer: gen 5 (weight 0.0303)
[2026-03-29T01:42:26.714] [EVENT] [training:9] PHASE_START epochs=12 batch=2048 lr=0.0001
[2026-03-29T01:42:26.714] [CMD] [training:0] [CMD] py -3.10 -u "C:\Users\chris\pyproj\my_env\Projects\ChessEngine\x64\Release\train_nnue.py" --data "C:\Users\chris\pyproj\my_env\Projects\ChessEngine\x64\Release\assets\training_data_sf.bin" --extra-data "C:\Users\chris\pyproj\my_env\Projects\ChessEngine\x64\Release\assets\selfplay_gen9.bin" 0.1262 --extra-data "C:\Users\chris\pyproj\my_env\Projects\ChessEngine\x64\Release\assets\selfplay_gen8.bin" 0.0883 --extra-data "C:\Users\chris\pyproj\my_env\Projects\ChessEngine\x64\Release\assets\selfplay_gen7.bin" 0.0618 --extra-data "C:\Users\chris\pyproj\my_env\Projects\ChessEngine\x64\Release\assets\selfplay_gen6.bin" 0.0433 --extra-data "C:\Users\chris\pyproj\my_env\Projects\ChessEngine\x64\Release\assets\selfplay_gen5.bin" 0.0303 --max-positions 300000 --epochs 12 --batch-size 2048 --lr 0.0001 --lr-min 0.00001 --weight-decay 0.0015 --dropout 0.2 --grad-clip 1.0 --grad-accum 4 --warmup-steps 100 --draw-weight 0.3 --mate-boost 5.0 --early-stop 8 --wdl-alpha 0.3 --wdl-draw-elo 50.0 --enhanced --plot --cosine-lr --no-cosine-restarts --swa --swa-start 8 --label-smoothing 0.01 --extra-data "C:\Users\chris\pyproj\my_env\Projects\ChessEngine\x64\Release\assets\training_data_draws.bin" 0.3 --load-weights "C:\Users\chris\pyproj\my_env\Projects\ChessEngine\x64\Release\assets\nnue_weights_gen8.bin" --output "C:\Users\chris\pyproj\my_env\Projects\ChessEngine\x64\Release\assets\nnue_weights.bin"
[2026-03-29T01:42:32.743] [INFO] [training:0] === Enhanced mode v3: warmup=100, grad_accum=4, SWA=ON, label_smooth=0.01, filter_eval=1000.0, eval_soft_cap=800.0, draw_weight=0.3x, wdl_alpha=0.3, wdl_draw_elo=50.0, cosine_decay ===
[2026-03-29T01:42:32.744] [INFO] [training:0] Using device: CPU (optimized)
[2026-03-29T01:42:32.787] [INFO] [training:0]   CPU threads: 16
[2026-03-29T01:42:32.841] [INFO] [training:0]   --max-positions: distributing 300,000 budget across 7 sources by ratio
[2026-03-29T01:42:32.841] [INFO] [training:0]     training_data_sf.bin: 29,587,256 -> 105,029 (ratio 35.0%)
[2026-03-29T01:42:32.841] [INFO] [training:0]     selfplay_gen9.bin: 132,776 -> 37,860 (ratio 12.6%)
[2026-03-29T01:42:32.841] [INFO] [training:0]     selfplay_gen8.bin: 68,276 -> 26,490 (ratio 8.8%)
[2026-03-29T01:42:32.841] [INFO] [training:0]     selfplay_gen7.bin: 68,956 -> 18,540 (ratio 6.2%)
[2026-03-29T01:42:32.842] [INFO] [training:0]     selfplay_gen6.bin: 72,623 -> 12,990 (ratio 4.3%)
[2026-03-29T01:42:32.842] [INFO] [training:0]     selfplay_gen5.bin: 50,027 -> 9,090 (ratio 3.0%)
[2026-03-29T01:42:32.842] [INFO] [training:0]     training_data_draws.bin: 35,143,613 -> 90,000 (ratio 30.0%)
[2026-03-29T01:42:32.842] [INFO] [training:0] Datasets:             7 sources (ratio-based sampling)
[2026-03-29T01:42:32.842] [INFO] [training:0]   - training_data_sf.bin                     ratio=35.0%  pos=105,029
[2026-03-29T01:42:32.842] [INFO] [training:0]   - selfplay_gen9.bin                        ratio=12.6%  pos=37,860
[2026-03-29T01:42:32.842] [INFO] [training:0]   - selfplay_gen8.bin                        ratio=8.8%  pos=26,490
[2026-03-29T01:42:32.842] [INFO] [training:0]   - selfplay_gen7.bin                        ratio=6.2%  pos=18,540
[2026-03-29T01:42:32.842] [INFO] [training:0]   - selfplay_gen6.bin                        ratio=4.3%  pos=12,990
[2026-03-29T01:42:32.842] [INFO] [training:0]   - selfplay_gen5.bin                        ratio=3.0%  pos=9,090
[2026-03-29T01:42:32.842] [INFO] [training:0]   - training_data_draws.bin                  ratio=30.0%  pos=90,000
[2026-03-29T01:42:32.842] [INFO] [training:0]   Total positions: 299,999
[2026-03-29T01:42:32.842] [INFO] [training:0]   Mode: PRELOAD (full dataset fits in RAM)
[2026-03-29T01:42:36.986] [INFO] [training:0]   torch.compile:     ENABLED (reduce-overhead mode)
[2026-03-29T01:42:37.468] [INFO] [training:0] Weights loaded from C:\Users\chris\pyproj\my_env\Projects\ChessEngine\x64\Release\assets\nnue_weights_gen8.bin
[2026-03-29T01:42:37.476] [INFO] [training:0] Loaded existing weights from C:\Users\chris\pyproj\my_env\Projects\ChessEngine\x64\Release\assets\nnue_weights_gen8.bin
[2026-03-29T01:42:37.476] [INFO] [training:0]   Fresh optimizer (--load-weights skips old optimizer state)
[2026-03-29T01:42:37.476] [INFO] [training:0] ============================================================
[2026-03-29T01:42:37.476] [INFO] [training:0] Training Configuration:
[2026-03-29T01:42:37.476] [INFO] [training:0]   Positions:         299,999
[2026-03-29T01:42:37.476] [INFO] [training:0]   Batch size:        2048 (effective: 8192 with grad accum x4)
[2026-03-29T01:42:37.476] [INFO] [training:0]   Epochs:            12
[2026-03-29T01:42:37.476] [INFO] [training:0]   Learning rate:     0.0001
[2026-03-29T01:42:37.476] [INFO] [training:0]   LR schedule:       Cosine Decay (T_max=10, warmup_epochs~2)
[2026-03-29T01:42:37.476] [INFO] [training:0]   LR min:            1e-05
[2026-03-29T01:42:37.476] [INFO] [training:0]   LR warmup:         100 optimizer steps
[2026-03-29T01:42:37.476] [INFO] [training:0]   Lambda (eval/res): 0.5
[2026-03-29T01:42:37.476] [INFO] [training:0]   Eval scale:        400.0
[2026-03-29T01:42:37.476] [INFO] [training:0]   Phase balanced:    True
[2026-03-29T01:42:37.476] [INFO] [training:0]   Early stop:        8 epochs
[2026-03-29T01:42:37.476] [INFO] [training:0]   Weight decay:      0.0015
[2026-03-29T01:42:37.476] [INFO] [training:0]   Dropout:           0.2
[2026-03-29T01:42:37.476] [INFO] [training:0]   Grad accumulation: 4x
[2026-03-29T01:42:37.476] [INFO] [training:0]   Label smoothing:   0.01
[2026-03-29T01:42:37.476] [INFO] [training:0]   SWA:               ON (start epoch 8)
[2026-03-29T01:42:37.476] [INFO] [training:0]   Filter eval max:   1000.0
[2026-03-29T01:42:37.476] [INFO] [training:0]   Eval soft-cap:     800.0
[2026-03-29T01:42:37.476] [INFO] [training:0]   Draw weight:       0.3x
[2026-03-29T01:42:37.476] [INFO] [training:0]   Mate boost:        5.0x
[2026-03-29T01:42:37.476] [INFO] [training:0]   Async prefetch:    N/A (preload mode)
[2026-03-29T01:42:37.476] [INFO] [training:0]   WDL CE loss:       ON (alpha=0.3, lambda=0.5 (from --lam), draw_elo=50.0)
[2026-03-29T01:42:37.476] [INFO] [training:0]   Activation:        SCReLU (squared clipped ReLU)
[2026-03-29T01:42:37.476] [INFO] [training:0]   Architecture:      40960->512->128->64->WDL(3)x3heads
[2026-03-29T01:42:37.476] [INFO] [training:0]   Grad clip norm:    1.0
[2026-03-29T01:42:37.476] [INFO] [training:0]   Streaming:         False
[2026-03-29T01:42:37.476] [INFO] [training:0]   Datasets:          7 sources (ratio-based sampling)
[2026-03-29T01:42:37.476] [INFO] [training:0]     - training_data_sf.bin            ratio=35.0%  pos=105,029
[2026-03-29T01:42:37.476] [INFO] [training:0]     - selfplay_gen9.bin               ratio=12.6%  pos=37,860
[2026-03-29T01:42:37.476] [INFO] [training:0]     - selfplay_gen8.bin               ratio=8.8%  pos=26,490
[2026-03-29T01:42:37.476] [INFO] [training:0]     - selfplay_gen7.bin               ratio=6.2%  pos=18,540
[2026-03-29T01:42:37.476] [INFO] [training:0]     - selfplay_gen6.bin               ratio=4.3%  pos=12,990
[2026-03-29T01:42:37.476] [INFO] [training:0]     - selfplay_gen5.bin               ratio=3.0%  pos=9,090
[2026-03-29T01:42:37.476] [INFO] [training:0]     - training_data_draws.bin         ratio=30.0%  pos=90,000
[2026-03-29T01:42:37.476] [INFO] [training:0] ============================================================
[2026-03-29T01:42:37.476] [INFO] [training:0]   Multi-dataset preload: ratios will be applied during epoch sampling.
[2026-03-29T01:42:37.476] [INFO] [training:0]   Loading 7 datasets sequentially...
[2026-03-29T01:42:37.476] [INFO] [training:0] Loading positions from C:\Users\chris\pyproj\my_env\Projects\ChessEngine\x64\Release\assets\training_data_sf.bin...
[2026-03-29T01:42:37.476] [INFO] [training:0]   Total positions: 29,587,256 — using offset-cache fast path (avoids reading 1410 MB into RAM)
[2026-03-29T01:42:37.476] [INFO] [training:0] Scanning C:\Users\chris\pyproj\my_env\Projects\ChessEngine\x64\Release\assets\training_data_sf.bin for position offsets...
[2026-03-29T01:42:38.859] [INFO] [training:0]   Loaded cached index: 29,587,256 offsets (C:\Users\chris\pyproj\my_env\Projects\ChessEngine\x64\Release\assets\training_data_sf.bin.offidx)
[2026-03-29T01:42:41.896] [INFO] [training:0]   Sampled 105,029 from 29,587,256 positions (reservoir)
[2026-03-29T01:42:50.498] [INFO] [training:0]     Parsed 100,000/105,029 positions (12402 pos/s,
[2026-03-29T01:42:50.498] [INFO] [training:0]   Parsed 105,029 positions in 8.6s (12,274 pos/s)
[2026-03-29T01:42:50.498] [INFO] [training:0]   Vectorized HalfKAv2 conversion (105,029 positions)...
[2026-03-29T01:42:51.033] [INFO] [training:0]   HalfKAv2 conversion: 0.5s (196,271 pos/s)
[2026-03-29T01:42:51.055] [INFO] [training:0]   Converting to tensors...
[2026-03-29T01:42:51.055] [INFO] [training:0] Phase distribution: Opening=30,067, Middlegame=33,793, Endgame=36,618
[2026-03-29T01:42:51.056] [INFO] [training:0]   [training_data_sf.bin] loaded: 100,478 positions
[2026-03-29T01:42:51.200] [INFO] [training:0] Loading positions from C:\Users\chris\pyproj\my_env\Projects\ChessEngine\x64\Release\assets\selfplay_gen9.bin...
[2026-03-29T01:42:51.201] [INFO] [training:0]   Total positions: 132,776 — using offset-cache fast path (avoids reading 6 MB into RAM)
[2026-03-29T01:42:51.201] [INFO] [training:0] Scanning C:\Users\chris\pyproj\my_env\Projects\ChessEngine\x64\Release\assets\selfplay_gen9.bin for position offsets...
[2026-03-29T01:42:51.230] [INFO] [training:0]   Loaded cached index: 132,776 offsets (C:\Users\chris\pyproj\my_env\Projects\ChessEngine\x64\Release\assets\selfplay_gen9.bin.offidx)
[2026-03-29T01:42:51.234] [INFO] [training:0]   Sampled 37,860 from 132,776 positions (reservoir)
[2026-03-29T01:42:51.433] [INFO] [training:0]   Parsed 37,860 positions in 0.2s (191,167 pos/s)
[2026-03-29T01:42:51.433] [INFO] [training:0]   Vectorized HalfKAv2 conversion (37,860 positions)...
[2026-03-29T01:42:51.681] [INFO] [training:0]   HalfKAv2 conversion: 0.2s (152,252 pos/s)
[2026-03-29T01:42:51.688] [INFO] [training:0]   Converting to tensors...
[2026-03-29T01:42:51.688] [INFO] [training:0] Phase distribution: Opening=4,945, Middlegame=17,728, Endgame=14,077
[2026-03-29T01:42:51.689] [INFO] [training:0]   [selfplay_gen9.bin] loaded: 36,750 positions
[2026-03-29T01:42:51.827] [INFO] [training:0] Loading positions from C:\Users\chris\pyproj\my_env\Projects\ChessEngine\x64\Release\assets\selfplay_gen8.bin...
[2026-03-29T01:42:51.827] [INFO] [training:0]   Total positions: 68,276 — using offset-cache fast path (avoids reading 3 MB into RAM)
[2026-03-29T01:42:51.827] [INFO] [training:0] Scanning C:\Users\chris\pyproj\my_env\Projects\ChessEngine\x64\Release\assets\selfplay_gen8.bin for position offsets...
[2026-03-29T01:42:51.845] [INFO] [training:0]   Loaded cached index: 68,276 offsets (C:\Users\chris\pyproj\my_env\Projects\ChessEngine\x64\Release\assets\selfplay_gen8.bin.offidx)
[2026-03-29T01:42:51.847] [INFO] [training:0]   Sampled 26,490 from 68,276 positions (reservoir)
[2026-03-29T01:42:51.977] [INFO] [training:0]   Parsed 26,490 positions in 0.1s (204,303 pos/s)
[2026-03-29T01:42:51.977] [INFO] [training:0]   Vectorized HalfKAv2 conversion (26,490 positions)...
[2026-03-29T01:42:52.178] [INFO] [training:0]   HalfKAv2 conversion: 0.2s (132,214 pos/s)
[2026-03-29T01:42:52.182] [INFO] [training:0]   Converting to tensors...
[2026-03-29T01:42:52.182] [INFO] [training:0] Phase distribution: Opening=3,121, Middlegame=11,935, Endgame=10,659
[2026-03-29T01:42:52.182] [INFO] [training:0]   [selfplay_gen8.bin] loaded: 25,715 positions
[2026-03-29T01:42:52.318] [INFO] [training:0] Loading positions from C:\Users\chris\pyproj\my_env\Projects\ChessEngine\x64\Release\assets\selfplay_gen7.bin...
[2026-03-29T01:42:52.318] [INFO] [training:0]   Total positions: 68,956 — using offset-cache fast path (avoids reading 3 MB into RAM)
[2026-03-29T01:42:52.318] [INFO] [training:0] Scanning C:\Users\chris\pyproj\my_env\Projects\ChessEngine\x64\Release\assets\selfplay_gen7.bin for position offsets...
[2026-03-29T01:42:52.331] [INFO] [training:0]   Loaded cached index: 68,956 offsets (C:\Users\chris\pyproj\my_env\Projects\ChessEngine\x64\Release\assets\selfplay_gen7.bin.offidx)
[2026-03-29T01:42:52.332] [INFO] [training:0]   Sampled 18,540 from 68,956 positions (reservoir)
[2026-03-29T01:42:52.431] [INFO] [training:0]   Parsed 18,540 positions in 0.1s (188,238 pos/s)
[2026-03-29T01:42:52.432] [INFO] [training:0]   Vectorized HalfKAv2 conversion (18,540 positions)...
[2026-03-29T01:42:52.625] [INFO] [training:0]   HalfKAv2 conversion: 0.2s (95,966 pos/s)
[2026-03-29T01:42:52.628] [INFO] [training:0]   Converting to tensors...
[2026-03-29T01:42:52.628] [INFO] [training:0] Phase distribution: Opening=2,161, Middlegame=8,303, Endgame=7,450
[2026-03-29T01:42:52.628] [INFO] [training:0]   [selfplay_gen7.bin] loaded: 17,914 positions
[2026-03-29T01:42:52.762] [INFO] [training:0] Loading positions from C:\Users\chris\pyproj\my_env\Projects\ChessEngine\x64\Release\assets\selfplay_gen6.bin...
[2026-03-29T01:42:52.762] [INFO] [training:0]   Total positions: 72,623 — using offset-cache fast path (avoids reading 3 MB into RAM)
[2026-03-29T01:42:52.762] [INFO] [training:0] Scanning C:\Users\chris\pyproj\my_env\Projects\ChessEngine\x64\Release\assets\selfplay_gen6.bin for position offsets...
[2026-03-29T01:42:52.778] [INFO] [training:0]   Loaded cached index: 72,623 offsets (C:\Users\chris\pyproj\my_env\Projects\ChessEngine\x64\Release\assets\selfplay_gen6.bin.offidx)
[2026-03-29T01:42:52.779] [INFO] [training:0]   Sampled 12,990 from 72,623 positions (reservoir)
[2026-03-29T01:42:52.851] [INFO] [training:0]   Parsed 12,990 positions in 0.1s (183,806 pos/s)
[2026-03-29T01:42:52.851] [INFO] [training:0]   Vectorized HalfKAv2 conversion (12,990 positions)...
[2026-03-29T01:42:53.026] [INFO] [training:0]   HalfKAv2 conversion: 0.2s (74,440 pos/s)
[2026-03-29T01:42:53.028] [INFO] [training:0]   Converting to tensors...
[2026-03-29T01:42:53.028] [INFO] [training:0] Phase distribution: Opening=1,431, Middlegame=5,181, Endgame=6,020
[2026-03-29T01:42:53.028] [INFO] [training:0]   [selfplay_gen6.bin] loaded: 12,632 positions
[2026-03-29T01:42:53.162] [INFO] [training:0] Loading positions from C:\Users\chris\pyproj\my_env\Projects\ChessEngine\x64\Release\assets\selfplay_gen5.bin...
[2026-03-29T01:42:53.162] [INFO] [training:0]   Total positions: 50,027 — using offset-cache fast path (avoids reading 2 MB into RAM)
[2026-03-29T01:42:53.162] [INFO] [training:0] Scanning C:\Users\chris\pyproj\my_env\Projects\ChessEngine\x64\Release\assets\selfplay_gen5.bin for position offsets...
[2026-03-29T01:42:53.178] [INFO] [training:0]   Loaded cached index: 50,027 offsets (C:\Users\chris\pyproj\my_env\Projects\ChessEngine\x64\Release\assets\selfplay_gen5.bin.offidx)
[2026-03-29T01:42:53.179] [INFO] [training:0]   Sampled 9,090 from 50,027 positions (reservoir)
[2026-03-29T01:42:53.228] [INFO] [training:0]   Parsed 9,090 positions in 0.0s (189,515 pos/s)
[2026-03-29T01:42:53.228] [INFO] [training:0]   Vectorized HalfKAv2 conversion (9,090 positions)...
[2026-03-29T01:42:53.386] [INFO] [training:0]   HalfKAv2 conversion: 0.2s (57,174 pos/s)
[2026-03-29T01:42:53.388] [INFO] [training:0]   Converting to tensors...
[2026-03-29T01:42:53.388] [INFO] [training:0] Phase distribution: Opening=998, Middlegame=3,603, Endgame=4,232
[2026-03-29T01:42:53.388] [INFO] [training:0]   [selfplay_gen5.bin] loaded: 8,833 positions
[2026-03-29T01:42:53.529] [INFO] [training:0] Loading positions from C:\Users\chris\pyproj\my_env\Projects\ChessEngine\x64\Release\assets\training_data_draws.bin...
[2026-03-29T01:42:53.529] [INFO] [training:0]   Total positions: 35,143,613 — using offset-cache fast path (avoids reading 1675 MB into RAM)
[2026-03-29T01:42:53.529] [INFO] [training:0] Scanning C:\Users\chris\pyproj\my_env\Projects\ChessEngine\x64\Release\assets\training_data_draws.bin for position offsets...
[2026-03-29T01:42:55.104] [INFO] [training:0]   Loaded cached index: 35,143,613 offsets (C:\Users\chris\pyproj\my_env\Projects\ChessEngine\x64\Release\assets\training_data_draws.bin.offidx)
[2026-03-29T01:42:58.606] [INFO] [training:0]   Sampled 90,000 from 35,143,613 positions (reservoir)
[2026-03-29T01:43:09.026] [INFO] [training:0]     Parsed 50,000/90,000 positions (8982 pos/s,
[2026-03-29T01:43:09.026] [INFO] [training:0]   Parsed 90,000 positions in 10.4s (8,664 pos/s)
[2026-03-29T01:43:09.027] [INFO] [training:0]   Vectorized HalfKAv2 conversion (90,000 positions)...
[2026-03-29T01:43:09.521] [INFO] [training:0]   HalfKAv2 conversion: 0.5s (181,869 pos/s)
[2026-03-29T01:43:09.522] [INFO] [training:0]   Converting to tensors...
[2026-03-29T01:43:09.522] [INFO] [training:0] Phase distribution: Opening=29,637, Middlegame=24,995, Endgame=35,368
[2026-03-29T01:43:09.523] [INFO] [training:0]   [training_data_draws.bin] loaded: 90,000 positions
[2026-03-29T01:43:09.744] [INFO] [training:0]   Train positions: 263,090
[2026-03-29T01:43:09.744] [INFO] [training:0]   Val positions:   29,232
[2026-03-29T01:43:10.014] [INFO] [training:0]   Phase-balanced samples: 309,396 (from 263,090 train)
[2026-03-29T01:47:10.939] [INFO] [training:0]   Ep 1 | Batch 129/129 (100%) | Loss: 0.183354
[2026-03-29T01:47:48.290] [INFO] [training:0] ----------------------------------------------------------------------
[2026-03-29T01:47:48.290] [INFO] [training:0]   Epoch    1/12 | Train: 0.183354 (rebalanced) | Val: 0.329299 * | LR: 0.000032 | Acc: 0.6282
[2026-03-29T01:47:48.290] [METRIC] [training:9] EPOCH epoch=1 train_loss=0.18335400 val_loss=0.32929900 lr=3.200000e-05 acc=0.6282
[2026-03-29T01:47:48.290] [INFO] [training:0]   Time: 4m01s | Elapsed: 4m01s | 1,096 pos/s
[2026-03-29T01:47:48.290] [INFO] [training:0]   Phase loss -> Opening: 0.347108  Middlegame: 0.323179  Endgame: 0.323513
[2026-03-29T01:47:49.808] [INFO] [training:0] Weights saved to C:\Users\chris\pyproj\my_env\Projects\ChessEngine\x64\Release\assets\nnue_weights.bin
[2026-03-29T01:47:52.080] [INFO] [training:0] Checkpoint saved to C:\Users\chris\pyproj\my_env\Projects\ChessEngine\x64\Release\assets\nnue_weights_checkpoint.pt
[2026-03-29T01:51:16.777] [INFO] [training:0]   Ep 2 | Batch 129/129 (100%) | Loss: 0.181238
[2026-03-29T01:51:40.453] [INFO] [training:0] ----------------------------------------------------------------------
[2026-03-29T01:51:40.453] [INFO] [training:0]   Epoch    2/12 | Train: 0.181238 (rebalanced) | Val: 0.328845 * | LR: 0.000065 | Acc: 0.6316
[2026-03-29T01:51:40.453] [METRIC] [training:9] EPOCH epoch=2 train_loss=0.18123800 val_loss=0.32884500 lr=6.500000e-05 acc=0.6316
[2026-03-29T01:51:40.453] [INFO] [training:0]   Time: 3m24s | Elapsed: 8m07s | 1,290 pos/s
[2026-03-29T01:51:40.453] [INFO] [training:0]   Phase loss -> Opening: 0.346414  Middlegame: 0.322062  Endgame: 0.323837
[2026-03-29T01:51:42.010] [INFO] [training:0] Weights saved to C:\Users\chris\pyproj\my_env\Projects\ChessEngine\x64\Release\assets\nnue_weights.bin
[2026-03-29T01:51:44.537] [INFO] [training:0] Checkpoint saved to C:\Users\chris\pyproj\my_env\Projects\ChessEngine\x64\Release\assets\nnue_weights_checkpoint.pt
[2026-03-29T01:54:51.268] [INFO] [training:0]   Ep 3 | Batch 129/129 (100%) | Loss: 0.178771
[2026-03-29T01:55:11.975] [INFO] [training:0] ----------------------------------------------------------------------
[2026-03-29T01:55:11.975] [INFO] [training:0]   Epoch    3/12 | Train: 0.178771 (rebalanced) | Val: 0.328220 * | LR: 0.000098 | Acc: 0.6304
[2026-03-29T01:55:11.975] [METRIC] [training:9] EPOCH epoch=3 train_loss=0.17877100 val_loss=0.32822000 lr=9.800000e-05 acc=0.6304
[2026-03-29T01:55:11.976] [INFO] [training:0]   Time: 3m06s | Elapsed: 11m41s | 1,414 pos/s
[2026-03-29T01:55:11.976] [INFO] [training:0]   Phase loss -> Opening: 0.346511  Middlegame: 0.321435  Endgame: 0.322747
[2026-03-29T01:55:13.177] [INFO] [training:0] Weights saved to C:\Users\chris\pyproj\my_env\Projects\ChessEngine\x64\Release\assets\nnue_weights.bin
[2026-03-29T01:55:15.276] [INFO] [training:0] Checkpoint saved to C:\Users\chris\pyproj\my_env\Projects\ChessEngine\x64\Release\assets\nnue_weights_checkpoint.pt
[2026-03-29T01:58:29.689] [INFO] [training:0]   Ep 4 | Batch 129/129 (100%) | Loss: 0.176491
[2026-03-29T01:58:49.592] [INFO] [training:0] ----------------------------------------------------------------------
[2026-03-29T01:58:49.592] [INFO] [training:0]   Epoch    4/12 | Train: 0.176491 (rebalanced) | Val: 0.326740 * | LR: 0.000098 | Acc: 0.6326
[2026-03-29T01:58:49.592] [METRIC] [training:9] EPOCH epoch=4 train_loss=0.17649100 val_loss=0.32674000 lr=9.800000e-05 acc=0.6326
[2026-03-29T01:58:49.592] [INFO] [training:0]   Time: 3m14s | Elapsed: 15m20s | 1,358 pos/s
[2026-03-29T01:58:49.592] [INFO] [training:0]   Phase loss -> Opening: 0.345789  Middlegame: 0.320024  Endgame: 0.320709
[2026-03-29T01:58:50.786] [INFO] [training:0] Weights saved to C:\Users\chris\pyproj\my_env\Projects\ChessEngine\x64\Release\assets\nnue_weights.bin
[2026-03-29T01:58:52.671] [INFO] [training:0] Checkpoint saved to C:\Users\chris\pyproj\my_env\Projects\ChessEngine\x64\Release\assets\nnue_weights_checkpoint.pt
[2026-03-29T03:01:43.809] [INFO] [training:0]   Ep 5 | Batch 129/129 (100%) | Loss: 0.174386
[2026-03-29T03:02:04.012] [INFO] [training:0] ----------------------------------------------------------------------
[2026-03-29T03:02:04.012] [INFO] [training:0]   Epoch    5/12 | Train: 0.174386 (rebalanced) | Val: 0.326437 * | LR: 0.000091 | Acc: 0.6337
[2026-03-29T03:02:04.012] [METRIC] [training:9] EPOCH epoch=5 train_loss=0.17438600 val_loss=0.32643700 lr=9.100000e-05 acc=0.6337
[2026-03-29T03:02:04.012] [INFO] [training:0]   Time: 2m51s | Elapsed: 18m34s | 1,542 pos/s
[2026-03-29T03:02:04.012] [INFO] [training:0]   Phase loss -> Opening: 0.345438  Middlegame: 0.319768  Endgame: 0.320394
[2026-03-29T03:02:05.214] [INFO] [training:0] Weights saved to C:\Users\chris\pyproj\my_env\Projects\ChessEngine\x64\Release\assets\nnue_weights.bin
[2026-03-29T03:02:07.533] [INFO] [training:0] Checkpoint saved to C:\Users\chris\pyproj\my_env\Projects\ChessEngine\x64\Release\assets\nnue_weights_checkpoint.pt
[2026-03-29T03:04:59.023] [INFO] [training:0]   Ep 6 | Batch 129/129 (100%) | Loss: 0.172827
[2026-03-29T03:05:19.283] [INFO] [training:0] ----------------------------------------------------------------------
[2026-03-29T03:05:19.283] [INFO] [training:0]   Epoch    6/12 | Train: 0.172827 (rebalanced) | Val: 0.325918 * | LR: 0.000081 | Acc: 0.6344
[2026-03-29T03:05:19.283] [METRIC] [training:9] EPOCH epoch=6 train_loss=0.17282700 val_loss=0.32591800 lr=8.100000e-05 acc=0.6344
[2026-03-29T03:05:19.283] [INFO] [training:0]   Time: 2m51s | Elapsed: 21m49s | 1,539 pos/s
[2026-03-29T03:05:19.283] [INFO] [training:0]   Phase loss -> Opening: 0.345287  Middlegame: 0.319161  Endgame: 0.319718
[2026-03-29T03:05:20.815] [INFO] [training:0] Weights saved to C:\Users\chris\pyproj\my_env\Projects\ChessEngine\x64\Release\assets\nnue_weights.bin
[2026-03-29T03:05:23.500] [INFO] [training:0] Checkpoint saved to C:\Users\chris\pyproj\my_env\Projects\ChessEngine\x64\Release\assets\nnue_weights_checkpoint.pt
[2026-03-29T03:08:13.636] [INFO] [training:0]   Ep 7 | Batch 129/129 (100%) | Loss: 0.171331
[2026-03-29T03:08:33.528] [INFO] [training:0] ----------------------------------------------------------------------
[2026-03-29T03:08:33.528] [INFO] [training:0]   Epoch    7/12 | Train: 0.171331 (rebalanced) | Val: 0.325726 * | LR: 0.000069 | Acc: 0.6381
[2026-03-29T03:08:33.528] [METRIC] [training:9] EPOCH epoch=7 train_loss=0.17133100 val_loss=0.32572600 lr=6.900000e-05 acc=0.6381
[2026-03-29T03:08:33.528] [INFO] [training:0]   Time: 2m50s | Elapsed: 25m03s | 1,551 pos/s
[2026-03-29T03:08:33.528] [INFO] [training:0]   Phase loss -> Opening: 0.345397  Middlegame: 0.318860  Endgame: 0.319435
[2026-03-29T03:08:34.863] [INFO] [training:0] Weights saved to C:\Users\chris\pyproj\my_env\Projects\ChessEngine\x64\Release\assets\nnue_weights.bin
[2026-03-29T03:08:36.943] [INFO] [training:0] Checkpoint saved to C:\Users\chris\pyproj\my_env\Projects\ChessEngine\x64\Release\assets\nnue_weights_checkpoint.pt
[2026-03-29T03:11:26.938] [INFO] [training:0]   Ep 8 | Batch 129/129 (100%) | Loss: 0.170342
[2026-03-29T03:11:46.680] [INFO] [training:0] ----------------------------------------------------------------------
[2026-03-29T03:11:46.680] [INFO] [training:0]   Epoch    8/12 | Train: 0.170342 (rebalanced) | Val: 0.326422 | LR: 0.000055 | Acc: 0.6367
[2026-03-29T03:11:46.681] [METRIC] [training:9] EPOCH epoch=8 train_loss=0.17034200 val_loss=0.32642200 lr=5.500000e-05 acc=0.6367
[2026-03-29T03:11:46.681] [INFO] [training:0]   Time: 2m50s | Elapsed: 28m17s | 1,553 pos/s [SWA]
[2026-03-29T03:11:46.681] [INFO] [training:0]   Phase loss -> Opening: 0.346211  Middlegame: 0.319426  Endgame: 0.320176
[2026-03-29T03:14:32.343] [INFO] [training:0]   Ep 9 | Batch 129/129 (100%) | Loss: 0.169395
[2026-03-29T03:14:52.568] [INFO] [training:0] ----------------------------------------------------------------------
[2026-03-29T03:14:52.568] [INFO] [training:0]   Epoch    9/12 | Train: 0.169395 (rebalanced) | Val: 0.325679 * | LR: 0.000041 | Acc: 0.6390
[2026-03-29T03:14:52.568] [METRIC] [training:9] EPOCH epoch=9 train_loss=0.16939500 val_loss=0.32567900 lr=4.100000e-05 acc=0.6390
[2026-03-29T03:14:52.569] [INFO] [training:0]   Time: 2m45s | Elapsed: 31m22s | 1,594 pos/s [SWA]
[2026-03-29T03:14:52.569] [INFO] [training:0]   Phase loss -> Opening: 0.345373  Middlegame: 0.318689  Endgame: 0.319490
[2026-03-29T03:14:52.569] [INFO] [training:0]   No improvement for 1/8 epochs
[2026-03-29T03:17:39.794] [INFO] [training:0]   Ep 10 | Batch 129/129 (100%) | Loss: 0.168814
[2026-03-29T03:17:59.512] [INFO] [training:0] ----------------------------------------------------------------------
[2026-03-29T03:17:59.512] [INFO] [training:0]   Epoch   10/12 | Train: 0.168814 (rebalanced) | Val: 0.325541 * | LR: 0.000029 | Acc: 0.6399
[2026-03-29T03:17:59.512] [METRIC] [training:9] EPOCH epoch=10 train_loss=0.16881400 val_loss=0.32554100 lr=2.900000e-05 acc=0.6399
[2026-03-29T03:17:59.512] [INFO] [training:0]   Time: 2m47s | Elapsed: 34m30s | 1,579 pos/s [SWA]
[2026-03-29T03:17:59.512] [INFO] [training:0]   Phase loss -> Opening: 0.345568  Middlegame: 0.318359  Endgame: 0.319317
[2026-03-29T03:17:59.513] [INFO] [training:0]   No improvement for 2/8 epochs
[2026-03-29T03:18:01.690] [INFO] [training:0] Progress graph saved to .\training progress\training_progress.png
[2026-03-29T03:18:02.836] [INFO] [training:0] Weights saved to C:\Users\chris\pyproj\my_env\Projects\ChessEngine\x64\Release\assets\nnue_weights.bin
[2026-03-29T03:18:05.365] [INFO] [training:0] Checkpoint saved to C:\Users\chris\pyproj\my_env\Projects\ChessEngine\x64\Release\assets\nnue_weights_checkpoint.pt
[2026-03-29T03:18:07.285] [INFO] [training:0] Weights saved to C:\Users\chris\pyproj\my_env\Projects\ChessEngine\x64\Release\assets\nnue_weights_checkpoint.bin
[2026-03-29T03:18:09.576] [INFO] [training:0] Checkpoint saved to C:\Users\chris\pyproj\my_env\Projects\ChessEngine\x64\Release\assets\nnue_weights_checkpoint.pt
[2026-03-29T03:21:01.394] [INFO] [training:0]   Ep 11 | Batch 129/129 (100%) | Loss: 0.168105
[2026-03-29T03:21:21.615] [INFO] [training:0] ----------------------------------------------------------------------
[2026-03-29T03:21:21.615] [INFO] [training:0]   Epoch   11/12 | Train: 0.168105 (rebalanced) | Val: 0.325404 * | LR: 0.000019 | Acc: 0.6404
[2026-03-29T03:21:21.615] [METRIC] [training:9] EPOCH epoch=11 train_loss=0.16810500 val_loss=0.32540400 lr=1.900000e-05 acc=0.6404
[2026-03-29T03:21:21.615] [INFO] [training:0]   Time: 2m51s | Elapsed: 37m51s | 1,537 pos/s [SWA]
[2026-03-29T03:21:21.615] [INFO] [training:0]   Phase loss -> Opening: 0.345483  Middlegame: 0.318177  Endgame: 0.319186
[2026-03-29T03:21:22.853] [INFO] [training:0] Weights saved to C:\Users\chris\pyproj\my_env\Projects\ChessEngine\x64\Release\assets\nnue_weights.bin
[2026-03-29T03:21:24.816] [INFO] [training:0] Checkpoint saved to C:\Users\chris\pyproj\my_env\Projects\ChessEngine\x64\Release\assets\nnue_weights_checkpoint.pt
[2026-03-29T03:24:12.346] [INFO] [training:0]   Ep 12 | Batch 129/129 (100%) | Loss: 0.167800
[2026-03-29T03:24:32.312] [INFO] [training:0] ----------------------------------------------------------------------
[2026-03-29T03:24:32.312] [INFO] [training:0]   Epoch   12/12 | Train: 0.167800 (rebalanced) | Val: 0.325498 | LR: 0.000012 | Acc: 0.6409
[2026-03-29T03:24:32.312] [METRIC] [training:9] EPOCH epoch=12 train_loss=0.16780000 val_loss=0.32549800 lr=1.200000e-05 acc=0.6409
[2026-03-29T03:24:32.312] [INFO] [training:0]   Time: 2m47s | Elapsed: 41m02s | 1,576 pos/s [SWA]
[2026-03-29T03:24:32.312] [INFO] [training:0]   Phase loss -> Opening: 0.345379  Middlegame: 0.318278  Endgame: 0.319402
[2026-03-29T03:24:32.313] [INFO] [training:0] Applying SWA averaged weights (5 snapshots)...
[2026-03-29T03:24:32.345] [INFO] [training:0]   SWA: Applied averaged weights (5 snapshots)
[2026-03-29T03:24:33.584] [INFO] [training:0] Weights saved to C:\Users\chris\pyproj\my_env\Projects\ChessEngine\x64\Release\assets\nnue_weights_swa.bin
[2026-03-29T03:24:33.584] [INFO] [training:0]   SWA weights saved to C:\Users\chris\pyproj\my_env\Projects\ChessEngine\x64\Release\assets\nnue_weights_swa.bin
[2026-03-29T03:24:33.584] [INFO] [training:0]   Best validation weights remain at C:\Users\chris\pyproj\my_env\Projects\ChessEngine\x64\Release\assets\nnue_weights.bin
[2026-03-29T03:24:33.584] [INFO] [training:0] ============================================================
[2026-03-29T03:24:33.584] [INFO] [training:0] Training complete!
[2026-03-29T03:24:33.584] [INFO] [training:0]   Total time:  41m23s
[2026-03-29T03:24:33.584] [INFO] [training:0]   Best loss:   0.325404
[2026-03-29T03:24:33.584] [INFO] [training:0]   Weights:     C:\Users\chris\pyproj\my_env\Projects\ChessEngine\x64\Release\assets\nnue_weights.bin
[2026-03-29T03:24:33.584] [INFO] [training:0]   SWA applied: Yes (5 snapshots averaged)
[2026-03-29T03:24:33.584] [INFO] [training:0] ============================================================
[2026-03-29T03:24:34.735] [INFO] [training:0] Progress graph saved to .\training progress\training_progress.png
[2026-03-29T03:24:38.726] [EVENT] [training:9] PHASE_END success=true elapsed_sec=2532.0
[2026-03-29T03:24:38.870] [INFO] [training:0]   SWA weights archived to nnue_weights_swa_gen9.bin
[2026-03-29T03:24:38.871] [EVENT] [swa_match:9] PHASE_START games=100
[2026-03-29T03:24:38.871] [INFO] [swa_match:0] [SWA] Running best-of-two: Best-Val vs SWA (100 games)
[2026-03-29T03:24:38.871] [CMD] [swa_match:0] [CMD] py -3 "C:\Users\chris\pyproj\my_env\Projects\ChessEngine\x64\Release\assets\swa_match.py" "C:\Users\chris\pyproj\my_env\Projects\ChessEngine\x64\Release\ChessEngine.exe" "C:\Users\chris\pyproj\my_env\Projects\ChessEngine\x64\Release\assets\nnue_weights_swa_gen9.bin" "C:\Users\chris\pyproj\my_env\Projects\ChessEngine\x64\Release\assets\nnue_weights_gen9.bin" 100 8
[2026-03-29T03:24:54.057] [INFO] [swa_match:0] [SWA] 10/100: +3 =6 -1
[2026-03-29T03:25:07.884] [INFO] [swa_match:0] [SWA] 20/100: +8 =9 -3
[2026-03-29T03:25:21.945] [INFO] [swa_match:0] [SWA] 30/100: +12 =14 -4
[2026-03-29T03:25:35.559] [INFO] [swa_match:0] [SWA] 40/100: +16 =16 -8
[2026-03-29T03:25:48.623] [INFO] [swa_match:0] [SWA] 50/100: +21 =21 -8
[2026-03-29T03:26:01.958] [INFO] [swa_match:0] [SWA] 60/100: +24 =27 -9
[2026-03-29T03:26:15.777] [INFO] [swa_match:0] [SWA] 70/100: +29 =30 -11
[2026-03-29T03:26:30.180] [INFO] [swa_match:0] [SWA] 80/100: +33 =35 -12
[2026-03-29T03:26:43.792] [INFO] [swa_match:0] [SWA] 90/100: +37 =37 -16
[2026-03-29T03:26:56.584] [INFO] [swa_match:0] [SWA] 100/100: +42 =42 -16
[2026-03-29T03:26:56.584] [INFO] [swa_match:0] [SWA] Final: +42 =42 -16 SWA_ELO: 92
[2026-03-29T03:26:56.607] [EVENT] [swa_match:9] PHASE_END success=true elapsed_sec=137.0
[2026-03-29T03:26:56.607] [METRIC] [swa:9] ELO_RESULT elo=+92 wins=0 draws=0 losses=0
[2026-03-29T03:26:56.607] [INFO] [swa_match:0] [SWA] SWA wins by +92 ELO â€” promoting SWA weights for gen 9
[2026-03-29T03:26:56.702] [EVENT] [pipeline:9] GEN_SUMMARY gen=9 train_loss=0.16780000 val_loss=0.32549800 elo=+0 elapsed_sec=0.0
[2026-03-29T03:26:57.991] [INFO] [swa_match:1] --- Generation 10 ---
[2026-03-29T03:26:57.993] [EVENT] [selfplay:10] PHASE_START games=2000 depth=8 workers=12
[2026-03-29T03:26:57.993] [CMD] [selfplay:1] [CMD] "C:\Users\chris\pyproj\my_env\Projects\ChessEngine\x64\Release\ChessEngine.exe" --generate --games 2000 --depth 8 --mixed-depth-ratio 0.200000 --mixed-depth-low 5 --workers 12 --output "C:\Users\chris\pyproj\my_env\Projects\ChessEngine\x64\Release\assets\selfplay_gen10.bin" --weights "C:\Users\chris\pyproj\my_env\Projects\ChessEngine\x64\Release\assets\nnue_weights_gen9.bin" --openings "C:\Users\chris\pyproj\my_env\Projects\ChessEngine\x64\Release\assets\openings.txt" --game-time-limit 720 --resigncp 500 --contempt 20 --maxplies 250 --drawcp 0
[2026-03-29T03:26:58.551] [INFO] [selfplay:1] [SelfPlay] Loaded 2000 opening positions from C:\Users\chris\pyproj\my_env\Projects\ChessEngine\x64\Release\assets\openings.txt
[2026-03-29T03:26:58.554] [INFO] [selfplay:1] [SelfPlay] Starting 2000 games  depth=8  movetime=0ms  workers=12  output=C:\Users\chris\pyproj\my_env\Projects\ChessEngine\x64\Release\assets\selfplay_gen10.bin  openings=2000  contempt=20  openingTemp=1.5  softmaxPlies=8  softmaxTemp=0.5  recordMinPly=10  mixedDepth=5/8 (20%/80%)
[2026-03-29T03:27:04.500] [INFO] [selfplay:1] [SelfPlay] 1/2000 (0%)  pos=59  W/D/B=0/0/1  (0%/0%/100%)  d5/d8  0.2 games/s (avg 0.2)  63.0K nps  ETA 03:14:11       
[2026-03-29T03:27:07.916] [INFO] [selfplay:1] [SelfPlay] 2/2000 (0%)  pos=165  W/D/B=1/0/1  (50%/0%/50%)  d5/d8  1.4 games/s (avg 0.3)  133.1K nps  ETA 01:38:58     
[2026-03-29T03:27:10.271] [INFO] [selfplay:1] [SelfPlay] 3/2000 (0%)  pos=321  W/D/B=2/0/1  (66%/0%/33%)  d5/d8  1.2 games/s (avg 0.3)  153.9K nps  ETA 01:43:52     
[2026-03-29T03:27:12.885] [INFO] [selfplay:1] [SelfPlay] 4/2000 (0%)  pos=463  W/D/B=2/0/2  (50%/0%/50%)  d5/d8  1.1 games/s (avg 0.3)  162.6K nps  ETA 01:37:25     
[2026-03-29T03:27:14.972] [INFO] [selfplay:1] [SelfPlay] 5/2000 (0%)  pos=550  W/D/B=3/0/2  (60%/0%/40%)  d5/d8  1.0 games/s (avg 0.3)  157.8K nps  ETA 01:35:17     
[2026-03-29T03:27:37.686] [INFO] [selfplay:1] [SelfPlay] 6/2000 (0%)  pos=581  W/D/B=3/0/3  (50%/0%/50%)  d5/d8  0.9 games/s (avg 0.4)  154.1K nps  ETA 01:30:34     
[2026-03-29T03:27:42.425] [INFO] [selfplay:1] [SelfPlay] 7/2000 (0%)  pos=622  W/D/B=3/1/3  (42%/14%/42%)  d5/d8  0.9 games/s (avg 0.2)  265.6K nps  ETA 03:05:38    
[2026-03-29T03:28:16.395] [INFO] [selfplay:1] [SelfPlay] 8/2000 (0%)  pos=643  W/D/B=3/1/4  (37%/12%/50%)  d5/d8  0.8 games/s (avg 0.2)  308.9K nps  ETA 03:01:30    
[2026-03-29T03:28:17.816] [INFO] [selfplay:1] [SelfPlay] 9/2000 (0%)  pos=733  W/D/B=3/1/5  (33%/11%/55%)  d5/d8  0.7 games/s (avg 0.1)  443.7K nps  ETA 04:46:58    
[2026-03-29T03:28:25.011] [INFO] [selfplay:1] [SelfPlay] 10/2000 (0%)  pos=829  W/D/B=4/1/5  (40%/10%/50%)  d5/d8  0.7 games/s (avg 0.1)  597.3K nps  ETA 04:22:46   
[2026-03-29T03:28:27.665] [INFO] [selfplay:1] [SelfPlay] 11/2000 (0%)  pos=932  W/D/B=5/1/5  (45%/9%/45%)  d5/d8  0.6 games/s (avg 0.1)  482.3K nps  ETA 04:20:30    
[2026-03-29T03:28:29.418] [INFO] [selfplay:1] [SelfPlay] 12/2000 (0%)  pos=1072  W/D/B=5/1/6  (41%/8%/50%)  d5/d8  0.6 games/s (avg 0.1)  464.7K nps  ETA 04:06:02   
[2026-03-29T03:28:31.532] [INFO] [selfplay:1] [SelfPlay] 13/2000 (0%)  pos=1144  W/D/B=5/2/6  (38%/15%/46%)  d5/d8  0.6 games/s (avg 0.1)  554.8K nps  ETA 03:51:26  
[2026-03-29T03:28:32.406] [INFO] [selfplay:1] [SelfPlay] 14/2000 (0%)  pos=1180  W/D/B=5/2/7  (35%/14%/50%)  d5/d8  0.6 games/s (avg 0.2)  604.5K nps  ETA 03:39:48  
[2026-03-29T03:28:33.963] [INFO] [selfplay:1] [SelfPlay] 15/2000 (0%)  pos=1302  W/D/B=5/3/7  (33%/20%/46%)  d5/d8  0.6 games/s (avg 0.2)  725.4K nps  ETA 03:26:58  
[2026-03-29T03:28:34.003] [INFO] [selfplay:1] [SelfPlay] 16/2000 (0%)  pos=1340  W/D/B=5/3/8  (31%/18%/50%)  d5/d8  0.6 games/s (avg 0.2)  763.8K nps  ETA 03:17:11  
[2026-03-29T03:28:43.713] [INFO] [selfplay:1] [SelfPlay] 17/2000 (0%)  pos=1414  W/D/B=5/3/9  (29%/17%/52%)  d5/d8  4.3 games/s (avg 0.2)  771.1K nps  ETA 03:05:24  
[2026-03-29T03:28:44.717] [INFO] [selfplay:1] [SelfPlay] 18/2000 (0%)  pos=1582  W/D/B=6/3/9  (33%/16%/50%)  d5/d8  4.0 games/s (avg 0.2)  917.7K nps  ETA 03:12:58  
[2026-03-29T03:28:51.167] [INFO] [selfplay:1] [SelfPlay] 19/2000 (0%)  pos=1652  W/D/B=6/3/10  (31%/15%/52%)  d5/d8  3.6 games/s (avg 0.2)  1.0M nps  ETA 03:04:23   
[2026-03-29T03:28:52.033] [INFO] [selfplay:1] [SelfPlay] 20/2000 (1%)  pos=1728  W/D/B=7/3/10  (35%/15%/50%)  d5/d8  3.3 games/s (avg 0.2)  1.2M nps  ETA 03:05:47   
[2026-03-29T03:28:54.577] [INFO] [selfplay:1] [SelfPlay] 21/2000 (1%)  pos=1780  W/D/B=7/4/10  (33%/19%/47%)  d5/d8  3.0 games/s (avg 0.2)  1.2M nps  ETA 02:58:11   
[2026-03-29T03:28:59.382] [INFO] [selfplay:1] [SelfPlay] 22/2000 (1%)  pos=1832  W/D/B=7/5/10  (31%/22%/45%)  d5/d8  2.6 games/s (avg 0.2)  1.1M nps  ETA 02:53:47   
[2026-03-29T03:29:37.428] [INFO] [selfplay:1] [SelfPlay] 23/2000 (1%)  pos=1908  W/D/B=7/5/11  (30%/21%/47%)  d5/d8  2.4 games/s (avg 0.2)  1.2M nps  ETA 02:52:28   
[2026-03-29T03:29:41.262] [INFO] [selfplay:1] [SelfPlay] 24/2000 (1%)  pos=2024  W/D/B=7/5/12  (29%/20%/50%)  d5/d8  2.2 games/s (avg 0.2)  1.3M nps  ETA 03:37:56   
[2026-03-29T03:29:44.952] [INFO] [selfplay:1] [SelfPlay] 25/2000 (1%)  pos=2114  W/D/B=7/5/13  (28%/20%/52%)  d5/d8  1.9 games/s (avg 0.2)  1.3M nps  ETA 03:34:10   
[2026-03-29T03:29:46.773] [INFO] [selfplay:1] [SelfPlay] 26/2000 (1%)  pos=2206  W/D/B=7/5/14  (26%/19%/53%)  d5/d8  1.7 games/s (avg 0.2)  1.2M nps  ETA 03:30:31   
[2026-03-29T03:29:49.623] [INFO] [selfplay:1] [SelfPlay] 27/2000 (1%)  pos=2273  W/D/B=7/6/14  (25%/22%/51%)  d5/d8  1.5 games/s (avg 0.2)  1.3M nps  ETA 03:24:49   
[2026-03-29T03:29:57.204] [INFO] [selfplay:1] [SelfPlay] 28/2000 (1%)  pos=2342  W/D/B=7/6/15  (25%/21%/53%)  d5/d8  1.3 games/s (avg 0.2)  1.3M nps  ETA 03:20:41   
[2026-03-29T03:29:57.512] [INFO] [selfplay:1] [SelfPlay] 29/2000 (1%)  pos=2471  W/D/B=7/6/16  (24%/20%/55%)  d5/d8  1.2 games/s (avg 0.2)  1.4M nps  ETA 03:22:22   
[2026-03-29T03:30:02.406] [INFO] [selfplay:1] [SelfPlay] 30/2000 (1%)  pos=2681  W/D/B=8/6/16  (26%/20%/53%)  d5/d8  1.5 games/s (avg 0.2)  1.4M nps  ETA 03:15:46   
[2026-03-29T03:30:09.508] [INFO] [selfplay:1] [SelfPlay] 31/2000 (1%)  pos=2765  W/D/B=8/6/17  (25%/19%/54%)  d5/d8  1.3 games/s (avg 0.2)  1.3M nps  ETA 03:14:30   
[2026-03-29T03:30:25.250] [INFO] [selfplay:1] [SelfPlay] 32/2000 (1%)  pos=2852  W/D/B=9/6/17  (28%/18%/53%)  d5/d8  1.2 games/s (avg 0.2)  1.2M nps  ETA 03:15:27   
[2026-03-29T03:30:30.350] [INFO] [selfplay:1] [SelfPlay] 33/2000 (1%)  pos=2915  W/D/B=9/6/18  (27%/18%/54%)  d5/d8  1.1 games/s (avg 0.2)  1.3M nps  ETA 03:25:15   
[2026-03-29T03:30:32.418] [INFO] [selfplay:1] [SelfPlay] 34/2000 (1%)  pos=3002  W/D/B=9/6/19  (26%/17%/55%)  d5/d8  0.9 games/s (avg 0.2)  1.3M nps  ETA 03:24:04   
[2026-03-29T03:30:38.477] [INFO] [selfplay:1] [SelfPlay] 35/2000 (1%)  pos=3046  W/D/B=10/6/19  (28%/17%/54%)  d5/d8  0.9 games/s (avg 0.2)  1.3M nps  ETA 03:20:01  
[2026-03-29T03:30:40.674] [INFO] [selfplay:1] [SelfPlay] 36/2000 (1%)  pos=3141  W/D/B=11/6/19  (30%/16%/52%)  d5/d8  0.8 games/s (avg 0.2)  1.2M nps  ETA 03:19:55  
[2026-03-29T03:30:41.949] [INFO] [selfplay:1] [SelfPlay] 37/2000 (1%)  pos=3218  W/D/B=11/6/20  (29%/16%/54%)  d5/d8  0.7 games/s (avg 0.2)  1.3M nps  ETA 03:16:23  
[2026-03-29T03:30:47.747] [INFO] [selfplay:1] [SelfPlay] 38/2000 (1%)  pos=3351  W/D/B=11/7/20  (28%/18%/52%)  d5/d8  0.7 games/s (avg 0.2)  1.4M nps  ETA 03:12:08  
[2026-03-29T03:30:47.990] [INFO] [selfplay:1] [SelfPlay] 39/2000 (1%)  pos=3406  W/D/B=11/7/21  (28%/17%/53%)  d5/d8  0.6 games/s (avg 0.2)  1.3M nps  ETA 03:12:04  
[2026-03-29T03:30:49.902] [INFO] [selfplay:1] [SelfPlay] 40/2000 (2%)  pos=3433  W/D/B=11/7/22  (27%/17%/55%)  d5/d8  1.2 games/s (avg 0.2)  1.3M nps  ETA 03:07:20  
[2026-03-29T03:30:50.761] [INFO] [selfplay:1] [SelfPlay] 41/2000 (2%)  pos=3673  W/D/B=11/8/22  (26%/19%/53%)  d5/d8  1.1 games/s (avg 0.2)  1.3M nps  ETA 03:04:13  
[2026-03-29T03:31:14.296] [INFO] [selfplay:1] [SelfPlay] 42/2000 (2%)  pos=3868  W/D/B=11/8/23  (26%/19%/54%)  d5/d8  1.1 games/s (avg 0.2)  1.4M nps  ETA 03:00:02  
[2026-03-29T03:31:16.676] [INFO] [selfplay:1] [SelfPlay] 43/2000 (2%)  pos=3987  W/D/B=12/8/23  (27%/18%/53%)  d5/d8  1.0 games/s (avg 0.2)  1.4M nps  ETA 03:13:56  
[2026-03-29T03:31:25.169] [INFO] [selfplay:1] [SelfPlay] 44/2000 (2%)  pos=4084  W/D/B=12/8/24  (27%/18%/54%)  d5/d8  0.9 games/s (avg 0.2)  1.5M nps  ETA 03:11:06  
[2026-03-29T03:31:42.909] [INFO] [selfplay:1] [SelfPlay] 45/2000 (2%)  pos=4149  W/D/B=13/8/24  (28%/17%/53%)  d5/d8  0.8 games/s (avg 0.2)  1.4M nps  ETA 03:12:45  
[2026-03-29T03:31:48.123] [INFO] [selfplay:1] [SelfPlay] 46/2000 (2%)  pos=4210  W/D/B=13/8/25  (28%/17%/54%)  d5/d8  0.7 games/s (avg 0.2)  1.4M nps  ETA 03:21:14  
[2026-03-29T03:31:55.014] [INFO] [selfplay:1] [SelfPlay] 47/2000 (2%)  pos=4258  W/D/B=13/9/25  (27%/19%/53%)  d5/d8  0.7 games/s (avg 0.2)  1.3M nps  ETA 03:20:25  
[2026-03-29T03:32:03.397] [INFO] [selfplay:1] [SelfPlay] 48/2000 (2%)  pos=4338  W/D/B=13/9/26  (27%/18%/54%)  d5/d8  0.6 games/s (avg 0.2)  1.3M nps  ETA 03:20:48  
[2026-03-29T03:32:08.714] [INFO] [selfplay:1] [SelfPlay] 49/2000 (2%)  pos=4394  W/D/B=14/9/26  (28%/18%/53%)  d5/d8  0.5 games/s (avg 0.2)  1.3M nps  ETA 03:22:11  
[2026-03-29T03:32:09.153] [INFO] [selfplay:1] [SelfPlay] 50/2000 (2%)  pos=4445  W/D/B=14/10/26  (28%/20%/52%)  d5/d8  0.5 games/s (avg 0.2)  1.2M nps  ETA 03:21:36 
[2026-03-29T03:32:18.269] [INFO] [selfplay:1] [SelfPlay] 51/2000 (2%)  pos=4539  W/D/B=14/11/26  (27%/21%/50%)  d5/d8  0.7 games/s (avg 0.2)  1.2M nps  ETA 03:17:40 
[2026-03-29T03:32:21.082] [INFO] [selfplay:1] [SelfPlay] 52/2000 (2%)  pos=4594  W/D/B=14/12/26  (26%/23%/50%)  d5/d8  0.6 games/s (avg 0.2)  1.2M nps  ETA 03:19:34 
[2026-03-29T03:32:21.821] [INFO] [selfplay:1] [SelfPlay] 53/2000 (2%)  pos=4638  W/D/B=14/12/27  (26%/22%/50%)  d5/d8  0.6 games/s (avg 0.2)  1.2M nps  ETA 03:17:27 
[2026-03-29T03:32:26.153] [INFO] [selfplay:1] [SelfPlay] 54/2000 (2%)  pos=4798  W/D/B=14/13/27  (25%/24%/50%)  d5/d8  0.7 games/s (avg 0.2)  1.3M nps  ETA 03:14:05 
[2026-03-29T03:32:27.389] [INFO] [selfplay:1] [SelfPlay] 55/2000 (2%)  pos=4848  W/D/B=15/13/27  (27%/23%/49%)  d5/d8  0.6 games/s (avg 0.2)  1.2M nps  ETA 03:13:04 
[2026-03-29T03:32:34.895] [INFO] [selfplay:1] [SelfPlay] 56/2000 (2%)  pos=4941  W/D/B=16/13/27  (28%/23%/48%)  d5/d8  0.7 games/s (avg 0.2)  1.2M nps  ETA 03:10:07 
[2026-03-29T03:32:40.248] [INFO] [selfplay:1] [SelfPlay] 57/2000 (2%)  pos=5054  W/D/B=16/13/28  (28%/22%/49%)  d5/d8  0.6 games/s (avg 0.2)  1.2M nps  ETA 03:11:00 
[2026-03-29T03:32:59.556] [INFO] [selfplay:1] [SelfPlay] 58/2000 (2%)  pos=5113  W/D/B=17/13/28  (29%/22%/48%)  d5/d8  0.5 games/s (avg 0.2)  1.2M nps  ETA 03:10:21 
[2026-03-29T03:33:18.549] [INFO] [selfplay:1] [SelfPlay] 59/2000 (2%)  pos=5193  W/D/B=17/13/29  (28%/22%/49%)  d5/d8  0.5 games/s (avg 0.2)  1.2M nps  ETA 03:17:37 
[2026-03-29T03:33:18.935] [INFO] [selfplay:1] [SelfPlay] 60/2000 (3%)  pos=5256  W/D/B=17/13/30  (28%/21%/50%)  d5/d8  0.4 games/s (avg 0.2)  1.1M nps  ETA 03:24:45 
[2026-03-29T03:33:29.770] [INFO] [selfplay:1] [SelfPlay] 61/2000 (3%)  pos=5292  W/D/B=17/14/30  (27%/22%/49%)  d5/d8  0.7 games/s (avg 0.2)  1.1M nps  ETA 03:21:20 
[2026-03-29T03:33:30.011] [INFO] [selfplay:1] [SelfPlay] 62/2000 (3%)  pos=5449  W/D/B=18/14/30  (29%/22%/48%)  d5/d8  0.6 games/s (avg 0.2)  1.1M nps  ETA 03:23:48 
[2026-03-29T03:33:32.618] [INFO] [selfplay:1] [SelfPlay] 63/2000 (3%)  pos=5525  W/D/B=18/14/31  (28%/22%/49%)  d5/d8  1.2 games/s (avg 0.2)  1.1M nps  ETA 03:20:32 
[2026-03-29T03:33:37.959] [INFO] [selfplay:1] [SelfPlay] 64/2000 (3%)  pos=5582  W/D/B=18/14/32  (28%/21%/50%)  d5/d8  1.1 games/s (avg 0.2)  1.1M nps  ETA 03:18:35 
[2026-03-29T03:33:47.755] [INFO] [selfplay:1] [SelfPlay] 65/2000 (3%)  pos=5750  W/D/B=19/14/32  (29%/21%/49%)  d5/d8  0.9 games/s (avg 0.2)  1.2M nps  ETA 03:18:00 
[2026-03-29T03:33:57.055] [INFO] [selfplay:1] [SelfPlay] 66/2000 (3%)  pos=5816  W/D/B=19/14/33  (28%/21%/50%)  d5/d8  0.8 games/s (avg 0.2)  1.1M nps  ETA 03:19:41 
[2026-03-29T03:33:59.346] [INFO] [selfplay:1] [SelfPlay] 67/2000 (3%)  pos=5943  W/D/B=19/14/34  (28%/20%/50%)  d5/d8  0.7 games/s (avg 0.2)  1.1M nps  ETA 03:21:12 
[2026-03-29T03:33:59.993] [INFO] [selfplay:1] [SelfPlay] 68/2000 (3%)  pos=6055  W/D/B=19/14/35  (27%/20%/51%)  d5/d8  0.7 games/s (avg 0.2)  1.1M nps  ETA 03:19:14 
[2026-03-29T03:34:02.468] [INFO] [selfplay:1] [SelfPlay] 69/2000 (3%)  pos=6084  W/D/B=20/14/35  (28%/20%/50%)  d5/d8  0.8 games/s (avg 0.2)  1.1M nps  ETA 03:16:32 
[2026-03-29T03:34:05.713] [INFO] [selfplay:1] [SelfPlay] 70/2000 (3%)  pos=6202  W/D/B=20/14/36  (28%/20%/51%)  d5/d8  0.7 games/s (avg 0.2)  1.1M nps  ETA 03:14:44 
[2026-03-29T03:34:08.725] [INFO] [selfplay:1] [SelfPlay] 71/2000 (3%)  pos=6274  W/D/B=20/14/37  (28%/19%/52%)  d5/d8  0.7 games/s (avg 0.2)  1.1M nps  ETA 03:13:22 
[2026-03-29T03:34:09.984] [INFO] [selfplay:1] [SelfPlay] 72/2000 (3%)  pos=6357  W/D/B=21/14/37  (29%/19%/51%)  d5/d8  0.6 games/s (avg 0.2)  1.1M nps  ETA 03:11:58 
[2026-03-29T03:34:30.859] [INFO] [selfplay:1] [SelfPlay] 73/2000 (3%)  pos=6421  W/D/B=22/14/37  (30%/19%/50%)  d5/d8  0.6 games/s (avg 0.2)  1.1M nps  ETA 03:09:29 
[2026-03-29T03:34:30.859] [INFO] [selfplay:1] [INFO] Process terminated -- pipeline stopped by user.
[2026-03-29T03:34:30.859] [EVENT] [selfplay:10] PHASE_END success=false elapsed_sec=452.0
[2026-03-29T03:34:30.859] [ERROR] [selfplay:1] [ERR] Self-play failed gen 10
[2026-03-29T03:34:30.859] [INFO] [selfplay:1] === Pipeline stopped ===
[2026-03-29T03:34:30.859] [EVENT] [pipeline:0] PIPELINE_END stopped=true total_elapsed_sec=9688.0 completed_gens=1
# â”€â”€ END OF LOG â”€â”€ 2026-03-29T03:34:30.859
