# NNUE Training Runner - Structured Log
# Format: [TIMESTAMP] [LEVEL] [PHASE:GEN] message
# Structured events use KEY=VALUE pairs after the tag
# Levels: INFO, WARN, ERROR, EVENT, METRIC, CONFIG, CMD
# Generated: 2026-03-28T07:20:52.869
#
# â”€â”€ HOW TO READ THIS LOG â”€â”€
# Lines starting with [EVENT] mark pipeline milestones (start/stop/phase transitions)
# Lines starting with [METRIC] contain numeric training data points
# Lines starting with [ERROR] or [WARN] flag issues to investigate
# Lines starting with [CONFIG] dump the full configuration used
# Lines starting with [CMD] show exact command lines executed
# Lines starting with [INFO] are general informational messages
#
[2026-03-28T07:20:52.870] [INFO] [selfplay:0] [LOG] Writing structured log to: C:\Users\chris\pyproj\my_env\Projects\ChessEngine\x64\Release\assets\logs\training_run_20260328_072052.log
[2026-03-28T07:20:52.870] [EVENT] [pipeline:0] PIPELINE_START first_gen=9 last_gen=20 total_gens=12
[2026-03-28T07:20:52.870] [CONFIG] [pipeline:0] generations=12 startGen=8 gamesPerGen=1000 epochsPerGen=12 batchSize=2048 lr=0.0002 weightDecay=0.0015 dropout=0.2 labelSmooth=0.01 gradAccum=4 warmupSteps=100 drawWeight=0.3 mateBoost=10 splRatio=0.25 frcMix=0 replayWindow=4 replayDecay=0.7 workers=12 depth=7 mixedDepthLow=4 mixedDepthRatio=0.2 maxPositions=200000 earlyStop=8 cosineLr=true cosineT0=0 swa=true swaStart=8 drawPct=30 wdlAlpha=0.3 wdlDrawElo=50 eloValidate=false eloGames=100 swaGames=100 overfitDetect=true resignCp=500 contemptCp=20 maxPlies=250 drawCp=0 exeName=ChessEngine.exe pyScript=train_nnue.py dataDir=assets
[2026-03-28T07:20:52.870] [INFO] [selfplay:0] --- Generation 9 ---
[2026-03-28T07:20:52.871] [EVENT] [selfplay:9] PHASE_START games=1000 depth=7 workers=12
[2026-03-28T07:20:52.871] [CMD] [selfplay:0] [CMD] "C:\Users\chris\pyproj\my_env\Projects\ChessEngine\x64\Release\ChessEngine.exe" --generate --games 1000 --depth 7 --mixed-depth-ratio 0.200000 --mixed-depth-low 4 --workers 12 --output "C:\Users\chris\pyproj\my_env\Projects\ChessEngine\x64\Release\assets\selfplay_gen9.bin" --weights "C:\Users\chris\pyproj\my_env\Projects\ChessEngine\x64\Release\assets\nnue_weights_gen8.bin" --openings "C:\Users\chris\pyproj\my_env\Projects\ChessEngine\x64\Release\assets\openings.txt" --game-time-limit 480 --resigncp 500 --contempt 20 --maxplies 250 --drawcp 0
[2026-03-28T07:20:53.459] [INFO] [selfplay:0] [SelfPlay] Loaded 2000 opening positions from C:\Users\chris\pyproj\my_env\Projects\ChessEngine\x64\Release\assets\openings.txt
[2026-03-28T07:20:53.459] [INFO] [selfplay:0] [SelfPlay] Starting 1000 games  depth=7  movetime=0ms  workers=12  output=C:\Users\chris\pyproj\my_env\Projects\ChessEngine\x64\Release\assets\selfplay_gen9.bin  openings=2000  contempt=20  openingTemp=1.5  softmaxPlies=8  softmaxTemp=0.5  recordMinPly=10  mixedDepth=4/7 (20%/80%)
[2026-03-28T07:20:58.778] [INFO] [selfplay:0] [SelfPlay] 1/1000 (0%)  pos=57  W/D/B=0/0/1  (0%/0%/100%)  d4/d7  0.2 games/s (avg 0.2)  45.4K nps  ETA 01:20:49       
[2026-03-28T07:20:58.850] [INFO] [selfplay:0] [SelfPlay] 2/1000 (0%)  pos=121  W/D/B=1/0/1  (50%/0%/50%)  d4/d7  0.5 games/s (avg 0.4)  86.9K nps  ETA 00:44:13      
[2026-03-28T07:21:00.344] [INFO] [selfplay:0] [SelfPlay] 3/1000 (0%)  pos=122  W/D/B=2/0/1  (66%/0%/33%)  d4/d7  2.5 games/s (avg 0.6)  86.4K nps  ETA 00:29:50      
[2026-03-28T07:21:01.710] [INFO] [selfplay:0] [SelfPlay] 4/1000 (0%)  pos=293  W/D/B=2/1/1  (50%/25%/25%)  d4/d7  2.2 games/s (avg 0.6)  113.7K nps  ETA 00:28:32    
[2026-03-28T07:21:04.035] [INFO] [selfplay:0] [SelfPlay] 5/1000 (0%)  pos=383  W/D/B=2/2/1  (40%/40%/20%)  d4/d7  2.0 games/s (avg 0.6)  114.5K nps  ETA 00:27:19    
[2026-03-28T07:21:06.078] [INFO] [selfplay:0] [SelfPlay] 6/1000 (0%)  pos=528  W/D/B=3/2/1  (50%/33%/16%)  d4/d7  1.8 games/s (avg 0.6)  113.9K nps  ETA 00:29:10    
[2026-03-28T07:21:11.727] [INFO] [selfplay:0] [SelfPlay] 7/1000 (0%)  pos=608  W/D/B=3/3/1  (42%/42%/14%)  d4/d7  1.6 games/s (avg 0.6)  117.5K nps  ETA 00:29:44    
[2026-03-28T07:21:18.959] [INFO] [selfplay:0] [SelfPlay] 8/1000 (0%)  pos=645  W/D/B=3/4/1  (37%/50%/12%)  d4/d7  1.4 games/s (avg 0.4)  124.7K nps  ETA 00:37:38    
[2026-03-28T07:21:21.143] [INFO] [selfplay:0] [SelfPlay] 9/1000 (0%)  pos=708  W/D/B=3/4/2  (33%/44%/22%)  d4/d7  1.2 games/s (avg 0.4)  135.0K nps  ETA 00:46:45    
[2026-03-28T07:21:23.705] [INFO] [selfplay:0] [SelfPlay] 10/1000 (1%)  pos=737  W/D/B=3/4/3  (30%/40%/30%)  d4/d7  1.1 games/s (avg 0.4)  168.6K nps  ETA 00:45:37   
[2026-03-28T07:21:23.726] [INFO] [selfplay:0] [SelfPlay] 11/1000 (1%)  pos=824  W/D/B=4/4/3  (36%/36%/27%)  d4/d7  1.0 games/s (avg 0.4)  161.4K nps  ETA 00:45:19   
[2026-03-28T07:21:24.757] [INFO] [selfplay:0] [SelfPlay] 12/1000 (1%)  pos=882  W/D/B=4/4/4  (33%/33%/33%)  d4/d7  8.0 games/s (avg 0.4)  205.5K nps  ETA 00:41:30   
[2026-03-28T07:21:29.654] [INFO] [selfplay:0] [SelfPlay] 13/1000 (1%)  pos=944  W/D/B=5/4/4  (38%/30%/30%)  d4/d7  7.0 games/s (avg 0.4)  203.9K nps  ETA 00:39:31   
[2026-03-28T07:21:34.688] [INFO] [selfplay:0] [SelfPlay] 14/1000 (1%)  pos=1006  W/D/B=5/4/5  (35%/28%/35%)  d4/d7  6.4 games/s (avg 0.4)  210.0K nps  ETA 00:42:24  
[2026-03-28T07:21:39.541] [INFO] [selfplay:0] [SelfPlay] 15/1000 (1%)  pos=1119  W/D/B=5/5/5  (33%/33%/33%)  d4/d7  6.0 games/s (avg 0.4)  267.6K nps  ETA 00:45:02  
[2026-03-28T07:21:44.847] [INFO] [selfplay:0] [SelfPlay] 16/1000 (1%)  pos=1207  W/D/B=6/5/5  (37%/31%/31%)  d4/d7  5.5 games/s (avg 0.3)  313.7K nps  ETA 00:47:09  
[2026-03-28T07:21:49.398] [INFO] [selfplay:0] [SelfPlay] 17/1000 (1%)  pos=1285  W/D/B=6/5/6  (35%/29%/35%)  d4/d7  5.1 games/s (avg 0.3)  384.6K nps  ETA 00:49:27  
[2026-03-28T07:21:49.950] [INFO] [selfplay:0] [SelfPlay] 18/1000 (1%)  pos=1491  W/D/B=7/5/6  (38%/27%/33%)  d4/d7  4.7 games/s (avg 0.3)  460.9K nps  ETA 00:50:50  
[2026-03-28T07:21:52.372] [INFO] [selfplay:0] [SelfPlay] 19/1000 (1%)  pos=1645  W/D/B=8/5/6  (42%/26%/31%)  d4/d7  4.3 games/s (avg 0.3)  515.5K nps  ETA 00:48:34  
[2026-03-28T07:21:53.420] [INFO] [selfplay:0] [SelfPlay] 20/1000 (2%)  pos=1723  W/D/B=8/5/7  (40%/25%/35%)  d4/d7  4.0 games/s (avg 0.3)  573.1K nps  ETA 00:48:05  
[2026-03-28T07:21:54.369] [INFO] [selfplay:0] [SelfPlay] 21/1000 (2%)  pos=1792  W/D/B=9/5/7  (42%/23%/33%)  d4/d7  3.5 games/s (avg 0.4)  606.9K nps  ETA 00:46:34  
[2026-03-28T07:21:54.625] [INFO] [selfplay:0] [SelfPlay] 22/1000 (2%)  pos=1845  W/D/B=10/5/7  (45%/22%/31%)  d4/d7  3.1 games/s (avg 0.4)  596.0K nps  ETA 00:45:06 
[2026-03-28T07:21:57.037] [INFO] [selfplay:0] [SelfPlay] 23/1000 (2%)  pos=1885  W/D/B=10/5/8  (43%/21%/34%)  d4/d7  3.3 games/s (avg 0.4)  621.9K nps  ETA 00:43:16 
[2026-03-28T07:22:01.295] [INFO] [selfplay:0] [SelfPlay] 24/1000 (2%)  pos=1958  W/D/B=11/5/8  (45%/20%/33%)  d4/d7  2.8 games/s (avg 0.4)  618.8K nps  ETA 00:43:01 
[2026-03-28T07:22:02.609] [INFO] [selfplay:0] [SelfPlay] 25/1000 (2%)  pos=2066  W/D/B=11/5/9  (44%/20%/36%)  d4/d7  2.6 games/s (avg 0.4)  617.7K nps  ETA 00:44:03 
[2026-03-28T07:22:09.414] [INFO] [selfplay:0] [SelfPlay] 26/1000 (2%)  pos=2306  W/D/B=11/6/9  (42%/23%/34%)  d4/d7  2.3 games/s (avg 0.4)  608.2K nps  ETA 00:43:04 
[2026-03-28T07:22:12.058] [INFO] [selfplay:0] [SelfPlay] 27/1000 (2%)  pos=2525  W/D/B=11/7/9  (40%/25%/33%)  d4/d7  2.2 games/s (avg 0.4)  683.7K nps  ETA 00:45:34 
[2026-03-28T07:22:13.129] [INFO] [selfplay:0] [SelfPlay] 28/1000 (2%)  pos=2550  W/D/B=11/7/10  (39%/25%/35%)  d4/d7  1.9 games/s (avg 0.4)  660.2K nps  ETA 00:45:27
[2026-03-28T07:22:20.027] [INFO] [selfplay:0] [SelfPlay] 29/1000 (2%)  pos=2616  W/D/B=11/8/10  (37%/27%/34%)  d4/d7  1.8 games/s (avg 0.4)  647.9K nps  ETA 00:44:20
[2026-03-28T07:22:21.330] [INFO] [selfplay:0] [SelfPlay] 30/1000 (3%)  pos=2848  W/D/B=11/9/10  (36%/30%/33%)  d4/d7  1.6 games/s (avg 0.3)  647.3K nps  ETA 00:46:38
[2026-03-28T07:22:23.201] [INFO] [selfplay:0] [SelfPlay] 31/1000 (3%)  pos=2913  W/D/B=11/9/11  (35%/29%/35%)  d4/d7  1.5 games/s (avg 0.4)  663.0K nps  ETA 00:45:44
[2026-03-28T07:22:29.570] [INFO] [selfplay:0] [SelfPlay] 32/1000 (3%)  pos=3047  W/D/B=11/9/12  (34%/28%/37%)  d4/d7  1.3 games/s (avg 0.4)  678.1K nps  ETA 00:45:07
[2026-03-28T07:22:33.075] [INFO] [selfplay:0] [SelfPlay] 33/1000 (3%)  pos=3197  W/D/B=12/9/12  (36%/27%/36%)  d4/d7  1.2 games/s (avg 0.3)  670.2K nps  ETA 00:46:53
[2026-03-28T07:22:36.207] [INFO] [selfplay:0] [SelfPlay] 34/1000 (3%)  pos=3260  W/D/B=12/9/13  (35%/26%/38%)  d4/d7  1.0 games/s (avg 0.3)  662.4K nps  ETA 00:47:07
[2026-03-28T07:22:43.057] [INFO] [selfplay:0] [SelfPlay] 35/1000 (3%)  pos=3332  W/D/B=12/9/14  (34%/25%/40%)  d4/d7  0.9 games/s (avg 0.3)  630.5K nps  ETA 00:47:05
[2026-03-28T07:22:43.300] [INFO] [selfplay:0] [SelfPlay] 36/1000 (3%)  pos=3385  W/D/B=13/9/14  (36%/25%/38%)  d4/d7  0.8 games/s (avg 0.3)  597.3K nps  ETA 00:48:54
[2026-03-28T07:22:46.020] [INFO] [selfplay:0] [SelfPlay] 37/1000 (3%)  pos=3466  W/D/B=13/9/15  (35%/24%/40%)  d4/d7  1.3 games/s (avg 0.3)  610.2K nps  ETA 00:47:35
[2026-03-28T07:22:47.984] [INFO] [selfplay:0] [SelfPlay] 38/1000 (3%)  pos=3579  W/D/B=13/9/16  (34%/23%/42%)  d4/d7  1.2 games/s (avg 0.3)  615.4K nps  ETA 00:47:27
[2026-03-28T07:22:50.060] [INFO] [selfplay:0] [SelfPlay] 39/1000 (3%)  pos=3701  W/D/B=13/10/16  (33%/25%/41%)  d4/d7  1.1 games/s (avg 0.3)  627.1K nps  ETA 00:47:00
[2026-03-28T07:22:51.784] [INFO] [selfplay:0] [SelfPlay] 40/1000 (4%)  pos=3833  W/D/B=13/10/17  (32%/25%/42%)  d4/d7  1.0 games/s (avg 0.3)  613.8K nps  ETA 00:46:36
[2026-03-28T07:22:52.901] [INFO] [selfplay:0] [SelfPlay] 41/1000 (4%)  pos=3860  W/D/B=13/11/17  (31%/26%/41%)  d4/d7  0.9 games/s (avg 0.3)  608.5K nps  ETA 00:46:06
[2026-03-28T07:22:54.528] [INFO] [selfplay:0] [SelfPlay] 42/1000 (4%)  pos=3886  W/D/B=13/11/18  (30%/26%/42%)  d4/d7  0.9 games/s (avg 0.4)  617.3K nps  ETA 00:45:22
[2026-03-28T07:23:06.932] [INFO] [selfplay:0] [SelfPlay] 43/1000 (4%)  pos=4011  W/D/B=13/11/19  (30%/25%/44%)  d4/d7  0.9 games/s (avg 0.4)  637.8K nps  ETA 00:44:42
[2026-03-28T07:23:19.712] [INFO] [selfplay:0] [SelfPlay] 44/1000 (4%)  pos=4117  W/D/B=13/12/19  (29%/27%/43%)  d4/d7  0.8 games/s (avg 0.3)  654.0K nps  ETA 00:48:07
[2026-03-28T07:23:20.233] [INFO] [selfplay:0] [SelfPlay] 45/1000 (4%)  pos=4312  W/D/B=13/12/20  (28%/26%/44%)  d4/d7  0.7 games/s (avg 0.3)  705.1K nps  ETA 00:51:43
[2026-03-28T07:23:22.948] [INFO] [selfplay:0] [SelfPlay] 46/1000 (4%)  pos=4447  W/D/B=13/12/21  (28%/26%/45%)  d4/d7  0.9 games/s (avg 0.3)  729.8K nps  ETA 00:50:40
[2026-03-28T07:23:24.121] [INFO] [selfplay:0] [SelfPlay] 47/1000 (4%)  pos=4555  W/D/B=13/13/21  (27%/27%/44%)  d4/d7  0.8 games/s (avg 0.3)  724.9K nps  ETA 00:50:30
[2026-03-28T07:23:25.229] [INFO] [selfplay:0] [SelfPlay] 48/1000 (4%)  pos=4610  W/D/B=14/13/21  (29%/27%/43%)  d4/d7  0.8 games/s (avg 0.3)  735.1K nps  ETA 00:49:47
[2026-03-28T07:23:26.719] [INFO] [selfplay:0] [SelfPlay] 49/1000 (4%)  pos=4682  W/D/B=14/13/22  (28%/26%/44%)  d4/d7  0.8 games/s (avg 0.3)  776.0K nps  ETA 00:49:03
[2026-03-28T07:23:27.413] [INFO] [selfplay:0] [SelfPlay] 50/1000 (5%)  pos=4751  W/D/B=15/13/22  (30%/26%/44%)  d4/d7  0.8 games/s (avg 0.3)  779.9K nps  ETA 00:48:31
[2026-03-28T07:23:27.428] [INFO] [selfplay:0] [SelfPlay] 51/1000 (5%)  pos=4812  W/D/B=16/13/22  (31%/25%/43%)  d4/d7  0.9 games/s (avg 0.3)  790.9K nps  ETA 00:47:44
[2026-03-28T07:23:28.417] [INFO] [selfplay:0] [SelfPlay] 52/1000 (5%)  pos=4969  W/D/B=16/13/23  (30%/25%/44%)  d4/d7  10.7 games/s (avg 0.3)  794.6K nps  ETA 00:46:45
[2026-03-28T07:23:31.750] [INFO] [selfplay:0] [SelfPlay] 53/1000 (5%)  pos=5043  W/D/B=17/13/23  (32%/24%/43%)  d4/d7  9.9 games/s (avg 0.3)  822.4K nps  ETA 00:46:04
[2026-03-28T07:23:32.509] [INFO] [selfplay:0] [SelfPlay] 54/1000 (5%)  pos=5125  W/D/B=18/13/23  (33%/24%/42%)  d4/d7  9.1 games/s (avg 0.3)  824.7K nps  ETA 00:46:12
[2026-03-28T07:23:34.888] [INFO] [selfplay:0] [SelfPlay] 55/1000 (5%)  pos=5248  W/D/B=18/13/24  (32%/23%/43%)  d4/d7  7.9 games/s (avg 0.3)  840.1K nps  ETA 00:45:30
[2026-03-28T07:23:35.314] [INFO] [selfplay:0] [SelfPlay] 56/1000 (5%)  pos=5433  W/D/B=18/13/25  (32%/23%/44%)  d4/d7  7.3 games/s (avg 0.3)  842.2K nps  ETA 00:45:21
[2026-03-28T07:23:37.285] [INFO] [selfplay:0] [SelfPlay] 57/1000 (5%)  pos=5524  W/D/B=18/14/25  (31%/24%/43%)  d4/d7  6.6 games/s (avg 0.4)  851.9K nps  ETA 00:44:35
[2026-03-28T07:23:42.957] [INFO] [selfplay:0] [SelfPlay] 58/1000 (5%)  pos=5577  W/D/B=19/14/25  (32%/24%/43%)  d4/d7  6.1 games/s (avg 0.4)  876.6K nps  ETA 00:44:14
[2026-03-28T07:23:48.411] [INFO] [selfplay:0] [SelfPlay] 59/1000 (5%)  pos=5647  W/D/B=20/14/25  (33%/23%/42%)  d4/d7  5.6 games/s (avg 0.3)  899.1K nps  ETA 00:44:58
[2026-03-28T07:24:03.117] [INFO] [selfplay:0] [SelfPlay] 60/1000 (6%)  pos=5747  W/D/B=21/14/25  (35%/23%/41%)  d4/d7  5.2 games/s (avg 0.3)  911.4K nps  ETA 00:45:25
[2026-03-28T07:24:03.652] [INFO] [selfplay:0] [SelfPlay] 61/1000 (6%)  pos=5858  W/D/B=21/14/26  (34%/22%/42%)  d4/d7  4.8 games/s (avg 0.3)  927.1K nps  ETA 00:48:38
[2026-03-28T07:24:04.867] [INFO] [selfplay:0] [SelfPlay] 62/1000 (6%)  pos=5983  W/D/B=21/14/27  (33%/22%/43%)  d4/d7  4.4 games/s (avg 0.3)  941.2K nps  ETA 00:47:56
[2026-03-28T07:24:05.859] [INFO] [selfplay:0] [SelfPlay] 63/1000 (6%)  pos=6012  W/D/B=22/14/27  (34%/22%/42%)  d4/d7  3.9 games/s (avg 0.3)  942.3K nps  ETA 00:47:25
[2026-03-28T07:24:08.880] [INFO] [selfplay:0] [SelfPlay] 64/1000 (6%)  pos=6061  W/D/B=23/14/27  (35%/21%/42%)  d4/d7  3.4 games/s (avg 0.3)  951.8K nps  ETA 00:46:50
[2026-03-28T07:24:09.378] [INFO] [selfplay:0] [SelfPlay] 65/1000 (6%)  pos=6105  W/D/B=23/14/28  (35%/21%/43%)  d4/d7  3.2 games/s (avg 0.3)  961.3K nps  ETA 00:46:51
[2026-03-28T07:24:14.188] [INFO] [selfplay:0] [SelfPlay] 66/1000 (6%)  pos=6145  W/D/B=23/14/29  (34%/21%/43%)  d4/d7  3.0 games/s (avg 0.3)  974.6K nps  ETA 00:46:07
[2026-03-28T07:24:16.498] [INFO] [selfplay:0] [SelfPlay] 67/1000 (6%)  pos=6206  W/D/B=24/14/29  (35%/20%/43%)  d4/d7  2.8 games/s (avg 0.3)  988.6K nps  ETA 00:46:32
[2026-03-28T07:24:18.866] [INFO] [selfplay:0] [SelfPlay] 68/1000 (6%)  pos=6354  W/D/B=25/14/29  (36%/20%/42%)  d4/d7  2.4 games/s (avg 0.3)  986.8K nps  ETA 00:46:20
[2026-03-28T07:24:26.817] [INFO] [selfplay:0] [SelfPlay] 69/1000 (6%)  pos=6482  W/D/B=25/14/30  (36%/20%/43%)  d4/d7  2.1 games/s (avg 0.3)  985.2K nps  ETA 00:46:03
[2026-03-28T07:24:31.687] [INFO] [selfplay:0] [SelfPlay] 70/1000 (7%)  pos=6574  W/D/B=26/14/30  (37%/20%/42%)  d4/d7  2.0 games/s (avg 0.3)  984.0K nps  ETA 00:47:09
[2026-03-28T07:24:32.695] [INFO] [selfplay:0] [SelfPlay] 71/1000 (7%)  pos=6698  W/D/B=26/14/31  (36%/19%/43%)  d4/d7  1.7 games/s (avg 0.3)  963.8K nps  ETA 00:47:34
[2026-03-28T07:24:35.625] [INFO] [selfplay:0] [SelfPlay] 72/1000 (7%)  pos=6775  W/D/B=27/14/31  (37%/19%/43%)  d4/d7  1.6 games/s (avg 0.3)  957.2K nps  ETA 00:47:02
[2026-03-28T07:24:36.337] [INFO] [selfplay:0] [SelfPlay] 73/1000 (7%)  pos=6811  W/D/B=27/15/31  (36%/20%/42%)  d4/d7  1.4 games/s (avg 0.3)  941.4K nps  ETA 00:47:01
[2026-03-28T07:24:37.991] [INFO] [selfplay:0] [SelfPlay] 74/1000 (7%)  pos=6912  W/D/B=27/15/32  (36%/20%/43%)  d4/d7  1.4 games/s (avg 0.3)  954.3K nps  ETA 00:46:26
[2026-03-28T07:24:39.956] [INFO] [selfplay:0] [SelfPlay] 75/1000 (7%)  pos=6953  W/D/B=27/16/32  (36%/21%/42%)  d4/d7  1.3 games/s (avg 0.3)  949.0K nps  ETA 00:46:07
[2026-03-28T07:24:40.015] [INFO] [selfplay:0] [SelfPlay] 76/1000 (7%)  pos=7007  W/D/B=28/16/32  (36%/21%/42%)  d4/d7  1.2 games/s (avg 0.3)  934.1K nps  ETA 00:45:53
[2026-03-28T07:24:43.872] [INFO] [selfplay:0] [SelfPlay] 77/1000 (7%)  pos=7078  W/D/B=29/16/32  (37%/20%/41%)  d4/d7  3.6 games/s (avg 0.3)  945.7K nps  ETA 00:45:11
[2026-03-28T07:24:44.810] [INFO] [selfplay:0] [SelfPlay] 78/1000 (7%)  pos=7153  W/D/B=29/16/33  (37%/20%/42%)  d4/d7  3.3 games/s (avg 0.3)  945.0K nps  ETA 00:45:22
[2026-03-28T07:24:52.997] [INFO] [selfplay:0] [SelfPlay] 79/1000 (7%)  pos=7184  W/D/B=30/16/33  (37%/20%/41%)  d4/d7  3.0 games/s (avg 0.3)  951.8K nps  ETA 00:44:49
[2026-03-28T07:24:53.288] [INFO] [selfplay:0] [SelfPlay] 80/1000 (8%)  pos=7240  W/D/B=30/16/34  (37%/20%/42%)  d4/d7  2.7 games/s (avg 0.3)  966.8K nps  ETA 00:45:54
[2026-03-28T07:24:54.105] [INFO] [selfplay:0] [SelfPlay] 81/1000 (8%)  pos=7414  W/D/B=30/17/34  (37%/20%/41%)  d4/d7  2.8 games/s (avg 0.3)  967.9K nps  ETA 00:45:20
[2026-03-28T07:25:05.560] [INFO] [selfplay:0] [SelfPlay] 82/1000 (8%)  pos=7468  W/D/B=31/17/34  (37%/20%/41%)  d4/d7  2.6 games/s (avg 0.3)  979.3K nps  ETA 00:44:42
[2026-03-28T07:25:05.751] [INFO] [selfplay:0] [SelfPlay] 83/1000 (8%)  pos=7620  W/D/B=31/17/35  (37%/20%/42%)  d4/d7  2.4 games/s (avg 0.3)  998.4K nps  ETA 00:46:25
[2026-03-28T07:25:11.718] [INFO] [selfplay:0] [SelfPlay] 84/1000 (8%)  pos=7690  W/D/B=32/17/35  (38%/20%/41%)  d4/d7  2.8 games/s (avg 0.3)  1.0M nps  ETA 00:45:45 
[2026-03-28T07:25:15.166] [INFO] [selfplay:0] [SelfPlay] 85/1000 (8%)  pos=7723  W/D/B=32/17/36  (37%/20%/42%)  d4/d7  2.6 games/s (avg 0.3)  1.0M nps  ETA 00:46:17 
[2026-03-28T07:25:22.716] [INFO] [selfplay:0] [SelfPlay] 86/1000 (8%)  pos=7773  W/D/B=33/17/36  (38%/19%/41%)  d4/d7  2.3 games/s (avg 0.3)  1.0M nps  ETA 00:46:13 
[2026-03-28T07:25:32.614] [INFO] [selfplay:0] [SelfPlay] 87/1000 (8%)  pos=7830  W/D/B=34/17/36  (39%/19%/41%)  d4/d7  2.1 games/s (avg 0.3)  1.0M nps  ETA 00:46:55 
[2026-03-28T07:25:35.715] [INFO] [selfplay:0] [SelfPlay] 88/1000 (8%)  pos=7914  W/D/B=35/17/36  (39%/19%/40%)  d4/d7  1.9 games/s (avg 0.3)  1.0M nps  ETA 00:48:10 
[2026-03-28T07:25:36.664] [INFO] [selfplay:0] [SelfPlay] 89/1000 (8%)  pos=8049  W/D/B=36/17/36  (40%/19%/40%)  d4/d7  1.7 games/s (avg 0.3)  1.0M nps  ETA 00:48:08 
[2026-03-28T07:25:37.726] [INFO] [selfplay:0] [SelfPlay] 90/1000 (9%)  pos=8073  W/D/B=36/17/37  (40%/18%/41%)  d4/d7  1.6 games/s (avg 0.3)  1.0M nps  ETA 00:47:42 
[2026-03-28T07:25:39.956] [INFO] [selfplay:0] [SelfPlay] 91/1000 (9%)  pos=8164  W/D/B=36/17/38  (39%/18%/41%)  d4/d7  1.5 games/s (avg 0.3)  1.0M nps  ETA 00:47:17 
[2026-03-28T07:25:42.581] [INFO] [selfplay:0] [SelfPlay] 92/1000 (9%)  pos=8222  W/D/B=36/17/39  (39%/18%/42%)  d4/d7  1.3 games/s (avg 0.3)  1.0M nps  ETA 00:47:04 
[2026-03-28T07:25:45.694] [INFO] [selfplay:0] [SelfPlay] 93/1000 (9%)  pos=8411  W/D/B=36/18/39  (38%/19%/41%)  d4/d7  1.2 games/s (avg 0.3)  1.0M nps  ETA 00:46:56 
[2026-03-28T07:25:45.977] [INFO] [selfplay:0] [SelfPlay] 94/1000 (9%)  pos=8525  W/D/B=37/18/39  (39%/19%/41%)  d4/d7  1.1 games/s (avg 0.3)  1.0M nps  ETA 00:46:56 
[2026-03-28T07:25:50.054] [INFO] [selfplay:0] [SelfPlay] 95/1000 (9%)  pos=8590  W/D/B=37/19/39  (38%/20%/41%)  d4/d7  1.4 games/s (avg 0.3)  1.0M nps  ETA 00:46:22 
[2026-03-28T07:25:55.438] [INFO] [selfplay:0] [SelfPlay] 96/1000 (9%)  pos=8650  W/D/B=38/19/39  (39%/19%/40%)  d4/d7  1.3 games/s (avg 0.3)  995.2K nps  ETA 00:46:27
[2026-03-28T07:25:56.714] [INFO] [selfplay:0] [SelfPlay] 97/1000 (9%)  pos=8744  W/D/B=39/19/39  (40%/19%/40%)  d4/d7  1.1 games/s (avg 0.3)  970.2K nps  ETA 00:46:49
[2026-03-28T07:25:57.312] [INFO] [selfplay:0] [SelfPlay] 98/1000 (9%)  pos=8984  W/D/B=39/20/39  (39%/20%/39%)  d4/d7  1.1 games/s (avg 0.3)  986.1K nps  ETA 00:46:31
[2026-03-28T07:26:00.795] [INFO] [selfplay:0] [SelfPlay] 99/1000 (9%)  pos=9064  W/D/B=39/20/40  (39%/20%/40%)  d4/d7  1.1 games/s (avg 0.3)  997.8K nps  ETA 00:46:01
[2026-03-28T07:26:03.168] [INFO] [selfplay:0] [SelfPlay] 100/1000 (10%)  pos=9212  W/D/B=39/21/40  (39%/21%/40%)  d4/d7  1.0 games/s (avg 0.3)  993.2K nps  ETA 00:46:04
[2026-03-28T07:26:12.729] [INFO] [selfplay:0] [SelfPlay] 101/1000 (10%)  pos=9288  W/D/B=39/21/41  (38%/20%/40%)  d4/d7  0.9 games/s (avg 0.3)  996.7K nps  ETA 00:45:46
[2026-03-28T07:26:14.352] [INFO] [selfplay:0] [SelfPlay] 102/1000 (10%)  pos=9439  W/D/B=40/21/41  (39%/20%/40%)  d4/d7  0.8 games/s (avg 0.3)  947.8K nps  ETA 00:46:49
[2026-03-28T07:26:17.233] [INFO] [selfplay:0] [SelfPlay] 103/1000 (10%)  pos=9523  W/D/B=40/21/42  (38%/20%/40%)  d4/d7  0.8 games/s (avg 0.3)  948.3K nps  ETA 00:46:31
[2026-03-28T07:26:17.312] [INFO] [selfplay:0] [SelfPlay] 104/1000 (10%)  pos=9583  W/D/B=41/21/42  (39%/20%/40%)  d4/d7  0.7 games/s (avg 0.3)  943.4K nps  ETA 00:46:29
[2026-03-28T07:26:19.520] [INFO] [selfplay:0] [SelfPlay] 105/1000 (10%)  pos=9693  W/D/B=41/22/42  (39%/20%/40%)  d4/d7  2.5 games/s (avg 0.3)  944.2K nps  ETA 00:45:57
[2026-03-28T07:26:20.158] [INFO] [selfplay:0] [SelfPlay] 106/1000 (10%)  pos=9717  W/D/B=42/22/42  (39%/20%/39%)  d4/d7  2.2 games/s (avg 0.3)  937.6K nps  ETA 00:45:49
[2026-03-28T07:26:22.968] [INFO] [selfplay:0] [SelfPlay] 107/1000 (10%)  pos=9828  W/D/B=42/22/43  (39%/20%/40%)  d4/d7  2.1 games/s (avg 0.3)  935.6K nps  ETA 00:45:23
[2026-03-28T07:26:23.352] [INFO] [selfplay:0] [SelfPlay] 108/1000 (10%)  pos=9881  W/D/B=42/23/43  (38%/21%/39%)  d4/d7  1.8 games/s (avg 0.3)  925.7K nps  ETA 00:45:21
[2026-03-28T07:26:25.204] [INFO] [selfplay:0] [SelfPlay] 109/1000 (10%)  pos=9924  W/D/B=42/23/44  (38%/21%/40%)  d4/d7  2.0 games/s (avg 0.3)  924.5K nps  ETA 00:44:54
[2026-03-28T07:26:25.365] [INFO] [selfplay:0] [SelfPlay] 110/1000 (11%)  pos=10034  W/D/B=42/23/45  (38%/20%/40%)  d4/d7  1.7 games/s (avg 0.3)  916.7K nps  ETA 00:44:44
[2026-03-28T07:26:30.666] [INFO] [selfplay:0] [SelfPlay] 111/1000 (11%)  pos=10164  W/D/B=42/23/46  (37%/20%/41%)  d4/d7  2.4 games/s (avg 0.3)  928.2K nps  ETA 00:44:12
[2026-03-28T07:26:40.687] [INFO] [selfplay:0] [SelfPlay] 112/1000 (11%)  pos=10281  W/D/B=42/24/46  (37%/21%/41%)  d4/d7  2.2 games/s (avg 0.3)  927.5K nps  ETA 00:44:23
[2026-03-28T07:26:43.268] [INFO] [selfplay:0] [SelfPlay] 113/1000 (11%)  pos=10402  W/D/B=42/24/47  (37%/21%/41%)  d4/d7  2.1 games/s (avg 0.3)  936.1K nps  ETA 00:45:23
[2026-03-28T07:26:44.815] [INFO] [selfplay:0] [SelfPlay] 114/1000 (11%)  pos=10470  W/D/B=43/24/47  (37%/21%/41%)  d4/d7  1.8 games/s (avg 0.3)  933.9K nps  ETA 00:45:16
[2026-03-28T07:26:46.123] [INFO] [selfplay:0] [SelfPlay] 115/1000 (11%)  pos=10544  W/D/B=44/24/47  (38%/20%/40%)  d4/d7  1.6 games/s (avg 0.3)  938.5K nps  ETA 00:45:02
[2026-03-28T07:26:54.454] [INFO] [selfplay:0] [SelfPlay] 116/1000 (11%)  pos=10778  W/D/B=44/25/47  (37%/21%/40%)  d4/d7  1.5 games/s (avg 0.3)  946.0K nps  ETA 00:44:39
[2026-03-28T07:26:57.987] [INFO] [selfplay:0] [SelfPlay] 117/1000 (11%)  pos=10939  W/D/B=44/25/48  (37%/21%/41%)  d4/d7  1.4 games/s (avg 0.3)  955.4K nps  ETA 00:45:20
[2026-03-28T07:26:58.154] [INFO] [selfplay:0] [SelfPlay] 118/1000 (11%)  pos=10990  W/D/B=44/26/48  (37%/22%/40%)  d4/d7  1.2 games/s (avg 0.3)  942.2K nps  ETA 00:45:24
[2026-03-28T07:27:02.769] [INFO] [selfplay:0] [SelfPlay] 119/1000 (11%)  pos=11058  W/D/B=44/26/49  (36%/21%/41%)  d4/d7  1.9 games/s (avg 0.3)  953.3K nps  ETA 00:44:54
[2026-03-28T07:27:04.359] [INFO] [selfplay:0] [SelfPlay] 120/1000 (12%)  pos=11161  W/D/B=44/27/49  (36%/22%/40%)  d4/d7  1.7 games/s (avg 0.3)  931.3K nps  ETA 00:45:07
[2026-03-28T07:27:09.322] [INFO] [selfplay:0] [SelfPlay] 121/1000 (12%)  pos=11263  W/D/B=44/28/49  (36%/23%/40%)  d4/d7  1.5 games/s (avg 0.3)  925.2K nps  ETA 00:44:49
[2026-03-28T07:27:11.526] [INFO] [selfplay:0] [SelfPlay] 122/1000 (12%)  pos=11312  W/D/B=45/28/49  (36%/22%/40%)  d4/d7  1.3 games/s (avg 0.3)  907.7K nps  ETA 00:45:01
[2026-03-28T07:27:15.189] [INFO] [selfplay:0] [SelfPlay] 123/1000 (12%)  pos=11410  W/D/B=46/28/49  (37%/22%/39%)  d4/d7  1.2 games/s (avg 0.3)  908.2K nps  ETA 00:44:52
[2026-03-28T07:27:15.782] [INFO] [selfplay:0] [SelfPlay] 124/1000 (12%)  pos=11493  W/D/B=46/28/50  (37%/22%/40%)  d4/d7  1.1 games/s (avg 0.3)  900.1K nps  ETA 00:44:55
[2026-03-28T07:27:16.947] [INFO] [selfplay:0] [SelfPlay] 125/1000 (12%)  pos=11608  W/D/B=47/28/50  (37%/22%/40%)  d4/d7  1.2 games/s (avg 0.3)  910.0K nps  ETA 00:44:35
[2026-03-28T07:27:18.617] [INFO] [selfplay:0] [SelfPlay] 126/1000 (12%)  pos=11807  W/D/B=47/29/50  (37%/23%/39%)  d4/d7  1.1 games/s (avg 0.3)  915.8K nps  ETA 00:44:18
[2026-03-28T07:27:19.007] [INFO] [selfplay:0] [SelfPlay] 127/1000 (12%)  pos=11901  W/D/B=48/29/50  (37%/22%/39%)  d4/d7  1.0 games/s (avg 0.3)  919.8K nps  ETA 00:44:07
[2026-03-28T07:27:23.052] [INFO] [selfplay:0] [SelfPlay] 128/1000 (12%)  pos=12073  W/D/B=48/29/51  (37%/22%/39%)  d4/d7  1.3 games/s (avg 0.3)  929.8K nps  ETA 00:43:42
[2026-03-28T07:27:30.078] [INFO] [selfplay:0] [SelfPlay] 129/1000 (12%)  pos=12207  W/D/B=48/29/52  (37%/22%/40%)  d4/d7  1.1 games/s (avg 0.3)  921.1K nps  ETA 00:43:43
[2026-03-28T07:27:31.279] [INFO] [selfplay:0] [SelfPlay] 130/1000 (13%)  pos=12272  W/D/B=48/29/53  (36%/22%/40%)  d4/d7  1.0 games/s (avg 0.3)  899.5K nps  ETA 00:44:13
[2026-03-28T07:27:31.767] [INFO] [selfplay:0] [SelfPlay] 131/1000 (13%)  pos=12407  W/D/B=49/29/53  (37%/22%/40%)  d4/d7  0.9 games/s (avg 0.3)  904.6K nps  ETA 00:43:57
[2026-03-28T07:27:34.776] [INFO] [selfplay:0] [SelfPlay] 132/1000 (13%)  pos=12428  W/D/B=49/30/53  (37%/22%/40%)  d4/d7  1.1 games/s (avg 0.3)  905.2K nps  ETA 00:43:36
[2026-03-28T07:27:41.420] [INFO] [selfplay:0] [SelfPlay] 133/1000 (13%)  pos=12490  W/D/B=49/30/54  (36%/22%/40%)  d4/d7  1.0 games/s (avg 0.3)  899.6K nps  ETA 00:43:30
[2026-03-28T07:27:45.452] [INFO] [selfplay:0] [SelfPlay] 134/1000 (13%)  pos=12569  W/D/B=50/30/54  (37%/22%/40%)  d4/d7  0.9 games/s (avg 0.3)  874.8K nps  ETA 00:43:52
[2026-03-28T07:27:49.320] [INFO] [selfplay:0] [SelfPlay] 135/1000 (13%)  pos=12713  W/D/B=50/31/54  (37%/22%/40%)  d4/d7  0.8 games/s (avg 0.3)  860.5K nps  ETA 00:43:55
[2026-03-28T07:27:49.707] [INFO] [selfplay:0] [SelfPlay] 136/1000 (13%)  pos=12811  W/D/B=50/31/55  (36%/22%/40%)  d4/d7  0.7 games/s (avg 0.3)  854.2K nps  ETA 00:44:00
[2026-03-28T07:28:01.887] [INFO] [selfplay:0] [SelfPlay] 137/1000 (13%)  pos=12877  W/D/B=50/32/55  (36%/23%/40%)  d4/d7  1.0 games/s (avg 0.3)  853.6K nps  ETA 00:43:30
[2026-03-28T07:28:02.211] [INFO] [selfplay:0] [SelfPlay] 138/1000 (13%)  pos=12987  W/D/B=51/32/55  (36%/23%/39%)  d4/d7  0.9 games/s (avg 0.3)  858.1K nps  ETA 00:44:36
[2026-03-28T07:28:04.813] [INFO] [selfplay:0] [SelfPlay] 139/1000 (13%)  pos=13052  W/D/B=52/32/55  (37%/23%/39%)  d4/d7  1.2 games/s (avg 0.3)  863.0K nps  ETA 00:44:12
[2026-03-28T07:28:05.907] [INFO] [selfplay:0] [SelfPlay] 140/1000 (14%)  pos=13101  W/D/B=53/32/55  (37%/22%/39%)  d4/d7  1.1 games/s (avg 0.3)  860.1K nps  ETA 00:44:08
[2026-03-28T07:28:07.078] [INFO] [selfplay:0] [SelfPlay] 141/1000 (14%)  pos=13208  W/D/B=54/32/55  (38%/22%/39%)  d4/d7  1.1 games/s (avg 0.3)  865.6K nps  ETA 00:43:53
[2026-03-28T07:28:14.819] [INFO] [selfplay:0] [SelfPlay] 142/1000 (14%)  pos=13244  W/D/B=54/33/55  (38%/23%/38%)  d4/d7  1.0 games/s (avg 0.3)  861.9K nps  ETA 00:43:32
[2026-03-28T07:28:18.166] [INFO] [selfplay:0] [SelfPlay] 143/1000 (14%)  pos=13400  W/D/B=55/33/55  (38%/23%/38%)  d4/d7  0.9 games/s (avg 0.3)  845.9K nps  ETA 00:44:02
[2026-03-28T07:28:20.099] [INFO] [selfplay:0] [SelfPlay] 144/1000 (14%)  pos=13510  W/D/B=55/33/56  (38%/22%/38%)  d4/d7  0.8 games/s (avg 0.3)  845.8K nps  ETA 00:44:01
[2026-03-28T07:28:25.681] [INFO] [selfplay:0] [SelfPlay] 145/1000 (14%)  pos=13593  W/D/B=56/33/56  (38%/22%/38%)  d4/d7  0.8 games/s (avg 0.3)  843.8K nps  ETA 00:43:47
[2026-03-28T07:28:28.732] [INFO] [selfplay:0] [SelfPlay] 146/1000 (14%)  pos=13656  W/D/B=56/33/57  (38%/22%/39%)  d4/d7  0.7 games/s (avg 0.3)  835.2K nps  ETA 00:44:02
[2026-03-28T07:28:30.071] [INFO] [selfplay:0] [SelfPlay] 147/1000 (14%)  pos=13733  W/D/B=57/33/57  (38%/22%/38%)  d4/d7  0.6 games/s (avg 0.3)  837.0K nps  ETA 00:44:00
[2026-03-28T07:28:41.675] [INFO] [selfplay:0] [SelfPlay] 148/1000 (14%)  pos=13802  W/D/B=58/33/57  (39%/22%/38%)  d4/d7  0.6 games/s (avg 0.3)  846.2K nps  ETA 00:43:36
[2026-03-28T07:28:44.158] [INFO] [selfplay:0] [SelfPlay] 149/1000 (14%)  pos=13885  W/D/B=59/33/57  (39%/22%/38%)  d4/d7  0.6 games/s (avg 0.3)  822.0K nps  ETA 00:44:32
[2026-03-28T07:28:44.673] [INFO] [selfplay:0] [SelfPlay] 150/1000 (15%)  pos=13934  W/D/B=60/33/57  (40%/22%/38%)  d4/d7  0.5 games/s (avg 0.3)  822.2K nps  ETA 00:44:26
[2026-03-28T07:28:48.219] [INFO] [selfplay:0] [SelfPlay] 151/1000 (15%)  pos=13953  W/D/B=60/33/58  (39%/21%/38%)  d4/d7  0.7 games/s (avg 0.3)  825.2K nps  ETA 00:44:06
[2026-03-28T07:28:49.931] [INFO] [selfplay:0] [SelfPlay] 152/1000 (15%)  pos=13988  W/D/B=61/33/58  (40%/21%/38%)  d4/d7  0.7 games/s (avg 0.3)  815.5K nps  ETA 00:44:06
[2026-03-28T07:28:50.951] [INFO] [selfplay:0] [SelfPlay] 153/1000 (15%)  pos=14032  W/D/B=62/33/58  (40%/21%/37%)  d4/d7  0.7 games/s (avg 0.3)  816.8K nps  ETA 00:43:56
[2026-03-28T07:28:52.285] [INFO] [selfplay:0] [SelfPlay] 154/1000 (15%)  pos=14116  W/D/B=63/33/58  (40%/21%/37%)  d4/d7  0.7 games/s (avg 0.3)  820.1K nps  ETA 00:43:42
[2026-03-28T07:28:54.423] [INFO] [selfplay:0] [SelfPlay] 155/1000 (15%)  pos=14196  W/D/B=64/33/58  (41%/21%/37%)  d4/d7  0.7 games/s (avg 0.3)  817.0K nps  ETA 00:43:28
[2026-03-28T07:28:57.159] [INFO] [selfplay:0] [SelfPlay] 156/1000 (15%)  pos=14242  W/D/B=64/33/59  (41%/21%/37%)  d4/d7  0.7 games/s (avg 0.3)  811.6K nps  ETA 00:43:19
[2026-03-28T07:28:57.328] [INFO] [selfplay:0] [SelfPlay] 157/1000 (15%)  pos=14305  W/D/B=64/34/59  (40%/21%/37%)  d4/d7  0.6 games/s (avg 0.3)  808.9K nps  ETA 00:43:17
[2026-03-28T07:28:57.397] [INFO] [selfplay:0] [SelfPlay] 158/1000 (15%)  pos=14381  W/D/B=64/34/60  (40%/21%/37%)  d4/d7  1.4 games/s (avg 0.3)  816.3K nps  ETA 00:42:58
[2026-03-28T07:29:03.573] [INFO] [selfplay:0] [SelfPlay] 159/1000 (15%)  pos=14552  W/D/B=64/34/61  (40%/21%/38%)  d4/d7  3.4 games/s (avg 0.3)  817.4K nps  ETA 00:42:32
[2026-03-28T07:29:07.978] [INFO] [selfplay:0] [SelfPlay] 160/1000 (16%)  pos=14685  W/D/B=64/35/61  (40%/21%/38%)  d4/d7  3.1 games/s (avg 0.3)  817.6K nps  ETA 00:42:49
[2026-03-28T07:29:10.775] [INFO] [selfplay:0] [SelfPlay] 161/1000 (16%)  pos=14730  W/D/B=65/35/61  (40%/21%/37%)  d4/d7  2.9 games/s (avg 0.3)  819.3K nps  ETA 00:42:54
[2026-03-28T07:29:11.487] [INFO] [selfplay:0] [SelfPlay] 162/1000 (16%)  pos=14814  W/D/B=65/35/62  (40%/21%/38%)  d4/d7  2.5 games/s (avg 0.3)  819.6K nps  ETA 00:42:51
[2026-03-28T07:29:17.527] [INFO] [selfplay:0] [SelfPlay] 163/1000 (16%)  pos=14871  W/D/B=66/35/62  (40%/21%/38%)  d4/d7  2.3 games/s (avg 0.3)  822.0K nps  ETA 00:42:31
[2026-03-28T07:29:18.167] [INFO] [selfplay:0] [SelfPlay] 164/1000 (16%)  pos=15003  W/D/B=66/35/63  (40%/21%/38%)  d4/d7  2.2 games/s (avg 0.3)  825.7K nps  ETA 00:42:49
[2026-03-28T07:29:19.249] [INFO] [selfplay:0] [SelfPlay] 165/1000 (16%)  pos=15073  W/D/B=67/35/63  (40%/21%/38%)  d4/d7  2.1 games/s (avg 0.3)  830.7K nps  ETA 00:42:33
[2026-03-28T07:29:20.140] [INFO] [selfplay:0] [SelfPlay] 166/1000 (16%)  pos=15112  W/D/B=67/35/64  (40%/21%/38%)  d4/d7  1.9 games/s (avg 0.3)  828.2K nps  ETA 00:42:20
[2026-03-28T07:29:23.033] [INFO] [selfplay:0] [SelfPlay] 167/1000 (16%)  pos=15137  W/D/B=68/35/64  (40%/20%/38%)  d4/d7  1.8 games/s (avg 0.3)  833.5K nps  ETA 00:42:04
[2026-03-28T07:29:23.286] [INFO] [selfplay:0] [SelfPlay] 168/1000 (16%)  pos=15344  W/D/B=69/35/64  (41%/20%/38%)  d4/d7  1.6 games/s (avg 0.3)  837.0K nps  ETA 00:42:03
[2026-03-28T07:29:23.649] [INFO] [selfplay:0] [SelfPlay] 169/1000 (16%)  pos=15426  W/D/B=70/35/64  (41%/20%/37%)  d4/d7  1.9 games/s (avg 0.3)  837.2K nps  ETA 00:41:45
[2026-03-28T07:29:25.158] [INFO] [selfplay:0] [SelfPlay] 170/1000 (17%)  pos=15524  W/D/B=71/35/64  (41%/20%/37%)  d4/d7  2.1 games/s (avg 0.3)  844.0K nps  ETA 00:41:29
[2026-03-28T07:29:38.736] [INFO] [selfplay:0] [SelfPlay] 171/1000 (17%)  pos=15541  W/D/B=72/35/64  (42%/20%/37%)  d4/d7  1.8 games/s (avg 0.3)  840.1K nps  ETA 00:41:06
[2026-03-28T07:29:41.585] [INFO] [selfplay:0] [SelfPlay] 172/1000 (17%)  pos=15646  W/D/B=72/35/65  (41%/20%/37%)  d4/d7  1.7 games/s (avg 0.3)  844.0K nps  ETA 00:42:05
[2026-03-28T07:29:47.877] [INFO] [selfplay:0] [SelfPlay] 173/1000 (17%)  pos=15759  W/D/B=72/35/66  (41%/20%/38%)  d4/d7  1.5 games/s (avg 0.3)  842.0K nps  ETA 00:41:58
[2026-03-28T07:29:48.437] [INFO] [selfplay:0] [SelfPlay] 174/1000 (17%)  pos=15834  W/D/B=73/35/66  (41%/20%/37%)  d4/d7  1.3 games/s (avg 0.3)  832.2K nps  ETA 00:42:16
[2026-03-28T07:29:48.718] [INFO] [selfplay:0] [SelfPlay] 175/1000 (17%)  pos=15883  W/D/B=73/35/67  (41%/20%/38%)  d4/d7  1.4 games/s (avg 0.3)  836.4K nps  ETA 00:42:01
[2026-03-28T07:29:56.584] [INFO] [selfplay:0] [SelfPlay] 176/1000 (17%)  pos=15954  W/D/B=73/36/67  (41%/20%/38%)  d4/d7  1.7 games/s (avg 0.3)  839.5K nps  ETA 00:41:37
[2026-03-28T07:29:57.887] [INFO] [selfplay:0] [SelfPlay] 177/1000 (17%)  pos=16113  W/D/B=73/36/68  (41%/20%/38%)  d4/d7  1.6 games/s (avg 0.3)  844.6K nps  ETA 00:42:04
[2026-03-28T07:30:00.248] [INFO] [selfplay:0] [SelfPlay] 178/1000 (17%)  pos=16230  W/D/B=74/36/68  (41%/20%/38%)  d4/d7  1.5 games/s (avg 0.3)  847.4K nps  ETA 00:41:52
[2026-03-28T07:30:01.553] [INFO] [selfplay:0] [SelfPlay] 179/1000 (17%)  pos=16309  W/D/B=75/36/68  (41%/20%/37%)  d4/d7  1.3 games/s (avg 0.3)  846.7K nps  ETA 00:41:45
[2026-03-28T07:30:07.375] [INFO] [selfplay:0] [SelfPlay] 180/1000 (18%)  pos=16459  W/D/B=75/37/68  (41%/20%/37%)  d4/d7  1.2 games/s (avg 0.3)  849.9K nps  ETA 00:41:31
[2026-03-28T07:30:08.409] [INFO] [selfplay:0] [SelfPlay] 181/1000 (18%)  pos=16506  W/D/B=75/37/69  (41%/20%/38%)  d4/d7  1.1 games/s (avg 0.3)  837.5K nps  ETA 00:41:45
[2026-03-28T07:30:09.785] [INFO] [selfplay:0] [SelfPlay] 182/1000 (18%)  pos=16675  W/D/B=76/37/69  (41%/20%/37%)  d4/d7  1.0 games/s (avg 0.3)  836.0K nps  ETA 00:41:32
[2026-03-28T07:30:10.344] [INFO] [selfplay:0] [SelfPlay] 183/1000 (18%)  pos=16710  W/D/B=76/37/70  (41%/20%/38%)  d4/d7  1.0 games/s (avg 0.3)  832.9K nps  ETA 00:41:23
[2026-03-28T07:30:14.782] [INFO] [selfplay:0] [SelfPlay] 184/1000 (18%)  pos=16878  W/D/B=76/38/70  (41%/20%/38%)  d4/d7  1.1 games/s (avg 0.3)  837.8K nps  ETA 00:41:04
[2026-03-28T07:30:15.928] [INFO] [selfplay:0] [SelfPlay] 185/1000 (18%)  pos=16991  W/D/B=77/38/70  (41%/20%/37%)  d4/d7  1.0 games/s (avg 0.3)  833.6K nps  ETA 00:41:11
[2026-03-28T07:30:16.004] [INFO] [selfplay:0] [SelfPlay] 186/1000 (18%)  pos=17030  W/D/B=78/38/70  (41%/20%/37%)  d4/d7  1.0 games/s (avg 0.3)  834.2K nps  ETA 00:41:01
[2026-03-28T07:30:22.877] [INFO] [selfplay:0] [SelfPlay] 187/1000 (18%)  pos=17267  W/D/B=78/39/70  (41%/20%/37%)  d4/d7  2.8 games/s (avg 0.3)  835.0K nps  ETA 00:40:38
[2026-03-28T07:30:25.045] [INFO] [selfplay:0] [SelfPlay] 188/1000 (18%)  pos=17390  W/D/B=79/39/70  (42%/20%/37%)  d4/d7  2.6 games/s (avg 0.3)  839.7K nps  ETA 00:40:57
[2026-03-28T07:30:27.016] [INFO] [selfplay:0] [SelfPlay] 189/1000 (18%)  pos=17434  W/D/B=80/39/70  (42%/20%/37%)  d4/d7  2.3 games/s (avg 0.3)  840.6K nps  ETA 00:40:50
[2026-03-28T07:30:27.467] [INFO] [selfplay:0] [SelfPlay] 190/1000 (19%)  pos=17513  W/D/B=80/39/71  (42%/20%/37%)  d4/d7  2.0 games/s (avg 0.3)  841.0K nps  ETA 00:40:45
[2026-03-28T07:30:29.305] [INFO] [selfplay:0] [SelfPlay] 191/1000 (19%)  pos=17576  W/D/B=80/39/72  (41%/20%/37%)  d4/d7  2.0 games/s (avg 0.3)  848.3K nps  ETA 00:40:29
[2026-03-28T07:30:34.190] [INFO] [selfplay:0] [SelfPlay] 192/1000 (19%)  pos=17668  W/D/B=80/40/72  (41%/20%/37%)  d4/d7  1.8 games/s (avg 0.3)  844.4K nps  ETA 00:40:18
[2026-03-28T07:30:36.617] [INFO] [selfplay:0] [SelfPlay] 193/1000 (19%)  pos=17732  W/D/B=80/41/72  (41%/21%/37%)  d4/d7  1.6 games/s (avg 0.3)  836.1K nps  ETA 00:40:25
[2026-03-28T07:30:42.208] [INFO] [selfplay:0] [SelfPlay] 194/1000 (19%)  pos=17972  W/D/B=80/42/72  (41%/21%/37%)  d4/d7  1.4 games/s (avg 0.3)  835.7K nps  ETA 00:40:17
[2026-03-28T07:30:43.907] [INFO] [selfplay:0] [SelfPlay] 195/1000 (19%)  pos=18104  W/D/B=80/43/72  (41%/22%/36%)  d4/d7  1.2 games/s (avg 0.3)  827.4K nps  ETA 00:40:28
[2026-03-28T07:30:46.580] [INFO] [selfplay:0] [SelfPlay] 196/1000 (19%)  pos=18179  W/D/B=81/43/72  (41%/21%/36%)  d4/d7  1.1 games/s (avg 0.3)  827.6K nps  ETA 00:40:19
[2026-03-28T07:30:49.157] [INFO] [selfplay:0] [SelfPlay] 197/1000 (19%)  pos=18231  W/D/B=81/44/72  (41%/22%/36%)  d4/d7  1.0 games/s (avg 0.3)  825.4K nps  ETA 00:40:15
[2026-03-28T07:30:49.663] [INFO] [selfplay:0] [SelfPlay] 198/1000 (19%)  pos=18278  W/D/B=82/44/72  (41%/22%/36%)  d4/d7  0.9 games/s (avg 0.3)  824.0K nps  ETA 00:40:11
[2026-03-28T07:30:54.210] [INFO] [selfplay:0] [SelfPlay] 199/1000 (19%)  pos=18436  W/D/B=82/44/73  (41%/22%/36%)  d4/d7  1.1 games/s (avg 0.3)  829.2K nps  ETA 00:39:55
[2026-03-28T07:31:00.573] [INFO] [selfplay:0] [SelfPlay] 200/1000 (20%)  pos=18507  W/D/B=83/44/73  (41%/22%/36%)  d4/d7  0.9 games/s (avg 0.3)  819.6K nps  ETA 00:39:56
[2026-03-28T07:31:04.775] [INFO] [selfplay:0] [SelfPlay] 201/1000 (20%)  pos=18598  W/D/B=84/44/73  (41%/21%/36%)  d4/d7  0.8 games/s (avg 0.3)  809.7K nps  ETA 00:40:09
[2026-03-28T07:31:06.061] [INFO] [selfplay:0] [SelfPlay] 202/1000 (20%)  pos=18652  W/D/B=85/44/73  (42%/21%/36%)  d4/d7  0.7 games/s (avg 0.3)  804.7K nps  ETA 00:40:13
[2026-03-28T07:31:09.000] [INFO] [selfplay:0] [SelfPlay] 203/1000 (20%)  pos=18704  W/D/B=85/44/74  (41%/21%/36%)  d4/d7  0.7 games/s (avg 0.3)  807.0K nps  ETA 00:40:02
[2026-03-28T07:31:12.449] [INFO] [selfplay:0] [SelfPlay] 204/1000 (20%)  pos=18770  W/D/B=85/44/75  (41%/21%/36%)  d4/d7  0.7 games/s (avg 0.3)  806.3K nps  ETA 00:39:58
[2026-03-28T07:31:12.742] [INFO] [selfplay:0] [SelfPlay] 205/1000 (20%)  pos=18907  W/D/B=86/44/75  (41%/21%/36%)  d4/d7  0.6 games/s (avg 0.3)  805.7K nps  ETA 00:39:59
[2026-03-28T07:31:16.323] [INFO] [selfplay:0] [SelfPlay] 206/1000 (20%)  pos=19007  W/D/B=87/44/75  (42%/21%/36%)  d4/d7  1.0 games/s (avg 0.3)  808.9K nps  ETA 00:39:43
[2026-03-28T07:31:19.634] [INFO] [selfplay:0] [SelfPlay] 207/1000 (20%)  pos=19045  W/D/B=88/44/75  (42%/21%/36%)  d4/d7  0.9 games/s (avg 0.3)  804.8K nps  ETA 00:39:42
[2026-03-28T07:31:22.525] [INFO] [selfplay:0] [SelfPlay] 208/1000 (20%)  pos=19112  W/D/B=88/45/75  (42%/21%/36%)  d4/d7  0.8 games/s (avg 0.3)  802.1K nps  ETA 00:39:41
[2026-03-28T07:31:23.150] [INFO] [selfplay:0] [SelfPlay] 209/1000 (20%)  pos=19152  W/D/B=88/45/76  (42%/21%/36%)  d4/d7  0.8 games/s (avg 0.3)  799.6K nps  ETA 00:39:40
[2026-03-28T07:31:25.349] [INFO] [selfplay:0] [SelfPlay] 210/1000 (21%)  pos=19186  W/D/B=88/45/77  (41%/21%/36%)  d4/d7  0.9 games/s (avg 0.3)  800.4K nps  ETA 00:39:26
[2026-03-28T07:31:33.824] [INFO] [selfplay:0] [SelfPlay] 211/1000 (21%)  pos=19376  W/D/B=88/45/78  (41%/21%/36%)  d4/d7  0.8 games/s (avg 0.3)  806.3K nps  ETA 00:39:13
[2026-03-28T07:31:37.155] [INFO] [selfplay:0] [SelfPlay] 212/1000 (21%)  pos=19392  W/D/B=89/45/78  (41%/21%/36%)  d4/d7  0.7 games/s (avg 0.3)  790.8K nps  ETA 00:39:37
[2026-03-28T07:31:39.348] [INFO] [selfplay:0] [SelfPlay] 213/1000 (21%)  pos=19478  W/D/B=89/46/78  (41%/21%/36%)  d4/d7  0.7 games/s (avg 0.3)  784.8K nps  ETA 00:39:36
[2026-03-28T07:31:42.104] [INFO] [selfplay:0] [SelfPlay] 214/1000 (21%)  pos=19613  W/D/B=90/46/78  (42%/21%/36%)  d4/d7  0.6 games/s (avg 0.3)  788.0K nps  ETA 00:39:29
[2026-03-28T07:31:43.694] [INFO] [selfplay:0] [SelfPlay] 215/1000 (21%)  pos=19717  W/D/B=91/46/78  (42%/21%/36%)  d4/d7  0.6 games/s (avg 0.3)  787.1K nps  ETA 00:39:26
[2026-03-28T07:31:47.016] [INFO] [selfplay:0] [SelfPlay] 216/1000 (21%)  pos=19847  W/D/B=91/46/79  (42%/21%/36%)  d4/d7  0.6 games/s (avg 0.3)  790.9K nps  ETA 00:39:17
[2026-03-28T07:31:48.657] [INFO] [selfplay:0] [SelfPlay] 217/1000 (21%)  pos=19898  W/D/B=91/47/79  (41%/21%/36%)  d4/d7  0.5 games/s (avg 0.3)  788.1K nps  ETA 00:39:16
[2026-03-28T07:31:50.201] [INFO] [selfplay:0] [SelfPlay] 218/1000 (21%)  pos=20058  W/D/B=92/47/79  (42%/21%/36%)  d4/d7  0.6 games/s (avg 0.3)  785.8K nps  ETA 00:39:09
[2026-03-28T07:31:50.837] [INFO] [selfplay:0] [SelfPlay] 219/1000 (21%)  pos=20141  W/D/B=93/47/79  (42%/21%/36%)  d4/d7  0.6 games/s (avg 0.3)  785.9K nps  ETA 00:39:01
[2026-03-28T07:31:52.960] [INFO] [selfplay:0] [SelfPlay] 220/1000 (22%)  pos=20230  W/D/B=93/47/80  (42%/21%/36%)  d4/d7  0.7 games/s (avg 0.3)  788.9K nps  ETA 00:38:48
[2026-03-28T07:31:55.239] [INFO] [selfplay:0] [SelfPlay] 221/1000 (22%)  pos=20398  W/D/B=93/48/80  (42%/21%/36%)  d4/d7  0.7 games/s (avg 0.3)  789.5K nps  ETA 00:38:42
[2026-03-28T07:31:55.559] [INFO] [selfplay:0] [SelfPlay] 222/1000 (22%)  pos=20550  W/D/B=94/48/80  (42%/21%/36%)  d4/d7  0.6 games/s (avg 0.3)  785.8K nps  ETA 00:38:38
[2026-03-28T07:31:56.688] [INFO] [selfplay:0] [SelfPlay] 223/1000 (22%)  pos=20659  W/D/B=94/48/81  (42%/21%/36%)  d4/d7  1.0 games/s (avg 0.3)  791.5K nps  ETA 00:38:25
[2026-03-28T07:32:04.281] [INFO] [selfplay:0] [SelfPlay] 224/1000 (22%)  pos=20833  W/D/B=94/48/82  (41%/21%/36%)  d4/d7  1.0 games/s (avg 0.3)  790.2K nps  ETA 00:38:10
[2026-03-28T07:32:04.667] [INFO] [selfplay:0] [SelfPlay] 225/1000 (22%)  pos=20906  W/D/B=95/48/82  (42%/21%/36%)  d4/d7  0.9 games/s (avg 0.3)  778.4K nps  ETA 00:38:29
[2026-03-28T07:32:05.712] [INFO] [selfplay:0] [SelfPlay] 226/1000 (22%)  pos=20966  W/D/B=96/48/82  (42%/21%/36%)  d4/d7  1.1 games/s (avg 0.3)  780.8K nps  ETA 00:38:17
[2026-03-28T07:32:09.930] [INFO] [selfplay:0] [SelfPlay] 227/1000 (22%)  pos=21206  W/D/B=96/49/82  (42%/21%/36%)  d4/d7  1.1 games/s (avg 0.3)  784.6K nps  ETA 00:38:05
[2026-03-28T07:32:11.309] [INFO] [selfplay:0] [SelfPlay] 228/1000 (22%)  pos=21244  W/D/B=96/50/82  (42%/21%/35%)  d4/d7  1.0 games/s (avg 0.3)  779.0K nps  ETA 00:38:09
[2026-03-28T07:32:13.257] [INFO] [selfplay:0] [SelfPlay] 229/1000 (22%)  pos=21339  W/D/B=97/50/82  (42%/21%/35%)  d4/d7  0.9 games/s (avg 0.3)  783.3K nps  ETA 00:38:00
[2026-03-28T07:32:14.137] [INFO] [selfplay:0] [SelfPlay] 230/1000 (23%)  pos=21371  W/D/B=97/50/83  (42%/21%/36%)  d4/d7  0.9 games/s (avg 0.3)  780.9K nps  ETA 00:37:54
[2026-03-28T07:32:14.233] [INFO] [selfplay:0] [SelfPlay] 231/1000 (23%)  pos=21414  W/D/B=97/51/83  (41%/22%/35%)  d4/d7  0.9 games/s (avg 0.3)  781.4K nps  ETA 00:37:45
[2026-03-28T07:32:16.653] [INFO] [selfplay:0] [SelfPlay] 232/1000 (23%)  pos=21510  W/D/B=98/51/83  (42%/21%/35%)  d4/d7  2.3 games/s (avg 0.3)  784.4K nps  ETA 00:37:30
[2026-03-28T07:32:16.824] [INFO] [selfplay:0] [SelfPlay] 233/1000 (23%)  pos=21514  W/D/B=99/51/83  (42%/21%/35%)  d4/d7  2.0 games/s (avg 0.3)  780.9K nps  ETA 00:37:28
[2026-03-28T07:32:17.225] [INFO] [selfplay:0] [SelfPlay] 234/1000 (23%)  pos=21609  W/D/B=100/51/83  (42%/21%/35%)  d4/d7  2.6 games/s (avg 0.3)  786.5K nps  ETA 00:37:16
[2026-03-28T07:32:20.485] [INFO] [selfplay:0] [SelfPlay] 235/1000 (23%)  pos=21658  W/D/B=101/51/83  (42%/21%/35%)  d4/d7  2.6 games/s (avg 0.3)  786.2K nps  ETA 00:37:01
[2026-03-28T07:32:22.885] [INFO] [selfplay:0] [SelfPlay] 236/1000 (23%)  pos=21796  W/D/B=101/51/84  (42%/21%/35%)  d4/d7  2.3 games/s (avg 0.3)  781.0K nps  ETA 00:37:02
[2026-03-28T07:32:24.405] [INFO] [selfplay:0] [SelfPlay] 237/1000 (23%)  pos=21866  W/D/B=101/51/85  (42%/21%/35%)  d4/d7  2.0 games/s (avg 0.3)  781.7K nps  ETA 00:36:58
[2026-03-28T07:32:26.927] [INFO] [selfplay:0] [SelfPlay] 238/1000 (23%)  pos=21946  W/D/B=102/51/85  (42%/21%/35%)  d4/d7  1.8 games/s (avg 0.3)  782.2K nps  ETA 00:36:49
[2026-03-28T07:32:35.522] [INFO] [selfplay:0] [SelfPlay] 239/1000 (23%)  pos=22023  W/D/B=102/52/85  (42%/21%/35%)  d4/d7  1.6 games/s (avg 0.3)  781.2K nps  ETA 00:36:39
[2026-03-28T07:32:38.322] [INFO] [selfplay:0] [SelfPlay] 240/1000 (24%)  pos=22092  W/D/B=103/52/85  (42%/21%/35%)  d4/d7  1.5 games/s (avg 0.3)  783.6K nps  ETA 00:37:01
[2026-03-28T07:32:40.676] [INFO] [selfplay:0] [SelfPlay] 241/1000 (24%)  pos=22192  W/D/B=103/52/86  (42%/21%/35%)  d4/d7  1.3 games/s (avg 0.3)  784.9K nps  ETA 00:36:56
[2026-03-28T07:32:41.913] [INFO] [selfplay:0] [SelfPlay] 242/1000 (24%)  pos=22278  W/D/B=103/52/87  (42%/21%/35%)  d4/d7  1.2 games/s (avg 0.3)  784.0K nps  ETA 00:36:54
[2026-03-28T07:32:42.852] [INFO] [selfplay:0] [SelfPlay] 243/1000 (24%)  pos=22353  W/D/B=104/52/87  (42%/21%/35%)  d4/d7  1.1 games/s (avg 0.3)  784.5K nps  ETA 00:36:45
[2026-03-28T07:32:44.411] [INFO] [selfplay:0] [SelfPlay] 244/1000 (24%)  pos=22418  W/D/B=104/52/88  (42%/21%/36%)  d4/d7  1.1 games/s (avg 0.3)  785.7K nps  ETA 00:36:36
[2026-03-28T07:32:45.994] [INFO] [selfplay:0] [SelfPlay] 245/1000 (24%)  pos=22537  W/D/B=104/52/89  (42%/21%/36%)  d4/d7  1.0 games/s (avg 0.3)  783.8K nps  ETA 00:36:28
[2026-03-28T07:32:49.357] [INFO] [selfplay:0] [SelfPlay] 246/1000 (24%)  pos=22596  W/D/B=104/53/89  (42%/21%/36%)  d4/d7  1.0 games/s (avg 0.3)  781.5K nps  ETA 00:36:20
[2026-03-28T07:32:50.054] [INFO] [selfplay:0] [SelfPlay] 247/1000 (24%)  pos=22659  W/D/B=105/53/89  (42%/21%/36%)  d4/d7  0.9 games/s (avg 0.3)  779.9K nps  ETA 00:36:21
[2026-03-28T07:32:52.099] [INFO] [selfplay:0] [SelfPlay] 248/1000 (24%)  pos=22750  W/D/B=105/53/90  (42%/21%/36%)  d4/d7  1.0 games/s (avg 0.3)  783.6K nps  ETA 00:36:10
[2026-03-28T07:32:54.940] [INFO] [selfplay:0] [SelfPlay] 249/1000 (24%)  pos=22865  W/D/B=105/53/91  (42%/21%/36%)  d4/d7  0.9 games/s (avg 0.3)  784.5K nps  ETA 00:36:04
[2026-03-28T07:32:58.104] [INFO] [selfplay:0] [SelfPlay] 250/1000 (25%)  pos=22894  W/D/B=105/53/92  (42%/21%/36%)  d4/d7  0.8 games/s (avg 0.3)  781.0K nps  ETA 00:36:01
[2026-03-28T07:33:00.136] [INFO] [selfplay:0] [SelfPlay] 251/1000 (25%)  pos=22984  W/D/B=105/53/93  (41%/21%/37%)  d4/d7  0.7 games/s (avg 0.3)  779.3K nps  ETA 00:36:00
[2026-03-28T07:33:02.067] [INFO] [selfplay:0] [SelfPlay] 252/1000 (25%)  pos=23103  W/D/B=105/53/94  (41%/21%/37%)  d4/d7  0.7 games/s (avg 0.3)  779.4K nps  ETA 00:35:54
[2026-03-28T07:33:06.576] [INFO] [selfplay:0] [SelfPlay] 253/1000 (25%)  pos=23185  W/D/B=105/53/95  (41%/20%/37%)  d4/d7  0.7 games/s (avg 0.3)  780.5K nps  ETA 00:35:46
[2026-03-28T07:33:14.390] [INFO] [selfplay:0] [SelfPlay] 254/1000 (25%)  pos=23307  W/D/B=105/53/96  (41%/20%/37%)  d4/d7  0.6 games/s (avg 0.3)  778.1K nps  ETA 00:35:46
[2026-03-28T07:33:14.600] [INFO] [selfplay:0] [SelfPlay] 255/1000 (25%)  pos=23352  W/D/B=106/53/96  (41%/20%/37%)  d4/d7  0.5 games/s (avg 0.3)  768.1K nps  ETA 00:36:03
[2026-03-28T07:33:21.324] [INFO] [selfplay:0] [SelfPlay] 256/1000 (25%)  pos=23412  W/D/B=107/53/96  (41%/20%/37%)  d4/d7  1.2 games/s (avg 0.3)  771.6K nps  ETA 00:35:47
[2026-03-28T07:33:21.919] [INFO] [selfplay:0] [SelfPlay] 257/1000 (25%)  pos=23493  W/D/B=108/53/96  (42%/20%/37%)  d4/d7  1.0 games/s (avg 0.3)  763.9K nps  ETA 00:36:01
[2026-03-28T07:33:24.611] [INFO] [selfplay:0] [SelfPlay] 258/1000 (25%)  pos=23543  W/D/B=109/53/96  (42%/20%/37%)  d4/d7  1.1 games/s (avg 0.3)  766.4K nps  ETA 00:35:49
[2026-03-28T07:33:24.910] [INFO] [selfplay:0] [SelfPlay] 259/1000 (25%)  pos=23755  W/D/B=110/53/96  (42%/20%/37%)  d4/d7  1.0 games/s (avg 0.3)  763.4K nps  ETA 00:35:49
[2026-03-28T07:33:25.615] [INFO] [selfplay:0] [SelfPlay] 260/1000 (26%)  pos=23809  W/D/B=111/53/96  (42%/20%/36%)  d4/d7  1.4 games/s (avg 0.3)  765.6K nps  ETA 00:35:37
[2026-03-28T07:33:28.588] [INFO] [selfplay:0] [SelfPlay] 261/1000 (26%)  pos=23882  W/D/B=111/53/97  (42%/20%/37%)  d4/d7  1.4 games/s (avg 0.3)  769.0K nps  ETA 00:35:26
[2026-03-28T07:33:32.758] [INFO] [selfplay:0] [SelfPlay] 262/1000 (26%)  pos=24003  W/D/B=112/53/97  (42%/20%/37%)  d4/d7  1.2 games/s (avg 0.3)  765.0K nps  ETA 00:35:23
[2026-03-28T07:33:35.481] [INFO] [selfplay:0] [SelfPlay] 263/1000 (26%)  pos=24082  W/D/B=112/53/98  (42%/20%/37%)  d4/d7  1.1 games/s (avg 0.3)  762.8K nps  ETA 00:35:24
[2026-03-28T07:33:44.984] [INFO] [selfplay:0] [SelfPlay] 264/1000 (26%)  pos=24265  W/D/B=112/54/98  (42%/20%/37%)  d4/d7  1.0 games/s (avg 0.3)  762.4K nps  ETA 00:35:15
[2026-03-28T07:33:48.408] [INFO] [selfplay:0] [SelfPlay] 265/1000 (26%)  pos=24404  W/D/B=112/54/99  (42%/20%/37%)  d4/d7  0.8 games/s (avg 0.3)  752.7K nps  ETA 00:35:36
[2026-03-28T07:33:48.805] [INFO] [selfplay:0] [SelfPlay] 266/1000 (26%)  pos=24469  W/D/B=113/54/99  (42%/20%/37%)  d4/d7  0.7 games/s (avg 0.3)  748.2K nps  ETA 00:35:37
[2026-03-28T07:33:49.224] [INFO] [selfplay:0] [SelfPlay] 267/1000 (26%)  pos=24528  W/D/B=113/54/100  (42%/20%/37%)  d4/d7  1.0 games/s (avg 0.3)  753.7K nps  ETA 00:35:28
[2026-03-28T07:33:52.272] [INFO] [selfplay:0] [SelfPlay] 268/1000 (26%)  pos=24600  W/D/B=113/54/101  (42%/20%/37%)  d4/d7  1.2 games/s (avg 0.3)  757.4K nps  ETA 00:35:15
[2026-03-28T07:33:57.157] [INFO] [selfplay:0] [SelfPlay] 269/1000 (26%)  pos=24722  W/D/B=114/54/101  (42%/20%/37%)  d4/d7  1.1 games/s (avg 0.3)  756.1K nps  ETA 00:35:11
[2026-03-28T07:34:00.298] [INFO] [selfplay:0] [SelfPlay] 270/1000 (27%)  pos=24744  W/D/B=115/54/101  (42%/20%/37%)  d4/d7  1.0 games/s (avg 0.3)  751.3K nps  ETA 00:35:15
[2026-03-28T07:34:02.531] [INFO] [selfplay:0] [SelfPlay] 271/1000 (27%)  pos=24895  W/D/B=115/55/101  (42%/20%/37%)  d4/d7  0.9 games/s (avg 0.3)  751.3K nps  ETA 00:35:13
[2026-03-28T07:34:02.924] [INFO] [selfplay:0] [SelfPlay] 272/1000 (27%)  pos=24981  W/D/B=115/55/102  (42%/20%/37%)  d4/d7  0.8 games/s (avg 0.3)  751.6K nps  ETA 00:35:11
[2026-03-28T07:34:03.386] [INFO] [selfplay:0] [SelfPlay] 273/1000 (27%)  pos=25093  W/D/B=116/55/102  (42%/20%/37%)  d4/d7  1.1 games/s (avg 0.3)  755.0K nps  ETA 00:35:02
[2026-03-28T07:34:06.350] [INFO] [selfplay:0] [SelfPlay] 274/1000 (27%)  pos=25212  W/D/B=116/55/103  (42%/20%/37%)  d4/d7  1.2 games/s (avg 0.3)  755.0K nps  ETA 00:34:50
[2026-03-28T07:34:06.497] [INFO] [selfplay:0] [SelfPlay] 275/1000 (27%)  pos=25250  W/D/B=116/55/104  (42%/20%/37%)  d4/d7  1.1 games/s (avg 0.3)  751.3K nps  ETA 00:34:49
[2026-03-28T07:34:10.084] [INFO] [selfplay:0] [SelfPlay] 276/1000 (27%)  pos=25424  W/D/B=117/55/104  (42%/19%/37%)  d4/d7  2.0 games/s (avg 0.3)  755.0K nps  ETA 00:34:37
[2026-03-28T07:34:11.096] [INFO] [selfplay:0] [SelfPlay] 277/1000 (27%)  pos=25551  W/D/B=118/55/104  (42%/19%/37%)  d4/d7  1.7 games/s (avg 0.3)  754.3K nps  ETA 00:34:38
[2026-03-28T07:34:14.230] [INFO] [selfplay:0] [SelfPlay] 278/1000 (27%)  pos=25578  W/D/B=118/56/104  (42%/20%/37%)  d4/d7  1.6 games/s (avg 0.3)  754.7K nps  ETA 00:34:28
[2026-03-28T07:34:17.098] [INFO] [selfplay:0] [SelfPlay] 279/1000 (27%)  pos=25636  W/D/B=118/56/105  (42%/20%/37%)  d4/d7  1.4 games/s (avg 0.3)  754.4K nps  ETA 00:34:26
[2026-03-28T07:34:19.533] [INFO] [selfplay:0] [SelfPlay] 280/1000 (28%)  pos=25681  W/D/B=119/56/105  (42%/20%/37%)  d4/d7  1.2 games/s (avg 0.3)  750.8K nps  ETA 00:34:23
[2026-03-28T07:34:25.042] [INFO] [selfplay:0] [SelfPlay] 281/1000 (28%)  pos=25738  W/D/B=119/56/106  (42%/19%/37%)  d4/d7  1.1 games/s (avg 0.3)  750.4K nps  ETA 00:34:17
[2026-03-28T07:34:26.036] [INFO] [selfplay:0] [SelfPlay] 282/1000 (28%)  pos=25901  W/D/B=119/56/107  (42%/19%/37%)  d4/d7  1.0 games/s (avg 0.3)  746.7K nps  ETA 00:34:25
[2026-03-28T07:34:31.926] [INFO] [selfplay:0] [SelfPlay] 283/1000 (28%)  pos=26050  W/D/B=119/56/108  (42%/19%/38%)  d4/d7  1.0 games/s (avg 0.3)  753.8K nps  ETA 00:34:12
[2026-03-28T07:34:36.285] [INFO] [selfplay:0] [SelfPlay] 284/1000 (28%)  pos=26134  W/D/B=119/56/109  (41%/19%/38%)  d4/d7  0.9 games/s (avg 0.3)  748.3K nps  ETA 00:34:19
[2026-03-28T07:34:42.992] [INFO] [selfplay:0] [SelfPlay] 285/1000 (28%)  pos=26228  W/D/B=120/56/109  (42%/19%/38%)  d4/d7  0.8 games/s (avg 0.3)  745.5K nps  ETA 00:34:17
[2026-03-28T07:34:43.514] [INFO] [selfplay:0] [SelfPlay] 286/1000 (28%)  pos=26345  W/D/B=121/56/109  (42%/19%/38%)  d4/d7  0.7 games/s (avg 0.3)  740.4K nps  ETA 00:34:29
[2026-03-28T07:34:45.108] [INFO] [selfplay:0] [SelfPlay] 287/1000 (28%)  pos=26398  W/D/B=122/56/109  (42%/19%/37%)  d4/d7  0.9 games/s (avg 0.3)  742.4K nps  ETA 00:34:21
[2026-03-28T07:34:49.293] [INFO] [selfplay:0] [SelfPlay] 288/1000 (28%)  pos=26498  W/D/B=122/56/110  (42%/19%/38%)  d4/d7  0.8 games/s (avg 0.3)  743.3K nps  ETA 00:34:12
[2026-03-28T07:34:50.201] [INFO] [selfplay:0] [SelfPlay] 289/1000 (28%)  pos=26525  W/D/B=123/56/110  (42%/19%/38%)  d4/d7  0.7 games/s (avg 0.3)  739.9K nps  ETA 00:34:15
[2026-03-28T07:34:52.180] [INFO] [selfplay:0] [SelfPlay] 290/1000 (29%)  pos=26609  W/D/B=123/57/110  (42%/19%/37%)  d4/d7  0.8 games/s (avg 0.3)  740.9K nps  ETA 00:34:06
[2026-03-28T07:34:52.530] [INFO] [selfplay:0] [SelfPlay] 291/1000 (29%)  pos=26661  W/D/B=123/57/111  (42%/19%/38%)  d4/d7  0.7 games/s (avg 0.3)  740.1K nps  ETA 00:34:02
[2026-03-28T07:34:53.689] [INFO] [selfplay:0] [SelfPlay] 292/1000 (29%)  pos=26767  W/D/B=123/57/112  (42%/19%/38%)  d4/d7  1.1 games/s (avg 0.3)  743.5K nps  ETA 00:33:53
[2026-03-28T07:34:53.829] [INFO] [selfplay:0] [SelfPlay] 293/1000 (29%)  pos=26870  W/D/B=123/58/112  (41%/19%/38%)  d4/d7  1.0 games/s (avg 0.3)  742.4K nps  ETA 00:33:47
[2026-03-28T07:34:56.872] [INFO] [selfplay:0] [SelfPlay] 294/1000 (29%)  pos=26933  W/D/B=123/58/113  (41%/19%/38%)  d4/d7  2.0 games/s (avg 0.3)  745.3K nps  ETA 00:33:35
[2026-03-28T07:34:57.028] [INFO] [selfplay:0] [SelfPlay] 295/1000 (29%)  pos=26979  W/D/B=123/59/113  (41%/20%/38%)  d4/d7  1.7 games/s (avg 0.3)  746.3K nps  ETA 00:33:35
[2026-03-28T07:34:57.096] [INFO] [selfplay:0] [SelfPlay] 296/1000 (29%)  pos=27123  W/D/B=123/60/113  (41%/20%/38%)  d4/d7  2.4 games/s (avg 0.4)  746.5K nps  ETA 00:33:26
[2026-03-28T07:35:05.076] [INFO] [selfplay:0] [SelfPlay] 297/1000 (29%)  pos=27231  W/D/B=124/60/113  (41%/20%/38%)  d4/d7  4.3 games/s (avg 0.4)  751.1K nps  ETA 00:33:08
[2026-03-28T07:35:05.313] [INFO] [selfplay:0] [SelfPlay] 298/1000 (29%)  pos=27346  W/D/B=125/60/113  (41%/20%/37%)  d4/d7  3.9 games/s (avg 0.3)  753.2K nps  ETA 00:33:26
[2026-03-28T07:35:14.619] [INFO] [selfplay:0] [SelfPlay] 299/1000 (29%)  pos=27573  W/D/B=125/61/113  (41%/20%/37%)  d4/d7  4.0 games/s (avg 0.4)  756.9K nps  ETA 00:33:07
[2026-03-28T07:35:14.738] [INFO] [selfplay:0] [SelfPlay] 300/1000 (30%)  pos=27624  W/D/B=126/61/113  (42%/20%/37%)  d4/d7  3.7 games/s (avg 0.3)  759.1K nps  ETA 00:33:29
[2026-03-28T07:35:17.275] [INFO] [selfplay:0] [SelfPlay] 301/1000 (30%)  pos=27704  W/D/B=126/61/114  (41%/20%/37%)  d4/d7  4.4 games/s (avg 0.3)  761.5K nps  ETA 00:33:18
[2026-03-28T07:35:24.825] [INFO] [selfplay:0] [SelfPlay] 302/1000 (30%)  pos=27717  W/D/B=127/61/114  (42%/20%/37%)  d4/d7  4.1 games/s (avg 0.3)  762.1K nps  ETA 00:33:08
[2026-03-28T07:35:26.748] [INFO] [selfplay:0] [SelfPlay] 303/1000 (30%)  pos=27754  W/D/B=128/61/114  (42%/20%/37%)  d4/d7  3.8 games/s (avg 0.3)  764.1K nps  ETA 00:33:22
[2026-03-28T07:35:29.254] [INFO] [selfplay:0] [SelfPlay] 304/1000 (30%)  pos=27887  W/D/B=128/61/115  (42%/20%/37%)  d4/d7  3.3 games/s (avg 0.3)  765.2K nps  ETA 00:33:17
[2026-03-28T07:35:29.767] [INFO] [selfplay:0] [SelfPlay] 305/1000 (30%)  pos=27979  W/D/B=128/61/116  (41%/20%/38%)  d4/d7  2.8 games/s (avg 0.3)  764.2K nps  ETA 00:33:14
[2026-03-28T07:35:30.159] [INFO] [selfplay:0] [SelfPlay] 306/1000 (30%)  pos=28074  W/D/B=129/61/116  (42%/19%/37%)  d4/d7  2.7 games/s (avg 0.3)  766.6K nps  ETA 00:33:07
[2026-03-28T07:35:33.181] [INFO] [selfplay:0] [SelfPlay] 307/1000 (30%)  pos=28150  W/D/B=129/62/116  (42%/20%/37%)  d4/d7  2.7 games/s (avg 0.4)  769.0K nps  ETA 00:32:55
[2026-03-28T07:35:33.482] [INFO] [selfplay:0] [SelfPlay] 308/1000 (30%)  pos=28203  W/D/B=130/62/116  (42%/20%/37%)  d4/d7  2.3 games/s (avg 0.4)  765.5K nps  ETA 00:32:55
[2026-03-28T07:35:35.710] [INFO] [selfplay:0] [SelfPlay] 309/1000 (30%)  pos=28282  W/D/B=130/63/116  (42%/20%/37%)  d4/d7  2.5 games/s (avg 0.4)  768.0K nps  ETA 00:32:45
[2026-03-28T07:35:35.992] [INFO] [selfplay:0] [SelfPlay] 310/1000 (31%)  pos=28327  W/D/B=130/63/117  (41%/20%/37%)  d4/d7  2.2 games/s (avg 0.4)  766.9K nps  ETA 00:32:43
[2026-03-28T07:35:37.140] [INFO] [selfplay:0] [SelfPlay] 311/1000 (31%)  pos=28394  W/D/B=130/64/117  (41%/20%/37%)  d4/d7  2.4 games/s (avg 0.4)  766.8K nps  ETA 00:32:34
[2026-03-28T07:35:40.583] [INFO] [selfplay:0] [SelfPlay] 312/1000 (31%)  pos=28515  W/D/B=130/64/118  (41%/20%/37%)  d4/d7  2.2 games/s (avg 0.4)  769.3K nps  ETA 00:32:24
[2026-03-28T07:35:44.072] [INFO] [selfplay:0] [SelfPlay] 313/1000 (31%)  pos=28620  W/D/B=130/65/118  (41%/20%/37%)  d4/d7  1.9 games/s (avg 0.4)  765.4K nps  ETA 00:32:24
[2026-03-28T07:35:51.390] [INFO] [selfplay:0] [SelfPlay] 314/1000 (31%)  pos=28657  W/D/B=130/65/119  (41%/20%/37%)  d4/d7  1.6 games/s (avg 0.4)  762.7K nps  ETA 00:32:18
[2026-03-28T07:35:51.753] [INFO] [selfplay:0] [SelfPlay] 315/1000 (31%)  pos=28757  W/D/B=131/65/119  (41%/20%/37%)  d4/d7  1.5 games/s (avg 0.4)  766.5K nps  ETA 00:32:31
[2026-03-28T07:35:56.824] [INFO] [selfplay:0] [SelfPlay] 316/1000 (31%)  pos=28800  W/D/B=132/65/119  (41%/20%/37%)  d4/d7  1.7 games/s (avg 0.4)  770.1K nps  ETA 00:32:19
[2026-03-28T07:35:58.327] [INFO] [selfplay:0] [SelfPlay] 317/1000 (31%)  pos=28894  W/D/B=132/66/119  (41%/20%/37%)  d4/d7  1.5 games/s (avg 0.4)  767.0K nps  ETA 00:32:25
[2026-03-28T07:35:59.634] [INFO] [selfplay:0] [SelfPlay] 318/1000 (31%)  pos=29078  W/D/B=132/66/120  (41%/20%/37%)  d4/d7  1.4 games/s (avg 0.4)  765.8K nps  ETA 00:32:18
[2026-03-28T07:36:01.439] [INFO] [selfplay:0] [SelfPlay] 319/1000 (31%)  pos=29197  W/D/B=132/66/121  (41%/20%/37%)  d4/d7  1.3 games/s (avg 0.4)  767.0K nps  ETA 00:32:13
[2026-03-28T07:36:02.105] [INFO] [selfplay:0] [SelfPlay] 320/1000 (32%)  pos=29288  W/D/B=133/66/121  (41%/20%/37%)  d4/d7  1.2 games/s (avg 0.4)  767.5K nps  ETA 00:32:08
[2026-03-28T07:36:03.188] [INFO] [selfplay:0] [SelfPlay] 321/1000 (32%)  pos=29353  W/D/B=133/66/122  (41%/20%/38%)  d4/d7  1.2 games/s (avg 0.4)  767.0K nps  ETA 00:32:01
[2026-03-28T07:36:04.666] [INFO] [selfplay:0] [SelfPlay] 322/1000 (32%)  pos=29427  W/D/B=133/66/123  (41%/20%/38%)  d4/d7  1.2 games/s (avg 0.4)  766.0K nps  ETA 00:31:53
[2026-03-28T07:36:05.381] [INFO] [selfplay:0] [SelfPlay] 323/1000 (32%)  pos=29519  W/D/B=133/66/124  (41%/20%/38%)  d4/d7  1.1 games/s (avg 0.4)  768.3K nps  ETA 00:31:49
[2026-03-28T07:36:06.272] [INFO] [selfplay:0] [SelfPlay] 324/1000 (32%)  pos=29559  W/D/B=134/66/124  (41%/20%/38%)  d4/d7  1.1 games/s (avg 0.4)  767.6K nps  ETA 00:31:41
[2026-03-28T07:36:11.646] [INFO] [selfplay:0] [SelfPlay] 325/1000 (32%)  pos=29636  W/D/B=135/66/124  (41%/20%/38%)  d4/d7  1.1 games/s (avg 0.4)  768.8K nps  ETA 00:31:29
[2026-03-28T07:36:11.882] [INFO] [selfplay:0] [SelfPlay] 326/1000 (32%)  pos=29739  W/D/B=136/66/124  (41%/20%/38%)  d4/d7  1.0 games/s (avg 0.4)  764.9K nps  ETA 00:31:38
[2026-03-28T07:36:14.999] [INFO] [selfplay:0] [SelfPlay] 327/1000 (32%)  pos=29818  W/D/B=136/66/125  (41%/20%/38%)  d4/d7  1.5 games/s (avg 0.4)  765.1K nps  ETA 00:31:27
[2026-03-28T07:36:17.066] [INFO] [selfplay:0] [SelfPlay] 328/1000 (32%)  pos=29860  W/D/B=137/66/125  (41%/20%/38%)  d4/d7  1.3 games/s (avg 0.4)  761.7K nps  ETA 00:31:26
[2026-03-28T07:36:17.736] [INFO] [selfplay:0] [SelfPlay] 329/1000 (32%)  pos=30045  W/D/B=137/66/126  (41%/20%/38%)  d4/d7  1.2 games/s (avg 0.4)  762.7K nps  ETA 00:31:22
[2026-03-28T07:36:19.106] [INFO] [selfplay:0] [SelfPlay] 330/1000 (33%)  pos=30156  W/D/B=138/66/126  (41%/20%/38%)  d4/d7  1.2 games/s (avg 0.4)  765.8K nps  ETA 00:31:15
[2026-03-28T07:36:19.212] [INFO] [selfplay:0] [SelfPlay] 331/1000 (33%)  pos=30277  W/D/B=139/66/126  (41%/19%/38%)  d4/d7  1.2 games/s (avg 0.4)  767.1K nps  ETA 00:31:10
[2026-03-28T07:36:21.007] [INFO] [selfplay:0] [SelfPlay] 332/1000 (33%)  pos=30349  W/D/B=140/66/126  (42%/19%/37%)  d4/d7  2.4 games/s (avg 0.4)  767.3K nps  ETA 00:31:00
[2026-03-28T07:36:25.381] [INFO] [selfplay:0] [SelfPlay] 333/1000 (33%)  pos=30410  W/D/B=141/66/126  (42%/19%/37%)  d4/d7  2.1 games/s (avg 0.4)  765.5K nps  ETA 00:30:53
[2026-03-28T07:36:28.244] [INFO] [selfplay:0] [SelfPlay] 334/1000 (33%)  pos=30479  W/D/B=142/66/126  (42%/19%/37%)  d4/d7  1.8 games/s (avg 0.4)  760.8K nps  ETA 00:30:55
[2026-03-28T07:36:29.261] [INFO] [selfplay:0] [SelfPlay] 335/1000 (33%)  pos=30545  W/D/B=143/66/126  (42%/19%/37%)  d4/d7  1.6 games/s (avg 0.4)  759.2K nps  ETA 00:30:54
[2026-03-28T07:36:30.245] [INFO] [selfplay:0] [SelfPlay] 336/1000 (33%)  pos=30625  W/D/B=143/66/127  (42%/19%/37%)  d4/d7  1.5 games/s (avg 0.4)  760.2K nps  ETA 00:30:48
[2026-03-28T07:36:31.622] [INFO] [selfplay:0] [SelfPlay] 337/1000 (33%)  pos=30776  W/D/B=144/66/127  (42%/19%/37%)  d4/d7  1.4 games/s (avg 0.4)  763.4K nps  ETA 00:30:40
[2026-03-28T07:36:35.423] [INFO] [selfplay:0] [SelfPlay] 338/1000 (33%)  pos=30878  W/D/B=144/67/127  (42%/19%/37%)  d4/d7  1.3 games/s (avg 0.4)  764.3K nps  ETA 00:30:34
[2026-03-28T07:36:36.922] [INFO] [selfplay:0] [SelfPlay] 339/1000 (33%)  pos=31031  W/D/B=145/67/127  (42%/19%/37%)  d4/d7  1.2 games/s (avg 0.4)  760.4K nps  ETA 00:30:34
[2026-03-28T07:36:38.696] [INFO] [selfplay:0] [SelfPlay] 340/1000 (34%)  pos=31053  W/D/B=145/67/128  (42%/19%/37%)  d4/d7  1.1 games/s (avg 0.4)  758.8K nps  ETA 00:30:29
[2026-03-28T07:36:42.507] [INFO] [selfplay:0] [SelfPlay] 341/1000 (34%)  pos=31203  W/D/B=146/67/128  (42%/19%/37%)  d4/d7  1.0 games/s (avg 0.4)  760.2K nps  ETA 00:30:22
[2026-03-28T07:36:43.334] [INFO] [selfplay:0] [SelfPlay] 342/1000 (34%)  pos=31277  W/D/B=146/67/129  (42%/19%/37%)  d4/d7  0.9 games/s (avg 0.4)  756.2K nps  ETA 00:30:25
[2026-03-28T07:36:47.207] [INFO] [selfplay:0] [SelfPlay] 343/1000 (34%)  pos=31327  W/D/B=146/68/129  (42%/19%/37%)  d4/d7  1.0 games/s (avg 0.4)  757.0K nps  ETA 00:30:15
[2026-03-28T07:36:53.239] [INFO] [selfplay:0] [SelfPlay] 344/1000 (34%)  pos=31372  W/D/B=146/69/129  (42%/20%/37%)  d4/d7  0.8 games/s (avg 0.4)  754.2K nps  ETA 00:30:12
[2026-03-28T07:36:54.883] [INFO] [selfplay:0] [SelfPlay] 345/1000 (34%)  pos=31526  W/D/B=146/70/129  (42%/20%/37%)  d4/d7  0.7 games/s (avg 0.4)  748.0K nps  ETA 00:30:20
[2026-03-28T07:36:56.200] [INFO] [selfplay:0] [SelfPlay] 346/1000 (34%)  pos=31605  W/D/B=146/70/130  (42%/20%/37%)  d4/d7  0.7 games/s (avg 0.4)  749.3K nps  ETA 00:30:16
[2026-03-28T07:37:00.714] [INFO] [selfplay:0] [SelfPlay] 347/1000 (34%)  pos=31786  W/D/B=146/70/131  (42%/20%/37%)  d4/d7  0.7 games/s (avg 0.4)  752.0K nps  ETA 00:30:06
[2026-03-28T07:37:01.569] [INFO] [selfplay:0] [SelfPlay] 348/1000 (34%)  pos=31941  W/D/B=146/70/132  (41%/20%/37%)  d4/d7  0.7 games/s (avg 0.4)  749.6K nps  ETA 00:30:11
[2026-03-28T07:37:01.586] [INFO] [selfplay:0] [SelfPlay] 349/1000 (34%)  pos=32069  W/D/B=147/70/132  (42%/20%/37%)  d4/d7  0.7 games/s (avg 0.4)  751.7K nps  ETA 00:30:05
[2026-03-28T07:37:01.844] [INFO] [selfplay:0] [SelfPlay] 350/1000 (35%)  pos=32201  W/D/B=147/70/133  (42%/20%/38%)  d4/d7  9.2 games/s (avg 0.4)  754.6K nps  ETA 00:29:57
[2026-03-28T07:37:09.555] [INFO] [selfplay:0] [SelfPlay] 351/1000 (35%)  pos=32404  W/D/B=147/70/134  (41%/19%/38%)  d4/d7  8.4 games/s (avg 0.4)  754.8K nps  ETA 00:29:42
[2026-03-28T07:37:13.916] [INFO] [selfplay:0] [SelfPlay] 352/1000 (35%)  pos=32436  W/D/B=148/70/134  (42%/19%/38%)  d4/d7  7.8 games/s (avg 0.4)  755.9K nps  ETA 00:29:52
[2026-03-28T07:37:19.369] [INFO] [selfplay:0] [SelfPlay] 353/1000 (35%)  pos=32499  W/D/B=148/71/134  (41%/20%/37%)  d4/d7  7.2 games/s (avg 0.4)  758.5K nps  ETA 00:29:52
[2026-03-28T07:37:19.997] [INFO] [selfplay:0] [SelfPlay] 354/1000 (35%)  pos=32614  W/D/B=148/72/134  (41%/20%/37%)  d4/d7  6.7 games/s (avg 0.4)  763.6K nps  ETA 00:29:58
[2026-03-28T07:37:20.274] [INFO] [selfplay:0] [SelfPlay] 355/1000 (35%)  pos=32676  W/D/B=149/72/134  (41%/20%/37%)  d4/d7  5.9 games/s (avg 0.4)  764.8K nps  ETA 00:29:52
[2026-03-28T07:37:22.810] [INFO] [selfplay:0] [SelfPlay] 356/1000 (35%)  pos=32757  W/D/B=149/72/135  (41%/20%/37%)  d4/d7  5.6 games/s (avg 0.4)  768.2K nps  ETA 00:29:42
[2026-03-28T07:37:22.933] [INFO] [selfplay:0] [SelfPlay] 357/1000 (35%)  pos=32802  W/D/B=149/73/135  (41%/20%/37%)  d4/d7  5.1 games/s (avg 0.4)  768.2K nps  ETA 00:29:41
[2026-03-28T07:37:28.483] [INFO] [selfplay:0] [SelfPlay] 358/1000 (35%)  pos=32881  W/D/B=150/73/135  (41%/20%/37%)  d4/d7  5.6 games/s (avg 0.4)  771.0K nps  ETA 00:29:28
[2026-03-28T07:37:31.759] [INFO] [selfplay:0] [SelfPlay] 359/1000 (35%)  pos=32950  W/D/B=151/73/135  (42%/20%/37%)  d4/d7  5.2 games/s (avg 0.4)  772.7K nps  ETA 00:29:33
[2026-03-28T07:37:32.790] [INFO] [selfplay:0] [SelfPlay] 360/1000 (36%)  pos=33056  W/D/B=152/73/135  (42%/20%/37%)  d4/d7  4.8 games/s (avg 0.4)  776.3K nps  ETA 00:29:33
[2026-03-28T07:37:32.915] [INFO] [selfplay:0] [SelfPlay] 361/1000 (36%)  pos=33158  W/D/B=152/73/136  (42%/20%/37%)  d4/d7  4.2 games/s (avg 0.4)  778.8K nps  ETA 00:29:28
[2026-03-28T07:37:35.620] [INFO] [selfplay:0] [SelfPlay] 362/1000 (36%)  pos=33272  W/D/B=153/73/136  (42%/20%/37%)  d4/d7  4.8 games/s (avg 0.4)  779.0K nps  ETA 00:29:18
[2026-03-28T07:37:38.232] [INFO] [selfplay:0] [SelfPlay] 363/1000 (36%)  pos=33339  W/D/B=153/73/137  (42%/20%/37%)  d4/d7  4.4 games/s (avg 0.4)  781.3K nps  ETA 00:29:16
[2026-03-28T07:37:42.468] [INFO] [selfplay:0] [SelfPlay] 364/1000 (36%)  pos=33417  W/D/B=153/73/138  (42%/20%/37%)  d4/d7  4.1 games/s (avg 0.4)  781.4K nps  ETA 00:29:10
[2026-03-28T07:37:44.920] [INFO] [selfplay:0] [SelfPlay] 365/1000 (36%)  pos=33483  W/D/B=154/73/138  (42%/20%/37%)  d4/d7  3.8 games/s (avg 0.4)  781.4K nps  ETA 00:29:12
[2026-03-28T07:37:46.041] [INFO] [selfplay:0] [SelfPlay] 366/1000 (36%)  pos=33565  W/D/B=154/73/139  (42%/19%/37%)  d4/d7  3.3 games/s (avg 0.4)  781.8K nps  ETA 00:29:11
[2026-03-28T07:38:00.697] [INFO] [selfplay:0] [SelfPlay] 367/1000 (36%)  pos=33718  W/D/B=155/73/139  (42%/19%/37%)  d4/d7  2.9 games/s (avg 0.4)  783.8K nps  ETA 00:28:51
[2026-03-28T07:38:04.177] [INFO] [selfplay:0] [SelfPlay] 368/1000 (36%)  pos=33811  W/D/B=155/73/140  (42%/19%/38%)  d4/d7  2.7 games/s (avg 0.4)  786.4K nps  ETA 00:29:21
[2026-03-28T07:38:08.699] [INFO] [selfplay:0] [SelfPlay] 369/1000 (36%)  pos=33887  W/D/B=155/73/141  (42%/19%/38%)  d4/d7  2.3 games/s (avg 0.4)  785.6K nps  ETA 00:29:17
[2026-03-28T07:38:08.750] [INFO] [selfplay:0] [SelfPlay] 370/1000 (37%)  pos=34085  W/D/B=155/73/142  (41%/19%/38%)  d4/d7  2.2 games/s (avg 0.4)  789.4K nps  ETA 00:29:22
[2026-03-28T07:38:09.634] [INFO] [selfplay:0] [SelfPlay] 371/1000 (37%)  pos=34130  W/D/B=155/73/143  (41%/19%/38%)  d4/d7  4.8 games/s (avg 0.4)  792.9K nps  ETA 00:29:14
[2026-03-28T07:38:09.710] [INFO] [selfplay:0] [SelfPlay] 372/1000 (37%)  pos=34236  W/D/B=155/74/143  (41%/19%/38%)  d4/d7  4.2 games/s (avg 0.4)  792.3K nps  ETA 00:29:09
[2026-03-28T07:38:12.404] [INFO] [selfplay:0] [SelfPlay] 373/1000 (37%)  pos=34458  W/D/B=155/75/143  (41%/20%/38%)  d4/d7  5.6 games/s (avg 0.4)  795.7K nps  ETA 00:28:59
[2026-03-28T07:38:13.141] [INFO] [selfplay:0] [SelfPlay] 374/1000 (37%)  pos=34509  W/D/B=155/75/144  (41%/20%/38%)  d4/d7  5.2 games/s (avg 0.4)  795.8K nps  ETA 00:28:57
[2026-03-28T07:38:13.933] [INFO] [selfplay:0] [SelfPlay] 375/1000 (37%)  pos=34586  W/D/B=155/76/144  (41%/20%/38%)  d4/d7  4.6 games/s (avg 0.4)  795.2K nps  ETA 00:28:51
[2026-03-28T07:38:15.090] [INFO] [selfplay:0] [SelfPlay] 376/1000 (37%)  pos=34682  W/D/B=155/76/145  (41%/20%/38%)  d4/d7  4.1 games/s (avg 0.4)  794.6K nps  ETA 00:28:45
[2026-03-28T07:38:16.001] [INFO] [selfplay:0] [SelfPlay] 377/1000 (37%)  pos=34763  W/D/B=155/76/146  (41%/20%/38%)  d4/d7  3.6 games/s (avg 0.4)  796.3K nps  ETA 00:28:40
[2026-03-28T07:38:17.034] [INFO] [selfplay:0] [SelfPlay] 378/1000 (37%)  pos=34862  W/D/B=156/76/146  (41%/20%/38%)  d4/d7  3.2 games/s (avg 0.4)  797.3K nps  ETA 00:28:34
[2026-03-28T07:38:17.367] [INFO] [selfplay:0] [SelfPlay] 379/1000 (37%)  pos=34994  W/D/B=156/76/147  (41%/20%/38%)  d4/d7  2.9 games/s (avg 0.4)  796.5K nps  ETA 00:28:29
[2026-03-28T07:38:19.207] [INFO] [selfplay:0] [SelfPlay] 380/1000 (38%)  pos=35136  W/D/B=156/77/147  (41%/20%/38%)  d4/d7  2.9 games/s (avg 0.4)  798.9K nps  ETA 00:28:21
[2026-03-28T07:38:20.575] [INFO] [selfplay:0] [SelfPlay] 381/1000 (38%)  pos=35273  W/D/B=157/77/147  (41%/20%/38%)  d4/d7  2.6 games/s (avg 0.4)  799.5K nps  ETA 00:28:16
[2026-03-28T07:38:22.630] [INFO] [selfplay:0] [SelfPlay] 382/1000 (38%)  pos=35370  W/D/B=157/77/148  (41%/20%/38%)  d4/d7  2.3 games/s (avg 0.4)  798.4K nps  ETA 00:28:12
[2026-03-28T07:38:23.632] [INFO] [selfplay:0] [SelfPlay] 383/1000 (38%)  pos=35445  W/D/B=158/77/148  (41%/20%/38%)  d4/d7  2.0 games/s (avg 0.4)  800.2K nps  ETA 00:28:09
[2026-03-28T07:38:24.205] [INFO] [selfplay:0] [SelfPlay] 384/1000 (38%)  pos=35482  W/D/B=158/77/149  (41%/20%/38%)  d4/d7  1.9 games/s (avg 0.4)  800.6K nps  ETA 00:28:04
[2026-03-28T07:38:27.379] [INFO] [selfplay:0] [SelfPlay] 385/1000 (38%)  pos=35622  W/D/B=158/77/150  (41%/20%/38%)  d4/d7  1.8 games/s (avg 0.4)  803.5K nps  ETA 00:27:55
[2026-03-28T07:38:36.018] [INFO] [selfplay:0] [SelfPlay] 386/1000 (38%)  pos=35662  W/D/B=159/77/150  (41%/19%/38%)  d4/d7  1.6 games/s (avg 0.4)  800.2K nps  ETA 00:27:47
[2026-03-28T07:38:37.030] [INFO] [selfplay:0] [SelfPlay] 387/1000 (38%)  pos=35733  W/D/B=160/77/150  (41%/19%/38%)  d4/d7  1.5 games/s (avg 0.4)  800.6K nps  ETA 00:28:02
[2026-03-28T07:38:37.132] [INFO] [selfplay:0] [SelfPlay] 388/1000 (38%)  pos=35888  W/D/B=161/77/150  (41%/19%/38%)  d4/d7  1.4 games/s (avg 0.4)  803.4K nps  ETA 00:27:57
[2026-03-28T07:38:37.438] [INFO] [selfplay:0] [SelfPlay] 389/1000 (38%)  pos=35938  W/D/B=161/77/151  (41%/19%/38%)  d4/d7  2.7 games/s (avg 0.4)  805.2K nps  ETA 00:27:50
[2026-03-28T07:38:42.228] [INFO] [selfplay:0] [SelfPlay] 390/1000 (39%)  pos=35985  W/D/B=161/78/151  (41%/20%/38%)  d4/d7  2.8 games/s (avg 0.4)  806.5K nps  ETA 00:27:39
[2026-03-28T07:38:43.278] [INFO] [selfplay:0] [SelfPlay] 391/1000 (39%)  pos=36078  W/D/B=162/78/151  (41%/19%/38%)  d4/d7  2.6 games/s (avg 0.4)  806.4K nps  ETA 00:27:43
[2026-03-28T07:38:46.009] [INFO] [selfplay:0] [SelfPlay] 392/1000 (39%)  pos=36318  W/D/B=162/79/151  (41%/20%/38%)  d4/d7  2.3 games/s (avg 0.4)  805.7K nps  ETA 00:27:36
[2026-03-28T07:38:47.034] [INFO] [selfplay:0] [SelfPlay] 393/1000 (39%)  pos=36406  W/D/B=163/79/151  (41%/20%/38%)  d4/d7  2.0 games/s (avg 0.4)  805.1K nps  ETA 00:27:35
[2026-03-28T07:38:54.755] [INFO] [selfplay:0] [SelfPlay] 394/1000 (39%)  pos=36421  W/D/B=163/79/152  (41%/20%/38%)  d4/d7  1.9 games/s (avg 0.4)  804.6K nps  ETA 00:27:23
[2026-03-28T07:38:56.917] [INFO] [selfplay:0] [SelfPlay] 395/1000 (39%)  pos=36456  W/D/B=163/79/153  (41%/20%/38%)  d4/d7  1.7 games/s (avg 0.4)  806.0K nps  ETA 00:27:34
[2026-03-28T07:38:57.394] [INFO] [selfplay:0] [SelfPlay] 396/1000 (39%)  pos=36598  W/D/B=163/79/154  (41%/19%/38%)  d4/d7  1.5 games/s (avg 0.4)  806.5K nps  ETA 00:27:32
[2026-03-28T07:38:58.147] [INFO] [selfplay:0] [SelfPlay] 397/1000 (39%)  pos=36627  W/D/B=164/79/154  (41%/19%/38%)  d4/d7  1.6 games/s (avg 0.4)  807.5K nps  ETA 00:27:25
[2026-03-28T07:38:59.393] [INFO] [selfplay:0] [SelfPlay] 398/1000 (39%)  pos=36740  W/D/B=164/79/155  (41%/19%/38%)  d4/d7  1.6 games/s (avg 0.4)  809.6K nps  ETA 00:27:19
[2026-03-28T07:39:00.839] [INFO] [selfplay:0] [SelfPlay] 399/1000 (39%)  pos=36768  W/D/B=164/80/155  (41%/20%/38%)  d4/d7  1.5 games/s (avg 0.4)  809.3K nps  ETA 00:27:13
[2026-03-28T07:39:01.557] [INFO] [selfplay:0] [SelfPlay] 400/1000 (40%)  pos=36791  W/D/B=164/80/156  (41%/20%/39%)  d4/d7  1.3 games/s (avg 0.4)  808.7K nps  ETA 00:27:10
[2026-03-28T07:39:02.309] [INFO] [selfplay:0] [SelfPlay] 401/1000 (40%)  pos=36908  W/D/B=164/81/156  (40%/20%/38%)  d4/d7  1.4 games/s (avg 0.4)  810.4K nps  ETA 00:27:05
[2026-03-28T07:39:02.570] [INFO] [selfplay:0] [SelfPlay] 402/1000 (40%)  pos=37041  W/D/B=165/81/156  (41%/20%/38%)  d4/d7  1.3 games/s (avg 0.4)  812.5K nps  ETA 00:26:58
[2026-03-28T07:39:04.684] [INFO] [selfplay:0] [SelfPlay] 403/1000 (40%)  pos=37116  W/D/B=166/81/156  (41%/20%/38%)  d4/d7  1.7 games/s (avg 0.4)  812.5K nps  ETA 00:26:51
[2026-03-28T07:39:05.292] [INFO] [selfplay:0] [SelfPlay] 404/1000 (40%)  pos=37163  W/D/B=166/81/157  (41%/20%/38%)  d4/d7  1.5 games/s (avg 0.4)  811.5K nps  ETA 00:26:49
[2026-03-28T07:39:10.060] [INFO] [selfplay:0] [SelfPlay] 405/1000 (40%)  pos=37236  W/D/B=166/82/157  (40%/20%/38%)  d4/d7  1.6 games/s (avg 0.4)  812.5K nps  ETA 00:26:39
[2026-03-28T07:39:10.950] [INFO] [selfplay:0] [SelfPlay] 406/1000 (40%)  pos=37326  W/D/B=167/82/157  (41%/20%/38%)  d4/d7  1.3 games/s (avg 0.4)  810.4K nps  ETA 00:26:43
[2026-03-28T07:39:14.902] [INFO] [selfplay:0] [SelfPlay] 407/1000 (40%)  pos=37543  W/D/B=167/83/157  (41%/20%/38%)  d4/d7  1.3 games/s (avg 0.4)  809.9K nps  ETA 00:26:35
[2026-03-28T07:39:16.845] [INFO] [selfplay:0] [SelfPlay] 408/1000 (40%)  pos=37684  W/D/B=167/83/158  (40%/20%/38%)  d4/d7  1.2 games/s (avg 0.4)  805.9K nps  ETA 00:26:36
[2026-03-28T07:39:17.310] [INFO] [selfplay:0] [SelfPlay] 409/1000 (40%)  pos=37740  W/D/B=168/83/158  (41%/20%/38%)  d4/d7  1.1 games/s (avg 0.4)  805.2K nps  ETA 00:26:34
[2026-03-28T07:39:18.262] [INFO] [selfplay:0] [SelfPlay] 410/1000 (41%)  pos=37775  W/D/B=169/83/158  (41%/20%/38%)  d4/d7  1.2 games/s (avg 0.4)  804.9K nps  ETA 00:26:27
[2026-03-28T07:39:21.129] [INFO] [selfplay:0] [SelfPlay] 411/1000 (41%)  pos=37970  W/D/B=169/83/159  (41%/20%/38%)  d4/d7  1.2 games/s (avg 0.4)  808.2K nps  ETA 00:26:20
[2026-03-28T07:39:22.931] [INFO] [selfplay:0] [SelfPlay] 412/1000 (41%)  pos=38008  W/D/B=170/83/159  (41%/20%/38%)  d4/d7  1.1 games/s (avg 0.4)  806.4K nps  ETA 00:26:18
[2026-03-28T07:39:28.327] [INFO] [selfplay:0] [SelfPlay] 413/1000 (41%)  pos=38034  W/D/B=171/83/159  (41%/20%/38%)  d4/d7  1.0 games/s (avg 0.4)  806.0K nps  ETA 00:26:11
[2026-03-28T07:39:41.357] [INFO] [selfplay:0] [SelfPlay] 414/1000 (41%)  pos=38100  W/D/B=171/84/159  (41%/20%/38%)  d4/d7  0.9 games/s (avg 0.4)  801.9K nps  ETA 00:26:05
[2026-03-28T07:39:44.502] [INFO] [selfplay:0] [SelfPlay] 415/1000 (41%)  pos=38199  W/D/B=172/84/159  (41%/20%/38%)  d4/d7  0.8 games/s (avg 0.4)  803.5K nps  ETA 00:26:25
[2026-03-28T07:39:47.894] [INFO] [selfplay:0] [SelfPlay] 416/1000 (41%)  pos=38276  W/D/B=173/84/159  (41%/20%/38%)  d4/d7  0.7 games/s (avg 0.4)  802.1K nps  ETA 00:26:24
[2026-03-28T07:39:54.055] [INFO] [selfplay:0] [SelfPlay] 417/1000 (41%)  pos=38345  W/D/B=173/84/160  (41%/20%/38%)  d4/d7  0.7 games/s (avg 0.4)  800.6K nps  ETA 00:26:20
[2026-03-28T07:39:54.115] [INFO] [selfplay:0] [SelfPlay] 418/1000 (41%)  pos=38537  W/D/B=174/84/160  (41%/20%/38%)  d4/d7  0.6 games/s (avg 0.4)  798.2K nps  ETA 00:26:28
[2026-03-28T07:39:56.981] [INFO] [selfplay:0] [SelfPlay] 419/1000 (41%)  pos=38656  W/D/B=175/84/160  (41%/20%/38%)  d4/d7  3.0 games/s (avg 0.4)  798.6K nps  ETA 00:26:18
[2026-03-28T07:39:57.642] [INFO] [selfplay:0] [SelfPlay] 420/1000 (42%)  pos=38710  W/D/B=175/84/161  (41%/20%/38%)  d4/d7  2.6 games/s (avg 0.4)  799.4K nps  ETA 00:26:18
[2026-03-28T07:39:58.717] [INFO] [selfplay:0] [SelfPlay] 421/1000 (42%)  pos=38759  W/D/B=175/84/162  (41%/19%/38%)  d4/d7  2.4 games/s (avg 0.4)  798.9K nps  ETA 00:26:12
[2026-03-28T07:40:00.839] [INFO] [selfplay:0] [SelfPlay] 422/1000 (42%)  pos=38851  W/D/B=175/84/163  (41%/19%/38%)  d4/d7  2.2 games/s (avg 0.4)  801.0K nps  ETA 00:26:06
[2026-03-28T07:40:10.329] [INFO] [selfplay:0] [SelfPlay] 423/1000 (42%)  pos=38904  W/D/B=175/84/164  (41%/19%/38%)  d4/d7  1.9 games/s (avg 0.4)  801.2K nps  ETA 00:25:56
[2026-03-28T07:40:11.420] [INFO] [selfplay:0] [SelfPlay] 424/1000 (42%)  pos=39014  W/D/B=175/84/165  (41%/19%/38%)  d4/d7  1.8 games/s (avg 0.4)  803.8K nps  ETA 00:26:10
[2026-03-28T07:40:13.580] [INFO] [selfplay:0] [SelfPlay] 425/1000 (42%)  pos=39105  W/D/B=175/85/165  (41%/20%/38%)  d4/d7  1.7 games/s (avg 0.4)  805.5K nps  ETA 00:26:03
[2026-03-28T07:40:14.439] [INFO] [selfplay:0] [SelfPlay] 426/1000 (42%)  pos=39289  W/D/B=175/85/166  (41%/19%/38%)  d4/d7  1.5 games/s (avg 0.4)  807.8K nps  ETA 00:26:03
[2026-03-28T07:40:19.889] [INFO] [selfplay:0] [SelfPlay] 427/1000 (42%)  pos=39344  W/D/B=176/85/166  (41%/19%/38%)  d4/d7  1.4 games/s (avg 0.4)  807.1K nps  ETA 00:25:51
[2026-03-28T07:40:21.906] [INFO] [selfplay:0] [SelfPlay] 428/1000 (42%)  pos=39417  W/D/B=176/85/167  (41%/19%/39%)  d4/d7  1.3 games/s (avg 0.4)  806.1K nps  ETA 00:25:56
[2026-03-28T07:40:22.695] [INFO] [selfplay:0] [SelfPlay] 429/1000 (42%)  pos=39524  W/D/B=177/85/167  (41%/19%/38%)  d4/d7  1.1 games/s (avg 0.4)  807.8K nps  ETA 00:25:54
[2026-03-28T07:40:24.218] [INFO] [selfplay:0] [SelfPlay] 430/1000 (43%)  pos=39566  W/D/B=178/85/167  (41%/19%/38%)  d4/d7  1.2 games/s (avg 0.4)  808.5K nps  ETA 00:25:48
[2026-03-28T07:40:24.745] [INFO] [selfplay:0] [SelfPlay] 431/1000 (43%)  pos=39635  W/D/B=179/85/167  (41%/19%/38%)  d4/d7  1.1 games/s (avg 0.4)  809.5K nps  ETA 00:25:44
[2026-03-28T07:40:24.794] [INFO] [selfplay:0] [SelfPlay] 432/1000 (43%)  pos=39724  W/D/B=179/85/168  (41%/19%/38%)  d4/d7  1.2 games/s (avg 0.4)  811.8K nps  ETA 00:25:40
[2026-03-28T07:40:27.847] [INFO] [selfplay:0] [SelfPlay] 433/1000 (43%)  pos=39784  W/D/B=180/85/168  (41%/19%/38%)  d4/d7  4.1 games/s (avg 0.4)  813.5K nps  ETA 00:25:30
[2026-03-28T07:40:30.662] [INFO] [selfplay:0] [SelfPlay] 434/1000 (43%)  pos=39856  W/D/B=180/86/168  (41%/19%/38%)  d4/d7  3.8 games/s (avg 0.4)  813.5K nps  ETA 00:25:28
[2026-03-28T07:40:32.681] [INFO] [selfplay:0] [SelfPlay] 435/1000 (43%)  pos=39914  W/D/B=180/86/169  (41%/19%/38%)  d4/d7  3.5 games/s (avg 0.4)  815.6K nps  ETA 00:25:27
[2026-03-28T07:40:38.840] [INFO] [selfplay:0] [SelfPlay] 436/1000 (43%)  pos=39954  W/D/B=180/87/169  (41%/19%/38%)  d4/d7  3.0 games/s (avg 0.4)  813.6K nps  ETA 00:25:19
[2026-03-28T07:40:50.502] [INFO] [selfplay:0] [SelfPlay] 437/1000 (43%)  pos=40015  W/D/B=180/87/170  (41%/19%/38%)  d4/d7  2.8 games/s (avg 0.4)  815.8K nps  ETA 00:25:15
[2026-03-28T07:40:50.632] [INFO] [selfplay:0] [SelfPlay] 438/1000 (43%)  pos=40034  W/D/B=181/87/170  (41%/19%/38%)  d4/d7  2.6 games/s (avg 0.4)  816.8K nps  ETA 00:25:35
[2026-03-28T07:40:51.003] [INFO] [selfplay:0] [SelfPlay] 439/1000 (43%)  pos=40090  W/D/B=182/87/170  (41%/19%/38%)  d4/d7  3.4 games/s (avg 0.4)  817.8K nps  ETA 00:25:29
[2026-03-28T07:40:51.878] [INFO] [selfplay:0] [SelfPlay] 440/1000 (44%)  pos=40094  W/D/B=182/87/171  (41%/19%/38%)  d4/d7  3.3 games/s (avg 0.4)  817.5K nps  ETA 00:25:23
[2026-03-28T07:40:58.725] [INFO] [selfplay:0] [SelfPlay] 441/1000 (44%)  pos=40256  W/D/B=183/87/171  (41%/19%/38%)  d4/d7  2.9 games/s (avg 0.4)  819.7K nps  ETA 00:25:12
[2026-03-28T07:40:59.436] [INFO] [selfplay:0] [SelfPlay] 442/1000 (44%)  pos=40293  W/D/B=184/87/171  (41%/19%/38%)  d4/d7  2.7 games/s (avg 0.4)  821.5K nps  ETA 00:25:21
[2026-03-28T07:40:59.623] [INFO] [selfplay:0] [SelfPlay] 443/1000 (44%)  pos=40452  W/D/B=184/87/172  (41%/19%/38%)  d4/d7  2.5 games/s (avg 0.4)  823.1K nps  ETA 00:25:15
[2026-03-28T07:41:02.754] [INFO] [selfplay:0] [SelfPlay] 444/1000 (44%)  pos=40589  W/D/B=185/87/172  (41%/19%/38%)  d4/d7  2.9 games/s (avg 0.4)  826.0K nps  ETA 00:25:07
[2026-03-28T07:41:03.779] [INFO] [selfplay:0] [SelfPlay] 445/1000 (44%)  pos=40743  W/D/B=186/87/172  (41%/19%/38%)  d4/d7  2.6 games/s (avg 0.4)  823.0K nps  ETA 00:25:07
[2026-03-28T07:41:04.302] [INFO] [selfplay:0] [SelfPlay] 446/1000 (44%)  pos=40859  W/D/B=187/87/172  (41%/19%/38%)  d4/d7  2.3 games/s (avg 0.4)  825.1K nps  ETA 00:25:03
[2026-03-28T07:41:07.071] [INFO] [selfplay:0] [SelfPlay] 447/1000 (44%)  pos=40923  W/D/B=188/87/172  (42%/19%/38%)  d4/d7  2.3 games/s (avg 0.4)  827.6K nps  ETA 00:24:54
[2026-03-28T07:41:09.554] [INFO] [selfplay:0] [SelfPlay] 448/1000 (44%)  pos=41007  W/D/B=188/87/173  (41%/19%/38%)  d4/d7  2.0 games/s (avg 0.4)  827.7K nps  ETA 00:24:52
[2026-03-28T07:41:13.319] [INFO] [selfplay:0] [SelfPlay] 449/1000 (44%)  pos=41095  W/D/B=188/87/174  (41%/19%/38%)  d4/d7  1.7 games/s (avg 0.4)  828.1K nps  ETA 00:24:49
[2026-03-28T07:41:19.809] [INFO] [selfplay:0] [SelfPlay] 450/1000 (45%)  pos=41208  W/D/B=189/87/174  (42%/19%/38%)  d4/d7  1.5 games/s (avg 0.4)  824.6K nps  ETA 00:24:43
[2026-03-28T07:41:19.909] [INFO] [selfplay:0] [SelfPlay] 451/1000 (45%)  pos=41335  W/D/B=189/87/175  (41%/19%/38%)  d4/d7  1.3 games/s (avg 0.4)  820.6K nps  ETA 00:24:52
[2026-03-28T07:41:20.705] [INFO] [selfplay:0] [SelfPlay] 452/1000 (45%)  pos=41440  W/D/B=190/87/175  (42%/19%/38%)  d4/d7  2.6 games/s (avg 0.4)  822.3K nps  ETA 00:24:45
[2026-03-28T07:41:25.044] [INFO] [selfplay:0] [SelfPlay] 453/1000 (45%)  pos=41567  W/D/B=191/87/175  (42%/19%/38%)  d4/d7  2.4 games/s (avg 0.4)  825.2K nps  ETA 00:24:37
[2026-03-28T07:41:26.091] [INFO] [selfplay:0] [SelfPlay] 454/1000 (45%)  pos=41602  W/D/B=192/87/175  (42%/19%/38%)  d4/d7  2.2 games/s (avg 0.4)  826.0K nps  ETA 00:24:40
[2026-03-28T07:41:26.567] [INFO] [selfplay:0] [SelfPlay] 455/1000 (45%)  pos=41684  W/D/B=193/87/175  (42%/19%/38%)  d4/d7  2.0 games/s (avg 0.4)  825.4K nps  ETA 00:24:35
[2026-03-28T07:41:29.495] [INFO] [selfplay:0] [SelfPlay] 456/1000 (45%)  pos=41734  W/D/B=193/88/175  (42%/19%/38%)  d4/d7  2.0 games/s (avg 0.4)  826.8K nps  ETA 00:24:28
[2026-03-28T07:41:40.537] [INFO] [selfplay:0] [SelfPlay] 457/1000 (45%)  pos=41778  W/D/B=193/89/175  (42%/19%/38%)  d4/d7  1.8 games/s (avg 0.4)  825.4K nps  ETA 00:24:17
[2026-03-28T07:41:40.892] [INFO] [selfplay:0] [SelfPlay] 458/1000 (45%)  pos=41939  W/D/B=194/89/175  (42%/19%/38%)  d4/d7  1.7 games/s (avg 0.4)  827.4K nps  ETA 00:24:35
[2026-03-28T07:41:44.894] [INFO] [selfplay:0] [SelfPlay] 459/1000 (45%)  pos=42038  W/D/B=195/89/175  (42%/19%/38%)  d4/d7  1.8 games/s (avg 0.4)  830.1K nps  ETA 00:24:26
[2026-03-28T07:41:45.156] [INFO] [selfplay:0] [SelfPlay] 460/1000 (46%)  pos=42200  W/D/B=195/90/175  (42%/19%/38%)  d4/d7  1.6 games/s (avg 0.4)  828.7K nps  ETA 00:24:29
[2026-03-28T07:41:48.464] [INFO] [selfplay:0] [SelfPlay] 461/1000 (46%)  pos=42253  W/D/B=196/90/175  (42%/19%/37%)  d4/d7  1.9 games/s (avg 0.4)  830.6K nps  ETA 00:24:20
[2026-03-28T07:41:49.485] [INFO] [selfplay:0] [SelfPlay] 462/1000 (46%)  pos=42397  W/D/B=196/90/176  (42%/19%/38%)  d4/d7  1.7 games/s (avg 0.4)  829.9K nps  ETA 00:24:19
[2026-03-28T07:41:54.192] [INFO] [selfplay:0] [SelfPlay] 463/1000 (46%)  pos=42480  W/D/B=197/90/176  (42%/19%/38%)  d4/d7  1.6 games/s (avg 0.4)  829.2K nps  ETA 00:24:12
[2026-03-28T07:41:56.226] [INFO] [selfplay:0] [SelfPlay] 464/1000 (46%)  pos=42540  W/D/B=197/90/177  (42%/19%/38%)  d4/d7  1.4 games/s (avg 0.4)  826.6K nps  ETA 00:24:14
[2026-03-28T07:41:58.405] [INFO] [selfplay:0] [SelfPlay] 465/1000 (46%)  pos=42599  W/D/B=197/90/178  (42%/19%/38%)  d4/d7  1.2 games/s (avg 0.4)  827.2K nps  ETA 00:24:10
[2026-03-28T07:41:58.815] [INFO] [selfplay:0] [SelfPlay] 466/1000 (46%)  pos=42640  W/D/B=197/90/179  (42%/19%/38%)  d4/d7  1.1 games/s (avg 0.4)  825.2K nps  ETA 00:24:08
[2026-03-28T07:42:03.227] [INFO] [selfplay:0] [SelfPlay] 467/1000 (46%)  pos=42707  W/D/B=197/90/180  (42%/19%/38%)  d4/d7  1.3 games/s (avg 0.4)  826.6K nps  ETA 00:24:00
[2026-03-28T07:42:07.520] [INFO] [selfplay:0] [SelfPlay] 468/1000 (46%)  pos=42860  W/D/B=197/91/180  (42%/19%/38%)  d4/d7  1.2 games/s (avg 0.4)  822.6K nps  ETA 00:23:58
[2026-03-28T07:42:10.034] [INFO] [selfplay:0] [SelfPlay] 469/1000 (46%)  pos=42937  W/D/B=198/91/180  (42%/19%/38%)  d4/d7  1.0 games/s (avg 0.4)  821.1K nps  ETA 00:24:00
[2026-03-28T07:42:14.107] [INFO] [selfplay:0] [SelfPlay] 470/1000 (47%)  pos=42985  W/D/B=198/92/180  (42%/19%/38%)  d4/d7  0.9 games/s (avg 0.4)  820.3K nps  ETA 00:23:55
[2026-03-28T07:42:18.086] [INFO] [selfplay:0] [SelfPlay] 471/1000 (47%)  pos=43048  W/D/B=199/92/180  (42%/19%/38%)  d4/d7  0.8 games/s (avg 0.4)  816.7K nps  ETA 00:23:54
[2026-03-28T07:42:20.462] [INFO] [selfplay:0] [SelfPlay] 472/1000 (47%)  pos=43169  W/D/B=199/92/181  (42%/19%/38%)  d4/d7  0.7 games/s (avg 0.4)  816.2K nps  ETA 00:23:55
[2026-03-28T07:42:22.448] [INFO] [selfplay:0] [SelfPlay] 473/1000 (47%)  pos=43254  W/D/B=199/92/182  (42%/19%/38%)  d4/d7  0.7 games/s (avg 0.4)  815.9K nps  ETA 00:23:51
[2026-03-28T07:42:25.170] [INFO] [selfplay:0] [SelfPlay] 474/1000 (47%)  pos=43346  W/D/B=200/92/182  (42%/19%/38%)  d4/d7  0.7 games/s (avg 0.4)  817.3K nps  ETA 00:23:47
[2026-03-28T07:42:25.347] [INFO] [selfplay:0] [SelfPlay] 475/1000 (47%)  pos=43468  W/D/B=201/92/182  (42%/19%/38%)  d4/d7  0.6 games/s (avg 0.4)  817.4K nps  ETA 00:23:47
[2026-03-28T07:42:27.427] [INFO] [selfplay:0] [SelfPlay] 476/1000 (47%)  pos=43584  W/D/B=202/92/182  (42%/19%/38%)  d4/d7  1.4 games/s (avg 0.4)  820.5K nps  ETA 00:23:40
[2026-03-28T07:42:31.338] [INFO] [selfplay:0] [SelfPlay] 477/1000 (47%)  pos=43670  W/D/B=203/92/182  (42%/19%/38%)  d4/d7  1.2 games/s (avg 0.4)  820.3K nps  ETA 00:23:34
[2026-03-28T07:42:36.403] [INFO] [selfplay:0] [SelfPlay] 478/1000 (47%)  pos=43712  W/D/B=204/92/182  (42%/19%/38%)  d4/d7  1.1 games/s (avg 0.4)  818.3K nps  ETA 00:23:32
[2026-03-28T07:42:39.123] [INFO] [selfplay:0] [SelfPlay] 479/1000 (47%)  pos=43778  W/D/B=204/92/183  (42%/19%/38%)  d4/d7  1.0 games/s (avg 0.4)  815.9K nps  ETA 00:23:34
[2026-03-28T07:42:43.314] [INFO] [selfplay:0] [SelfPlay] 480/1000 (48%)  pos=43931  W/D/B=205/92/183  (42%/19%/38%)  d4/d7  0.9 games/s (avg 0.4)  816.3K nps  ETA 00:23:30
[2026-03-28T07:42:43.336] [INFO] [selfplay:0] [SelfPlay] 481/1000 (48%)  pos=44098  W/D/B=205/92/184  (42%/19%/38%)  d4/d7  0.8 games/s (avg 0.4)  815.7K nps  ETA 00:23:33
[2026-03-28T07:42:44.104] [INFO] [selfplay:0] [SelfPlay] 482/1000 (48%)  pos=44142  W/D/B=206/92/184  (42%/19%/38%)  d4/d7  7.4 games/s (avg 0.4)  817.1K nps  ETA 00:23:26
[2026-03-28T07:42:46.565] [INFO] [selfplay:0] [SelfPlay] 483/1000 (48%)  pos=44170  W/D/B=207/92/184  (42%/19%/38%)  d4/d7  6.5 games/s (avg 0.4)  817.8K nps  ETA 00:23:19
[2026-03-28T07:42:47.895] [INFO] [selfplay:0] [SelfPlay] 484/1000 (48%)  pos=44238  W/D/B=208/92/184  (42%/19%/38%)  d4/d7  6.0 games/s (avg 0.4)  819.8K nps  ETA 00:23:18
[2026-03-28T07:42:53.276] [INFO] [selfplay:0] [SelfPlay] 485/1000 (48%)  pos=44288  W/D/B=209/92/184  (43%/18%/37%)  d4/d7  5.2 games/s (avg 0.4)  819.8K nps  ETA 00:23:10
[2026-03-28T07:43:03.552] [INFO] [selfplay:0] [SelfPlay] 486/1000 (48%)  pos=44376  W/D/B=209/92/185  (43%/18%/38%)  d4/d7  4.8 games/s (avg 0.4)  819.9K nps  ETA 00:23:04
[2026-03-28T07:43:07.365] [INFO] [selfplay:0] [SelfPlay] 487/1000 (48%)  pos=44482  W/D/B=210/92/185  (43%/18%/37%)  d4/d7  4.5 games/s (avg 0.4)  822.5K nps  ETA 00:23:18
[2026-03-28T07:43:10.719] [INFO] [selfplay:0] [SelfPlay] 488/1000 (48%)  pos=44566  W/D/B=211/92/185  (43%/18%/37%)  d4/d7  4.1 games/s (avg 0.4)  823.8K nps  ETA 00:23:15
[2026-03-28T07:43:16.436] [INFO] [selfplay:0] [SelfPlay] 489/1000 (48%)  pos=44661  W/D/B=212/92/185  (43%/18%/37%)  d4/d7  3.8 games/s (avg 0.4)  826.4K nps  ETA 00:23:12
[2026-03-28T07:43:19.116] [INFO] [selfplay:0] [SelfPlay] 490/1000 (49%)  pos=44879  W/D/B=212/93/185  (43%/18%/37%)  d4/d7  3.5 games/s (avg 0.4)  829.2K nps  ETA 00:23:14
[2026-03-28T07:43:20.288] [INFO] [selfplay:0] [SelfPlay] 491/1000 (49%)  pos=45015  W/D/B=212/93/186  (43%/18%/37%)  d4/d7  3.1 games/s (avg 0.4)  829.4K nps  ETA 00:23:13
[2026-03-28T07:43:20.482] [INFO] [selfplay:0] [SelfPlay] 492/1000 (49%)  pos=45071  W/D/B=212/93/187  (43%/18%/38%)  d4/d7  2.7 games/s (avg 0.4)  830.3K nps  ETA 00:23:09
[2026-03-28T07:43:22.800] [INFO] [selfplay:0] [SelfPlay] 493/1000 (49%)  pos=45189  W/D/B=212/94/187  (43%/19%/37%)  d4/d7  3.1 games/s (avg 0.4)  833.2K nps  ETA 00:23:03
[2026-03-28T07:43:24.389] [INFO] [selfplay:0] [SelfPlay] 494/1000 (49%)  pos=45265  W/D/B=212/94/188  (42%/19%/38%)  d4/d7  2.7 games/s (avg 0.4)  833.2K nps  ETA 00:23:01
[2026-03-28T07:43:27.479] [INFO] [selfplay:0] [SelfPlay] 495/1000 (49%)  pos=45343  W/D/B=213/94/188  (43%/18%/37%)  d4/d7  2.4 games/s (avg 0.4)  834.0K nps  ETA 00:22:54
[2026-03-28T07:43:33.570] [INFO] [selfplay:0] [SelfPlay] 496/1000 (49%)  pos=45476  W/D/B=214/94/188  (43%/18%/37%)  d4/d7  2.1 games/s (avg 0.4)  833.2K nps  ETA 00:22:49
[2026-03-28T07:43:37.452] [INFO] [selfplay:0] [SelfPlay] 497/1000 (49%)  pos=45595  W/D/B=214/94/189  (43%/18%/38%)  d4/d7  1.9 games/s (avg 0.4)  835.8K nps  ETA 00:22:53
[2026-03-28T07:43:37.821] [INFO] [selfplay:0] [SelfPlay] 498/1000 (49%)  pos=45644  W/D/B=214/94/190  (42%/18%/38%)  d4/d7  1.7 games/s (avg 0.4)  832.5K nps  ETA 00:22:53
[2026-03-28T07:43:43.261] [INFO] [selfplay:0] [SelfPlay] 499/1000 (49%)  pos=45702  W/D/B=215/94/190  (43%/18%/38%)  d4/d7  1.8 games/s (avg 0.4)  834.9K nps  ETA 00:22:44
[2026-03-28T07:43:49.108] [INFO] [selfplay:0] [SelfPlay] 500/1000 (50%)  pos=45747  W/D/B=215/95/190  (43%/19%/38%)  d4/d7  1.6 games/s (avg 0.4)  831.1K nps  ETA 00:22:43
[2026-03-28T07:43:49.724] [INFO] [selfplay:0] [SelfPlay] 501/1000 (50%)  pos=45839  W/D/B=215/95/191  (42%/18%/38%)  d4/d7  1.4 games/s (avg 0.4)  827.4K nps  ETA 00:22:49
[2026-03-28T07:43:51.336] [INFO] [selfplay:0] [SelfPlay] 502/1000 (50%)  pos=45935  W/D/B=215/96/191  (42%/19%/38%)  d4/d7  1.4 games/s (avg 0.4)  829.2K nps  ETA 00:22:44
[2026-03-28T07:43:52.371] [INFO] [selfplay:0] [SelfPlay] 503/1000 (50%)  pos=45996  W/D/B=215/96/192  (42%/19%/38%)  d4/d7  1.3 games/s (avg 0.4)  829.3K nps  ETA 00:22:40
[2026-03-28T07:43:55.539] [INFO] [selfplay:0] [SelfPlay] 504/1000 (50%)  pos=46059  W/D/B=216/96/192  (42%/19%/38%)  d4/d7  1.2 games/s (avg 0.4)  829.7K nps  ETA 00:22:33
[2026-03-28T07:43:55.544] [INFO] [selfplay:0] [SelfPlay] 505/1000 (50%)  pos=46147  W/D/B=216/96/193  (42%/19%/38%)  d4/d7  1.1 games/s (avg 0.4)  829.3K nps  ETA 00:22:34
[2026-03-28T07:43:55.809] [INFO] [selfplay:0] [SelfPlay] 506/1000 (50%)  pos=46256  W/D/B=217/96/193  (42%/18%/38%)  d4/d7  30.6 games/s (avg 0.4)  831.4K nps  ETA 00:22:29
[2026-03-28T07:44:01.026] [INFO] [selfplay:0] [SelfPlay] 507/1000 (50%)  pos=46362  W/D/B=218/96/193  (42%/18%/38%)  d4/d7  26.6 games/s (avg 0.4)  833.6K nps  ETA 00:22:19
[2026-03-28T07:44:03.276] [INFO] [selfplay:0] [SelfPlay] 508/1000 (50%)  pos=46383  W/D/B=218/96/194  (42%/18%/38%)  d4/d7  24.6 games/s (avg 0.4)  834.2K nps  ETA 00:22:21
[2026-03-28T07:44:14.200] [INFO] [selfplay:0] [SelfPlay] 509/1000 (50%)  pos=46489  W/D/B=218/96/195  (42%/18%/38%)  d4/d7  22.7 games/s (avg 0.4)  836.5K nps  ETA 00:22:09
[2026-03-28T07:44:14.780] [INFO] [selfplay:0] [SelfPlay] 510/1000 (51%)  pos=46624  W/D/B=219/96/195  (42%/18%/38%)  d4/d7  21.0 games/s (avg 0.4)  838.0K nps  ETA 00:22:24
[2026-03-28T07:44:15.329] [INFO] [selfplay:0] [SelfPlay] 511/1000 (51%)  pos=46809  W/D/B=219/96/196  (42%/18%/38%)  d4/d7  19.4 games/s (avg 0.4)  840.4K nps  ETA 00:22:20
[2026-03-28T07:44:16.411] [INFO] [selfplay:0] [SelfPlay] 512/1000 (51%)  pos=46928  W/D/B=220/96/196  (42%/18%/38%)  d4/d7  18.0 games/s (avg 0.4)  841.9K nps  ETA 00:22:15
[2026-03-28T07:44:17.193] [INFO] [selfplay:0] [SelfPlay] 513/1000 (51%)  pos=46966  W/D/B=220/97/196  (42%/18%/38%)  d4/d7  16.6 games/s (avg 0.4)  842.0K nps  ETA 00:22:10
[2026-03-28T07:44:19.748] [INFO] [selfplay:0] [SelfPlay] 514/1000 (51%)  pos=47021  W/D/B=221/97/196  (42%/18%/38%)  d4/d7  15.4 games/s (avg 0.4)  843.4K nps  ETA 00:22:04
[2026-03-28T07:44:21.165] [INFO] [selfplay:0] [SelfPlay] 515/1000 (51%)  pos=47101  W/D/B=222/97/196  (43%/18%/38%)  d4/d7  14.2 games/s (avg 0.4)  845.4K nps  ETA 00:22:03
[2026-03-28T07:44:21.554] [INFO] [selfplay:0] [SelfPlay] 516/1000 (51%)  pos=47195  W/D/B=223/97/196  (43%/18%/37%)  d4/d7  13.2 games/s (avg 0.4)  847.0K nps  ETA 00:21:59
[2026-03-28T07:44:23.482] [INFO] [selfplay:0] [SelfPlay] 517/1000 (51%)  pos=47301  W/D/B=223/97/197  (43%/18%/38%)  d4/d7  11.6 games/s (avg 0.4)  847.0K nps  ETA 00:21:53
[2026-03-28T07:44:24.302] [INFO] [selfplay:0] [SelfPlay] 518/1000 (51%)  pos=47424  W/D/B=224/97/197  (43%/18%/38%)  d4/d7  10.7 games/s (avg 0.4)  848.7K nps  ETA 00:21:52
[2026-03-28T07:44:30.811] [INFO] [selfplay:0] [SelfPlay] 519/1000 (51%)  pos=47460  W/D/B=225/97/197  (43%/18%/37%)  d4/d7  9.3 games/s (avg 0.4)  849.0K nps  ETA 00:21:40
[2026-03-28T07:44:31.233] [INFO] [selfplay:0] [SelfPlay] 520/1000 (52%)  pos=47496  W/D/B=225/98/197  (43%/18%/37%)  d4/d7  8.6 games/s (avg 0.4)  850.4K nps  ETA 00:21:48
[2026-03-28T07:44:33.781] [INFO] [selfplay:0] [SelfPlay] 521/1000 (52%)  pos=47568  W/D/B=226/98/197  (43%/18%/37%)  d4/d7  7.7 games/s (avg 0.4)  851.9K nps  ETA 00:21:40
[2026-03-28T07:44:35.257] [INFO] [selfplay:0] [SelfPlay] 522/1000 (52%)  pos=47604  W/D/B=226/99/197  (43%/18%/37%)  d4/d7  7.1 games/s (avg 0.4)  852.4K nps  ETA 00:21:39
[2026-03-28T07:44:39.864] [INFO] [selfplay:0] [SelfPlay] 523/1000 (52%)  pos=47747  W/D/B=226/99/198  (43%/18%/37%)  d4/d7  6.5 games/s (avg 0.4)  852.6K nps  ETA 00:21:31
[2026-03-28T07:44:42.331] [INFO] [selfplay:0] [SelfPlay] 524/1000 (52%)  pos=47850  W/D/B=227/99/198  (43%/18%/37%)  d4/d7  6.1 games/s (avg 0.4)  853.8K nps  ETA 00:21:33
[2026-03-28T07:44:43.752] [INFO] [selfplay:0] [SelfPlay] 525/1000 (52%)  pos=47937  W/D/B=228/99/198  (43%/18%/37%)  d4/d7  5.6 games/s (avg 0.4)  854.0K nps  ETA 00:21:30
[2026-03-28T07:44:44.157] [INFO] [selfplay:0] [SelfPlay] 526/1000 (52%)  pos=48030  W/D/B=229/99/198  (43%/18%/37%)  d4/d7  4.9 games/s (avg 0.4)  855.3K nps  ETA 00:21:28
[2026-03-28T07:44:48.289] [INFO] [selfplay:0] [SelfPlay] 527/1000 (52%)  pos=48080  W/D/B=230/99/198  (43%/18%/37%)  d4/d7  4.5 games/s (avg 0.4)  856.0K nps  ETA 00:21:20
[2026-03-28T07:44:54.408] [INFO] [selfplay:0] [SelfPlay] 528/1000 (52%)  pos=48175  W/D/B=231/99/198  (43%/18%/37%)  d4/d7  4.2 games/s (avg 0.4)  858.5K nps  ETA 00:21:16
[2026-03-28T07:44:59.828] [INFO] [selfplay:0] [SelfPlay] 529/1000 (52%)  pos=48286  W/D/B=231/99/199  (43%/18%/37%)  d4/d7  3.9 games/s (avg 0.4)  860.0K nps  ETA 00:21:16
[2026-03-28T07:45:04.346] [INFO] [selfplay:0] [SelfPlay] 530/1000 (53%)  pos=48448  W/D/B=231/99/200  (43%/18%/37%)  d4/d7  3.6 games/s (avg 0.4)  861.7K nps  ETA 00:21:18
[2026-03-28T07:45:06.021] [INFO] [selfplay:0] [SelfPlay] 531/1000 (53%)  pos=48511  W/D/B=232/99/200  (43%/18%/37%)  d4/d7  3.3 games/s (avg 0.4)  861.7K nps  ETA 00:21:19
[2026-03-28T07:45:07.098] [INFO] [selfplay:0] [SelfPlay] 532/1000 (53%)  pos=48635  W/D/B=232/99/201  (43%/18%/37%)  d4/d7  2.9 games/s (avg 0.4)  861.6K nps  ETA 00:21:16
[2026-03-28T07:45:08.054] [INFO] [selfplay:0] [SelfPlay] 533/1000 (53%)  pos=48784  W/D/B=233/99/201  (43%/18%/37%)  d4/d7  2.6 games/s (avg 0.4)  863.3K nps  ETA 00:21:12
[2026-03-28T07:45:08.997] [INFO] [selfplay:0] [SelfPlay] 534/1000 (53%)  pos=48830  W/D/B=234/99/201  (43%/18%/37%)  d4/d7  2.4 games/s (avg 0.4)  862.6K nps  ETA 00:21:08
[2026-03-28T07:45:10.275] [INFO] [selfplay:0] [SelfPlay] 535/1000 (53%)  pos=48943  W/D/B=234/100/201  (43%/18%/37%)  d4/d7  2.2 games/s (avg 0.4)  861.9K nps  ETA 00:21:04
[2026-03-28T07:45:13.044] [INFO] [selfplay:0] [SelfPlay] 536/1000 (53%)  pos=49063  W/D/B=234/100/202  (43%/18%/37%)  d4/d7  2.0 games/s (avg 0.4)  860.9K nps  ETA 00:20:58
[2026-03-28T07:45:15.821] [INFO] [selfplay:0] [SelfPlay] 537/1000 (53%)  pos=49179  W/D/B=234/100/203  (43%/18%/37%)  d4/d7  1.7 games/s (avg 0.4)  860.6K nps  ETA 00:20:55
[2026-03-28T07:45:16.914] [INFO] [selfplay:0] [SelfPlay] 538/1000 (53%)  pos=49299  W/D/B=234/100/204  (43%/18%/37%)  d4/d7  1.5 games/s (avg 0.4)  861.2K nps  ETA 00:20:54
[2026-03-28T07:45:18.018] [INFO] [selfplay:0] [SelfPlay] 539/1000 (53%)  pos=49359  W/D/B=235/100/204  (43%/18%/37%)  d4/d7  1.4 games/s (avg 0.4)  862.0K nps  ETA 00:20:50
[2026-03-28T07:45:22.484] [INFO] [selfplay:0] [SelfPlay] 540/1000 (54%)  pos=49492  W/D/B=235/100/205  (43%/18%/37%)  d4/d7  1.3 games/s (avg 0.4)  862.9K nps  ETA 00:20:42
[2026-03-28T07:45:23.200] [INFO] [selfplay:0] [SelfPlay] 541/1000 (54%)  pos=49587  W/D/B=236/100/205  (43%/18%/37%)  d4/d7  1.2 games/s (avg 0.4)  860.4K nps  ETA 00:20:46
[2026-03-28T07:45:23.236] [INFO] [selfplay:0] [SelfPlay] 542/1000 (54%)  pos=49643  W/D/B=236/100/206  (43%/18%/38%)  d4/d7  1.2 games/s (avg 0.4)  863.0K nps  ETA 00:20:41
[2026-03-28T07:45:28.153] [INFO] [selfplay:0] [SelfPlay] 543/1000 (54%)  pos=49749  W/D/B=236/100/207  (43%/18%/38%)  d4/d7  5.2 games/s (avg 0.4)  863.3K nps  ETA 00:20:31
[2026-03-28T07:45:28.693] [INFO] [selfplay:0] [SelfPlay] 544/1000 (54%)  pos=49870  W/D/B=237/100/207  (43%/18%/38%)  d4/d7  4.8 games/s (avg 0.4)  865.8K nps  ETA 00:20:35
[2026-03-28T07:45:34.582] [INFO] [selfplay:0] [SelfPlay] 545/1000 (54%)  pos=49913  W/D/B=237/101/207  (43%/18%/37%)  d4/d7  4.4 games/s (avg 0.4)  866.1K nps  ETA 00:20:25
[2026-03-28T07:45:39.256] [INFO] [selfplay:0] [SelfPlay] 546/1000 (54%)  pos=50041  W/D/B=237/101/208  (43%/18%/38%)  d4/d7  4.1 games/s (avg 0.4)  866.2K nps  ETA 00:20:27
[2026-03-28T07:45:39.662] [INFO] [selfplay:0] [SelfPlay] 547/1000 (54%)  pos=50139  W/D/B=237/102/208  (43%/18%/38%)  d4/d7  3.8 games/s (avg 0.4)  866.3K nps  ETA 00:20:29
[2026-03-28T07:45:42.575] [INFO] [selfplay:0] [SelfPlay] 548/1000 (54%)  pos=50225  W/D/B=237/102/209  (43%/18%/38%)  d4/d7  3.6 games/s (avg 0.4)  867.5K nps  ETA 00:20:22
[2026-03-28T07:45:44.944] [INFO] [selfplay:0] [SelfPlay] 549/1000 (54%)  pos=50316  W/D/B=238/102/209  (43%/18%/38%)  d4/d7  3.3 games/s (avg 0.4)  869.0K nps  ETA 00:20:21
[2026-03-28T07:45:49.918] [INFO] [selfplay:0] [SelfPlay] 550/1000 (55%)  pos=50384  W/D/B=238/103/209  (43%/18%/38%)  d4/d7  2.9 games/s (avg 0.4)  869.5K nps  ETA 00:20:15
[2026-03-28T07:45:50.735] [INFO] [selfplay:0] [SelfPlay] 551/1000 (55%)  pos=50447  W/D/B=239/103/209  (43%/18%/37%)  d4/d7  2.7 games/s (avg 0.4)  870.6K nps  ETA 00:20:18
[2026-03-28T07:45:51.450] [INFO] [selfplay:0] [SelfPlay] 552/1000 (55%)  pos=50534  W/D/B=240/103/209  (43%/18%/37%)  d4/d7  2.4 games/s (avg 0.4)  873.3K nps  ETA 00:20:15
[2026-03-28T07:45:53.476] [INFO] [selfplay:0] [SelfPlay] 553/1000 (55%)  pos=50621  W/D/B=241/103/209  (43%/18%/37%)  d4/d7  2.3 games/s (avg 0.4)  874.9K nps  ETA 00:20:07
[2026-03-28T07:45:53.717] [INFO] [selfplay:0] [SelfPlay] 554/1000 (55%)  pos=50625  W/D/B=242/103/209  (43%/18%/37%)  d4/d7  2.0 games/s (avg 0.4)  873.2K nps  ETA 00:20:07
[2026-03-28T07:46:00.013] [INFO] [selfplay:0] [SelfPlay] 555/1000 (55%)  pos=50747  W/D/B=242/103/210  (43%/18%/37%)  d4/d7  2.3 games/s (avg 0.4)  875.0K nps  ETA 00:19:56
[2026-03-28T07:46:07.599] [INFO] [selfplay:0] [SelfPlay] 556/1000 (55%)  pos=50868  W/D/B=243/103/210  (43%/18%/37%)  d4/d7  2.2 games/s (avg 0.4)  876.6K nps  ETA 00:19:55
[2026-03-28T07:46:09.150] [INFO] [selfplay:0] [SelfPlay] 557/1000 (55%)  pos=50962  W/D/B=243/103/211  (43%/18%/37%)  d4/d7  2.0 games/s (avg 0.4)  878.6K nps  ETA 00:20:03
[2026-03-28T07:46:09.931] [INFO] [selfplay:0] [SelfPlay] 558/1000 (55%)  pos=51089  W/D/B=243/103/212  (43%/18%/37%)  d4/d7  1.8 games/s (avg 0.4)  878.7K nps  ETA 00:19:59
[2026-03-28T07:46:11.077] [INFO] [selfplay:0] [SelfPlay] 559/1000 (55%)  pos=51329  W/D/B=243/104/212  (43%/18%/37%)  d4/d7  1.7 games/s (avg 0.4)  880.9K nps  ETA 00:19:55
[2026-03-28T07:46:13.037] [INFO] [selfplay:0] [SelfPlay] 560/1000 (56%)  pos=51389  W/D/B=244/104/212  (43%/18%/37%)  d4/d7  1.6 games/s (avg 0.4)  882.1K nps  ETA 00:19:50
[2026-03-28T07:46:14.746] [INFO] [selfplay:0] [SelfPlay] 561/1000 (56%)  pos=51460  W/D/B=244/104/213  (43%/18%/37%)  d4/d7  1.4 games/s (avg 0.4)  881.8K nps  ETA 00:19:47
[2026-03-28T07:46:17.435] [INFO] [selfplay:0] [SelfPlay] 562/1000 (56%)  pos=51532  W/D/B=244/104/214  (43%/18%/38%)  d4/d7  1.3 games/s (avg 0.4)  881.6K nps  ETA 00:19:43
[2026-03-28T07:46:21.132] [INFO] [selfplay:0] [SelfPlay] 563/1000 (56%)  pos=51536  W/D/B=245/104/214  (43%/18%/38%)  d4/d7  1.2 games/s (avg 0.4)  879.5K nps  ETA 00:19:38
[2026-03-28T07:46:23.037] [INFO] [selfplay:0] [SelfPlay] 564/1000 (56%)  pos=51639  W/D/B=246/104/214  (43%/18%/37%)  d4/d7  1.0 games/s (avg 0.4)  878.3K nps  ETA 00:19:38
[2026-03-28T07:46:25.136] [INFO] [selfplay:0] [SelfPlay] 565/1000 (56%)  pos=51712  W/D/B=247/104/214  (43%/18%/37%)  d4/d7  1.0 games/s (avg 0.4)  878.3K nps  ETA 00:19:35
[2026-03-28T07:46:25.984] [INFO] [selfplay:0] [SelfPlay] 566/1000 (56%)  pos=51850  W/D/B=248/104/214  (43%/18%/37%)  d4/d7  0.9 games/s (avg 0.4)  878.5K nps  ETA 00:19:33
[2026-03-28T07:46:29.858] [INFO] [selfplay:0] [SelfPlay] 567/1000 (56%)  pos=51931  W/D/B=249/104/214  (43%/18%/37%)  d4/d7  0.9 games/s (avg 0.4)  879.4K nps  ETA 00:19:26
[2026-03-28T07:46:30.423] [INFO] [selfplay:0] [SelfPlay] 568/1000 (56%)  pos=52012  W/D/B=250/104/214  (44%/18%/37%)  d4/d7  0.8 games/s (avg 0.4)  876.2K nps  ETA 00:19:28
[2026-03-28T07:46:34.690] [INFO] [selfplay:0] [SelfPlay] 569/1000 (56%)  pos=52053  W/D/B=250/105/214  (43%/18%/37%)  d4/d7  1.0 games/s (avg 0.4)  876.6K nps  ETA 00:19:19
[2026-03-28T07:46:34.748] [INFO] [selfplay:0] [SelfPlay] 570/1000 (57%)  pos=52217  W/D/B=251/105/214  (44%/18%/37%)  d4/d7  0.9 games/s (avg 0.4)  873.1K nps  ETA 00:19:22
[2026-03-28T07:46:35.849] [INFO] [selfplay:0] [SelfPlay] 571/1000 (57%)  pos=52265  W/D/B=251/105/215  (43%/18%/37%)  d4/d7  3.3 games/s (avg 0.4)  874.8K nps  ETA 00:19:16
[2026-03-28T07:46:36.317] [INFO] [selfplay:0] [SelfPlay] 572/1000 (57%)  pos=52298  W/D/B=251/105/216  (43%/18%/37%)  d4/d7  3.0 games/s (avg 0.4)  874.9K nps  ETA 00:19:14
[2026-03-28T07:46:37.193] [INFO] [selfplay:0] [SelfPlay] 573/1000 (57%)  pos=52342  W/D/B=251/106/216  (43%/18%/37%)  d4/d7  2.8 games/s (avg 0.4)  875.7K nps  ETA 00:19:08
[2026-03-28T07:46:38.579] [INFO] [selfplay:0] [SelfPlay] 574/1000 (57%)  pos=52397  W/D/B=251/106/217  (43%/18%/37%)  d4/d7  2.6 games/s (avg 0.4)  876.4K nps  ETA 00:19:03
[2026-03-28T07:46:42.650] [INFO] [selfplay:0] [SelfPlay] 575/1000 (57%)  pos=52437  W/D/B=251/107/217  (43%/18%/37%)  d4/d7  2.3 games/s (avg 0.4)  875.3K nps  ETA 00:18:58
[2026-03-28T07:46:59.344] [INFO] [selfplay:0] [SelfPlay] 576/1000 (57%)  pos=52564  W/D/B=252/107/217  (43%/18%/37%)  d4/d7  2.0 games/s (avg 0.4)  874.2K nps  ETA 00:18:44
[2026-03-28T07:47:07.688] [INFO] [selfplay:0] [SelfPlay] 577/1000 (57%)  pos=52697  W/D/B=252/108/217  (43%/18%/37%)  d4/d7  1.8 games/s (avg 0.4)  876.1K nps  ETA 00:18:58
[2026-03-28T07:47:10.380] [INFO] [selfplay:0] [SelfPlay] 578/1000 (57%)  pos=52747  W/D/B=253/108/217  (43%/18%/37%)  d4/d7  1.7 games/s (avg 0.4)  877.2K nps  ETA 00:19:07
[2026-03-28T07:47:11.620] [INFO] [selfplay:0] [SelfPlay] 579/1000 (57%)  pos=52843  W/D/B=254/108/217  (43%/18%/37%)  d4/d7  1.5 games/s (avg 0.4)  876.4K nps  ETA 00:19:04
[2026-03-28T07:47:11.692] [INFO] [selfplay:0] [SelfPlay] 580/1000 (58%)  pos=52898  W/D/B=255/108/217  (43%/18%/37%)  d4/d7  1.4 games/s (avg 0.4)  875.6K nps  ETA 00:19:02
[2026-03-28T07:47:12.742] [INFO] [selfplay:0] [SelfPlay] 581/1000 (58%)  pos=52978  W/D/B=255/108/218  (43%/18%/37%)  d4/d7  3.3 games/s (avg 0.4)  878.2K nps  ETA 00:18:57
[2026-03-28T07:47:13.391] [INFO] [selfplay:0] [SelfPlay] 582/1000 (58%)  pos=53115  W/D/B=256/108/218  (43%/18%/37%)  d4/d7  2.9 games/s (avg 0.4)  879.8K nps  ETA 00:18:54
[2026-03-28T07:47:16.149] [INFO] [selfplay:0] [SelfPlay] 583/1000 (58%)  pos=53206  W/D/B=257/108/218  (44%/18%/37%)  d4/d7  2.7 games/s (avg 0.4)  881.4K nps  ETA 00:18:47
[2026-03-28T07:47:16.452] [INFO] [selfplay:0] [SelfPlay] 584/1000 (58%)  pos=53328  W/D/B=258/108/218  (44%/18%/37%)  d4/d7  2.4 games/s (avg 0.4)  879.3K nps  ETA 00:18:47
[2026-03-28T07:47:21.798] [INFO] [selfplay:0] [SelfPlay] 585/1000 (58%)  pos=53438  W/D/B=259/108/218  (44%/18%/37%)  d4/d7  2.5 games/s (avg 0.4)  881.6K nps  ETA 00:18:36
[2026-03-28T07:47:23.811] [INFO] [selfplay:0] [SelfPlay] 586/1000 (58%)  pos=53555  W/D/B=260/108/218  (44%/18%/37%)  d4/d7  2.3 games/s (avg 0.4)  883.4K nps  ETA 00:18:40
[2026-03-28T07:47:26.065] [INFO] [selfplay:0] [SelfPlay] 587/1000 (58%)  pos=53626  W/D/B=261/108/218  (44%/18%/37%)  d4/d7  2.0 games/s (avg 0.4)  884.1K nps  ETA 00:18:36
[2026-03-28T07:47:27.309] [INFO] [selfplay:0] [SelfPlay] 588/1000 (58%)  pos=53738  W/D/B=262/108/218  (44%/18%/37%)  d4/d7  1.8 games/s (avg 0.4)  883.5K nps  ETA 00:18:34
[2026-03-28T07:47:29.290] [INFO] [selfplay:0] [SelfPlay] 589/1000 (58%)  pos=53830  W/D/B=263/108/218  (44%/18%/37%)  d4/d7  1.7 games/s (avg 0.4)  882.6K nps  ETA 00:18:30
[2026-03-28T07:47:29.855] [INFO] [selfplay:0] [SelfPlay] 590/1000 (59%)  pos=53889  W/D/B=263/108/219  (44%/18%/37%)  d4/d7  1.5 games/s (avg 0.4)  883.5K nps  ETA 00:18:27
[2026-03-28T07:47:30.718] [INFO] [selfplay:0] [SelfPlay] 591/1000 (59%)  pos=54020  W/D/B=264/108/219  (44%/18%/37%)  d4/d7  1.5 games/s (avg 0.4)  886.1K nps  ETA 00:18:23
[2026-03-28T07:47:31.041] [INFO] [selfplay:0] [SelfPlay] 592/1000 (59%)  pos=54103  W/D/B=265/108/219  (44%/18%/36%)  d4/d7  1.5 games/s (avg 0.4)  885.6K nps  ETA 00:18:20
[2026-03-28T07:47:31.855] [INFO] [selfplay:0] [SelfPlay] 593/1000 (59%)  pos=54202  W/D/B=266/108/219  (44%/18%/36%)  d4/d7  1.7 games/s (avg 0.4)  885.5K nps  ETA 00:18:15
[2026-03-28T07:47:35.490] [INFO] [selfplay:0] [SelfPlay] 594/1000 (59%)  pos=54238  W/D/B=266/109/219  (44%/18%/36%)  d4/d7  1.6 games/s (avg 0.4)  885.8K nps  ETA 00:18:08
[2026-03-28T07:47:39.619] [INFO] [selfplay:0] [SelfPlay] 595/1000 (59%)  pos=54442  W/D/B=266/109/220  (44%/18%/36%)  d4/d7  1.4 games/s (avg 0.4)  885.4K nps  ETA 00:18:06
[2026-03-28T07:47:42.179] [INFO] [selfplay:0] [SelfPlay] 596/1000 (59%)  pos=54487  W/D/B=266/110/220  (44%/18%/36%)  d4/d7  1.3 games/s (avg 0.4)  882.7K nps  ETA 00:18:06
[2026-03-28T07:47:43.275] [INFO] [selfplay:0] [SelfPlay] 597/1000 (59%)  pos=54620  W/D/B=266/110/221  (44%/18%/37%)  d4/d7  1.1 games/s (avg 0.4)  881.9K nps  ETA 00:18:04
[2026-03-28T07:47:44.771] [INFO] [selfplay:0] [SelfPlay] 598/1000 (59%)  pos=54621  W/D/B=267/110/221  (44%/18%/36%)  d4/d7  1.1 games/s (avg 0.4)  881.0K nps  ETA 00:18:00
[2026-03-28T07:47:47.480] [INFO] [selfplay:0] [SelfPlay] 599/1000 (59%)  pos=54697  W/D/B=267/110/222  (44%/18%/37%)  d4/d7  1.0 games/s (avg 0.4)  880.0K nps  ETA 00:17:55
[2026-03-28T07:47:47.794] [INFO] [selfplay:0] [SelfPlay] 600/1000 (60%)  pos=54828  W/D/B=267/110/223  (44%/18%/37%)  d4/d7  0.9 games/s (avg 0.4)  879.4K nps  ETA 00:17:56
[2026-03-28T07:47:53.362] [INFO] [selfplay:0] [SelfPlay] 601/1000 (60%)  pos=55047  W/D/B=268/110/223  (44%/18%/37%)  d4/d7  1.3 games/s (avg 0.4)  881.1K nps  ETA 00:17:46
[2026-03-28T07:47:55.676] [INFO] [selfplay:0] [SelfPlay] 602/1000 (60%)  pos=55096  W/D/B=269/110/223  (44%/18%/37%)  d4/d7  1.1 games/s (avg 0.4)  878.2K nps  ETA 00:17:47
[2026-03-28T07:48:01.854] [INFO] [selfplay:0] [SelfPlay] 603/1000 (60%)  pos=55150  W/D/B=269/110/224  (44%/18%/37%)  d4/d7  1.0 games/s (avg 0.4)  877.4K nps  ETA 00:17:42
[2026-03-28T07:48:02.084] [INFO] [selfplay:0] [SelfPlay] 604/1000 (60%)  pos=55267  W/D/B=270/110/224  (44%/18%/37%)  d4/d7  0.9 games/s (avg 0.4)  873.8K nps  ETA 00:17:47
[2026-03-28T07:48:03.638] [INFO] [selfplay:0] [SelfPlay] 605/1000 (60%)  pos=55407  W/D/B=270/110/225  (44%/18%/37%)  d4/d7  1.4 games/s (avg 0.4)  875.8K nps  ETA 00:17:41
[2026-03-28T07:48:08.650] [INFO] [selfplay:0] [SelfPlay] 606/1000 (60%)  pos=55432  W/D/B=271/110/225  (44%/18%/37%)  d4/d7  1.3 games/s (avg 0.4)  875.3K nps  ETA 00:17:34
[2026-03-28T07:48:10.326] [INFO] [selfplay:0] [SelfPlay] 607/1000 (60%)  pos=55447  W/D/B=272/110/225  (44%/18%/37%)  d4/d7  1.1 games/s (avg 0.4)  872.0K nps  ETA 00:17:37
[2026-03-28T07:48:10.929] [INFO] [selfplay:0] [SelfPlay] 608/1000 (60%)  pos=55520  W/D/B=273/110/225  (44%/18%/37%)  d4/d7  1.0 games/s (avg 0.4)  872.6K nps  ETA 00:17:34
[2026-03-28T07:48:11.585] [INFO] [selfplay:0] [SelfPlay] 609/1000 (60%)  pos=55631  W/D/B=274/110/225  (44%/18%/36%)  d4/d7  1.1 games/s (avg 0.4)  874.0K nps  ETA 00:17:30
[2026-03-28T07:48:15.342] [INFO] [selfplay:0] [SelfPlay] 610/1000 (61%)  pos=55738  W/D/B=274/111/225  (44%/18%/36%)  d4/d7  1.2 games/s (avg 0.4)  874.8K nps  ETA 00:17:24
[2026-03-28T07:48:16.336] [INFO] [selfplay:0] [SelfPlay] 611/1000 (61%)  pos=55895  W/D/B=274/112/225  (44%/18%/36%)  d4/d7  1.1 games/s (avg 0.4)  873.9K nps  ETA 00:17:24
[2026-03-28T07:48:17.537] [INFO] [selfplay:0] [SelfPlay] 612/1000 (61%)  pos=55997  W/D/B=274/112/226  (44%/18%/36%)  d4/d7  1.0 games/s (avg 0.4)  875.1K nps  ETA 00:17:19
[2026-03-28T07:48:25.586] [INFO] [selfplay:0] [SelfPlay] 613/1000 (61%)  pos=56020  W/D/B=274/112/227  (44%/18%/37%)  d4/d7  1.0 games/s (avg 0.4)  874.1K nps  ETA 00:17:09
[2026-03-28T07:48:26.452] [INFO] [selfplay:0] [SelfPlay] 614/1000 (61%)  pos=56110  W/D/B=274/112/228  (44%/18%/37%)  d4/d7  0.9 games/s (avg 0.4)  869.0K nps  ETA 00:17:18
[2026-03-28T07:48:27.475] [INFO] [selfplay:0] [SelfPlay] 615/1000 (61%)  pos=56158  W/D/B=275/112/228  (44%/18%/37%)  d4/d7  0.9 games/s (avg 0.4)  869.5K nps  ETA 00:17:12
[2026-03-28T07:48:27.879] [INFO] [selfplay:0] [SelfPlay] 616/1000 (61%)  pos=56265  W/D/B=275/113/228  (44%/18%/37%)  d4/d7  0.9 games/s (avg 0.4)  870.5K nps  ETA 00:17:11
[2026-03-28T07:48:33.355] [INFO] [selfplay:0] [SelfPlay] 617/1000 (61%)  pos=56327  W/D/B=275/114/228  (44%/18%/36%)  d4/d7  1.2 games/s (avg 0.4)  870.3K nps  ETA 00:17:01
[2026-03-28T07:48:33.611] [INFO] [selfplay:0] [SelfPlay] 618/1000 (61%)  pos=56359  W/D/B=276/114/228  (44%/18%/36%)  d4/d7  1.0 games/s (avg 0.4)  866.9K nps  ETA 00:17:05
[2026-03-28T07:48:37.429] [INFO] [selfplay:0] [SelfPlay] 619/1000 (61%)  pos=56485  W/D/B=277/114/228  (44%/18%/36%)  d4/d7  1.5 games/s (avg 0.4)  868.6K nps  ETA 00:16:58
[2026-03-28T07:48:42.664] [INFO] [selfplay:0] [SelfPlay] 620/1000 (62%)  pos=56569  W/D/B=277/114/229  (44%/18%/36%)  d4/d7  1.3 games/s (avg 0.4)  866.6K nps  ETA 00:16:53
[2026-03-28T07:48:44.844] [INFO] [selfplay:0] [SelfPlay] 621/1000 (62%)  pos=56661  W/D/B=277/114/230  (44%/18%/37%)  d4/d7  1.1 games/s (avg 0.4)  864.2K nps  ETA 00:16:56
[2026-03-28T07:48:44.908] [INFO] [selfplay:0] [SelfPlay] 622/1000 (62%)  pos=56707  W/D/B=277/114/231  (44%/18%/37%)  d4/d7  1.0 games/s (avg 0.4)  864.0K nps  ETA 00:16:55
[2026-03-28T07:48:48.073] [INFO] [selfplay:0] [SelfPlay] 623/1000 (62%)  pos=56771  W/D/B=277/114/232  (44%/18%/37%)  d4/d7  3.2 games/s (avg 0.4)  865.8K nps  ETA 00:16:48
[2026-03-28T07:48:49.134] [INFO] [selfplay:0] [SelfPlay] 624/1000 (62%)  pos=56954  W/D/B=278/114/232  (44%/18%/37%)  d4/d7  3.0 games/s (avg 0.4)  867.5K nps  ETA 00:16:48
[2026-03-28T07:48:50.325] [INFO] [selfplay:0] [SelfPlay] 625/1000 (62%)  pos=57034  W/D/B=278/114/233  (44%/18%/37%)  d4/d7  2.7 games/s (avg 0.4)  866.9K nps  ETA 00:16:44
[2026-03-28T07:48:51.514] [INFO] [selfplay:0] [SelfPlay] 626/1000 (62%)  pos=57093  W/D/B=278/114/234  (44%/18%/37%)  d4/d7  2.4 games/s (avg 0.4)  866.2K nps  ETA 00:16:39
[2026-03-28T07:48:54.259] [INFO] [selfplay:0] [SelfPlay] 627/1000 (62%)  pos=57142  W/D/B=279/114/234  (44%/18%/37%)  d4/d7  2.2 games/s (avg 0.4)  866.3K nps  ETA 00:16:36
[2026-03-28T07:48:55.726] [INFO] [selfplay:0] [SelfPlay] 628/1000 (62%)  pos=57299  W/D/B=279/114/235  (44%/18%/37%)  d4/d7  1.9 games/s (avg 0.4)  866.2K nps  ETA 00:16:33
[2026-03-28T07:49:02.134] [INFO] [selfplay:0] [SelfPlay] 629/1000 (62%)  pos=57352  W/D/B=279/114/236  (44%/18%/37%)  d4/d7  1.7 games/s (avg 0.4)  865.3K nps  ETA 00:16:26
[2026-03-28T07:49:02.624] [INFO] [selfplay:0] [SelfPlay] 630/1000 (63%)  pos=57425  W/D/B=280/114/236  (44%/18%/37%)  d4/d7  1.6 games/s (avg 0.4)  866.5K nps  ETA 00:16:30
[2026-03-28T07:49:05.622] [INFO] [selfplay:0] [SelfPlay] 631/1000 (63%)  pos=57477  W/D/B=281/114/236  (44%/18%/37%)  d4/d7  1.7 games/s (avg 0.4)  868.1K nps  ETA 00:16:24
[2026-03-28T07:49:06.201] [INFO] [selfplay:0] [SelfPlay] 632/1000 (63%)  pos=57541  W/D/B=281/115/236  (44%/18%/37%)  d4/d7  1.5 games/s (avg 0.4)  865.8K nps  ETA 00:16:25
[2026-03-28T07:49:06.665] [INFO] [selfplay:0] [SelfPlay] 633/1000 (63%)  pos=57678  W/D/B=282/115/236  (44%/18%/37%)  d4/d7  1.5 games/s (avg 0.4)  866.8K nps  ETA 00:16:20
[2026-03-28T07:49:08.001] [INFO] [selfplay:0] [SelfPlay] 634/1000 (63%)  pos=57810  W/D/B=282/116/236  (44%/18%/37%)  d4/d7  1.6 games/s (avg 0.4)  868.1K nps  ETA 00:16:16
[2026-03-28T07:49:13.187] [INFO] [selfplay:0] [SelfPlay] 635/1000 (63%)  pos=57844  W/D/B=283/116/236  (44%/18%/37%)  d4/d7  1.5 games/s (avg 0.4)  868.2K nps  ETA 00:16:09
[2026-03-28T07:49:13.854] [INFO] [selfplay:0] [SelfPlay] 636/1000 (63%)  pos=57924  W/D/B=284/116/236  (44%/18%/37%)  d4/d7  1.3 games/s (avg 0.4)  865.8K nps  ETA 00:16:11
[2026-03-28T07:49:26.336] [INFO] [selfplay:0] [SelfPlay] 637/1000 (63%)  pos=58009  W/D/B=284/116/237  (44%/18%/37%)  d4/d7  1.3 games/s (avg 0.4)  867.5K nps  ETA 00:15:56
[2026-03-28T07:49:33.861] [INFO] [selfplay:0] [SelfPlay] 638/1000 (63%)  pos=58059  W/D/B=284/116/238  (44%/18%/37%)  d4/d7  1.2 games/s (avg 0.4)  868.6K nps  ETA 00:16:03
[2026-03-28T07:49:34.045] [INFO] [selfplay:0] [SelfPlay] 639/1000 (63%)  pos=58105  W/D/B=284/116/239  (44%/18%/37%)  d4/d7  1.0 games/s (avg 0.4)  863.7K nps  ETA 00:16:11
[2026-03-28T07:49:34.506] [INFO] [selfplay:0] [SelfPlay] 640/1000 (64%)  pos=58187  W/D/B=284/117/239  (44%/18%/37%)  d4/d7  1.7 games/s (avg 0.4)  865.3K nps  ETA 00:16:06
[2026-03-28T07:49:38.301] [INFO] [selfplay:0] [SelfPlay] 641/1000 (64%)  pos=58298  W/D/B=285/117/239  (44%/18%/37%)  d4/d7  1.8 games/s (avg 0.4)  866.8K nps  ETA 00:16:00
[2026-03-28T07:49:38.678] [INFO] [selfplay:0] [SelfPlay] 642/1000 (64%)  pos=58388  W/D/B=286/117/239  (44%/18%/37%)  d4/d7  1.5 games/s (avg 0.4)  865.9K nps  ETA 00:16:00
[2026-03-28T07:49:39.496] [INFO] [selfplay:0] [SelfPlay] 643/1000 (64%)  pos=58549  W/D/B=286/117/240  (44%/18%/37%)  d4/d7  1.7 games/s (avg 0.4)  867.1K nps  ETA 00:15:56
[2026-03-28T07:49:39.934] [INFO] [selfplay:0] [SelfPlay] 644/1000 (64%)  pos=58607  W/D/B=287/117/240  (44%/18%/37%)  d4/d7  1.6 games/s (avg 0.4)  867.6K nps  ETA 00:15:54
[2026-03-28T07:49:46.217] [INFO] [selfplay:0] [SelfPlay] 645/1000 (64%)  pos=58716  W/D/B=287/117/241  (44%/18%/37%)  d4/d7  1.7 games/s (avg 0.4)  868.9K nps  ETA 00:15:44
[2026-03-28T07:49:46.636] [INFO] [selfplay:0] [SelfPlay] 646/1000 (64%)  pos=58824  W/D/B=287/117/242  (44%/18%/37%)  d4/d7  1.6 games/s (avg 0.4)  871.1K nps  ETA 00:15:48
[2026-03-28T07:49:56.097] [INFO] [selfplay:0] [SelfPlay] 647/1000 (64%)  pos=58833  W/D/B=288/117/242  (44%/18%/37%)  d4/d7  1.7 games/s (avg 0.4)  871.1K nps  ETA 00:15:36
[2026-03-28T07:49:58.700] [INFO] [selfplay:0] [SelfPlay] 648/1000 (64%)  pos=58929  W/D/B=289/117/242  (44%/18%/37%)  d4/d7  1.6 games/s (avg 0.4)  872.7K nps  ETA 00:15:43
[2026-03-28T07:49:58.874] [INFO] [selfplay:0] [SelfPlay] 649/1000 (64%)  pos=59065  W/D/B=290/117/242  (44%/18%/37%)  d4/d7  1.4 games/s (avg 0.4)  873.1K nps  ETA 00:15:43
[2026-03-28T07:50:02.448] [INFO] [selfplay:0] [SelfPlay] 650/1000 (65%)  pos=59116  W/D/B=290/117/243  (44%/18%/37%)  d4/d7  2.1 games/s (avg 0.4)  875.1K nps  ETA 00:15:36
[2026-03-28T07:50:02.871] [INFO] [selfplay:0] [SelfPlay] 651/1000 (65%)  pos=59143  W/D/B=291/117/243  (44%/17%/37%)  d4/d7  1.8 games/s (avg 0.4)  873.1K nps  ETA 00:15:36
[2026-03-28T07:50:06.344] [INFO] [selfplay:0] [SelfPlay] 652/1000 (65%)  pos=59197  W/D/B=292/117/243  (44%/17%/37%)  d4/d7  1.9 games/s (avg 0.4)  874.4K nps  ETA 00:15:30
[2026-03-28T07:50:06.854] [INFO] [selfplay:0] [SelfPlay] 653/1000 (65%)  pos=59249  W/D/B=293/117/243  (44%/17%/37%)  d4/d7  1.6 games/s (avg 0.4)  872.9K nps  ETA 00:15:30
[2026-03-28T07:50:07.953] [INFO] [selfplay:0] [SelfPlay] 654/1000 (65%)  pos=59325  W/D/B=293/117/244  (44%/17%/37%)  d4/d7  1.7 games/s (avg 0.4)  873.9K nps  ETA 00:15:26
[2026-03-28T07:50:10.794] [INFO] [selfplay:0] [SelfPlay] 655/1000 (65%)  pos=59386  W/D/B=294/117/244  (44%/17%/37%)  d4/d7  1.6 games/s (avg 0.4)  874.3K nps  ETA 00:15:21
[2026-03-28T07:50:11.555] [INFO] [selfplay:0] [SelfPlay] 656/1000 (65%)  pos=59467  W/D/B=294/117/245  (44%/17%/37%)  d4/d7  1.4 games/s (avg 0.4)  873.6K nps  ETA 00:15:20
[2026-03-28T07:50:12.033] [INFO] [selfplay:0] [SelfPlay] 657/1000 (65%)  pos=59519  W/D/B=294/118/245  (44%/17%/37%)  d4/d7  1.4 games/s (avg 0.4)  874.0K nps  ETA 00:15:17
[2026-03-28T07:50:15.406] [INFO] [selfplay:0] [SelfPlay] 658/1000 (65%)  pos=59595  W/D/B=294/119/245  (44%/18%/37%)  d4/d7  1.5 games/s (avg 0.4)  875.2K nps  ETA 00:15:11
[2026-03-28T07:50:15.712] [INFO] [selfplay:0] [SelfPlay] 659/1000 (65%)  pos=59651  W/D/B=295/119/245  (44%/18%/37%)  d4/d7  1.3 games/s (avg 0.4)  872.9K nps  ETA 00:15:10
[2026-03-28T07:50:21.929] [INFO] [selfplay:0] [SelfPlay] 660/1000 (66%)  pos=59774  W/D/B=296/119/245  (44%/18%/37%)  d4/d7  1.6 games/s (avg 0.4)  874.5K nps  ETA 00:15:01
[2026-03-28T07:50:26.422] [INFO] [selfplay:0] [SelfPlay] 661/1000 (66%)  pos=59838  W/D/B=296/120/245  (44%/18%/37%)  d4/d7  1.4 games/s (avg 0.4)  870.9K nps  ETA 00:15:02
[2026-03-28T07:50:32.801] [INFO] [selfplay:0] [SelfPlay] 662/1000 (66%)  pos=59913  W/D/B=297/120/245  (44%/18%/37%)  d4/d7  1.2 games/s (avg 0.4)  868.6K nps  ETA 00:14:58
[2026-03-28T07:50:33.453] [INFO] [selfplay:0] [SelfPlay] 663/1000 (66%)  pos=59949  W/D/B=297/121/245  (44%/18%/36%)  d4/d7  1.1 games/s (avg 0.4)  864.6K nps  ETA 00:15:04
[2026-03-28T07:50:33.802] [INFO] [selfplay:0] [SelfPlay] 664/1000 (66%)  pos=60006  W/D/B=298/121/245  (44%/18%/36%)  d4/d7  1.1 games/s (avg 0.4)  865.0K nps  ETA 00:14:59
[2026-03-28T07:50:37.963] [INFO] [selfplay:0] [SelfPlay] 665/1000 (66%)  pos=60042  W/D/B=298/121/246  (44%/18%/36%)  d4/d7  1.4 games/s (avg 0.4)  865.9K nps  ETA 00:14:52
[2026-03-28T07:50:42.119] [INFO] [selfplay:0] [SelfPlay] 666/1000 (66%)  pos=60148  W/D/B=299/121/246  (44%/18%/36%)  d4/d7  1.2 games/s (avg 0.4)  864.5K nps  ETA 00:14:50
[2026-03-28T07:50:42.905] [INFO] [selfplay:0] [SelfPlay] 667/1000 (66%)  pos=60206  W/D/B=299/121/247  (44%/18%/37%)  d4/d7  1.1 games/s (avg 0.4)  862.8K nps  ETA 00:14:51
[2026-03-28T07:50:44.424] [INFO] [selfplay:0] [SelfPlay] 668/1000 (66%)  pos=60291  W/D/B=299/121/248  (44%/18%/37%)  d4/d7  1.1 games/s (avg 0.4)  863.9K nps  ETA 00:14:48
[2026-03-28T07:50:48.465] [INFO] [selfplay:0] [SelfPlay] 669/1000 (66%)  pos=60327  W/D/B=299/122/248  (44%/18%/37%)  d4/d7  1.0 games/s (avg 0.4)  862.9K nps  ETA 00:14:42
[2026-03-28T07:50:49.336] [INFO] [selfplay:0] [SelfPlay] 670/1000 (67%)  pos=60363  W/D/B=299/123/248  (44%/18%/37%)  d4/d7  0.9 games/s (avg 0.4)  860.6K nps  ETA 00:14:43
[2026-03-28T07:50:55.019] [INFO] [selfplay:0] [SelfPlay] 671/1000 (67%)  pos=60490  W/D/B=300/123/248  (44%/18%/36%)  d4/d7  0.9 games/s (avg 0.4)  861.2K nps  ETA 00:14:34
[2026-03-28T07:50:55.725] [INFO] [selfplay:0] [SelfPlay] 672/1000 (67%)  pos=60693  W/D/B=301/123/248  (44%/18%/36%)  d4/d7  0.8 games/s (avg 0.4)  859.7K nps  ETA 00:14:38
[2026-03-28T07:50:57.073] [INFO] [selfplay:0] [SelfPlay] 673/1000 (67%)  pos=60911  W/D/B=301/123/249  (44%/18%/36%)  d4/d7  0.9 games/s (avg 0.4)  861.5K nps  ETA 00:14:34
[2026-03-28T07:51:02.992] [INFO] [selfplay:0] [SelfPlay] 674/1000 (67%)  pos=61050  W/D/B=301/123/250  (44%/18%/37%)  d4/d7  0.9 games/s (avg 0.4)  862.3K nps  ETA 00:14:26
[2026-03-28T07:51:06.891] [INFO] [selfplay:0] [SelfPlay] 675/1000 (67%)  pos=61208  W/D/B=301/123/251  (44%/18%/37%)  d4/d7  0.8 games/s (avg 0.4)  860.4K nps  ETA 00:14:27
[2026-03-28T07:51:08.251] [INFO] [selfplay:0] [SelfPlay] 676/1000 (67%)  pos=61319  W/D/B=302/123/251  (44%/18%/37%)  d4/d7  0.7 games/s (avg 0.4)  859.4K nps  ETA 00:14:28
[2026-03-28T07:51:09.862] [INFO] [selfplay:0] [SelfPlay] 677/1000 (67%)  pos=61355  W/D/B=302/124/251  (44%/18%/37%)  d4/d7  0.7 games/s (avg 0.4)  859.8K nps  ETA 00:14:23
[2026-03-28T07:51:11.328] [INFO] [selfplay:0] [SelfPlay] 678/1000 (67%)  pos=61442  W/D/B=303/124/251  (44%/18%/37%)  d4/d7  0.7 games/s (avg 0.4)  860.2K nps  ETA 00:14:21
[2026-03-28T07:51:12.163] [INFO] [selfplay:0] [SelfPlay] 679/1000 (67%)  pos=61532  W/D/B=303/124/252  (44%/18%/37%)  d4/d7  0.7 games/s (avg 0.4)  860.6K nps  ETA 00:14:18
[2026-03-28T07:51:12.486] [INFO] [selfplay:0] [SelfPlay] 680/1000 (68%)  pos=61577  W/D/B=303/125/252  (44%/18%/37%)  d4/d7  0.8 games/s (avg 0.4)  861.0K nps  ETA 00:14:14
[2026-03-28T07:51:14.082] [INFO] [selfplay:0] [SelfPlay] 681/1000 (68%)  pos=61628  W/D/B=303/126/252  (44%/18%/37%)  d4/d7  1.1 games/s (avg 0.4)  861.7K nps  ETA 00:14:11
[2026-03-28T07:51:14.417] [INFO] [selfplay:0] [SelfPlay] 682/1000 (68%)  pos=61690  W/D/B=303/127/252  (44%/18%/36%)  d4/d7  1.0 games/s (avg 0.4)  861.4K nps  ETA 00:14:08
[2026-03-28T07:51:16.371] [INFO] [selfplay:0] [SelfPlay] 683/1000 (68%)  pos=61732  W/D/B=303/127/253  (44%/18%/37%)  d4/d7  1.3 games/s (avg 0.4)  861.2K nps  ETA 00:14:03
[2026-03-28T07:51:22.846] [INFO] [selfplay:0] [SelfPlay] 684/1000 (68%)  pos=61850  W/D/B=304/127/253  (44%/18%/36%)  d4/d7  1.2 games/s (avg 0.4)  860.0K nps  ETA 00:13:55
[2026-03-28T07:51:27.280] [INFO] [selfplay:0] [SelfPlay] 685/1000 (68%)  pos=61921  W/D/B=304/127/254  (44%/18%/37%)  d4/d7  1.1 games/s (avg 0.4)  856.8K nps  ETA 00:13:57
[2026-03-28T07:51:33.024] [INFO] [selfplay:0] [SelfPlay] 686/1000 (68%)  pos=61993  W/D/B=304/127/255  (44%/18%/37%)  d4/d7  0.9 games/s (avg 0.4)  854.9K nps  ETA 00:13:53
[2026-03-28T07:51:35.343] [INFO] [selfplay:0] [SelfPlay] 687/1000 (68%)  pos=62144  W/D/B=304/128/255  (44%/18%/37%)  d4/d7  0.8 games/s (avg 0.4)  851.2K nps  ETA 00:13:56
[2026-03-28T07:51:37.627] [INFO] [selfplay:0] [SelfPlay] 688/1000 (68%)  pos=62181  W/D/B=304/128/256  (44%/18%/37%)  d4/d7  0.8 games/s (avg 0.4)  850.5K nps  ETA 00:13:52
[2026-03-28T07:51:38.531] [INFO] [selfplay:0] [SelfPlay] 689/1000 (68%)  pos=62218  W/D/B=304/128/257  (44%/18%/37%)  d4/d7  0.7 games/s (avg 0.4)  850.1K nps  ETA 00:13:51
[2026-03-28T07:51:44.486] [INFO] [selfplay:0] [SelfPlay] 690/1000 (69%)  pos=62314  W/D/B=304/128/258  (44%/18%/37%)  d4/d7  0.8 games/s (avg 0.4)  851.7K nps  ETA 00:13:42
[2026-03-28T07:51:45.474] [INFO] [selfplay:0] [SelfPlay] 691/1000 (69%)  pos=62465  W/D/B=305/128/258  (44%/18%/37%)  d4/d7  0.7 games/s (avg 0.4)  849.5K nps  ETA 00:13:47
[2026-03-28T07:51:52.138] [INFO] [selfplay:0] [SelfPlay] 692/1000 (69%)  pos=62600  W/D/B=305/129/258  (44%/18%/37%)  d4/d7  0.7 games/s (avg 0.4)  849.2K nps  ETA 00:13:37
[2026-03-28T07:51:54.314] [INFO] [selfplay:0] [SelfPlay] 693/1000 (69%)  pos=62641  W/D/B=306/129/258  (44%/18%/37%)  d4/d7  0.6 games/s (avg 0.4)  846.0K nps  ETA 00:13:41
[2026-03-28T07:51:59.709] [INFO] [selfplay:0] [SelfPlay] 694/1000 (69%)  pos=62771  W/D/B=306/129/259  (44%/18%/37%)  d4/d7  0.6 games/s (avg 0.4)  846.4K nps  ETA 00:13:34
[2026-03-28T07:52:01.735] [INFO] [selfplay:0] [SelfPlay] 695/1000 (69%)  pos=62818  W/D/B=306/129/260  (44%/18%/37%)  d4/d7  0.6 games/s (avg 0.4)  843.8K nps  ETA 00:13:37
[2026-03-28T07:52:03.855] [INFO] [selfplay:0] [SelfPlay] 696/1000 (69%)  pos=62879  W/D/B=307/129/260  (44%/18%/37%)  d4/d7  0.5 games/s (avg 0.4)  843.9K nps  ETA 00:13:34
[2026-03-28T07:52:07.483] [INFO] [selfplay:0] [SelfPlay] 697/1000 (69%)  pos=63087  W/D/B=307/130/260  (44%/18%/37%)  d4/d7  0.5 games/s (avg 0.4)  844.5K nps  ETA 00:13:29
[2026-03-28T07:52:08.010] [INFO] [selfplay:0] [SelfPlay] 698/1000 (69%)  pos=63297  W/D/B=308/130/260  (44%/18%/37%)  d4/d7  0.5 games/s (avg 0.4)  844.3K nps  ETA 00:13:30
[2026-03-28T07:52:12.014] [INFO] [selfplay:0] [SelfPlay] 699/1000 (69%)  pos=63410  W/D/B=308/130/261  (44%/18%/37%)  d4/d7  0.7 games/s (avg 0.4)  846.2K nps  ETA 00:13:23
[2026-03-28T07:52:19.132] [INFO] [selfplay:0] [SelfPlay] 700/1000 (70%)  pos=63635  W/D/B=309/130/261  (44%/18%/37%)  d4/d7  0.6 games/s (avg 0.4)  846.4K nps  ETA 00:13:18
[2026-03-28T07:52:19.948] [INFO] [selfplay:0] [SelfPlay] 701/1000 (70%)  pos=63717  W/D/B=310/130/261  (44%/18%/37%)  d4/d7  0.6 games/s (avg 0.4)  842.8K nps  ETA 00:13:23
[2026-03-28T07:52:20.705] [INFO] [selfplay:0] [SelfPlay] 702/1000 (70%)  pos=63741  W/D/B=311/130/261  (44%/18%/37%)  d4/d7  0.7 games/s (avg 0.4)  843.0K nps  ETA 00:13:19
[2026-03-28T07:52:20.945] [INFO] [selfplay:0] [SelfPlay] 703/1000 (70%)  pos=63885  W/D/B=311/130/262  (44%/18%/37%)  d4/d7  0.8 games/s (avg 0.4)  844.0K nps  ETA 00:13:17
[2026-03-28T07:52:22.043] [INFO] [selfplay:0] [SelfPlay] 704/1000 (70%)  pos=63988  W/D/B=311/130/263  (44%/18%/37%)  d4/d7  1.3 games/s (avg 0.4)  845.5K nps  ETA 00:13:12
[2026-03-28T07:52:25.888] [INFO] [selfplay:0] [SelfPlay] 705/1000 (70%)  pos=64128  W/D/B=311/130/264  (44%/18%/37%)  d4/d7  1.2 games/s (avg 0.4)  846.3K nps  ETA 00:13:06
[2026-03-28T07:52:35.226] [INFO] [selfplay:0] [SelfPlay] 706/1000 (70%)  pos=64207  W/D/B=312/130/264  (44%/18%/37%)  d4/d7  1.1 games/s (avg 0.4)  843.9K nps  ETA 00:12:59
[2026-03-28T07:52:40.635] [INFO] [selfplay:0] [SelfPlay] 707/1000 (70%)  pos=64289  W/D/B=312/130/265  (44%/18%/37%)  d4/d7  1.0 games/s (avg 0.4)  844.5K nps  ETA 00:13:02
[2026-03-28T07:52:41.669] [INFO] [selfplay:0] [SelfPlay] 708/1000 (70%)  pos=64529  W/D/B=312/131/265  (44%/18%/37%)  d4/d7  0.9 games/s (avg 0.4)  841.2K nps  ETA 00:13:05
[2026-03-28T07:52:44.743] [INFO] [selfplay:0] [SelfPlay] 709/1000 (70%)  pos=64651  W/D/B=313/131/265  (44%/18%/37%)  d4/d7  0.9 games/s (avg 0.4)  842.3K nps  ETA 00:13:00
[2026-03-28T07:52:45.064] [INFO] [selfplay:0] [SelfPlay] 710/1000 (71%)  pos=64699  W/D/B=314/131/265  (44%/18%/37%)  d4/d7  0.8 games/s (avg 0.4)  841.5K nps  ETA 00:13:00
[2026-03-28T07:52:46.208] [INFO] [selfplay:0] [SelfPlay] 711/1000 (71%)  pos=64868  W/D/B=314/132/265  (44%/18%/37%)  d4/d7  1.1 games/s (avg 0.4)  843.0K nps  ETA 00:12:56
[2026-03-28T07:52:46.585] [INFO] [selfplay:0] [SelfPlay] 712/1000 (71%)  pos=64960  W/D/B=315/132/265  (44%/18%/37%)  d4/d7  1.1 games/s (avg 0.4)  843.7K nps  ETA 00:12:52
[2026-03-28T07:52:51.354] [INFO] [selfplay:0] [SelfPlay] 713/1000 (71%)  pos=65005  W/D/B=315/132/266  (44%/18%/37%)  d4/d7  1.3 games/s (avg 0.4)  844.3K nps  ETA 00:12:46
[2026-03-28T07:52:54.114] [INFO] [selfplay:0] [SelfPlay] 714/1000 (71%)  pos=65052  W/D/B=316/132/266  (44%/18%/37%)  d4/d7  1.2 games/s (avg 0.4)  841.4K nps  ETA 00:12:45
[2026-03-28T07:52:59.608] [INFO] [selfplay:0] [SelfPlay] 715/1000 (71%)  pos=65131  W/D/B=317/132/266  (44%/18%/37%)  d4/d7  1.0 games/s (avg 0.4)  840.7K nps  ETA 00:12:39
[2026-03-28T07:53:05.431] [INFO] [selfplay:0] [SelfPlay] 716/1000 (71%)  pos=65308  W/D/B=318/132/266  (44%/18%/37%)  d4/d7  0.9 games/s (avg 0.4)  838.7K nps  ETA 00:12:39
[2026-03-28T07:53:05.690] [INFO] [selfplay:0] [SelfPlay] 717/1000 (71%)  pos=65476  W/D/B=318/133/266  (44%/18%/37%)  d4/d7  0.8 games/s (avg 0.4)  836.7K nps  ETA 00:12:41
[2026-03-28T07:53:15.217] [INFO] [selfplay:0] [SelfPlay] 718/1000 (71%)  pos=65712  W/D/B=318/134/266  (44%/18%/37%)  d4/d7  1.3 games/s (avg 0.4)  839.9K nps  ETA 00:12:29
[2026-03-28T07:53:16.528] [INFO] [selfplay:0] [SelfPlay] 719/1000 (71%)  pos=65787  W/D/B=318/134/267  (44%/18%/37%)  d4/d7  1.2 games/s (avg 0.4)  840.5K nps  ETA 00:12:36
[2026-03-28T07:53:21.579] [INFO] [selfplay:0] [SelfPlay] 720/1000 (72%)  pos=65919  W/D/B=319/134/267  (44%/18%/37%)  d4/d7  1.1 games/s (avg 0.4)  842.2K nps  ETA 00:12:30
[2026-03-28T07:53:24.439] [INFO] [selfplay:0] [SelfPlay] 721/1000 (72%)  pos=66035  W/D/B=320/134/267  (44%/18%/37%)  d4/d7  1.0 games/s (avg 0.4)  841.3K nps  ETA 00:12:31
[2026-03-28T07:53:31.582] [INFO] [selfplay:0] [SelfPlay] 722/1000 (72%)  pos=66094  W/D/B=321/134/267  (44%/18%/36%)  d4/d7  0.9 games/s (avg 0.4)  840.9K nps  ETA 00:12:23
[2026-03-28T07:53:38.671] [INFO] [selfplay:0] [SelfPlay] 723/1000 (72%)  pos=66187  W/D/B=322/134/267  (44%/18%/36%)  d4/d7  0.8 games/s (avg 0.4)  838.0K nps  ETA 00:12:23
[2026-03-28T07:53:39.928] [INFO] [selfplay:0] [SelfPlay] 724/1000 (72%)  pos=66298  W/D/B=322/134/268  (44%/18%/37%)  d4/d7  0.7 games/s (avg 0.4)  835.3K nps  ETA 00:12:28
[2026-03-28T07:53:40.300] [INFO] [selfplay:0] [SelfPlay] 725/1000 (72%)  pos=66334  W/D/B=322/135/268  (44%/18%/36%)  d4/d7  0.7 games/s (avg 0.4)  836.4K nps  ETA 00:12:25
[2026-03-28T07:53:41.328] [INFO] [selfplay:0] [SelfPlay] 726/1000 (72%)  pos=66381  W/D/B=322/135/269  (44%/18%/37%)  d4/d7  1.0 games/s (avg 0.4)  837.1K nps  ETA 00:12:21
[2026-03-28T07:53:43.616] [INFO] [selfplay:0] [SelfPlay] 727/1000 (72%)  pos=66421  W/D/B=322/136/269  (44%/18%/37%)  d4/d7  1.0 games/s (avg 0.4)  837.1K nps  ETA 00:12:15
[2026-03-28T07:53:43.632] [INFO] [selfplay:0] [SelfPlay] 728/1000 (72%)  pos=66495  W/D/B=323/136/269  (44%/18%/36%)  d4/d7  0.9 games/s (avg 0.4)  835.8K nps  ETA 00:12:16
[2026-03-28T07:53:44.454] [INFO] [selfplay:0] [SelfPlay] 729/1000 (72%)  pos=66566  W/D/B=323/136/270  (44%/18%/37%)  d4/d7  10.3 games/s (avg 0.4)  837.4K nps  ETA 00:12:12
[2026-03-28T07:53:49.870] [INFO] [selfplay:0] [SelfPlay] 730/1000 (73%)  pos=66685  W/D/B=323/136/271  (44%/18%/37%)  d4/d7  8.9 games/s (avg 0.4)  838.0K nps  ETA 00:12:02
[2026-03-28T07:53:52.777] [INFO] [selfplay:0] [SelfPlay] 731/1000 (73%)  pos=66813  W/D/B=323/136/272  (44%/18%/37%)  d4/d7  8.3 games/s (avg 0.4)  838.2K nps  ETA 00:12:04
[2026-03-28T07:53:52.978] [INFO] [selfplay:0] [SelfPlay] 732/1000 (73%)  pos=66915  W/D/B=323/136/273  (44%/18%/37%)  d4/d7  7.6 games/s (avg 0.4)  840.1K nps  ETA 00:12:04
[2026-03-28T07:53:56.051] [INFO] [selfplay:0] [SelfPlay] 733/1000 (73%)  pos=67043  W/D/B=323/136/274  (44%/18%/37%)  d4/d7  7.2 games/s (avg 0.4)  842.7K nps  ETA 00:11:58
[2026-03-28T07:53:56.103] [INFO] [selfplay:0] [SelfPlay] 734/1000 (73%)  pos=67116  W/D/B=324/136/274  (44%/18%/37%)  d4/d7  6.7 games/s (avg 0.4)  844.5K nps  ETA 00:11:58
[2026-03-28T07:53:56.893] [INFO] [selfplay:0] [SelfPlay] 735/1000 (73%)  pos=67164  W/D/B=325/136/274  (44%/18%/37%)  d4/d7  8.6 games/s (avg 0.4)  844.6K nps  ETA 00:11:53
[2026-03-28T07:54:00.948] [INFO] [selfplay:0] [SelfPlay] 736/1000 (73%)  pos=67234  W/D/B=325/136/275  (44%/18%/37%)  d4/d7  7.5 games/s (avg 0.4)  845.3K nps  ETA 00:11:47
[2026-03-28T07:54:01.485] [INFO] [selfplay:0] [SelfPlay] 737/1000 (73%)  pos=67285  W/D/B=326/136/275  (44%/18%/37%)  d4/d7  6.9 games/s (avg 0.4)  847.2K nps  ETA 00:11:48
[2026-03-28T07:54:02.750] [INFO] [selfplay:0] [SelfPlay] 738/1000 (73%)  pos=67331  W/D/B=327/136/275  (44%/18%/37%)  d4/d7  6.2 games/s (avg 0.4)  847.7K nps  ETA 00:11:44
[2026-03-28T07:54:07.571] [INFO] [selfplay:0] [SelfPlay] 739/1000 (73%)  pos=67468  W/D/B=327/137/275  (44%/18%/37%)  d4/d7  5.4 games/s (avg 0.4)  847.1K nps  ETA 00:11:37
[2026-03-28T07:54:10.849] [INFO] [selfplay:0] [SelfPlay] 740/1000 (74%)  pos=67532  W/D/B=327/137/276  (44%/18%/37%)  d4/d7  4.9 games/s (avg 0.4)  848.4K nps  ETA 00:11:37
[2026-03-28T07:54:11.158] [INFO] [selfplay:0] [SelfPlay] 741/1000 (74%)  pos=67569  W/D/B=327/137/277  (44%/18%/37%)  d4/d7  4.6 games/s (avg 0.4)  849.0K nps  ETA 00:11:38
[2026-03-28T07:54:14.578] [INFO] [selfplay:0] [SelfPlay] 742/1000 (74%)  pos=67629  W/D/B=327/137/278  (44%/18%/37%)  d4/d7  4.4 games/s (avg 0.4)  849.9K nps  ETA 00:11:30
[2026-03-28T07:54:17.178] [INFO] [selfplay:0] [SelfPlay] 743/1000 (74%)  pos=67675  W/D/B=328/137/278  (44%/18%/37%)  d4/d7  4.0 games/s (avg 0.4)  850.6K nps  ETA 00:11:30
[2026-03-28T07:54:18.225] [INFO] [selfplay:0] [SelfPlay] 744/1000 (74%)  pos=67723  W/D/B=328/138/278  (44%/18%/37%)  d4/d7  3.7 games/s (avg 0.4)  851.2K nps  ETA 00:11:28
[2026-03-28T07:54:18.571] [INFO] [selfplay:0] [SelfPlay] 745/1000 (74%)  pos=67803  W/D/B=329/138/278  (44%/18%/37%)  d4/d7  3.3 games/s (avg 0.4)  850.7K nps  ETA 00:11:25
[2026-03-28T07:54:24.985] [INFO] [selfplay:0] [SelfPlay] 746/1000 (74%)  pos=67903  W/D/B=329/138/279  (44%/18%/37%)  d4/d7  3.3 games/s (avg 0.4)  852.0K nps  ETA 00:11:16
[2026-03-28T07:54:26.058] [INFO] [selfplay:0] [SelfPlay] 747/1000 (74%)  pos=68072  W/D/B=329/139/279  (44%/18%/37%)  d4/d7  3.0 games/s (avg 0.4)  853.4K nps  ETA 00:11:20
[2026-03-28T07:54:30.679] [INFO] [selfplay:0] [SelfPlay] 748/1000 (74%)  pos=68108  W/D/B=330/139/279  (44%/18%/37%)  d4/d7  2.7 games/s (avg 0.4)  853.6K nps  ETA 00:11:13
[2026-03-28T07:54:31.901] [INFO] [selfplay:0] [SelfPlay] 749/1000 (74%)  pos=68242  W/D/B=330/140/279  (44%/18%/37%)  d4/d7  2.5 games/s (avg 0.4)  853.6K nps  ETA 00:11:14
[2026-03-28T07:54:32.512] [INFO] [selfplay:0] [SelfPlay] 750/1000 (75%)  pos=68401  W/D/B=331/140/279  (44%/18%/37%)  d4/d7  2.2 games/s (avg 0.4)  853.1K nps  ETA 00:11:11
[2026-03-28T07:54:33.302] [INFO] [selfplay:0] [SelfPlay] 751/1000 (75%)  pos=68511  W/D/B=331/140/280  (44%/18%/37%)  d4/d7  2.2 games/s (avg 0.4)  854.2K nps  ETA 00:11:09
[2026-03-28T07:54:33.887] [INFO] [selfplay:0] [SelfPlay] 752/1000 (75%)  pos=68609  W/D/B=331/140/281  (44%/18%/37%)  d4/d7  2.0 games/s (avg 0.4)  854.5K nps  ETA 00:11:05
[2026-03-28T07:54:34.135] [INFO] [selfplay:0] [SelfPlay] 753/1000 (75%)  pos=68720  W/D/B=332/140/281  (44%/18%/37%)  d4/d7  2.0 games/s (avg 0.4)  856.1K nps  ETA 00:11:02
[2026-03-28T07:54:38.329] [INFO] [selfplay:0] [SelfPlay] 754/1000 (75%)  pos=68857  W/D/B=333/140/281  (44%/18%/37%)  d4/d7  2.3 games/s (avg 0.4)  857.1K nps  ETA 00:10:55
[2026-03-28T07:54:41.839] [INFO] [selfplay:0] [SelfPlay] 755/1000 (75%)  pos=68955  W/D/B=333/141/281  (44%/18%/37%)  d4/d7  2.0 games/s (avg 0.4)  854.7K nps  ETA 00:10:53
[2026-03-28T07:54:44.996] [INFO] [selfplay:0] [SelfPlay] 756/1000 (75%)  pos=69076  W/D/B=333/141/282  (44%/18%/37%)  d4/d7  1.7 games/s (avg 0.4)  854.1K nps  ETA 00:10:51
[2026-03-28T07:54:45.330] [INFO] [selfplay:0] [SelfPlay] 757/1000 (75%)  pos=69160  W/D/B=334/141/282  (44%/18%/37%)  d4/d7  1.5 games/s (avg 0.4)  853.1K nps  ETA 00:10:52
[2026-03-28T07:54:52.528] [INFO] [selfplay:0] [SelfPlay] 758/1000 (75%)  pos=69258  W/D/B=334/141/283  (44%/18%/37%)  d4/d7  1.7 games/s (avg 0.4)  854.1K nps  ETA 00:10:40
[2026-03-28T07:54:55.800] [INFO] [selfplay:0] [SelfPlay] 759/1000 (75%)  pos=69445  W/D/B=334/142/283  (44%/18%/37%)  d4/d7  1.6 games/s (avg 0.4)  854.1K nps  ETA 00:10:44
[2026-03-28T07:54:58.527] [INFO] [selfplay:0] [SelfPlay] 760/1000 (76%)  pos=69562  W/D/B=334/142/284  (43%/18%/37%)  d4/d7  1.4 games/s (avg 0.4)  853.5K nps  ETA 00:10:41
[2026-03-28T07:55:00.016] [INFO] [selfplay:0] [SelfPlay] 761/1000 (76%)  pos=69630  W/D/B=335/142/284  (44%/18%/37%)  d4/d7  1.3 games/s (avg 0.4)  852.6K nps  ETA 00:10:41
[2026-03-28T07:55:02.674] [INFO] [selfplay:0] [SelfPlay] 762/1000 (76%)  pos=69668  W/D/B=336/142/284  (44%/18%/37%)  d4/d7  1.2 games/s (avg 0.4)  852.7K nps  ETA 00:10:36
[2026-03-28T07:55:02.976] [INFO] [selfplay:0] [SelfPlay] 763/1000 (76%)  pos=69705  W/D/B=336/143/284  (44%/18%/37%)  d4/d7  1.0 games/s (avg 0.4)  852.1K nps  ETA 00:10:36
[2026-03-28T07:55:03.170] [INFO] [selfplay:0] [SelfPlay] 764/1000 (76%)  pos=69749  W/D/B=336/144/284  (43%/18%/37%)  d4/d7  1.4 games/s (avg 0.4)  852.0K nps  ETA 00:10:33
[2026-03-28T07:55:03.494] [INFO] [selfplay:0] [SelfPlay] 765/1000 (76%)  pos=69837  W/D/B=336/144/285  (43%/18%/37%)  d4/d7  2.0 games/s (avg 0.4)  852.0K nps  ETA 00:10:28
[2026-03-28T07:55:05.630] [INFO] [selfplay:0] [SelfPlay] 766/1000 (76%)  pos=70006  W/D/B=336/145/285  (43%/18%/37%)  d4/d7  2.1 games/s (avg 0.4)  853.6K nps  ETA 00:10:24
[2026-03-28T07:55:08.155] [INFO] [selfplay:0] [SelfPlay] 767/1000 (76%)  pos=70047  W/D/B=336/146/285  (43%/19%/37%)  d4/d7  1.9 games/s (avg 0.4)  852.3K nps  ETA 00:10:21
[2026-03-28T07:55:09.772] [INFO] [selfplay:0] [SelfPlay] 768/1000 (76%)  pos=70088  W/D/B=336/147/285  (43%/19%/37%)  d4/d7  1.7 games/s (avg 0.4)  850.9K nps  ETA 00:10:18
[2026-03-28T07:55:12.838] [INFO] [selfplay:0] [SelfPlay] 769/1000 (76%)  pos=70154  W/D/B=336/147/286  (43%/19%/37%)  d4/d7  1.5 games/s (avg 0.4)  850.8K nps  ETA 00:10:14
[2026-03-28T07:55:15.156] [INFO] [selfplay:0] [SelfPlay] 770/1000 (77%)  pos=70319  W/D/B=336/148/286  (43%/19%/37%)  d4/d7  1.3 games/s (avg 0.4)  850.4K nps  ETA 00:10:13
[2026-03-28T07:55:16.376] [INFO] [selfplay:0] [SelfPlay] 771/1000 (77%)  pos=70412  W/D/B=337/148/286  (43%/19%/37%)  d4/d7  1.2 games/s (avg 0.4)  849.8K nps  ETA 00:10:11
[2026-03-28T07:55:18.273] [INFO] [selfplay:0] [SelfPlay] 772/1000 (77%)  pos=70521  W/D/B=338/148/286  (43%/19%/37%)  d4/d7  1.1 games/s (avg 0.4)  850.6K nps  ETA 00:10:07
[2026-03-28T07:55:21.504] [INFO] [selfplay:0] [SelfPlay] 773/1000 (77%)  pos=70626  W/D/B=338/149/286  (43%/19%/36%)  d4/d7  1.0 games/s (avg 0.4)  849.6K nps  ETA 00:10:02
[2026-03-28T07:55:25.187] [INFO] [selfplay:0] [SelfPlay] 774/1000 (77%)  pos=70686  W/D/B=339/149/286  (43%/19%/36%)  d4/d7  0.9 games/s (avg 0.4)  849.1K nps  ETA 00:10:00
[2026-03-28T07:55:27.754] [INFO] [selfplay:0] [SelfPlay] 775/1000 (77%)  pos=70737  W/D/B=339/149/287  (43%/19%/37%)  d4/d7  0.8 games/s (avg 0.4)  849.5K nps  ETA 00:09:58
[2026-03-28T07:55:30.034] [INFO] [selfplay:0] [SelfPlay] 776/1000 (77%)  pos=70871  W/D/B=339/149/288  (43%/19%/37%)  d4/d7  0.8 games/s (avg 0.4)  849.6K nps  ETA 00:09:56
[2026-03-28T07:55:34.895] [INFO] [selfplay:0] [SelfPlay] 777/1000 (77%)  pos=70939  W/D/B=340/149/288  (43%/19%/37%)  d4/d7  0.7 games/s (avg 0.4)  849.1K nps  ETA 00:09:50
[2026-03-28T07:55:39.350] [INFO] [selfplay:0] [SelfPlay] 778/1000 (77%)  pos=71040  W/D/B=340/150/288  (43%/19%/37%)  d4/d7  0.6 games/s (avg 0.4)  847.1K nps  ETA 00:09:49
[2026-03-28T07:55:39.481] [INFO] [selfplay:0] [SelfPlay] 779/1000 (77%)  pos=71160  W/D/B=341/150/288  (43%/19%/36%)  d4/d7  0.6 games/s (avg 0.4)  845.7K nps  ETA 00:09:50
[2026-03-28T07:55:42.066] [INFO] [selfplay:0] [SelfPlay] 780/1000 (78%)  pos=71196  W/D/B=341/150/289  (43%/19%/37%)  d4/d7  1.6 games/s (avg 0.4)  846.3K nps  ETA 00:09:45
[2026-03-28T07:55:52.116] [INFO] [selfplay:0] [SelfPlay] 781/1000 (78%)  pos=71436  W/D/B=341/151/289  (43%/19%/37%)  d4/d7  1.4 games/s (avg 0.4)  846.2K nps  ETA 00:09:35
[2026-03-28T07:55:52.900] [INFO] [selfplay:0] [SelfPlay] 782/1000 (78%)  pos=71524  W/D/B=341/151/290  (43%/19%/37%)  d4/d7  1.3 games/s (avg 0.4)  847.3K nps  ETA 00:09:44
[2026-03-28T07:55:54.561] [INFO] [selfplay:0] [SelfPlay] 783/1000 (78%)  pos=71627  W/D/B=341/151/291  (43%/19%/37%)  d4/d7  1.3 games/s (avg 0.4)  848.8K nps  ETA 00:09:39
[2026-03-28T07:55:54.629] [INFO] [selfplay:0] [SelfPlay] 784/1000 (78%)  pos=71659  W/D/B=342/151/291  (43%/19%/37%)  d4/d7  1.2 games/s (avg 0.4)  849.1K nps  ETA 00:09:38
[2026-03-28T07:55:57.698] [INFO] [selfplay:0] [SelfPlay] 785/1000 (78%)  pos=71722  W/D/B=342/151/292  (43%/19%/37%)  d4/d7  3.2 games/s (avg 0.4)  850.1K nps  ETA 00:09:32
[2026-03-28T07:55:58.980] [INFO] [selfplay:0] [SelfPlay] 786/1000 (78%)  pos=71914  W/D/B=342/152/292  (43%/19%/37%)  d4/d7  2.8 games/s (avg 0.4)  849.4K nps  ETA 00:09:31
[2026-03-28T07:56:05.066] [INFO] [selfplay:0] [SelfPlay] 787/1000 (78%)  pos=72020  W/D/B=342/152/293  (43%/19%/37%)  d4/d7  2.5 games/s (avg 0.4)  850.4K nps  ETA 00:09:23
[2026-03-28T07:56:13.469] [INFO] [selfplay:0] [SelfPlay] 788/1000 (78%)  pos=72114  W/D/B=343/152/293  (43%/19%/37%)  d4/d7  2.3 games/s (avg 0.4)  851.2K nps  ETA 00:09:20
[2026-03-28T07:56:16.379] [INFO] [selfplay:0] [SelfPlay] 789/1000 (78%)  pos=72225  W/D/B=343/152/294  (43%/19%/37%)  d4/d7  2.1 games/s (avg 0.4)  852.9K nps  ETA 00:09:23
[2026-03-28T07:56:20.747] [INFO] [selfplay:0] [SelfPlay] 790/1000 (79%)  pos=72327  W/D/B=343/153/294  (43%/19%/37%)  d4/d7  1.9 games/s (avg 0.4)  851.2K nps  ETA 00:09:19
[2026-03-28T07:56:21.119] [INFO] [selfplay:0] [SelfPlay] 791/1000 (79%)  pos=72430  W/D/B=343/153/295  (43%/19%/37%)  d4/d7  1.6 games/s (avg 0.4)  850.5K nps  ETA 00:09:22
[2026-03-28T07:56:22.754] [INFO] [selfplay:0] [SelfPlay] 792/1000 (79%)  pos=72529  W/D/B=343/153/296  (43%/19%/37%)  d4/d7  1.8 games/s (avg 0.4)  851.6K nps  ETA 00:09:16
[2026-03-28T07:56:24.171] [INFO] [selfplay:0] [SelfPlay] 793/1000 (79%)  pos=72588  W/D/B=343/153/297  (43%/19%/37%)  d4/d7  1.6 games/s (avg 0.4)  852.1K nps  ETA 00:09:14
[2026-03-28T07:56:24.532] [INFO] [selfplay:0] [SelfPlay] 794/1000 (79%)  pos=72650  W/D/B=343/153/298  (43%/19%/37%)  d4/d7  1.5 games/s (avg 0.4)  851.4K nps  ETA 00:09:11
[2026-03-28T07:56:24.916] [INFO] [selfplay:0] [SelfPlay] 795/1000 (79%)  pos=72759  W/D/B=343/153/299  (43%/19%/37%)  d4/d7  1.7 games/s (avg 0.4)  852.9K nps  ETA 00:09:09
[2026-03-28T07:56:27.674] [INFO] [selfplay:0] [SelfPlay] 796/1000 (79%)  pos=72858  W/D/B=344/153/299  (43%/19%/37%)  d4/d7  1.8 games/s (avg 0.4)  853.8K nps  ETA 00:09:03
[2026-03-28T07:56:35.360] [INFO] [selfplay:0] [SelfPlay] 797/1000 (79%)  pos=72907  W/D/B=344/153/300  (43%/19%/37%)  d4/d7  1.6 games/s (avg 0.4)  852.3K nps  ETA 00:08:56
[2026-03-28T07:56:41.871] [INFO] [selfplay:0] [SelfPlay] 798/1000 (79%)  pos=73053  W/D/B=344/153/301  (43%/19%/37%)  d4/d7  1.5 games/s (avg 0.4)  853.0K nps  ETA 00:08:55
[2026-03-28T07:56:42.427] [INFO] [selfplay:0] [SelfPlay] 799/1000 (79%)  pos=73150  W/D/B=345/153/301  (43%/19%/37%)  d4/d7  1.3 games/s (avg 0.4)  850.8K nps  ETA 00:09:00
[2026-03-28T07:56:44.030] [INFO] [selfplay:0] [SelfPlay] 800/1000 (80%)  pos=73268  W/D/B=345/153/302  (43%/19%/37%)  d4/d7  1.4 games/s (avg 0.4)  851.9K nps  ETA 00:08:55
[2026-03-28T07:56:44.487] [INFO] [selfplay:0] [SelfPlay] 801/1000 (80%)  pos=73319  W/D/B=345/153/303  (43%/19%/37%)  d4/d7  1.2 games/s (avg 0.4)  851.9K nps  ETA 00:08:53
[2026-03-28T07:56:45.289] [INFO] [selfplay:0] [SelfPlay] 802/1000 (80%)  pos=73442  W/D/B=345/154/303  (43%/19%/37%)  d4/d7  1.4 games/s (avg 0.4)  853.4K nps  ETA 00:08:51
[2026-03-28T07:56:50.059] [INFO] [selfplay:0] [SelfPlay] 803/1000 (80%)  pos=73553  W/D/B=346/154/303  (43%/19%/37%)  d4/d7  1.4 games/s (avg 0.4)  854.6K nps  ETA 00:08:42
[2026-03-28T07:56:51.483] [INFO] [selfplay:0] [SelfPlay] 804/1000 (80%)  pos=73686  W/D/B=346/154/304  (43%/19%/37%)  d4/d7  1.2 games/s (avg 0.4)  852.0K nps  ETA 00:08:43
[2026-03-28T07:57:01.403] [INFO] [selfplay:0] [SelfPlay] 805/1000 (80%)  pos=73779  W/D/B=347/154/304  (43%/19%/37%)  d4/d7  1.1 games/s (avg 0.4)  853.1K nps  ETA 00:08:33
[2026-03-28T07:57:06.698] [INFO] [selfplay:0] [SelfPlay] 806/1000 (80%)  pos=73878  W/D/B=347/154/305  (43%/19%/37%)  d4/d7  1.0 games/s (avg 0.4)  853.9K nps  ETA 00:08:35
[2026-03-28T07:57:07.029] [INFO] [selfplay:0] [SelfPlay] 807/1000 (80%)  pos=73963  W/D/B=348/154/305  (43%/19%/37%)  d4/d7  0.9 games/s (avg 0.4)  850.9K nps  ETA 00:08:39
[2026-03-28T07:57:08.908] [INFO] [selfplay:0] [SelfPlay] 808/1000 (80%)  pos=74028  W/D/B=348/154/306  (43%/19%/37%)  d4/d7  1.2 games/s (avg 0.4)  851.8K nps  ETA 00:08:34
[2026-03-28T07:57:09.620] [INFO] [selfplay:0] [SelfPlay] 809/1000 (80%)  pos=74151  W/D/B=348/154/307  (43%/19%/37%)  d4/d7  1.1 games/s (avg 0.4)  852.3K nps  ETA 00:08:32
[2026-03-28T07:57:13.615] [INFO] [selfplay:0] [SelfPlay] 810/1000 (81%)  pos=74239  W/D/B=349/154/307  (43%/19%/37%)  d4/d7  1.2 games/s (avg 0.4)  852.8K nps  ETA 00:08:26
[2026-03-28T07:57:16.578] [INFO] [selfplay:0] [SelfPlay] 811/1000 (81%)  pos=74305  W/D/B=349/154/308  (43%/18%/37%)  d4/d7  1.0 games/s (avg 0.4)  850.6K nps  ETA 00:08:25
[2026-03-28T07:57:17.561] [INFO] [selfplay:0] [SelfPlay] 812/1000 (81%)  pos=74386  W/D/B=350/154/308  (43%/18%/37%)  d4/d7  0.9 games/s (avg 0.4)  850.5K nps  ETA 00:08:24
[2026-03-28T07:57:21.587] [INFO] [selfplay:0] [SelfPlay] 813/1000 (81%)  pos=74497  W/D/B=351/154/308  (43%/18%/37%)  d4/d7  0.9 games/s (avg 0.4)  851.7K nps  ETA 00:08:18
[2026-03-28T07:57:21.682] [INFO] [selfplay:0] [SelfPlay] 814/1000 (81%)  pos=74561  W/D/B=351/154/309  (43%/18%/37%)  d4/d7  0.8 games/s (avg 0.4)  850.4K nps  ETA 00:08:19
[2026-03-28T07:57:22.653] [INFO] [selfplay:0] [SelfPlay] 815/1000 (81%)  pos=74643  W/D/B=351/154/310  (43%/18%/38%)  d4/d7  2.3 games/s (avg 0.4)  851.7K nps  ETA 00:08:15
[2026-03-28T07:57:25.718] [INFO] [selfplay:0] [SelfPlay] 816/1000 (81%)  pos=74715  W/D/B=351/154/311  (43%/18%/38%)  d4/d7  2.1 games/s (avg 0.4)  852.6K nps  ETA 00:08:10
[2026-03-28T07:57:26.707] [INFO] [selfplay:0] [SelfPlay] 817/1000 (81%)  pos=74823  W/D/B=352/154/311  (43%/18%/38%)  d4/d7  1.8 games/s (avg 0.4)  852.3K nps  ETA 00:08:10
[2026-03-28T07:57:29.440] [INFO] [selfplay:0] [SelfPlay] 818/1000 (81%)  pos=74941  W/D/B=352/154/312  (43%/18%/38%)  d4/d7  1.7 games/s (avg 0.4)  853.0K nps  ETA 00:08:05
[2026-03-28T07:57:32.751] [INFO] [selfplay:0] [SelfPlay] 819/1000 (81%)  pos=75117  W/D/B=352/154/313  (42%/18%/38%)  d4/d7  1.5 games/s (avg 0.4)  853.7K nps  ETA 00:08:01
[2026-03-28T07:57:35.439] [INFO] [selfplay:0] [SelfPlay] 820/1000 (82%)  pos=75170  W/D/B=352/154/314  (42%/18%/38%)  d4/d7  1.3 games/s (avg 0.4)  851.9K nps  ETA 00:08:00
[2026-03-28T07:57:38.166] [INFO] [selfplay:0] [SelfPlay] 821/1000 (82%)  pos=75230  W/D/B=352/155/314  (42%/18%/38%)  d4/d7  1.2 games/s (avg 0.4)  851.0K nps  ETA 00:07:57
[2026-03-28T07:57:48.035] [INFO] [selfplay:0] [SelfPlay] 822/1000 (82%)  pos=75416  W/D/B=352/156/314  (42%/18%/38%)  d4/d7  1.1 games/s (avg 0.4)  849.6K nps  ETA 00:07:47
[2026-03-28T07:57:48.288] [INFO] [selfplay:0] [SelfPlay] 823/1000 (82%)  pos=75477  W/D/B=353/156/314  (42%/18%/38%)  d4/d7  1.0 games/s (avg 0.4)  850.4K nps  ETA 00:07:56
[2026-03-28T07:57:52.945] [INFO] [selfplay:0] [SelfPlay] 824/1000 (82%)  pos=75528  W/D/B=354/156/314  (42%/18%/38%)  d4/d7  1.4 games/s (avg 0.4)  851.4K nps  ETA 00:07:48
[2026-03-28T07:57:57.342] [INFO] [selfplay:0] [SelfPlay] 825/1000 (82%)  pos=75681  W/D/B=355/156/314  (43%/18%/38%)  d4/d7  1.2 games/s (avg 0.4)  850.3K nps  ETA 00:07:46
[2026-03-28T07:58:02.420] [INFO] [selfplay:0] [SelfPlay] 826/1000 (82%)  pos=75804  W/D/B=355/156/315  (42%/18%/38%)  d4/d7  1.1 games/s (avg 0.4)  849.1K nps  ETA 00:07:43
[2026-03-28T07:58:03.012] [INFO] [selfplay:0] [SelfPlay] 827/1000 (82%)  pos=75853  W/D/B=356/156/315  (43%/18%/38%)  d4/d7  1.0 games/s (avg 0.4)  846.4K nps  ETA 00:07:45
[2026-03-28T07:58:04.655] [INFO] [selfplay:0] [SelfPlay] 828/1000 (82%)  pos=75921  W/D/B=357/156/315  (43%/18%/38%)  d4/d7  1.1 games/s (avg 0.4)  847.3K nps  ETA 00:07:41
[2026-03-28T07:58:05.042] [INFO] [selfplay:0] [SelfPlay] 829/1000 (82%)  pos=75958  W/D/B=358/156/315  (43%/18%/37%)  d4/d7  1.0 games/s (avg 0.4)  846.5K nps  ETA 00:07:40
[2026-03-28T07:58:07.239] [INFO] [selfplay:0] [SelfPlay] 830/1000 (83%)  pos=76100  W/D/B=358/157/315  (43%/18%/37%)  d4/d7  1.2 games/s (avg 0.4)  847.9K nps  ETA 00:07:35
[2026-03-28T07:58:07.739] [INFO] [selfplay:0] [SelfPlay] 831/1000 (83%)  pos=76231  W/D/B=359/157/315  (43%/18%/37%)  d4/d7  1.1 games/s (avg 0.4)  848.2K nps  ETA 00:07:33
[2026-03-28T07:58:08.485] [INFO] [selfplay:0] [SelfPlay] 832/1000 (83%)  pos=76267  W/D/B=359/158/315  (43%/18%/37%)  d4/d7  1.3 games/s (avg 0.4)  848.4K nps  ETA 00:07:30
[2026-03-28T07:58:11.166] [INFO] [selfplay:0] [SelfPlay] 833/1000 (83%)  pos=76337  W/D/B=360/158/315  (43%/18%/37%)  d4/d7  1.3 games/s (avg 0.4)  849.3K nps  ETA 00:07:26
[2026-03-28T07:58:11.287] [INFO] [selfplay:0] [SelfPlay] 834/1000 (83%)  pos=76465  W/D/B=361/158/315  (43%/18%/37%)  d4/d7  1.1 games/s (avg 0.4)  849.0K nps  ETA 00:07:25
[2026-03-28T07:58:11.374] [INFO] [selfplay:0] [SelfPlay] 835/1000 (83%)  pos=76705  W/D/B=361/159/315  (43%/19%/37%)  d4/d7  2.2 games/s (avg 0.4)  851.2K nps  ETA 00:07:22
[2026-03-28T07:58:23.156] [INFO] [selfplay:0] [SelfPlay] 836/1000 (83%)  pos=76768  W/D/B=361/160/315  (43%/19%/37%)  d4/d7  3.6 games/s (avg 0.4)  851.9K nps  ETA 00:07:07
[2026-03-28T07:58:24.032] [INFO] [selfplay:0] [SelfPlay] 837/1000 (83%)  pos=76883  W/D/B=361/160/316  (43%/19%/37%)  d4/d7  3.3 games/s (avg 0.4)  853.8K nps  ETA 00:07:17
[2026-03-28T07:58:25.463] [INFO] [selfplay:0] [SelfPlay] 838/1000 (83%)  pos=77026  W/D/B=362/160/316  (43%/19%/37%)  d4/d7  3.0 games/s (avg 0.4)  854.7K nps  ETA 00:07:14
[2026-03-28T07:58:29.539] [INFO] [selfplay:0] [SelfPlay] 839/1000 (83%)  pos=77119  W/D/B=362/160/317  (43%/19%/37%)  d4/d7  2.7 games/s (avg 0.4)  855.2K nps  ETA 00:07:07
[2026-03-28T07:58:32.046] [INFO] [selfplay:0] [SelfPlay] 840/1000 (84%)  pos=77195  W/D/B=363/160/317  (43%/19%/37%)  d4/d7  2.5 games/s (avg 0.4)  855.8K nps  ETA 00:07:07
[2026-03-28T07:58:34.265] [INFO] [selfplay:0] [SelfPlay] 841/1000 (84%)  pos=77231  W/D/B=363/161/317  (43%/19%/37%)  d4/d7  2.1 games/s (avg 0.4)  855.1K nps  ETA 00:07:05
[2026-03-28T07:58:43.398] [INFO] [selfplay:0] [SelfPlay] 842/1000 (84%)  pos=77287  W/D/B=363/161/318  (43%/19%/37%)  d4/d7  1.9 games/s (avg 0.4)  854.6K nps  ETA 00:06:55
[2026-03-28T07:58:48.622] [INFO] [selfplay:0] [SelfPlay] 843/1000 (84%)  pos=77426  W/D/B=363/161/319  (43%/19%/37%)  d4/d7  1.7 games/s (avg 0.4)  855.6K nps  ETA 00:06:56
[2026-03-28T07:58:49.655] [INFO] [selfplay:0] [SelfPlay] 844/1000 (84%)  pos=77499  W/D/B=364/161/319  (43%/19%/37%)  d4/d7  1.5 games/s (avg 0.4)  854.0K nps  ETA 00:06:59
[2026-03-28T07:58:49.844] [INFO] [selfplay:0] [SelfPlay] 845/1000 (84%)  pos=77550  W/D/B=364/161/320  (43%/19%/37%)  d4/d7  1.4 games/s (avg 0.4)  854.2K nps  ETA 00:06:57
[2026-03-28T07:58:51.668] [INFO] [selfplay:0] [SelfPlay] 846/1000 (84%)  pos=77599  W/D/B=364/161/321  (43%/19%/37%)  d4/d7  2.0 games/s (avg 0.4)  855.2K nps  ETA 00:06:52
[2026-03-28T07:58:52.966] [INFO] [selfplay:0] [SelfPlay] 847/1000 (84%)  pos=77668  W/D/B=365/161/321  (43%/19%/37%)  d4/d7  1.8 games/s (avg 0.4)  855.5K nps  ETA 00:06:50
[2026-03-28T07:58:54.164] [INFO] [selfplay:0] [SelfPlay] 848/1000 (84%)  pos=77872  W/D/B=365/161/322  (43%/18%/37%)  d4/d7  1.6 games/s (avg 0.4)  856.4K nps  ETA 00:06:47
[2026-03-28T07:58:59.025] [INFO] [selfplay:0] [SelfPlay] 849/1000 (84%)  pos=77981  W/D/B=366/161/322  (43%/18%/37%)  d4/d7  1.5 games/s (avg 0.4)  857.1K nps  ETA 00:06:40
[2026-03-28T07:58:59.428] [INFO] [selfplay:0] [SelfPlay] 850/1000 (85%)  pos=78089  W/D/B=367/161/322  (43%/18%/37%)  d4/d7  1.3 games/s (avg 0.4)  855.3K nps  ETA 00:06:43
[2026-03-28T07:59:02.368] [INFO] [selfplay:0] [SelfPlay] 851/1000 (85%)  pos=78239  W/D/B=368/161/322  (43%/18%/37%)  d4/d7  1.5 games/s (avg 0.4)  856.3K nps  ETA 00:06:37
[2026-03-28T07:59:02.661] [INFO] [selfplay:0] [SelfPlay] 852/1000 (85%)  pos=78359  W/D/B=369/161/322  (43%/18%/37%)  d4/d7  1.3 games/s (avg 0.4)  855.6K nps  ETA 00:06:36
[2026-03-28T07:59:08.466] [INFO] [selfplay:0] [SelfPlay] 853/1000 (85%)  pos=78443  W/D/B=370/161/322  (43%/18%/37%)  d4/d7  1.6 games/s (avg 0.4)  856.8K nps  ETA 00:06:29
[2026-03-28T07:59:18.871] [INFO] [selfplay:0] [SelfPlay] 854/1000 (85%)  pos=78486  W/D/B=370/162/322  (43%/18%/37%)  d4/d7  1.4 games/s (avg 0.4)  854.1K nps  ETA 00:06:21
[2026-03-28T07:59:25.256] [INFO] [selfplay:0] [SelfPlay] 855/1000 (85%)  pos=78578  W/D/B=370/162/323  (43%/18%/37%)  d4/d7  1.3 games/s (avg 0.4)  854.7K nps  ETA 00:06:24
[2026-03-28T07:59:29.864] [INFO] [selfplay:0] [SelfPlay] 856/1000 (85%)  pos=78648  W/D/B=371/162/323  (43%/18%/37%)  d4/d7  1.1 games/s (avg 0.4)  852.6K nps  ETA 00:06:23
[2026-03-28T07:59:30.383] [INFO] [selfplay:0] [SelfPlay] 857/1000 (85%)  pos=78724  W/D/B=372/162/323  (43%/18%/37%)  d4/d7  1.0 games/s (avg 0.4)  851.1K nps  ETA 00:06:26
[2026-03-28T07:59:31.519] [INFO] [selfplay:0] [SelfPlay] 858/1000 (85%)  pos=78774  W/D/B=373/162/323  (43%/18%/37%)  d4/d7  1.1 games/s (avg 0.4)  851.9K nps  ETA 00:06:21
[2026-03-28T07:59:33.023] [INFO] [selfplay:0] [SelfPlay] 859/1000 (85%)  pos=78810  W/D/B=373/162/324  (43%/18%/37%)  d4/d7  1.1 games/s (avg 0.4)  852.6K nps  ETA 00:06:19
[2026-03-28T07:59:33.659] [INFO] [selfplay:0] [SelfPlay] 860/1000 (86%)  pos=78834  W/D/B=373/162/325  (43%/18%/37%)  d4/d7  1.0 games/s (avg 0.4)  852.7K nps  ETA 00:06:16
[2026-03-28T07:59:34.598] [INFO] [selfplay:0] [SelfPlay] 861/1000 (86%)  pos=78901  W/D/B=374/162/325  (43%/18%/37%)  d4/d7  1.1 games/s (avg 0.4)  853.5K nps  ETA 00:06:13
[2026-03-28T07:59:35.980] [INFO] [selfplay:0] [SelfPlay] 862/1000 (86%)  pos=79043  W/D/B=375/162/325  (43%/18%/37%)  d4/d7  1.1 games/s (avg 0.4)  854.4K nps  ETA 00:06:10
[2026-03-28T07:59:37.903] [INFO] [selfplay:0] [SelfPlay] 863/1000 (86%)  pos=79108  W/D/B=375/163/325  (43%/18%/37%)  d4/d7  1.0 games/s (avg 0.4)  855.1K nps  ETA 00:06:06
[2026-03-28T07:59:45.284] [INFO] [selfplay:0] [SelfPlay] 864/1000 (86%)  pos=79209  W/D/B=376/163/325  (43%/18%/37%)  d4/d7  1.0 games/s (avg 0.4)  856.2K nps  ETA 00:05:58
[2026-03-28T07:59:45.400] [INFO] [selfplay:0] [SelfPlay] 865/1000 (86%)  pos=79349  W/D/B=376/163/326  (43%/18%/37%)  d4/d7  0.8 games/s (avg 0.4)  853.4K nps  ETA 00:06:03
[2026-03-28T07:59:54.503] [INFO] [selfplay:0] [SelfPlay] 866/1000 (86%)  pos=79456  W/D/B=376/163/327  (43%/18%/37%)  d4/d7  2.0 games/s (avg 0.4)  854.7K nps  ETA 00:05:50
[2026-03-28T07:59:58.506] [INFO] [selfplay:0] [SelfPlay] 867/1000 (86%)  pos=79504  W/D/B=376/164/327  (43%/18%/37%)  d4/d7  1.9 games/s (avg 0.4)  855.2K nps  ETA 00:05:55
[2026-03-28T08:00:02.717] [INFO] [selfplay:0] [SelfPlay] 868/1000 (86%)  pos=79587  W/D/B=377/164/327  (43%/18%/37%)  d4/d7  1.6 games/s (avg 0.4)  854.2K nps  ETA 00:05:52
[2026-03-28T08:00:03.571] [INFO] [selfplay:0] [SelfPlay] 869/1000 (86%)  pos=79689  W/D/B=377/164/328  (43%/18%/37%)  d4/d7  1.4 games/s (avg 0.4)  852.1K nps  ETA 00:05:53
[2026-03-28T08:00:04.101] [INFO] [selfplay:0] [SelfPlay] 870/1000 (87%)  pos=79803  W/D/B=378/164/328  (43%/18%/37%)  d4/d7  1.4 games/s (avg 0.4)  852.9K nps  ETA 00:05:51
[2026-03-28T08:00:04.488] [INFO] [selfplay:0] [SelfPlay] 871/1000 (87%)  pos=79856  W/D/B=379/164/328  (43%/18%/37%)  d4/d7  1.5 games/s (avg 0.4)  853.6K nps  ETA 00:05:47
[2026-03-28T08:00:06.385] [INFO] [selfplay:0] [SelfPlay] 872/1000 (87%)  pos=79903  W/D/B=379/164/329  (43%/18%/37%)  d4/d7  1.6 games/s (avg 0.4)  854.4K nps  ETA 00:05:44
[2026-03-28T08:00:08.485] [INFO] [selfplay:0] [SelfPlay] 873/1000 (87%)  pos=80017  W/D/B=379/164/330  (43%/18%/37%)  d4/d7  1.5 games/s (avg 0.4)  854.3K nps  ETA 00:05:39
[2026-03-28T08:00:10.524] [INFO] [selfplay:0] [SelfPlay] 874/1000 (87%)  pos=80109  W/D/B=379/165/330  (43%/18%/37%)  d4/d7  1.3 games/s (avg 0.4)  853.3K nps  ETA 00:05:37
[2026-03-28T08:00:13.693] [INFO] [selfplay:0] [SelfPlay] 875/1000 (87%)  pos=80159  W/D/B=379/165/331  (43%/18%/37%)  d4/d7  1.2 games/s (avg 0.4)  852.3K nps  ETA 00:05:33
[2026-03-28T08:00:16.977] [INFO] [selfplay:0] [SelfPlay] 876/1000 (87%)  pos=80253  W/D/B=379/166/331  (43%/18%/37%)  d4/d7  1.1 games/s (avg 0.4)  851.8K nps  ETA 00:05:31
[2026-03-28T08:00:18.086] [INFO] [selfplay:0] [SelfPlay] 877/1000 (87%)  pos=80300  W/D/B=380/166/331  (43%/18%/37%)  d4/d7  0.9 games/s (avg 0.4)  851.5K nps  ETA 00:05:30
[2026-03-28T08:00:21.085] [INFO] [selfplay:0] [SelfPlay] 878/1000 (87%)  pos=80480  W/D/B=381/166/331  (43%/18%/37%)  d4/d7  0.9 games/s (avg 0.4)  851.1K nps  ETA 00:05:25
[2026-03-28T08:00:21.846] [INFO] [selfplay:0] [SelfPlay] 879/1000 (87%)  pos=80567  W/D/B=382/166/331  (43%/18%/37%)  d4/d7  0.8 games/s (avg 0.4)  849.6K nps  ETA 00:05:24
[2026-03-28T08:00:25.677] [INFO] [selfplay:0] [SelfPlay] 880/1000 (88%)  pos=80629  W/D/B=383/166/331  (43%/18%/37%)  d4/d7  0.9 games/s (avg 0.4)  850.7K nps  ETA 00:05:18
[2026-03-28T08:00:29.981] [INFO] [selfplay:0] [SelfPlay] 881/1000 (88%)  pos=80723  W/D/B=383/167/331  (43%/18%/37%)  d4/d7  0.8 games/s (avg 0.4)  849.4K nps  ETA 00:05:16
[2026-03-28T08:00:30.422] [INFO] [selfplay:0] [SelfPlay] 882/1000 (88%)  pos=80773  W/D/B=383/167/332  (43%/18%/37%)  d4/d7  0.7 games/s (avg 0.4)  847.9K nps  ETA 00:05:17
[2026-03-28T08:00:31.996] [INFO] [selfplay:0] [SelfPlay] 883/1000 (88%)  pos=80934  W/D/B=384/167/332  (43%/18%/37%)  d4/d7  1.0 games/s (avg 0.4)  849.2K nps  ETA 00:05:12
[2026-03-28T08:00:36.007] [INFO] [selfplay:0] [SelfPlay] 884/1000 (88%)  pos=81115  W/D/B=385/167/332  (43%/18%/37%)  d4/d7  0.9 games/s (avg 0.4)  850.1K nps  ETA 00:05:08
[2026-03-28T08:00:39.754] [INFO] [selfplay:0] [SelfPlay] 885/1000 (88%)  pos=81160  W/D/B=385/168/332  (43%/18%/37%)  d4/d7  0.8 games/s (avg 0.4)  848.9K nps  ETA 00:05:05
[2026-03-28T08:00:40.090] [INFO] [selfplay:0] [SelfPlay] 886/1000 (88%)  pos=81312  W/D/B=385/169/332  (43%/19%/37%)  d4/d7  0.7 games/s (avg 0.4)  847.2K nps  ETA 00:05:07
[2026-03-28T08:00:47.450] [INFO] [selfplay:0] [SelfPlay] 887/1000 (88%)  pos=81470  W/D/B=385/169/333  (43%/19%/37%)  d4/d7  1.1 games/s (avg 0.4)  848.7K nps  ETA 00:04:57
[2026-03-28T08:00:47.545] [INFO] [selfplay:0] [SelfPlay] 888/1000 (88%)  pos=81592  W/D/B=385/169/334  (43%/19%/37%)  d4/d7  0.9 games/s (avg 0.4)  845.7K nps  ETA 00:05:00
[2026-03-28T08:00:50.080] [INFO] [selfplay:0] [SelfPlay] 889/1000 (88%)  pos=81635  W/D/B=385/169/335  (43%/19%/37%)  d4/d7  2.4 games/s (avg 0.4)  846.8K nps  ETA 00:04:56
[2026-03-28T08:00:57.992] [INFO] [selfplay:0] [SelfPlay] 890/1000 (89%)  pos=81668  W/D/B=386/169/335  (43%/18%/37%)  d4/d7  2.1 games/s (avg 0.4)  846.2K nps  ETA 00:04:48
[2026-03-28T08:01:02.376] [INFO] [selfplay:0] [SelfPlay] 891/1000 (89%)  pos=81859  W/D/B=386/169/336  (43%/18%/37%)  d4/d7  1.9 games/s (avg 0.4)  847.9K nps  ETA 00:04:50
[2026-03-28T08:01:02.510] [INFO] [selfplay:0] [SelfPlay] 892/1000 (89%)  pos=81935  W/D/B=386/169/337  (43%/18%/37%)  d4/d7  1.7 games/s (avg 0.4)  845.8K nps  ETA 00:04:50
[2026-03-28T08:01:04.510] [INFO] [selfplay:0] [SelfPlay] 893/1000 (89%)  pos=81995  W/D/B=387/169/337  (43%/18%/37%)  d4/d7  2.5 games/s (avg 0.4)  846.5K nps  ETA 00:04:46
[2026-03-28T08:01:05.867] [INFO] [selfplay:0] [SelfPlay] 894/1000 (89%)  pos=82042  W/D/B=388/169/337  (43%/18%/37%)  d4/d7  2.2 games/s (avg 0.4)  846.6K nps  ETA 00:04:44
[2026-03-28T08:01:07.559] [INFO] [selfplay:0] [SelfPlay] 895/1000 (89%)  pos=82173  W/D/B=389/169/337  (43%/18%/37%)  d4/d7  2.0 games/s (avg 0.4)  847.4K nps  ETA 00:04:41
[2026-03-28T08:01:08.487] [INFO] [selfplay:0] [SelfPlay] 896/1000 (89%)  pos=82261  W/D/B=389/170/337  (43%/18%/37%)  d4/d7  1.8 games/s (avg 0.4)  846.7K nps  ETA 00:04:39
[2026-03-28T08:01:08.926] [INFO] [selfplay:0] [SelfPlay] 897/1000 (89%)  pos=82383  W/D/B=390/170/337  (43%/18%/37%)  d4/d7  1.7 games/s (avg 0.4)  848.1K nps  ETA 00:04:37
[2026-03-28T08:01:09.630] [INFO] [selfplay:0] [SelfPlay] 898/1000 (89%)  pos=82425  W/D/B=390/171/337  (43%/19%/37%)  d4/d7  1.8 games/s (avg 0.4)  848.7K nps  ETA 00:04:33
[2026-03-28T08:01:12.435] [INFO] [selfplay:0] [SelfPlay] 899/1000 (89%)  pos=82453  W/D/B=391/171/337  (43%/19%/37%)  d4/d7  1.7 games/s (avg 0.4)  848.4K nps  ETA 00:04:29
[2026-03-28T08:01:12.714] [INFO] [selfplay:0] [SelfPlay] 900/1000 (90%)  pos=82562  W/D/B=392/171/337  (43%/19%/37%)  d4/d7  1.5 games/s (avg 0.4)  848.6K nps  ETA 00:04:27
[2026-03-28T08:01:14.567] [INFO] [selfplay:0] [SelfPlay] 901/1000 (90%)  pos=82611  W/D/B=392/172/337  (43%/19%/37%)  d4/d7  1.8 games/s (avg 0.4)  848.5K nps  ETA 00:04:23
[2026-03-28T08:01:16.988] [INFO] [selfplay:0] [SelfPlay] 902/1000 (90%)  pos=82719  W/D/B=393/172/337  (43%/19%/37%)  d4/d7  1.6 games/s (avg 0.4)  847.8K nps  ETA 00:04:21
[2026-03-28T08:01:21.937] [INFO] [selfplay:0] [SelfPlay] 903/1000 (90%)  pos=82813  W/D/B=393/172/338  (43%/19%/37%)  d4/d7  1.5 games/s (avg 0.4)  847.9K nps  ETA 00:04:15
[2026-03-28T08:01:22.818] [INFO] [selfplay:0] [SelfPlay] 904/1000 (90%)  pos=82860  W/D/B=393/172/339  (43%/19%/37%)  d4/d7  1.3 games/s (avg 0.4)  846.3K nps  ETA 00:04:16
[2026-03-28T08:01:27.003] [INFO] [selfplay:0] [SelfPlay] 905/1000 (90%)  pos=82902  W/D/B=393/173/339  (43%/19%/37%)  d4/d7  1.2 games/s (avg 0.4)  846.9K nps  ETA 00:04:11
[2026-03-28T08:01:27.904] [INFO] [selfplay:0] [SelfPlay] 906/1000 (90%)  pos=83060  W/D/B=394/173/339  (43%/19%/37%)  d4/d7  1.1 games/s (avg 0.4)  844.9K nps  ETA 00:04:11
[2026-03-28T08:01:32.968] [INFO] [selfplay:0] [SelfPlay] 907/1000 (90%)  pos=83124  W/D/B=395/173/339  (43%/19%/37%)  d4/d7  1.1 games/s (avg 0.4)  845.8K nps  ETA 00:04:04
[2026-03-28T08:01:36.934] [INFO] [selfplay:0] [SelfPlay] 908/1000 (90%)  pos=83173  W/D/B=395/174/339  (43%/19%/37%)  d4/d7  1.0 games/s (avg 0.4)  843.8K nps  ETA 00:04:03
[2026-03-28T08:01:43.125] [INFO] [selfplay:0] [SelfPlay] 909/1000 (90%)  pos=83255  W/D/B=396/174/339  (43%/19%/37%)  d4/d7  0.9 games/s (avg 0.4)  842.9K nps  ETA 00:03:58
[2026-03-28T08:01:44.086] [INFO] [selfplay:0] [SelfPlay] 910/1000 (91%)  pos=83327  W/D/B=397/174/339  (43%/19%/37%)  d4/d7  0.8 games/s (avg 0.4)  840.4K nps  ETA 00:04:01
[2026-03-28T08:01:44.339] [INFO] [selfplay:0] [SelfPlay] 911/1000 (91%)  pos=83449  W/D/B=398/174/339  (43%/19%/37%)  d4/d7  0.8 games/s (avg 0.4)  840.8K nps  ETA 00:03:59
[2026-03-28T08:01:46.392] [INFO] [selfplay:0] [SelfPlay] 912/1000 (91%)  pos=83505  W/D/B=399/174/339  (43%/19%/37%)  d4/d7  1.3 games/s (avg 0.4)  841.8K nps  ETA 00:03:54
[2026-03-28T08:01:46.712] [INFO] [selfplay:0] [SelfPlay] 913/1000 (91%)  pos=83582  W/D/B=399/175/339  (43%/19%/37%)  d4/d7  1.2 games/s (avg 0.4)  842.0K nps  ETA 00:03:52
[2026-03-28T08:01:51.957] [INFO] [selfplay:0] [SelfPlay] 914/1000 (91%)  pos=83664  W/D/B=399/175/340  (43%/19%/37%)  d4/d7  1.4 games/s (avg 0.4)  842.8K nps  ETA 00:03:45
[2026-03-28T08:01:59.210] [INFO] [selfplay:0] [SelfPlay] 915/1000 (91%)  pos=83726  W/D/B=399/175/341  (43%/19%/37%)  d4/d7  1.3 games/s (avg 0.4)  841.5K nps  ETA 00:03:41
[2026-03-28T08:01:59.944] [INFO] [selfplay:0] [SelfPlay] 916/1000 (91%)  pos=83793  W/D/B=399/175/342  (43%/19%/37%)  d4/d7  1.1 games/s (avg 0.4)  839.1K nps  ETA 00:03:45
[2026-03-28T08:02:03.489] [INFO] [selfplay:0] [SelfPlay] 917/1000 (91%)  pos=83908  W/D/B=399/175/343  (43%/19%/37%)  d4/d7  1.1 games/s (avg 0.4)  840.9K nps  ETA 00:03:39
[2026-03-28T08:02:09.507] [INFO] [selfplay:0] [SelfPlay] 918/1000 (91%)  pos=83972  W/D/B=400/175/343  (43%/19%/37%)  d4/d7  1.0 games/s (avg 0.4)  840.2K nps  ETA 00:03:34
[2026-03-28T08:02:10.205] [INFO] [selfplay:0] [SelfPlay] 919/1000 (91%)  pos=83989  W/D/B=401/175/343  (43%/19%/37%)  d4/d7  0.9 games/s (avg 0.4)  837.7K nps  ETA 00:03:38
[2026-03-28T08:02:11.292] [INFO] [selfplay:0] [SelfPlay] 920/1000 (92%)  pos=84069  W/D/B=401/175/344  (43%/19%/37%)  d4/d7  1.0 games/s (avg 0.4)  838.3K nps  ETA 00:03:34
[2026-03-28T08:02:11.338] [INFO] [selfplay:0] [SelfPlay] 921/1000 (92%)  pos=84200  W/D/B=402/175/344  (43%/19%/37%)  d4/d7  1.0 games/s (avg 0.4)  838.9K nps  ETA 00:03:32
[2026-03-28T08:02:14.950] [INFO] [selfplay:0] [SelfPlay] 922/1000 (92%)  pos=84297  W/D/B=403/175/344  (43%/18%/37%)  d4/d7  4.0 games/s (avg 0.4)  839.6K nps  ETA 00:03:25
[2026-03-28T08:02:15.052] [INFO] [selfplay:0] [SelfPlay] 923/1000 (92%)  pos=84396  W/D/B=404/175/344  (43%/18%/37%)  d4/d7  3.7 games/s (avg 0.4)  840.4K nps  ETA 00:03:27
[2026-03-28T08:02:17.758] [INFO] [selfplay:0] [SelfPlay] 924/1000 (92%)  pos=84481  W/D/B=404/176/344  (43%/19%/37%)  d4/d7  4.6 games/s (avg 0.4)  841.3K nps  ETA 00:03:21
[2026-03-28T08:02:18.128] [INFO] [selfplay:0] [SelfPlay] 925/1000 (92%)  pos=84543  W/D/B=405/176/344  (43%/19%/37%)  d4/d7  4.3 games/s (avg 0.4)  842.1K nps  ETA 00:03:21
[2026-03-28T08:02:18.915] [INFO] [selfplay:0] [SelfPlay] 926/1000 (92%)  pos=84697  W/D/B=406/176/344  (43%/19%/37%)  d4/d7  4.1 games/s (avg 0.4)  843.4K nps  ETA 00:03:17
[2026-03-28T08:02:20.419] [INFO] [selfplay:0] [SelfPlay] 927/1000 (92%)  pos=84813  W/D/B=407/176/344  (43%/18%/37%)  d4/d7  3.6 games/s (avg 0.4)  844.1K nps  ETA 00:03:14
[2026-03-28T08:02:34.570] [INFO] [selfplay:0] [SelfPlay] 928/1000 (92%)  pos=84856  W/D/B=407/177/344  (43%/19%/37%)  d4/d7  3.2 games/s (avg 0.4)  843.9K nps  ETA 00:02:57
[2026-03-28T08:02:37.822] [INFO] [selfplay:0] [SelfPlay] 929/1000 (92%)  pos=84874  W/D/B=408/177/344  (43%/19%/37%)  d4/d7  3.0 games/s (avg 0.4)  844.4K nps  ETA 00:03:08
[2026-03-28T08:02:48.097] [INFO] [selfplay:0] [SelfPlay] 930/1000 (93%)  pos=84961  W/D/B=408/177/345  (43%/19%/37%)  d4/d7  2.6 games/s (avg 0.4)  843.9K nps  ETA 00:02:58
[2026-03-28T08:02:48.380] [INFO] [selfplay:0] [SelfPlay] 931/1000 (93%)  pos=85039  W/D/B=408/178/345  (43%/19%/37%)  d4/d7  2.4 games/s (avg 0.4)  844.7K nps  ETA 00:03:06
[2026-03-28T08:02:51.263] [INFO] [selfplay:0] [SelfPlay] 932/1000 (93%)  pos=85077  W/D/B=409/178/345  (43%/19%/37%)  d4/d7  2.5 games/s (avg 0.4)  845.5K nps  ETA 00:03:00
[2026-03-28T08:02:54.636] [INFO] [selfplay:0] [SelfPlay] 933/1000 (93%)  pos=85170  W/D/B=410/178/345  (43%/19%/36%)  d4/d7  2.2 games/s (avg 0.4)  845.3K nps  ETA 00:02:56
[2026-03-28T08:02:54.723] [INFO] [selfplay:0] [SelfPlay] 934/1000 (93%)  pos=85309  W/D/B=411/178/345  (44%/19%/36%)  d4/d7  1.9 games/s (avg 0.4)  845.0K nps  ETA 00:02:58
[2026-03-28T08:02:59.710] [INFO] [selfplay:0] [SelfPlay] 935/1000 (93%)  pos=85412  W/D/B=411/178/346  (43%/19%/37%)  d4/d7  3.3 games/s (avg 0.4)  846.0K nps  ETA 00:02:50
[2026-03-28T08:03:04.923] [INFO] [selfplay:0] [SelfPlay] 936/1000 (93%)  pos=85513  W/D/B=412/178/346  (44%/19%/36%)  d4/d7  3.1 games/s (avg 0.4)  847.4K nps  ETA 00:02:47
[2026-03-28T08:03:09.616] [INFO] [selfplay:0] [SelfPlay] 937/1000 (93%)  pos=85560  W/D/B=412/179/346  (43%/19%/36%)  d4/d7  2.9 games/s (avg 0.4)  847.7K nps  ETA 00:02:45
[2026-03-28T08:03:11.085] [INFO] [selfplay:0] [SelfPlay] 938/1000 (93%)  pos=85619  W/D/B=412/179/347  (43%/19%/36%)  d4/d7  2.7 games/s (avg 0.4)  848.5K nps  ETA 00:02:46
[2026-03-28T08:03:12.222] [INFO] [selfplay:0] [SelfPlay] 939/1000 (93%)  pos=85859  W/D/B=412/180/347  (43%/19%/36%)  d4/d7  2.4 games/s (avg 0.4)  849.4K nps  ETA 00:02:43
[2026-03-28T08:03:14.673] [INFO] [selfplay:0] [SelfPlay] 940/1000 (94%)  pos=86064  W/D/B=413/180/347  (43%/19%/36%)  d4/d7  2.1 games/s (avg 0.4)  850.7K nps  ETA 00:02:39
[2026-03-28T08:03:18.064] [INFO] [selfplay:0] [SelfPlay] 941/1000 (94%)  pos=86104  W/D/B=413/181/347  (43%/19%/36%)  d4/d7  1.9 games/s (avg 0.4)  849.6K nps  ETA 00:02:36
[2026-03-28T08:03:19.256] [INFO] [selfplay:0] [SelfPlay] 942/1000 (94%)  pos=86278  W/D/B=413/182/347  (43%/19%/36%)  d4/d7  1.6 games/s (avg 0.4)  848.1K nps  ETA 00:02:35
[2026-03-28T08:03:19.312] [INFO] [selfplay:0] [SelfPlay] 943/1000 (94%)  pos=86413  W/D/B=413/183/347  (43%/19%/36%)  d4/d7  1.5 games/s (avg 0.4)  848.9K nps  ETA 00:02:33
[2026-03-28T08:03:23.002] [INFO] [selfplay:0] [SelfPlay] 944/1000 (94%)  pos=86470  W/D/B=414/183/347  (43%/19%/36%)  d4/d7  4.0 games/s (avg 0.4)  849.7K nps  ETA 00:02:27
[2026-03-28T08:03:31.275] [INFO] [selfplay:0] [SelfPlay] 945/1000 (94%)  pos=86627  W/D/B=414/183/348  (43%/19%/36%)  d4/d7  3.7 games/s (avg 0.4)  849.8K nps  ETA 00:02:20
[2026-03-28T08:03:31.517] [INFO] [selfplay:0] [SelfPlay] 946/1000 (94%)  pos=86733  W/D/B=414/183/349  (43%/19%/36%)  d4/d7  3.4 games/s (avg 0.4)  849.9K nps  ETA 00:02:25
[2026-03-28T08:03:33.785] [INFO] [selfplay:0] [SelfPlay] 947/1000 (94%)  pos=86912  W/D/B=415/183/349  (43%/19%/36%)  d4/d7  3.5 games/s (avg 0.4)  851.9K nps  ETA 00:02:21
[2026-03-28T08:03:39.253] [INFO] [selfplay:0] [SelfPlay] 948/1000 (94%)  pos=86963  W/D/B=415/183/350  (43%/19%/36%)  d4/d7  3.1 games/s (avg 0.4)  851.9K nps  ETA 00:02:15
[2026-03-28T08:03:39.287] [INFO] [selfplay:0] [SelfPlay] 949/1000 (94%)  pos=87103  W/D/B=415/184/350  (43%/19%/36%)  d4/d7  2.8 games/s (avg 0.4)  851.9K nps  ETA 00:02:17
[2026-03-28T08:03:40.031] [INFO] [selfplay:0] [SelfPlay] 950/1000 (95%)  pos=87188  W/D/B=415/184/351  (43%/19%/36%)  d4/d7  6.9 games/s (avg 0.4)  853.2K nps  ETA 00:02:14
[2026-03-28T08:03:42.296] [INFO] [selfplay:0] [SelfPlay] 951/1000 (95%)  pos=87317  W/D/B=416/184/351  (43%/19%/36%)  d4/d7  6.0 games/s (avg 0.4)  855.2K nps  ETA 00:02:10
[2026-03-28T08:03:43.022] [INFO] [selfplay:0] [SelfPlay] 952/1000 (95%)  pos=87340  W/D/B=416/184/352  (43%/19%/36%)  d4/d7  5.6 games/s (avg 0.4)  855.2K nps  ETA 00:02:08
[2026-03-28T08:03:47.951] [INFO] [selfplay:0] [SelfPlay] 953/1000 (95%)  pos=87481  W/D/B=417/184/352  (43%/19%/36%)  d4/d7  5.0 games/s (avg 0.4)  855.8K nps  ETA 00:02:01
[2026-03-28T08:03:47.961] [INFO] [selfplay:0] [SelfPlay] 954/1000 (95%)  pos=87590  W/D/B=417/184/353  (43%/19%/37%)  d4/d7  4.6 games/s (avg 0.4)  857.2K nps  ETA 00:02:04
[2026-03-28T08:03:49.720] [INFO] [selfplay:0] [SelfPlay] 955/1000 (95%)  pos=87661  W/D/B=418/184/353  (43%/19%/36%)  d4/d7  19.1 games/s (avg 0.4)  858.1K nps  ETA 00:01:59
[2026-03-28T08:03:51.318] [INFO] [selfplay:0] [SelfPlay] 956/1000 (95%)  pos=87828  W/D/B=418/185/353  (43%/19%/36%)  d4/d7  17.7 games/s (avg 0.4)  859.4K nps  ETA 00:01:57
[2026-03-28T08:03:55.043] [INFO] [selfplay:0] [SelfPlay] 957/1000 (95%)  pos=87919  W/D/B=418/185/354  (43%/19%/36%)  d4/d7  16.3 games/s (avg 0.4)  860.0K nps  ETA 00:01:51
[2026-03-28T08:03:56.530] [INFO] [selfplay:0] [SelfPlay] 958/1000 (95%)  pos=87991  W/D/B=419/185/354  (43%/19%/36%)  d4/d7  15.1 games/s (avg 0.4)  861.5K nps  ETA 00:01:51
[2026-03-28T08:04:00.772] [INFO] [selfplay:0] [SelfPlay] 959/1000 (95%)  pos=88051  W/D/B=420/185/354  (43%/19%/36%)  d4/d7  14.0 games/s (avg 0.4)  862.5K nps  ETA 00:01:46
[2026-03-28T08:04:03.546] [INFO] [selfplay:0] [SelfPlay] 960/1000 (96%)  pos=88097  W/D/B=420/186/354  (43%/19%/36%)  d4/d7  12.9 games/s (avg 0.4)  863.1K nps  ETA 00:01:44
[2026-03-28T08:04:06.270] [INFO] [selfplay:0] [SelfPlay] 961/1000 (96%)  pos=88194  W/D/B=421/186/354  (43%/19%/36%)  d4/d7  12.0 games/s (avg 0.4)  864.3K nps  ETA 00:01:43
[2026-03-28T08:04:09.743] [INFO] [selfplay:0] [SelfPlay] 962/1000 (96%)  pos=88227  W/D/B=422/186/354  (43%/19%/36%)  d4/d7  11.1 games/s (avg 0.4)  864.8K nps  ETA 00:01:38
[2026-03-28T08:04:12.832] [INFO] [selfplay:0] [SelfPlay] 963/1000 (96%)  pos=88309  W/D/B=422/187/354  (43%/19%/36%)  d4/d7  10.2 games/s (avg 0.4)  865.6K nps  ETA 00:01:36
[2026-03-28T08:04:17.636] [INFO] [selfplay:0] [SelfPlay] 964/1000 (96%)  pos=88394  W/D/B=422/187/355  (43%/19%/36%)  d4/d7  9.5 games/s (avg 0.4)  866.7K nps  ETA 00:01:32
[2026-03-28T08:04:17.959] [INFO] [selfplay:0] [SelfPlay] 965/1000 (96%)  pos=88446  W/D/B=422/188/355  (43%/19%/36%)  d4/d7  8.8 games/s (avg 0.4)  867.3K nps  ETA 00:01:34
[2026-03-28T08:04:19.297] [INFO] [selfplay:0] [SelfPlay] 966/1000 (96%)  pos=88504  W/D/B=423/188/355  (43%/19%/36%)  d4/d7  7.9 games/s (avg 0.4)  868.2K nps  ETA 00:01:30
[2026-03-28T08:04:19.668] [INFO] [selfplay:0] [SelfPlay] 967/1000 (96%)  pos=88573  W/D/B=423/188/356  (43%/19%/36%)  d4/d7  7.3 games/s (avg 0.4)  869.1K nps  ETA 00:01:27
[2026-03-28T08:04:23.099] [INFO] [selfplay:0] [SelfPlay] 968/1000 (96%)  pos=88686  W/D/B=424/188/356  (43%/19%/36%)  d4/d7  6.6 games/s (avg 0.4)  869.1K nps  ETA 00:01:23
[2026-03-28T08:04:26.890] [INFO] [selfplay:0] [SelfPlay] 969/1000 (96%)  pos=88745  W/D/B=424/189/356  (43%/19%/36%)  d4/d7  6.1 games/s (avg 0.4)  869.6K nps  ETA 00:01:19
[2026-03-28T08:04:29.544] [INFO] [selfplay:0] [SelfPlay] 970/1000 (97%)  pos=88855  W/D/B=425/189/356  (43%/19%/36%)  d4/d7  5.7 games/s (avg 0.4)  870.6K nps  ETA 00:01:17
[2026-03-28T08:04:30.939] [INFO] [selfplay:0] [SelfPlay] 971/1000 (97%)  pos=88917  W/D/B=426/189/356  (43%/19%/36%)  d4/d7  5.2 games/s (avg 0.4)  871.7K nps  ETA 00:01:17
[2026-03-28T08:04:31.509] [INFO] [selfplay:0] [SelfPlay] 972/1000 (97%)  pos=88995  W/D/B=426/189/357  (43%/19%/36%)  d4/d7  4.6 games/s (avg 0.4)  871.1K nps  ETA 00:01:14
[2026-03-28T08:04:37.253] [INFO] [selfplay:0] [SelfPlay] 973/1000 (97%)  pos=89070  W/D/B=426/189/358  (43%/19%/36%)  d4/d7  4.1 games/s (avg 0.4)  871.7K nps  ETA 00:01:07
[2026-03-28T08:04:37.576] [INFO] [selfplay:0] [SelfPlay] 974/1000 (97%)  pos=89113  W/D/B=426/190/358  (43%/19%/36%)  d4/d7  3.8 games/s (avg 0.4)  872.1K nps  ETA 00:01:09
[2026-03-28T08:04:39.499] [INFO] [selfplay:0] [SelfPlay] 975/1000 (97%)  pos=89224  W/D/B=426/190/359  (43%/19%/36%)  d4/d7  3.7 games/s (avg 0.4)  873.6K nps  ETA 00:01:05
[2026-03-28T08:04:41.025] [INFO] [selfplay:0] [SelfPlay] 976/1000 (97%)  pos=89303  W/D/B=427/190/359  (43%/19%/36%)  d4/d7  3.2 games/s (avg 0.4)  873.2K nps  ETA 00:01:03
[2026-03-28T08:04:41.882] [INFO] [selfplay:0] [SelfPlay] 977/1000 (97%)  pos=89400  W/D/B=428/190/359  (43%/19%/36%)  d4/d7  2.9 games/s (avg 0.4)  873.1K nps  ETA 00:01:00
[2026-03-28T08:04:42.474] [INFO] [selfplay:0] [SelfPlay] 978/1000 (97%)  pos=89498  W/D/B=429/190/359  (43%/19%/36%)  d4/d7  2.6 games/s (avg 0.4)  873.6K nps  ETA 00:00:59
[2026-03-28T08:04:46.324] [INFO] [selfplay:0] [SelfPlay] 979/1000 (97%)  pos=89613  W/D/B=430/190/359  (43%/19%/36%)  d4/d7  2.5 games/s (avg 0.4)  874.6K nps  ETA 00:00:52
[2026-03-28T08:04:49.955] [INFO] [selfplay:0] [SelfPlay] 980/1000 (98%)  pos=89660  W/D/B=431/190/359  (43%/19%/36%)  d4/d7  2.1 games/s (avg 0.4)  873.5K nps  ETA 00:00:49
[2026-03-28T08:04:52.485] [INFO] [selfplay:0] [SelfPlay] 981/1000 (98%)  pos=89693  W/D/B=432/190/359  (44%/19%/36%)  d4/d7  1.9 games/s (avg 0.4)  872.2K nps  ETA 00:00:48
[2026-03-28T08:04:53.379] [INFO] [selfplay:0] [SelfPlay] 982/1000 (98%)  pos=89786  W/D/B=433/190/359  (44%/19%/36%)  d4/d7  1.6 games/s (avg 0.4)  871.8K nps  ETA 00:00:48
[2026-03-28T08:04:53.926] [INFO] [selfplay:0] [SelfPlay] 983/1000 (98%)  pos=89806  W/D/B=434/190/359  (44%/19%/36%)  d4/d7  1.6 games/s (avg 0.4)  871.6K nps  ETA 00:00:44
[2026-03-28T08:04:55.528] [INFO] [selfplay:0] [SelfPlay] 984/1000 (98%)  pos=89839  W/D/B=435/190/359  (44%/19%/36%)  d4/d7  1.6 games/s (avg 0.4)  872.0K nps  ETA 00:00:40
[2026-03-28T08:05:02.170] [INFO] [selfplay:0] [SelfPlay] 985/1000 (98%)  pos=89875  W/D/B=435/191/359  (44%/19%/36%)  d4/d7  1.5 games/s (avg 0.4)  871.7K nps  ETA 00:00:34
[2026-03-28T08:05:04.899] [INFO] [selfplay:0] [SelfPlay] 986/1000 (98%)  pos=89973  W/D/B=435/191/360  (44%/19%/36%)  d4/d7  1.3 games/s (avg 0.4)  869.3K nps  ETA 00:00:34
[2026-03-28T08:05:10.352] [INFO] [selfplay:0] [SelfPlay] 987/1000 (98%)  pos=90046  W/D/B=436/191/360  (44%/19%/36%)  d4/d7  1.1 games/s (avg 0.4)  869.6K nps  ETA 00:00:29
[2026-03-28T08:05:18.154] [INFO] [selfplay:0] [SelfPlay] 988/1000 (98%)  pos=90121  W/D/B=436/191/361  (44%/19%/36%)  d4/d7  1.0 games/s (avg 0.4)  867.4K nps  ETA 00:00:24
[2026-03-28T08:05:18.731] [INFO] [selfplay:0] [SelfPlay] 989/1000 (98%)  pos=90181  W/D/B=437/191/361  (44%/19%/36%)  d4/d7  0.9 games/s (avg 0.4)  864.5K nps  ETA 00:00:31
[2026-03-28T08:05:19.051] [INFO] [selfplay:0] [SelfPlay] 990/1000 (99%)  pos=90231  W/D/B=438/191/361  (44%/19%/36%)  d4/d7  1.0 games/s (avg 0.4)  864.9K nps  ETA 00:00:32
[2026-03-28T08:05:19.166] [INFO] [selfplay:0] [SelfPlay] 991/1000 (99%)  pos=90313  W/D/B=438/191/362  (44%/19%/36%)  d4/d7  1.3 games/s (avg 0.4)  865.9K nps  ETA 00:00:32
[2026-03-28T08:05:28.229] [INFO] [selfplay:0] [SelfPlay] 992/1000 (99%)  pos=90451  W/D/B=438/191/363  (44%/19%/36%)  d4/d7  2.4 games/s (avg 0.4)  866.9K nps  ETA 00:00:23
[2026-03-28T08:05:30.863] [INFO] [selfplay:0] [SelfPlay] 993/1000 (99%)  pos=90517  W/D/B=438/191/364  (44%/19%/36%)  d4/d7  2.2 games/s (avg 0.4)  867.5K nps  ETA 00:00:29
[2026-03-28T08:05:31.045] [INFO] [selfplay:0] [SelfPlay] 994/1000 (99%)  pos=90626  W/D/B=438/191/365  (44%/19%/36%)  d4/d7  2.0 games/s (avg 0.4)  867.4K nps  ETA 00:00:32
[2026-03-28T08:05:38.244] [INFO] [selfplay:0] [SelfPlay] 995/1000 (99%)  pos=90723  W/D/B=438/191/366  (44%/19%/36%)  d4/d7  2.5 games/s (avg 0.4)  868.3K nps  ETA 00:00:25
[2026-03-28T08:05:38.900] [INFO] [selfplay:0] [SelfPlay] 996/1000 (99%)  pos=90854  W/D/B=439/191/366  (44%/19%/36%)  d4/d7  2.3 games/s (avg 0.4)  869.8K nps  ETA 00:00:31
[2026-03-28T08:05:42.428] [INFO] [selfplay:0] [SelfPlay] 997/1000 (99%)  pos=90911  W/D/B=440/191/366  (44%/19%/36%)  d4/d7  2.2 games/s (avg 0.4)  870.9K nps  ETA 00:00:29
[2026-03-28T08:05:44.728] [INFO] [selfplay:0] [SelfPlay] 998/1000 (99%)  pos=91002  W/D/B=441/191/366  (44%/19%/36%)  d4/d7  1.9 games/s (avg 0.4)  870.3K nps  ETA 00:00:29
[2026-03-28T08:05:56.843] [INFO] [selfplay:0] [SelfPlay] 999/1000 (99%)  pos=91157  W/D/B=442/191/366  (44%/19%/36%)  d4/d7  1.7 games/s (avg 0.4)  871.1K nps  ETA 00:00:20
[2026-03-28T08:05:57.476] [INFO] [selfplay:0] [SelfPlay] 1000/1000 (100%)  pos=91241  W/D/B=443/191/366  (44%/19%/36%)  d4/d7  1.6 games/s (avg 0.4)  872.8K nps  ETA 00:00:00
[2026-03-28T08:05:57.498] [INFO] [selfplay:0] [SelfPlay] Done. 91241 positions written to C:\Users\chris\pyproj\my_env\Projects\ChessEngine\x64\Release\assets\selfplay_gen9.bin
[2026-03-28T08:05:57.572] [EVENT] [selfplay:9] PHASE_END success=true elapsed_sec=2704.0
[2026-03-28T08:05:58.196] [INFO] [selfplay:0]   Using Stockfish-labeled data: C:\Users\chris\pyproj\my_env\Projects\ChessEngine\x64\Release\assets\training_data_sf.bin
[2026-03-28T08:05:58.196] [INFO] [selfplay:0]   Self-play current gen (weight 0.0902, base gets 0.75)
[2026-03-28T08:05:58.197] [INFO] [selfplay:0]   Replay buffer: gen 8 (weight 0.0631)
[2026-03-28T08:05:58.197] [INFO] [selfplay:0]   Replay buffer: gen 7 (weight 0.0442)
[2026-03-28T08:05:58.197] [INFO] [selfplay:0]   Replay buffer: gen 6 (weight 0.0309)
[2026-03-28T08:05:58.197] [INFO] [selfplay:0]   Replay buffer: gen 5 (weight 0.0216)
[2026-03-28T08:05:58.198] [EVENT] [training:9] PHASE_START epochs=12 batch=2048 lr=0.0002
[2026-03-28T08:05:58.198] [CMD] [training:0] [CMD] py -3.10 -u "C:\Users\chris\pyproj\my_env\Projects\ChessEngine\x64\Release\train_nnue.py" --data "C:\Users\chris\pyproj\my_env\Projects\ChessEngine\x64\Release\assets\training_data_sf.bin" --extra-data "C:\Users\chris\pyproj\my_env\Projects\ChessEngine\x64\Release\assets\selfplay_gen9.bin" 0.0902 --extra-data "C:\Users\chris\pyproj\my_env\Projects\ChessEngine\x64\Release\assets\selfplay_gen8.bin" 0.0631 --extra-data "C:\Users\chris\pyproj\my_env\Projects\ChessEngine\x64\Release\assets\selfplay_gen7.bin" 0.0442 --extra-data "C:\Users\chris\pyproj\my_env\Projects\ChessEngine\x64\Release\assets\selfplay_gen6.bin" 0.0309 --extra-data "C:\Users\chris\pyproj\my_env\Projects\ChessEngine\x64\Release\assets\selfplay_gen5.bin" 0.0216 --max-positions 200000 --epochs 12 --batch-size 2048 --lr 0.0002 --lr-min 0.00001 --weight-decay 0.0015 --dropout 0.2 --grad-clip 1.0 --grad-accum 4 --warmup-steps 100 --draw-weight 0.3 --mate-boost 10.0 --early-stop 8 --wdl-alpha 0.3 --wdl-draw-elo 50.0 --enhanced --plot --cosine-lr --no-cosine-restarts --swa --swa-start 8 --label-smoothing 0.01 --extra-data "C:\Users\chris\pyproj\my_env\Projects\ChessEngine\x64\Release\assets\training_data_draws.bin" 0.3 --load-weights "C:\Users\chris\pyproj\my_env\Projects\ChessEngine\x64\Release\assets\nnue_weights_gen8.bin" --output "C:\Users\chris\pyproj\my_env\Projects\ChessEngine\x64\Release\assets\nnue_weights.bin"
[2026-03-28T08:06:01.656] [INFO] [training:0] === Enhanced mode v3: warmup=100, grad_accum=4, SWA=ON, label_smooth=0.01, filter_eval=1000.0, eval_soft_cap=800.0, draw_weight=0.3x, wdl_alpha=0.3, wdl_draw_elo=50.0, cosine_decay ===
[2026-03-28T08:06:01.656] [INFO] [training:0] Using device: CPU (optimized)
[2026-03-28T08:06:01.726] [INFO] [training:0]   CPU threads: 16
[2026-03-28T08:06:01.734] [INFO] [training:0]   --max-positions: distributing 200,000 budget across 7 sources by ratio
[2026-03-28T08:06:01.734] [INFO] [training:0]     training_data_sf.bin: 25,194,593 -> 89,999 (ratio 45.0%)
[2026-03-28T08:06:01.734] [INFO] [training:0]     selfplay_gen9.bin: 91,241 -> 18,040 (ratio 9.0%)
[2026-03-28T08:06:01.734] [INFO] [training:0]     selfplay_gen8.bin: 68,276 -> 12,620 (ratio 6.3%)
[2026-03-28T08:06:01.734] [INFO] [training:0]     selfplay_gen7.bin: 68,956 -> 8,840 (ratio 4.4%)
[2026-03-28T08:06:01.734] [INFO] [training:0]     selfplay_gen6.bin: 72,623 -> 6,180 (ratio 3.1%)
[2026-03-28T08:06:01.734] [INFO] [training:0]     selfplay_gen5.bin: 50,027 -> 4,320 (ratio 2.2%)
[2026-03-28T08:06:01.734] [INFO] [training:0]     training_data_draws.bin: 35,143,613 -> 60,000 (ratio 30.0%)
[2026-03-28T08:06:01.734] [INFO] [training:0] Datasets:             7 sources (ratio-based sampling)
[2026-03-28T08:06:01.734] [INFO] [training:0]   - training_data_sf.bin                     ratio=45.0%  pos=89,999
[2026-03-28T08:06:01.734] [INFO] [training:0]   - selfplay_gen9.bin                        ratio=9.0%  pos=18,040
[2026-03-28T08:06:01.734] [INFO] [training:0]   - selfplay_gen8.bin                        ratio=6.3%  pos=12,620
[2026-03-28T08:06:01.734] [INFO] [training:0]   - selfplay_gen7.bin                        ratio=4.4%  pos=8,840
[2026-03-28T08:06:01.735] [INFO] [training:0]   - selfplay_gen6.bin                        ratio=3.1%  pos=6,180
[2026-03-28T08:06:01.735] [INFO] [training:0]   - selfplay_gen5.bin                        ratio=2.2%  pos=4,320
[2026-03-28T08:06:01.735] [INFO] [training:0]   - training_data_draws.bin                  ratio=30.0%  pos=60,000
[2026-03-28T08:06:01.735] [INFO] [training:0]   Total positions: 199,999
[2026-03-28T08:06:01.735] [INFO] [training:0]   Mode: PRELOAD (full dataset fits in RAM)
[2026-03-28T08:06:01.992] [INFO] [training:0] Weights loaded from C:\Users\chris\pyproj\my_env\Projects\ChessEngine\x64\Release\assets\nnue_weights_gen8.bin
[2026-03-28T08:06:01.996] [INFO] [training:0] Loaded existing weights from C:\Users\chris\pyproj\my_env\Projects\ChessEngine\x64\Release\assets\nnue_weights_gen8.bin
[2026-03-28T08:06:03.268] [INFO] [training:0]   Fresh optimizer (--load-weights skips old optimizer state)
[2026-03-28T08:06:03.268] [INFO] [training:0] ============================================================
[2026-03-28T08:06:03.268] [INFO] [training:0] Training Configuration:
[2026-03-28T08:06:03.268] [INFO] [training:0]   Positions:         199,999
[2026-03-28T08:06:03.268] [INFO] [training:0]   Batch size:        2048 (effective: 8192 with grad accum x4)
[2026-03-28T08:06:03.268] [INFO] [training:0]   Epochs:            12
[2026-03-28T08:06:03.268] [INFO] [training:0]   Learning rate:     0.0002
[2026-03-28T08:06:03.268] [INFO] [training:0]   LR schedule:       Cosine Decay (T_max=8, warmup_epochs~4)
[2026-03-28T08:06:03.268] [INFO] [training:0]   LR min:            1e-05
[2026-03-28T08:06:03.268] [INFO] [training:0]   LR warmup:         100 optimizer steps
[2026-03-28T08:06:03.268] [INFO] [training:0]   Lambda (eval/res): 0.5
[2026-03-28T08:06:03.268] [INFO] [training:0]   Eval scale:        400.0
[2026-03-28T08:06:03.268] [INFO] [training:0]   Phase balanced:    True
[2026-03-28T08:06:03.268] [INFO] [training:0]   Early stop:        8 epochs
[2026-03-28T08:06:03.268] [INFO] [training:0]   Weight decay:      0.0015
[2026-03-28T08:06:03.268] [INFO] [training:0]   Dropout:           0.2
[2026-03-28T08:06:03.268] [INFO] [training:0]   Grad accumulation: 4x
[2026-03-28T08:06:03.268] [INFO] [training:0]   Label smoothing:   0.01
[2026-03-28T08:06:03.268] [INFO] [training:0]   SWA:               ON (start epoch 8)
[2026-03-28T08:06:03.268] [INFO] [training:0]   Filter eval max:   1000.0
[2026-03-28T08:06:03.268] [INFO] [training:0]   Eval soft-cap:     800.0
[2026-03-28T08:06:03.269] [INFO] [training:0]   Draw weight:       0.3x
[2026-03-28T08:06:03.269] [INFO] [training:0]   Mate boost:        10.0x
[2026-03-28T08:06:03.269] [INFO] [training:0]   Async prefetch:    N/A (preload mode)
[2026-03-28T08:06:03.269] [INFO] [training:0]   WDL CE loss:       ON (alpha=0.3, lambda=0.5 (from --lam), draw_elo=50.0)
[2026-03-28T08:06:03.269] [INFO] [training:0]   Activation:        SCReLU (squared clipped ReLU)
[2026-03-28T08:06:03.269] [INFO] [training:0]   Architecture:      40960->512->128->64->WDL(3)x3heads
[2026-03-28T08:06:03.269] [INFO] [training:0]   Grad clip norm:    1.0
[2026-03-28T08:06:03.269] [INFO] [training:0]   Streaming:         False
[2026-03-28T08:06:03.269] [INFO] [training:0]   Datasets:          7 sources (ratio-based sampling)
[2026-03-28T08:06:03.269] [INFO] [training:0]     - training_data_sf.bin            ratio=45.0%  pos=89,999
[2026-03-28T08:06:03.269] [INFO] [training:0]     - selfplay_gen9.bin               ratio=9.0%  pos=18,040
[2026-03-28T08:06:03.269] [INFO] [training:0]     - selfplay_gen8.bin               ratio=6.3%  pos=12,620
[2026-03-28T08:06:03.269] [INFO] [training:0]     - selfplay_gen7.bin               ratio=4.4%  pos=8,840
[2026-03-28T08:06:03.269] [INFO] [training:0]     - selfplay_gen6.bin               ratio=3.1%  pos=6,180
[2026-03-28T08:06:03.269] [INFO] [training:0]     - selfplay_gen5.bin               ratio=2.2%  pos=4,320
[2026-03-28T08:06:03.269] [INFO] [training:0]     - training_data_draws.bin         ratio=30.0%  pos=60,000
[2026-03-28T08:06:03.269] [INFO] [training:0] ============================================================
[2026-03-28T08:06:03.269] [INFO] [training:0]   Multi-dataset preload: ratios will be applied during epoch sampling.
[2026-03-28T08:06:03.269] [INFO] [training:0]   Loading 7 datasets sequentially...
[2026-03-28T08:06:03.269] [INFO] [training:0] Loading positions from C:\Users\chris\pyproj\my_env\Projects\ChessEngine\x64\Release\assets\training_data_sf.bin...
[2026-03-28T08:06:03.269] [INFO] [training:0]   Total positions: 25,194,593 — using offset-cache fast path (avoids reading 1201 MB into RAM)
[2026-03-28T08:06:03.269] [INFO] [training:0] Scanning C:\Users\chris\pyproj\my_env\Projects\ChessEngine\x64\Release\assets\training_data_sf.bin for position offsets...
[2026-03-28T08:06:04.127] [INFO] [training:0]   Loaded cached index: 25,194,593 offsets (C:\Users\chris\pyproj\my_env\Projects\ChessEngine\x64\Release\assets\training_data_sf.bin.offidx)
[2026-03-28T08:06:05.549] [INFO] [training:0]   Sampled 89,999 from 25,194,593 positions (reservoir)
[2026-03-28T08:06:11.116] [INFO] [training:0]     Parsed 50,000/89,999 positions (16524 pos/s,
[2026-03-28T08:06:11.116] [INFO] [training:0]   Parsed 89,999 positions in 5.6s (16,204 pos/s)
[2026-03-28T08:06:11.116] [INFO] [training:0]   Vectorized HalfKAv2 conversion (89,999 positions)...
[2026-03-28T08:06:11.486] [INFO] [training:0]   HalfKAv2 conversion: 0.4s (243,563 pos/s)
[2026-03-28T08:06:11.503] [INFO] [training:0]   Converting to tensors...
[2026-03-28T08:06:11.503] [INFO] [training:0] Phase distribution: Opening=25,671, Middlegame=28,468, Endgame=31,941
[2026-03-28T08:06:11.504] [INFO] [training:0]   [training_data_sf.bin] loaded: 86,080 positions
[2026-03-28T08:06:11.576] [INFO] [training:0] Loading positions from C:\Users\chris\pyproj\my_env\Projects\ChessEngine\x64\Release\assets\selfplay_gen9.bin...
[2026-03-28T08:06:11.576] [INFO] [training:0]   Total positions: 91,241 — using offset-cache fast path (avoids reading 4 MB into RAM)
[2026-03-28T08:06:11.576] [INFO] [training:0] Scanning C:\Users\chris\pyproj\my_env\Projects\ChessEngine\x64\Release\assets\selfplay_gen9.bin for position offsets...
[2026-03-28T08:06:11.587] [INFO] [training:0]   Cache stale or corrupt, rebuilding...
[2026-03-28T08:06:11.587] [INFO] [training:0]   Building offset index (first time, may take several minutes)...
[2026-03-28T08:06:11.587] [INFO] [training:0]   Total positions: 91,241 (header: versioned)
[2026-03-28T08:06:11.640] [INFO] [training:0]   Scan complete: 91,241 positions indexed.[K
[2026-03-28T08:06:11.644] [INFO] [training:0]   Saved offset cache: 0.7 MB (C:\Users\chris\pyproj\my_env\Projects\ChessEngine\x64\Release\assets\selfplay_gen9.bin.offidx)
[2026-03-28T08:06:11.647] [INFO] [training:0]   Sampled 18,040 from 91,241 positions (reservoir)
[2026-03-28T08:06:11.696] [INFO] [training:0]   Parsed 18,040 positions in 0.0s (371,456 pos/s)
[2026-03-28T08:06:11.696] [INFO] [training:0]   Vectorized HalfKAv2 conversion (18,040 positions)...
[2026-03-28T08:06:11.820] [INFO] [training:0]   HalfKAv2 conversion: 0.1s (145,698 pos/s)
[2026-03-28T08:06:11.823] [INFO] [training:0]   Converting to tensors...
[2026-03-28T08:06:11.823] [INFO] [training:0] Phase distribution: Opening=2,259, Middlegame=8,111, Endgame=7,160
[2026-03-28T08:06:11.823] [INFO] [training:0]   [selfplay_gen9.bin] loaded: 17,530 positions
[2026-03-28T08:06:11.892] [INFO] [training:0] Loading positions from C:\Users\chris\pyproj\my_env\Projects\ChessEngine\x64\Release\assets\selfplay_gen8.bin...
[2026-03-28T08:06:11.892] [INFO] [training:0]   Total positions: 68,276 — using offset-cache fast path (avoids reading 3 MB into RAM)
[2026-03-28T08:06:11.892] [INFO] [training:0] Scanning C:\Users\chris\pyproj\my_env\Projects\ChessEngine\x64\Release\assets\selfplay_gen8.bin for position offsets...
[2026-03-28T08:06:11.898] [INFO] [training:0]   Loaded cached index: 68,276 offsets (C:\Users\chris\pyproj\my_env\Projects\ChessEngine\x64\Release\assets\selfplay_gen8.bin.offidx)
[2026-03-28T08:06:11.900] [INFO] [training:0]   Sampled 12,620 from 68,276 positions (reservoir)
[2026-03-28T08:06:11.960] [INFO] [training:0]   Parsed 12,620 positions in 0.1s (214,080 pos/s)
[2026-03-28T08:06:11.960] [INFO] [training:0]   Vectorized HalfKAv2 conversion (12,620 positions)...
[2026-03-28T08:06:12.054] [INFO] [training:0]   HalfKAv2 conversion: 0.1s (133,330 pos/s)
[2026-03-28T08:06:12.056] [INFO] [training:0]   Converting to tensors...
[2026-03-28T08:06:12.056] [INFO] [training:0] Phase distribution: Opening=1,454, Middlegame=5,671, Endgame=5,143
[2026-03-28T08:06:12.056] [INFO] [training:0]   [selfplay_gen8.bin] loaded: 12,268 positions
[2026-03-28T08:06:12.141] [INFO] [training:0] Loading positions from C:\Users\chris\pyproj\my_env\Projects\ChessEngine\x64\Release\assets\selfplay_gen7.bin...
[2026-03-28T08:06:12.141] [INFO] [training:0]   Total positions: 68,956 — using offset-cache fast path (avoids reading 3 MB into RAM)
[2026-03-28T08:06:12.141] [INFO] [training:0] Scanning C:\Users\chris\pyproj\my_env\Projects\ChessEngine\x64\Release\assets\selfplay_gen7.bin for position offsets...
[2026-03-28T08:06:12.144] [INFO] [training:0]   Loaded cached index: 68,956 offsets (C:\Users\chris\pyproj\my_env\Projects\ChessEngine\x64\Release\assets\selfplay_gen7.bin.offidx)
[2026-03-28T08:06:12.145] [INFO] [training:0]   Sampled 8,840 from 68,956 positions (reservoir)
[2026-03-28T08:06:12.176] [INFO] [training:0]   Parsed 8,840 positions in 0.0s (292,778 pos/s)
[2026-03-28T08:06:12.176] [INFO] [training:0]   Vectorized HalfKAv2 conversion (8,840 positions)...
[2026-03-28T08:06:12.274] [INFO] [training:0]   HalfKAv2 conversion: 0.1s (90,287 pos/s)
[2026-03-28T08:06:12.275] [INFO] [training:0]   Converting to tensors...
[2026-03-28T08:06:12.275] [INFO] [training:0] Phase distribution: Opening=1,039, Middlegame=4,057, Endgame=3,449
[2026-03-28T08:06:12.275] [INFO] [training:0]   [selfplay_gen7.bin] loaded: 8,545 positions
[2026-03-28T08:06:12.365] [INFO] [training:0] Loading positions from C:\Users\chris\pyproj\my_env\Projects\ChessEngine\x64\Release\assets\selfplay_gen6.bin...
[2026-03-28T08:06:12.365] [INFO] [training:0]   Total positions: 72,623 — using offset-cache fast path (avoids reading 3 MB into RAM)
[2026-03-28T08:06:12.365] [INFO] [training:0] Scanning C:\Users\chris\pyproj\my_env\Projects\ChessEngine\x64\Release\assets\selfplay_gen6.bin for position offsets...
[2026-03-28T08:06:12.369] [INFO] [training:0]   Loaded cached index: 72,623 offsets (C:\Users\chris\pyproj\my_env\Projects\ChessEngine\x64\Release\assets\selfplay_gen6.bin.offidx)
[2026-03-28T08:06:12.370] [INFO] [training:0]   Sampled 6,180 from 72,623 positions (reservoir)
[2026-03-28T08:06:12.404] [INFO] [training:0]   Parsed 6,180 positions in 0.0s (181,663 pos/s)
[2026-03-28T08:06:12.404] [INFO] [training:0]   Vectorized HalfKAv2 conversion (6,180 positions)...
[2026-03-28T08:06:12.485] [INFO] [training:0]   HalfKAv2 conversion: 0.1s (76,645 pos/s)
[2026-03-28T08:06:12.486] [INFO] [training:0]   Converting to tensors...
[2026-03-28T08:06:12.486] [INFO] [training:0] Phase distribution: Opening=719, Middlegame=2,465, Endgame=2,811
[2026-03-28T08:06:12.486] [INFO] [training:0]   [selfplay_gen6.bin] loaded: 5,995 positions
[2026-03-28T08:06:12.557] [INFO] [training:0] Loading positions from C:\Users\chris\pyproj\my_env\Projects\ChessEngine\x64\Release\assets\selfplay_gen5.bin...
[2026-03-28T08:06:12.557] [INFO] [training:0]   Total positions: 50,027 — using offset-cache fast path (avoids reading 2 MB into RAM)
[2026-03-28T08:06:12.557] [INFO] [training:0] Scanning C:\Users\chris\pyproj\my_env\Projects\ChessEngine\x64\Release\assets\selfplay_gen5.bin for position offsets...
[2026-03-28T08:06:12.560] [INFO] [training:0]   Loaded cached index: 50,027 offsets (C:\Users\chris\pyproj\my_env\Projects\ChessEngine\x64\Release\assets\selfplay_gen5.bin.offidx)
[2026-03-28T08:06:12.562] [INFO] [training:0]   Sampled 4,320 from 50,027 positions (reservoir)
[2026-03-28T08:06:12.587] [INFO] [training:0]   Parsed 4,320 positions in 0.0s (178,434 pos/s)
[2026-03-28T08:06:12.587] [INFO] [training:0]   Vectorized HalfKAv2 conversion (4,320 positions)...
[2026-03-28T08:06:12.665] [INFO] [training:0]   HalfKAv2 conversion: 0.1s (54,685 pos/s)
[2026-03-28T08:06:12.666] [INFO] [training:0]   Converting to tensors...
[2026-03-28T08:06:12.666] [INFO] [training:0] Phase distribution: Opening=462, Middlegame=1,779, Endgame=1,938
[2026-03-28T08:06:12.667] [INFO] [training:0]   [selfplay_gen5.bin] loaded: 4,179 positions
[2026-03-28T08:06:12.737] [INFO] [training:0] Loading positions from C:\Users\chris\pyproj\my_env\Projects\ChessEngine\x64\Release\assets\training_data_draws.bin...
[2026-03-28T08:06:12.737] [INFO] [training:0]   Total positions: 35,143,613 — using offset-cache fast path (avoids reading 1675 MB into RAM)
[2026-03-28T08:06:12.737] [INFO] [training:0] Scanning C:\Users\chris\pyproj\my_env\Projects\ChessEngine\x64\Release\assets\training_data_draws.bin for position offsets...
[2026-03-28T08:06:14.043] [INFO] [training:0]   Loaded cached index: 35,143,613 offsets (C:\Users\chris\pyproj\my_env\Projects\ChessEngine\x64\Release\assets\training_data_draws.bin.offidx)
[2026-03-28T08:06:16.519] [INFO] [training:0]   Sampled 60,000 from 35,143,613 positions (reservoir)
[2026-03-28T08:06:23.800] [INFO] [training:0]     Parsed 50,000/60,000 positions (8681 pos/s,
[2026-03-28T08:06:23.800] [INFO] [training:0]   Parsed 60,000 positions in 7.3s (8,272 pos/s)
[2026-03-28T08:06:23.801] [INFO] [training:0]   Vectorized HalfKAv2 conversion (60,000 positions)...
[2026-03-28T08:06:24.060] [INFO] [training:0]   HalfKAv2 conversion: 0.3s (231,879 pos/s)
[2026-03-28T08:06:24.060] [INFO] [training:0]   Converting to tensors...
[2026-03-28T08:06:24.060] [INFO] [training:0] Phase distribution: Opening=19,654, Middlegame=16,727, Endgame=23,619
[2026-03-28T08:06:24.060] [INFO] [training:0]   [training_data_draws.bin] loaded: 60,000 positions
[2026-03-28T08:06:24.195] [INFO] [training:0]   Train positions: 175,138
[2026-03-28T08:06:24.195] [INFO] [training:0]   Val positions:   19,459
[2026-03-28T08:06:24.348] [INFO] [training:0]   Phase-balanced samples: 205,242 (from 175,138 train)
[2026-03-28T08:08:24.725] [INFO] [training:0]   Ep 1 | Batch 86/86 (100%) | Loss: 0.181831
[2026-03-28T08:08:38.831] [INFO] [training:0] ----------------------------------------------------------------------
[2026-03-28T08:08:38.831] [INFO] [training:0]   Epoch    1/12 | Train: 0.181831 (rebalanced) | Val: 0.335864 * | LR: 0.000042 | Acc: 0.6109
[2026-03-28T08:08:38.831] [METRIC] [training:9] EPOCH epoch=1 train_loss=0.18183100 val_loss=0.33586400 lr=4.200000e-05 acc=0.6109
[2026-03-28T08:08:38.832] [INFO] [training:0]   Time: 2m00s | Elapsed: 2m00s | 1,461 pos/s
[2026-03-28T08:08:38.832] [INFO] [training:0]   Phase loss -> Opening: 0.349554  Middlegame: 0.332950  Endgame: 0.329227
[2026-03-28T08:08:40.277] [INFO] [training:0] Weights saved to C:\Users\chris\pyproj\my_env\Projects\ChessEngine\x64\Release\assets\nnue_weights.bin
[2026-03-28T08:08:42.773] [INFO] [training:0] Checkpoint saved to C:\Users\chris\pyproj\my_env\Projects\ChessEngine\x64\Release\assets\nnue_weights_checkpoint.pt
[2026-03-28T08:10:44.380] [INFO] [training:0]   Ep 2 | Batch 86/86 (100%) | Loss: 0.179778
[2026-03-28T08:10:58.347] [INFO] [training:0] ----------------------------------------------------------------------
[2026-03-28T08:10:58.347] [INFO] [training:0]   Epoch    2/12 | Train: 0.179778 (rebalanced) | Val: 0.335396 * | LR: 0.000086 | Acc: 0.6131
[2026-03-28T08:10:58.347] [METRIC] [training:9] EPOCH epoch=2 train_loss=0.17977800 val_loss=0.33539600 lr=8.600000e-05 acc=0.6131
[2026-03-28T08:10:58.347] [INFO] [training:0]   Time: 2m01s | Elapsed: 4m20s | 1,446 pos/s
[2026-03-28T08:10:58.347] [INFO] [training:0]   Phase loss -> Opening: 0.348504  Middlegame: 0.331971  Endgame: 0.329596
[2026-03-28T08:10:59.741] [INFO] [training:0] Weights saved to C:\Users\chris\pyproj\my_env\Projects\ChessEngine\x64\Release\assets\nnue_weights.bin
[2026-03-28T08:11:01.495] [INFO] [training:0] Checkpoint saved to C:\Users\chris\pyproj\my_env\Projects\ChessEngine\x64\Release\assets\nnue_weights_checkpoint.pt
[2026-03-28T08:12:55.424] [INFO] [training:0]   Ep 3 | Batch 86/86 (100%) | Loss: 0.176962
[2026-03-28T08:13:08.459] [INFO] [training:0] ----------------------------------------------------------------------
[2026-03-28T08:13:08.459] [INFO] [training:0]   Epoch    3/12 | Train: 0.176962 (rebalanced) | Val: 0.334966 * | LR: 0.000130 | Acc: 0.6105
[2026-03-28T08:13:08.459] [METRIC] [training:9] EPOCH epoch=3 train_loss=0.17696200 val_loss=0.33496600 lr=1.300000e-04 acc=0.6105
[2026-03-28T08:13:08.459] [INFO] [training:0]   Time: 1m54s | Elapsed: 6m31s | 1,544 pos/s
[2026-03-28T08:13:08.459] [INFO] [training:0]   Phase loss -> Opening: 0.347626  Middlegame: 0.331162  Endgame: 0.329796
[2026-03-28T08:13:09.716] [INFO] [training:0] Weights saved to C:\Users\chris\pyproj\my_env\Projects\ChessEngine\x64\Release\assets\nnue_weights.bin
[2026-03-28T08:13:11.527] [INFO] [training:0] Checkpoint saved to C:\Users\chris\pyproj\my_env\Projects\ChessEngine\x64\Release\assets\nnue_weights_checkpoint.pt
[2026-03-28T08:15:05.373] [INFO] [training:0]   Ep 4 | Batch 86/86 (100%) | Loss: 0.173789
[2026-03-28T08:15:18.030] [INFO] [training:0] ----------------------------------------------------------------------
[2026-03-28T08:15:18.030] [INFO] [training:0]   Epoch    4/12 | Train: 0.173789 (rebalanced) | Val: 0.334934 * | LR: 0.000174 | Acc: 0.6004
[2026-03-28T08:15:18.030] [METRIC] [training:9] EPOCH epoch=4 train_loss=0.17378900 val_loss=0.33493400 lr=1.740000e-04 acc=0.6004
[2026-03-28T08:15:18.030] [INFO] [training:0]   Time: 1m54s | Elapsed: 8m41s | 1,545 pos/s
[2026-03-28T08:15:18.030] [INFO] [training:0]   Phase loss -> Opening: 0.348969  Middlegame: 0.331408  Endgame: 0.328600
[2026-03-28T08:17:09.432] [INFO] [training:0]   Ep 5 | Batch 86/86 (100%) | Loss: 0.171107
[2026-03-28T08:17:21.890] [INFO] [training:0] ----------------------------------------------------------------------
[2026-03-28T08:17:21.890] [INFO] [training:0]   Epoch    5/12 | Train: 0.171107 (rebalanced) | Val: 0.333974 * | LR: 0.000193 | Acc: 0.6052
[2026-03-28T08:17:21.890] [METRIC] [training:9] EPOCH epoch=5 train_loss=0.17110700 val_loss=0.33397400 lr=1.930000e-04 acc=0.6052
[2026-03-28T08:17:21.890] [INFO] [training:0]   Time: 1m51s | Elapsed: 10m45s | 1,579 pos/s
[2026-03-28T08:17:21.890] [INFO] [training:0]   Phase loss -> Opening: 0.348032  Middlegame: 0.330787  Endgame: 0.327328
[2026-03-28T08:17:21.890] [INFO] [training:0]   No improvement for 1/8 epochs
[2026-03-28T08:17:23.057] [INFO] [training:0] Weights saved to C:\Users\chris\pyproj\my_env\Projects\ChessEngine\x64\Release\assets\nnue_weights.bin
[2026-03-28T08:17:24.956] [INFO] [training:0] Checkpoint saved to C:\Users\chris\pyproj\my_env\Projects\ChessEngine\x64\Release\assets\nnue_weights_checkpoint.pt
[2026-03-28T08:19:17.183] [INFO] [training:0]   Ep 6 | Batch 86/86 (100%) | Loss: 0.168354
[2026-03-28T08:19:30.217] [INFO] [training:0] ----------------------------------------------------------------------
[2026-03-28T08:19:30.217] [INFO] [training:0]   Epoch    6/12 | Train: 0.168354 (rebalanced) | Val: 0.334478 | LR: 0.000172 | Acc: 0.6043
[2026-03-28T08:19:30.217] [METRIC] [training:9] EPOCH epoch=6 train_loss=0.16835400 val_loss=0.33447800 lr=1.720000e-04 acc=0.6043
[2026-03-28T08:19:30.217] [INFO] [training:0]   Time: 1m52s | Elapsed: 12m53s | 1,567 pos/s
[2026-03-28T08:19:30.217] [INFO] [training:0]   Phase loss -> Opening: 0.348357  Middlegame: 0.331308  Endgame: 0.327938
[2026-03-28T08:21:22.821] [INFO] [training:0]   Ep 7 | Batch 86/86 (100%) | Loss: 0.165981
[2026-03-28T08:21:35.834] [INFO] [training:0] ----------------------------------------------------------------------
[2026-03-28T08:21:35.834] [INFO] [training:0]   Epoch    7/12 | Train: 0.165981 (rebalanced) | Val: 0.335068 | LR: 0.000141 | Acc: 0.6047
[2026-03-28T08:21:35.834] [METRIC] [training:9] EPOCH epoch=7 train_loss=0.16598100 val_loss=0.33506800 lr=1.410000e-04 acc=0.6047
[2026-03-28T08:21:35.834] [INFO] [training:0]   Time: 1m52s | Elapsed: 14m58s | 1,562 pos/s
[2026-03-28T08:21:35.834] [INFO] [training:0]   Phase loss -> Opening: 0.349052  Middlegame: 0.332077  Endgame: 0.328301
[2026-03-28T08:21:35.834] [INFO] [training:0]   No improvement for 1/8 epochs
[2026-03-28T08:23:28.436] [INFO] [training:0]   Ep 8 | Batch 86/86 (100%) | Loss: 0.164133
[2026-03-28T08:23:40.863] [INFO] [training:0] ----------------------------------------------------------------------
[2026-03-28T08:23:40.863] [INFO] [training:0]   Epoch    8/12 | Train: 0.164133 (rebalanced) | Val: 0.335254 | LR: 0.000105 | Acc: 0.6040
[2026-03-28T08:23:40.863] [METRIC] [training:9] EPOCH epoch=8 train_loss=0.16413300 val_loss=0.33525400 lr=1.050000e-04 acc=0.6040
[2026-03-28T08:23:40.863] [INFO] [training:0]   Time: 1m52s | Elapsed: 17m04s | 1,562 pos/s [SWA]
[2026-03-28T08:23:40.863] [INFO] [training:0]   Phase loss -> Opening: 0.349178  Middlegame: 0.332101  Endgame: 0.328669
[2026-03-28T08:23:40.863] [INFO] [training:0]   No improvement for 2/8 epochs
[2026-03-28T08:25:33.543] [INFO] [training:0]   Ep 9 | Batch 86/86 (100%) | Loss: 0.162591
[2026-03-28T08:25:46.185] [INFO] [training:0] ----------------------------------------------------------------------
[2026-03-28T08:25:46.185] [INFO] [training:0]   Epoch    9/12 | Train: 0.162591 (rebalanced) | Val: 0.334906 | LR: 0.000069 | Acc: 0.6094
[2026-03-28T08:25:46.185] [METRIC] [training:9] EPOCH epoch=9 train_loss=0.16259100 val_loss=0.33490600 lr=6.900000e-05 acc=0.6094
[2026-03-28T08:25:46.185] [INFO] [training:0]   Time: 1m52s | Elapsed: 19m09s | 1,561 pos/s [SWA]
[2026-03-28T08:25:46.185] [INFO] [training:0]   Phase loss -> Opening: 0.348798  Middlegame: 0.331645  Endgame: 0.328435
[2026-03-28T08:25:46.185] [INFO] [training:0]   No improvement for 3/8 epochs
[2026-03-28T08:27:39.619] [INFO] [training:0]   Ep 10 | Batch 86/86 (100%) | Loss: 0.161811
[2026-03-28T08:27:52.681] [INFO] [training:0] ----------------------------------------------------------------------
[2026-03-28T08:27:52.681] [INFO] [training:0]   Epoch   10/12 | Train: 0.161811 (rebalanced) | Val: 0.335373 | LR: 0.000038 | Acc: 0.6101
[2026-03-28T08:27:52.681] [METRIC] [training:9] EPOCH epoch=10 train_loss=0.16181100 val_loss=0.33537300 lr=3.800000e-05 acc=0.6101
[2026-03-28T08:27:52.681] [INFO] [training:0]   Time: 1m53s | Elapsed: 21m15s | 1,551 pos/s [SWA]
[2026-03-28T08:27:52.681] [INFO] [training:0]   Phase loss -> Opening: 0.349281  Middlegame: 0.332362  Endgame: 0.328673
[2026-03-28T08:27:52.681] [INFO] [training:0]   No improvement for 4/8 epochs
[2026-03-28T08:27:54.069] [INFO] [training:0] Progress graph saved to .\training progress\training_progress.png
[2026-03-28T08:27:55.139] [INFO] [training:0] Weights saved to C:\Users\chris\pyproj\my_env\Projects\ChessEngine\x64\Release\assets\nnue_weights_checkpoint.bin
[2026-03-28T08:27:56.997] [INFO] [training:0] Checkpoint saved to C:\Users\chris\pyproj\my_env\Projects\ChessEngine\x64\Release\assets\nnue_weights_checkpoint.pt
[2026-03-28T08:29:50.940] [INFO] [training:0]   Ep 11 | Batch 86/86 (100%) | Loss: 0.161311
[2026-03-28T08:30:03.591] [INFO] [training:0] ----------------------------------------------------------------------
[2026-03-28T08:30:03.591] [INFO] [training:0]   Epoch   11/12 | Train: 0.161311 (rebalanced) | Val: 0.334780 | LR: 0.000017 | Acc: 0.6146
[2026-03-28T08:30:03.592] [METRIC] [training:9] EPOCH epoch=11 train_loss=0.16131100 val_loss=0.33478000 lr=1.700000e-05 acc=0.6146
[2026-03-28T08:30:03.592] [INFO] [training:0]   Time: 1m54s | Elapsed: 23m26s | 1,544 pos/s [SWA]
[2026-03-28T08:30:03.592] [INFO] [training:0]   Phase loss -> Opening: 0.348749  Middlegame: 0.331541  Endgame: 0.328239
[2026-03-28T08:30:03.592] [INFO] [training:0]   No improvement for 5/8 epochs
[2026-03-28T08:31:56.860] [INFO] [training:0]   Ep 12 | Batch 86/86 (100%) | Loss: 0.160909
[2026-03-28T08:32:09.532] [INFO] [training:0] ----------------------------------------------------------------------
[2026-03-28T08:32:09.532] [INFO] [training:0]   Epoch   12/12 | Train: 0.160909 (rebalanced) | Val: 0.334771 | LR: 0.000010 | Acc: 0.6139
[2026-03-28T08:32:09.532] [METRIC] [training:9] EPOCH epoch=12 train_loss=0.16090900 val_loss=0.33477100 lr=1.000000e-05 acc=0.6139
[2026-03-28T08:32:09.532] [INFO] [training:0]   Time: 1m53s | Elapsed: 25m32s | 1,553 pos/s [SWA]
[2026-03-28T08:32:09.532] [INFO] [training:0]   Phase loss -> Opening: 0.348890  Middlegame: 0.331477  Endgame: 0.328177
[2026-03-28T08:32:09.532] [INFO] [training:0]   No improvement for 6/8 epochs
[2026-03-28T08:32:09.533] [INFO] [training:0] Applying SWA averaged weights (5 snapshots)...
[2026-03-28T08:32:09.561] [INFO] [training:0]   SWA: Applied averaged weights (5 snapshots)
[2026-03-28T08:32:10.774] [INFO] [training:0] Weights saved to C:\Users\chris\pyproj\my_env\Projects\ChessEngine\x64\Release\assets\nnue_weights_swa.bin
[2026-03-28T08:32:10.774] [INFO] [training:0]   SWA weights saved to C:\Users\chris\pyproj\my_env\Projects\ChessEngine\x64\Release\assets\nnue_weights_swa.bin
[2026-03-28T08:32:10.774] [INFO] [training:0]   Best validation weights remain at C:\Users\chris\pyproj\my_env\Projects\ChessEngine\x64\Release\assets\nnue_weights.bin
[2026-03-28T08:32:10.774] [INFO] [training:0] ============================================================
[2026-03-28T08:32:10.774] [INFO] [training:0] Training complete!
[2026-03-28T08:32:10.774] [INFO] [training:0]   Total time:  25m46s
[2026-03-28T08:32:10.774] [INFO] [training:0]   Best loss:   0.333974
[2026-03-28T08:32:10.774] [INFO] [training:0]   Weights:     C:\Users\chris\pyproj\my_env\Projects\ChessEngine\x64\Release\assets\nnue_weights.bin
[2026-03-28T08:32:10.774] [INFO] [training:0]   SWA applied: Yes (5 snapshots averaged)
[2026-03-28T08:32:10.774] [INFO] [training:0] ============================================================
[2026-03-28T08:32:12.127] [INFO] [training:0] Progress graph saved to .\training progress\training_progress.png
[2026-03-28T08:32:13.071] [EVENT] [training:9] PHASE_END success=true elapsed_sec=1574.0
[2026-03-28T08:32:13.152] [INFO] [training:0]   SWA weights archived to nnue_weights_swa_gen9.bin
[2026-03-28T08:32:13.153] [EVENT] [swa_match:9] PHASE_START games=100
[2026-03-28T08:32:13.153] [INFO] [swa_match:0] [SWA] Running best-of-two: Best-Val vs SWA (100 games)
[2026-03-28T08:32:13.153] [CMD] [swa_match:0] [CMD] py -3 "C:\Users\chris\pyproj\my_env\Projects\ChessEngine\x64\Release\assets\swa_match.py" "C:\Users\chris\pyproj\my_env\Projects\ChessEngine\x64\Release\ChessEngine.exe" "C:\Users\chris\pyproj\my_env\Projects\ChessEngine\x64\Release\assets\nnue_weights_swa_gen9.bin" "C:\Users\chris\pyproj\my_env\Projects\ChessEngine\x64\Release\assets\nnue_weights_gen9.bin" 100 7
[2026-03-28T08:32:25.442] [INFO] [swa_match:0] [SWA] 10/100: +4 =4 -2
[2026-03-28T08:32:38.392] [INFO] [swa_match:0] [SWA] 20/100: +5 =11 -4
[2026-03-28T08:32:51.404] [INFO] [swa_match:0] [SWA] 30/100: +8 =16 -6
[2026-03-28T08:33:03.552] [INFO] [swa_match:0] [SWA] 40/100: +11 =21 -8
[2026-03-28T08:33:15.354] [INFO] [swa_match:0] [SWA] 50/100: +14 =26 -10
[2026-03-28T08:33:26.978] [INFO] [swa_match:0] [SWA] 60/100: +18 =30 -12
[2026-03-28T08:33:39.609] [INFO] [swa_match:0] [SWA] 70/100: +19 =37 -14
[2026-03-28T08:33:52.448] [INFO] [swa_match:0] [SWA] 80/100: +22 =42 -16
[2026-03-28T08:34:04.577] [INFO] [swa_match:0] [SWA] 90/100: +25 =47 -18
[2026-03-28T08:34:16.613] [INFO] [swa_match:0] [SWA] 100/100: +28 =52 -20
[2026-03-28T08:34:16.613] [INFO] [swa_match:0] [SWA] Final: +28 =52 -20 SWA_ELO: 27
[2026-03-28T08:34:16.638] [EVENT] [swa_match:9] PHASE_END success=true elapsed_sec=123.0
[2026-03-28T08:34:16.638] [METRIC] [swa:9] ELO_RESULT elo=+27 wins=0 draws=0 losses=0
[2026-03-28T08:34:16.638] [INFO] [swa_match:0] [SWA] SWA wins by +27 ELO â€” promoting SWA weights for gen 9
[2026-03-28T08:34:16.683] [EVENT] [pipeline:9] GEN_SUMMARY gen=9 train_loss=0.16090900 val_loss=0.33477100 elo=+0 elapsed_sec=0.0
[2026-03-28T08:34:17.847] [INFO] [swa_match:1] --- Generation 10 ---
[2026-03-28T08:34:17.848] [EVENT] [selfplay:10] PHASE_START games=1000 depth=7 workers=12
[2026-03-28T08:34:17.848] [CMD] [selfplay:1] [CMD] "C:\Users\chris\pyproj\my_env\Projects\ChessEngine\x64\Release\ChessEngine.exe" --generate --games 1000 --depth 7 --mixed-depth-ratio 0.200000 --mixed-depth-low 4 --workers 12 --output "C:\Users\chris\pyproj\my_env\Projects\ChessEngine\x64\Release\assets\selfplay_gen10.bin" --weights "C:\Users\chris\pyproj\my_env\Projects\ChessEngine\x64\Release\assets\nnue_weights_gen9.bin" --openings "C:\Users\chris\pyproj\my_env\Projects\ChessEngine\x64\Release\assets\openings.txt" --game-time-limit 480 --resigncp 500 --contempt 20 --maxplies 250 --drawcp 0
[2026-03-28T08:34:18.335] [INFO] [selfplay:1] [SelfPlay] Loaded 2000 opening positions from C:\Users\chris\pyproj\my_env\Projects\ChessEngine\x64\Release\assets\openings.txt
[2026-03-28T08:34:18.335] [INFO] [selfplay:1] [SelfPlay] Starting 1000 games  depth=7  movetime=0ms  workers=12  output=C:\Users\chris\pyproj\my_env\Projects\ChessEngine\x64\Release\assets\selfplay_gen10.bin  openings=2000  contempt=20  openingTemp=1.5  softmaxPlies=8  softmaxTemp=0.5  recordMinPly=10  mixedDepth=4/7 (20%/80%)
[2026-03-28T08:34:20.855] [INFO] [selfplay:1] [SelfPlay] 1/1000 (0%)  pos=77  W/D/B=0/1/0  (0%/100%/0%)  d4/d7  0.4 games/s (avg 0.4)  54.4K nps  ETA 00:41:33       
[2026-03-28T08:34:21.726] [INFO] [selfplay:1] [SelfPlay] 2/1000 (0%)  pos=123  W/D/B=0/2/0  (0%/100%/0%)  d4/d7  6.7 games/s (avg 0.8)  107.4K nps  ETA 00:20:56     
[2026-03-28T08:34:24.765] [INFO] [selfplay:1] [SelfPlay] 3/1000 (0%)  pos=197  W/D/B=0/3/0  (0%/100%/0%)  d4/d7  5.9 games/s (avg 0.9)  130.1K nps  ETA 00:18:43     
[2026-03-28T08:34:25.216] [INFO] [selfplay:1] [SelfPlay] 4/1000 (0%)  pos=338  W/D/B=0/3/1  (0%/75%/25%)  d4/d7  5.4 games/s (avg 0.6)  188.1K nps  ETA 00:26:40     
[2026-03-28T08:34:31.188] [INFO] [selfplay:1] [SelfPlay] 5/1000 (0%)  pos=513  W/D/B=1/3/1  (20%/60%/20%)  d4/d7  4.9 games/s (avg 0.7)  215.6K nps  ETA 00:22:43    
[2026-03-28T08:34:34.394] [INFO] [selfplay:1] [SelfPlay] 6/1000 (0%)  pos=593  W/D/B=2/3/1  (33%/50%/16%)  d4/d7  4.6 games/s (avg 0.5)  286.2K nps  ETA 00:35:25    
[2026-03-28T08:34:48.794] [INFO] [selfplay:1] [SelfPlay] 7/1000 (0%)  pos=629  W/D/B=2/4/1  (28%/57%/14%)  d4/d7  4.2 games/s (avg 0.4)  450.3K nps  ETA 00:37:44    
[2026-03-28T08:34:54.819] [INFO] [selfplay:1] [SelfPlay] 8/1000 (0%)  pos=710  W/D/B=2/4/2  (25%/50%/25%)  d4/d7  3.9 games/s (avg 0.3)  764.4K nps  ETA 01:02:50    
[2026-03-28T08:34:57.230] [INFO] [selfplay:1] [SelfPlay] 9/1000 (0%)  pos=790  W/D/B=2/5/2  (22%/55%/22%)  d4/d7  3.6 games/s (avg 0.2)  1.1M nps  ETA 01:06:55      
[2026-03-28T08:34:58.004] [INFO] [selfplay:1] [SelfPlay] 10/1000 (1%)  pos=851  W/D/B=3/5/2  (30%/50%/20%)  d4/d7  3.1 games/s (avg 0.3)  1.0M nps  ETA 01:04:09     
[2026-03-28T08:34:58.548] [INFO] [selfplay:1] [SelfPlay] 11/1000 (1%)  pos=999  W/D/B=3/6/2  (27%/54%/18%)  d4/d7  2.9 games/s (avg 0.3)  929.1K nps  ETA 00:59:25   
[2026-03-28T08:35:01.866] [INFO] [selfplay:1] [SelfPlay] 12/1000 (1%)  pos=1077  W/D/B=4/6/2  (33%/50%/16%)  d4/d7  2.7 games/s (avg 0.3)  1.1M nps  ETA 00:55:07    
[2026-03-28T08:35:02.064] [INFO] [selfplay:1] [SelfPlay] 13/1000 (1%)  pos=1192  W/D/B=4/6/3  (30%/46%/23%)  d4/d7  2.3 games/s (avg 0.3)  972.0K nps  ETA 00:55:04  
[2026-03-28T08:35:02.230] [INFO] [selfplay:1] [SelfPlay] 14/1000 (1%)  pos=1326  W/D/B=5/6/3  (35%/42%/21%)  d4/d7  2.7 games/s (avg 0.3)  1.1M nps  ETA 00:51:19    
[2026-03-28T08:35:02.314] [INFO] [selfplay:1] [SelfPlay] 15/1000 (1%)  pos=1516  W/D/B=6/6/3  (40%/40%/20%)  d4/d7  3.2 games/s (avg 0.3)  1.3M nps  ETA 00:48:02    
[2026-03-28T08:35:03.543] [INFO] [selfplay:1] [SelfPlay] 16/1000 (1%)  pos=1592  W/D/B=7/6/3  (43%/37%/18%)  d4/d7  4.5 games/s (avg 0.4)  1.3M nps  ETA 00:45:02    
[2026-03-28T08:35:05.438] [INFO] [selfplay:1] [SelfPlay] 17/1000 (1%)  pos=1630  W/D/B=7/7/3  (41%/41%/17%)  d4/d7  4.0 games/s (avg 0.4)  1.2M nps  ETA 00:43:32    
[2026-03-28T08:35:09.723] [INFO] [selfplay:1] [SelfPlay] 18/1000 (1%)  pos=1706  W/D/B=7/7/4  (38%/38%/22%)  d4/d7  3.5 games/s (avg 0.4)  1.1M nps  ETA 00:42:45    
[2026-03-28T08:35:11.425] [INFO] [selfplay:1] [SelfPlay] 19/1000 (1%)  pos=1941  W/D/B=8/7/4  (42%/36%/21%)  d4/d7  3.2 games/s (avg 0.4)  1.3M nps  ETA 00:44:11    
[2026-03-28T08:35:16.054] [INFO] [selfplay:1] [SelfPlay] 20/1000 (2%)  pos=2068  W/D/B=8/7/5  (40%/35%/25%)  d4/d7  2.8 games/s (avg 0.4)  1.3M nps  ETA 00:43:17    
[2026-03-28T08:35:20.343] [INFO] [selfplay:1] [SelfPlay] 21/1000 (2%)  pos=2246  W/D/B=8/7/6  (38%/33%/28%)  d4/d7  2.6 games/s (avg 0.4)  1.3M nps  ETA 00:44:45    
[2026-03-28T08:35:23.115] [INFO] [selfplay:1] [SelfPlay] 22/1000 (2%)  pos=2359  W/D/B=9/7/6  (40%/31%/27%)  d4/d7  2.4 games/s (avg 0.4)  1.4M nps  ETA 00:45:53    
[2026-03-28T08:35:25.906] [INFO] [selfplay:1] [SelfPlay] 23/1000 (2%)  pos=2447  W/D/B=9/7/7  (39%/30%/30%)  d4/d7  2.1 games/s (avg 0.4)  1.2M nps  ETA 00:45:48    
[2026-03-28T08:35:28.765] [INFO] [selfplay:1] [SelfPlay] 24/1000 (2%)  pos=2508  W/D/B=10/7/7  (41%/29%/29%)  d4/d7  1.8 games/s (avg 0.4)  1.2M nps  ETA 00:45:44   
[2026-03-28T08:35:30.761] [INFO] [selfplay:1] [SelfPlay] 25/1000 (2%)  pos=2553  W/D/B=10/8/7  (40%/32%/28%)  d4/d7  1.6 games/s (avg 0.4)  1.1M nps  ETA 00:45:44   
[2026-03-28T08:35:31.414] [INFO] [selfplay:1] [SelfPlay] 26/1000 (2%)  pos=2611  W/D/B=10/8/8  (38%/30%/30%)  d4/d7  1.4 games/s (avg 0.4)  1.0M nps  ETA 00:45:12   
[2026-03-28T08:35:33.329] [INFO] [selfplay:1] [SelfPlay] 27/1000 (2%)  pos=2746  W/D/B=10/8/9  (37%/29%/33%)  d4/d7  1.5 games/s (avg 0.4)  1.1M nps  ETA 00:43:52   
[2026-03-28T08:35:36.962] [INFO] [selfplay:1] [SelfPlay] 28/1000 (2%)  pos=2794  W/D/B=10/8/10  (35%/28%/35%)  d4/d7  1.3 games/s (avg 0.4)  1.1M nps  ETA 00:43:19  
[2026-03-28T08:35:37.922] [INFO] [selfplay:1] [SelfPlay] 29/1000 (2%)  pos=2848  W/D/B=10/8/11  (34%/27%/37%)  d4/d7  1.2 games/s (avg 0.4)  1.0M nps  ETA 00:43:51  
[2026-03-28T08:35:40.565] [INFO] [selfplay:1] [SelfPlay] 30/1000 (3%)  pos=2939  W/D/B=10/8/12  (33%/26%/40%)  d4/d7  1.1 games/s (avg 0.4)  1.0M nps  ETA 00:42:50  
[2026-03-28T08:35:42.042] [INFO] [selfplay:1] [SelfPlay] 31/1000 (3%)  pos=3028  W/D/B=10/9/12  (32%/29%/38%)  d4/d7  1.0 games/s (avg 0.4)  960.8K nps  ETA 00:42:49
[2026-03-28T08:35:49.362] [INFO] [selfplay:1] [SelfPlay] 32/1000 (3%)  pos=3147  W/D/B=10/9/13  (31%/28%/40%)  d4/d7  1.0 games/s (avg 0.4)  972.4K nps  ETA 00:42:04
[2026-03-28T08:35:51.022] [INFO] [selfplay:1] [SelfPlay] 33/1000 (3%)  pos=3222  W/D/B=10/9/14  (30%/27%/42%)  d4/d7  0.9 games/s (avg 0.4)  870.3K nps  ETA 00:44:26
[2026-03-28T08:35:51.950] [INFO] [selfplay:1] [SelfPlay] 34/1000 (3%)  pos=3271  W/D/B=10/9/15  (29%/26%/44%)  d4/d7  0.8 games/s (avg 0.4)  859.2K nps  ETA 00:43:52
[2026-03-28T08:35:53.522] [INFO] [selfplay:1] [SelfPlay] 35/1000 (3%)  pos=3334  W/D/B=10/9/16  (28%/25%/45%)  d4/d7  0.9 games/s (avg 0.4)  886.2K nps  ETA 00:42:59
[2026-03-28T08:35:53.893] [INFO] [selfplay:1] [SelfPlay] 36/1000 (3%)  pos=3415  W/D/B=11/9/16  (30%/25%/44%)  d4/d7  0.8 games/s (avg 0.4)  861.8K nps  ETA 00:42:28
[2026-03-28T08:35:59.203] [INFO] [selfplay:1] [SelfPlay] 37/1000 (3%)  pos=3490  W/D/B=11/9/17  (29%/24%/45%)  d4/d7  1.1 games/s (avg 0.4)  907.9K nps  ETA 00:41:22
[2026-03-28T08:36:01.756] [INFO] [selfplay:1] [SelfPlay] 38/1000 (3%)  pos=3562  W/D/B=11/10/17  (28%/26%/44%)  d4/d7  1.0 games/s (avg 0.4)  838.8K nps  ETA 00:42:30
[2026-03-28T08:36:02.659] [INFO] [selfplay:1] [SelfPlay] 39/1000 (3%)  pos=3802  W/D/B=11/11/17  (28%/28%/43%)  d4/d7  0.9 games/s (avg 0.4)  810.2K nps  ETA 00:42:27
[2026-03-28T08:36:03.418] [INFO] [selfplay:1] [SelfPlay] 40/1000 (4%)  pos=3864  W/D/B=12/11/17  (30%/27%/42%)  d4/d7  0.9 games/s (avg 0.4)  831.0K nps  ETA 00:41:42
[2026-03-28T08:36:09.490] [INFO] [selfplay:1] [SelfPlay] 41/1000 (4%)  pos=4078  W/D/B=13/11/17  (31%/26%/41%)  d4/d7  1.0 games/s (avg 0.4)  877.8K nps  ETA 00:40:51
[2026-03-28T08:36:11.338] [INFO] [selfplay:1] [SelfPlay] 42/1000 (4%)  pos=4145  W/D/B=13/11/18  (30%/26%/42%)  d4/d7  0.9 games/s (avg 0.4)  836.4K nps  ETA 00:42:14
[2026-03-28T08:36:11.382] [INFO] [selfplay:1] [SelfPlay] 43/1000 (4%)  pos=4208  W/D/B=13/11/19  (30%/25%/44%)  d4/d7  0.8 games/s (avg 0.4)  838.8K nps  ETA 00:41:53
[2026-03-28T08:36:15.839] [INFO] [selfplay:1] [SelfPlay] 44/1000 (4%)  pos=4266  W/D/B=14/11/19  (31%/25%/43%)  d4/d7  4.1 games/s (avg 0.4)  869.4K nps  ETA 00:40:52
[2026-03-28T08:36:19.120] [INFO] [selfplay:1] [SelfPlay] 45/1000 (4%)  pos=4401  W/D/B=15/11/19  (33%/24%/42%)  d4/d7  3.8 games/s (avg 0.4)  901.2K nps  ETA 00:41:30
[2026-03-28T08:36:20.207] [INFO] [selfplay:1] [SelfPlay] 46/1000 (4%)  pos=4433  W/D/B=15/11/20  (32%/23%/43%)  d4/d7  3.5 games/s (avg 0.4)  920.3K nps  ETA 00:41:43
[2026-03-28T08:36:22.026] [INFO] [selfplay:1] [SelfPlay] 47/1000 (4%)  pos=4490  W/D/B=16/11/20  (34%/23%/42%)  d4/d7  3.1 games/s (avg 0.4)  925.4K nps  ETA 00:41:09
[2026-03-28T08:36:24.294] [INFO] [selfplay:1] [SelfPlay] 48/1000 (4%)  pos=4526  W/D/B=16/11/21  (33%/22%/43%)  d4/d7  2.7 games/s (avg 0.4)  904.1K nps  ETA 00:40:51
[2026-03-28T08:36:28.310] [INFO] [selfplay:1] [SelfPlay] 49/1000 (4%)  pos=4621  W/D/B=16/11/22  (32%/22%/44%)  d4/d7  2.4 games/s (avg 0.4)  906.7K nps  ETA 00:40:40
[2026-03-28T08:36:29.700] [INFO] [selfplay:1] [SelfPlay] 50/1000 (5%)  pos=4796  W/D/B=16/11/23  (32%/22%/46%)  d4/d7  2.1 games/s (avg 0.4)  863.5K nps  ETA 00:41:07
[2026-03-28T08:36:36.508] [INFO] [selfplay:1] [SelfPlay] 51/1000 (5%)  pos=4856  W/D/B=16/12/23  (31%/23%/45%)  d4/d7  1.9 games/s (avg 0.4)  864.4K nps  ETA 00:40:37
[2026-03-28T08:36:42.466] [INFO] [selfplay:1] [SelfPlay] 52/1000 (5%)  pos=4925  W/D/B=16/13/23  (30%/25%/44%)  d4/d7  1.7 games/s (avg 0.4)  884.1K nps  ETA 00:41:52
[2026-03-28T08:36:44.576] [INFO] [selfplay:1] [SelfPlay] 53/1000 (5%)  pos=4991  W/D/B=16/13/24  (30%/24%/45%)  d4/d7  1.6 games/s (avg 0.4)  903.0K nps  ETA 00:42:53
[2026-03-28T08:36:45.834] [INFO] [selfplay:1] [SelfPlay] 54/1000 (5%)  pos=5071  W/D/B=16/14/24  (29%/25%/44%)  d4/d7  1.4 games/s (avg 0.4)  881.6K nps  ETA 00:42:40
[2026-03-28T08:36:46.271] [INFO] [selfplay:1] [SelfPlay] 55/1000 (5%)  pos=5162  W/D/B=17/14/24  (30%/25%/43%)  d4/d7  1.3 games/s (avg 0.4)  888.1K nps  ETA 00:42:14
[2026-03-28T08:36:50.988] [INFO] [selfplay:1] [SelfPlay] 56/1000 (5%)  pos=5280  W/D/B=17/14/25  (30%/25%/44%)  d4/d7  1.5 games/s (avg 0.4)  909.5K nps  ETA 00:41:28
[2026-03-28T08:36:51.247] [INFO] [selfplay:1] [SelfPlay] 57/1000 (5%)  pos=5520  W/D/B=17/15/25  (29%/26%/43%)  d4/d7  1.3 games/s (avg 0.4)  891.9K nps  ETA 00:42:05
[2026-03-28T08:36:51.971] [INFO] [selfplay:1] [SelfPlay] 58/1000 (5%)  pos=5657  W/D/B=17/15/26  (29%/25%/44%)  d4/d7  1.7 games/s (avg 0.4)  913.8K nps  ETA 00:41:22
[2026-03-28T08:36:57.503] [INFO] [selfplay:1] [SelfPlay] 59/1000 (5%)  pos=5716  W/D/B=18/15/26  (30%/25%/44%)  d4/d7  1.6 games/s (avg 0.4)  929.1K nps  ETA 00:40:44
[2026-03-28T08:36:58.323] [INFO] [selfplay:1] [SelfPlay] 60/1000 (6%)  pos=5763  W/D/B=18/15/27  (30%/25%/45%)  d4/d7  1.4 games/s (avg 0.4)  891.9K nps  ETA 00:41:33
[2026-03-28T08:37:00.002] [INFO] [selfplay:1] [SelfPlay] 61/1000 (6%)  pos=5816  W/D/B=18/15/28  (29%/24%/45%)  d4/d7  1.4 games/s (avg 0.4)  905.4K nps  ETA 00:41:00
[2026-03-28T08:37:06.334] [INFO] [selfplay:1] [SelfPlay] 62/1000 (6%)  pos=5832  W/D/B=19/15/28  (30%/24%/45%)  d4/d7  1.3 games/s (avg 0.4)  897.7K nps  ETA 00:40:39
[2026-03-28T08:37:08.205] [INFO] [selfplay:1] [SelfPlay] 63/1000 (6%)  pos=5906  W/D/B=19/15/29  (30%/23%/46%)  d4/d7  1.1 games/s (avg 0.4)  860.8K nps  ETA 00:41:36
[2026-03-28T08:37:10.140] [INFO] [selfplay:1] [SelfPlay] 64/1000 (6%)  pos=6007  W/D/B=20/15/29  (31%/23%/45%)  d4/d7  1.0 games/s (avg 0.4)  867.2K nps  ETA 00:41:22
[2026-03-28T08:37:12.947] [INFO] [selfplay:1] [SelfPlay] 65/1000 (6%)  pos=6145  W/D/B=20/15/30  (30%/23%/46%)  d4/d7  0.9 games/s (avg 0.4)  874.0K nps  ETA 00:41:08
[2026-03-28T08:37:16.362] [INFO] [selfplay:1] [SelfPlay] 66/1000 (6%)  pos=6258  W/D/B=20/15/31  (30%/22%/46%)  d4/d7  0.9 games/s (avg 0.4)  868.5K nps  ETA 00:41:07
[2026-03-28T08:37:18.437] [INFO] [selfplay:1] [SelfPlay] 67/1000 (6%)  pos=6262  W/D/B=21/15/31  (31%/22%/46%)  d4/d7  0.8 games/s (avg 0.4)  844.2K nps  ETA 00:41:17
[2026-03-28T08:37:20.503] [INFO] [selfplay:1] [SelfPlay] 68/1000 (6%)  pos=6357  W/D/B=22/15/31  (32%/22%/45%)  d4/d7  0.7 games/s (avg 0.4)  841.4K nps  ETA 00:41:06
[2026-03-28T08:37:24.453] [INFO] [selfplay:1] [SelfPlay] 69/1000 (6%)  pos=6464  W/D/B=22/15/32  (31%/21%/46%)  d4/d7  0.7 games/s (avg 0.4)  841.6K nps  ETA 00:40:53
[2026-03-28T08:37:26.623] [INFO] [selfplay:1] [SelfPlay] 70/1000 (7%)  pos=6644  W/D/B=23/15/32  (32%/21%/45%)  d4/d7  0.6 games/s (avg 0.4)  816.6K nps  ETA 00:41:10
[2026-03-28T08:37:28.189] [INFO] [selfplay:1] [SelfPlay] 71/1000 (7%)  pos=6680  W/D/B=23/16/32  (32%/22%/45%)  d4/d7  0.6 games/s (avg 0.4)  810.1K nps  ETA 00:41:02
[2026-03-28T08:37:33.500] [INFO] [selfplay:1] [SelfPlay] 72/1000 (7%)  pos=6749  W/D/B=24/16/32  (33%/22%/44%)  d4/d7  0.6 games/s (avg 0.4)  801.7K nps  ETA 00:40:40
[2026-03-28T08:37:34.957] [INFO] [selfplay:1] [SelfPlay] 73/1000 (7%)  pos=6822  W/D/B=25/16/32  (34%/21%/43%)  d4/d7  0.5 games/s (avg 0.4)  785.8K nps  ETA 00:41:17
[2026-03-28T08:37:35.351] [INFO] [selfplay:1] [SelfPlay] 74/1000 (7%)  pos=6887  W/D/B=25/16/33  (33%/21%/44%)  d4/d7  0.6 games/s (avg 0.4)  795.7K nps  ETA 00:40:59
[2026-03-28T08:37:37.943] [INFO] [selfplay:1] [SelfPlay] 75/1000 (7%)  pos=6929  W/D/B=26/16/33  (34%/21%/44%)  d4/d7  0.9 games/s (avg 0.4)  803.3K nps  ETA 00:40:27
[2026-03-28T08:37:38.678] [INFO] [selfplay:1] [SelfPlay] 76/1000 (7%)  pos=6979  W/D/B=27/16/33  (35%/21%/43%)  d4/d7  0.8 games/s (avg 0.4)  789.3K nps  ETA 00:40:25
[2026-03-28T08:37:40.895] [INFO] [selfplay:1] [SelfPlay] 77/1000 (7%)  pos=7070  W/D/B=28/16/33  (36%/20%/42%)  d4/d7  0.9 games/s (avg 0.4)  799.3K nps  ETA 00:39:59
[2026-03-28T08:37:45.718] [INFO] [selfplay:1] [SelfPlay] 78/1000 (7%)  pos=7191  W/D/B=29/16/33  (37%/20%/42%)  d4/d7  0.8 games/s (avg 0.4)  787.9K nps  ETA 00:39:49
[2026-03-28T08:37:46.528] [INFO] [selfplay:1] [SelfPlay] 79/1000 (7%)  pos=7287  W/D/B=30/16/33  (37%/20%/41%)  d4/d7  0.7 games/s (avg 0.4)  771.4K nps  ETA 00:40:16
[2026-03-28T08:37:49.837] [INFO] [selfplay:1] [SelfPlay] 80/1000 (8%)  pos=7527  W/D/B=30/17/33  (37%/21%/41%)  d4/d7  0.8 games/s (avg 0.4)  788.4K nps  ETA 00:39:51
[2026-03-28T08:37:51.825] [INFO] [selfplay:1] [SelfPlay] 81/1000 (8%)  pos=7564  W/D/B=30/18/33  (37%/22%/40%)  d4/d7  0.7 games/s (avg 0.4)  778.1K nps  ETA 00:39:57
[2026-03-28T08:37:52.124] [INFO] [selfplay:1] [SelfPlay] 82/1000 (8%)  pos=7780  W/D/B=30/19/33  (36%/23%/40%)  d4/d7  0.7 games/s (avg 0.4)  770.1K nps  ETA 00:39:50
[2026-03-28T08:37:52.863] [INFO] [selfplay:1] [SelfPlay] 83/1000 (8%)  pos=7862  W/D/B=31/19/33  (37%/22%/39%)  d4/d7  1.1 games/s (avg 0.4)  777.4K nps  ETA 00:39:20
[2026-03-28T08:37:56.409] [INFO] [selfplay:1] [SelfPlay] 84/1000 (8%)  pos=8023  W/D/B=32/19/33  (38%/22%/39%)  d4/d7  1.1 games/s (avg 0.4)  792.7K nps  ETA 00:38:55
[2026-03-28T08:38:00.221] [INFO] [selfplay:1] [SelfPlay] 85/1000 (8%)  pos=8166  W/D/B=33/19/33  (38%/22%/38%)  d4/d7  1.0 games/s (avg 0.4)  794.1K nps  ETA 00:39:04
[2026-03-28T08:38:02.830] [INFO] [selfplay:1] [SelfPlay] 86/1000 (8%)  pos=8290  W/D/B=34/19/33  (39%/22%/38%)  d4/d7  0.9 games/s (avg 0.4)  776.4K nps  ETA 00:39:15
[2026-03-28T08:38:10.686] [INFO] [selfplay:1] [SelfPlay] 87/1000 (8%)  pos=8351  W/D/B=34/19/34  (39%/21%/39%)  d4/d7  0.8 games/s (avg 0.4)  772.7K nps  ETA 00:39:07
[2026-03-28T08:38:13.056] [INFO] [selfplay:1] [SelfPlay] 88/1000 (8%)  pos=8575  W/D/B=35/19/34  (39%/21%/38%)  d4/d7  0.7 games/s (avg 0.4)  754.1K nps  ETA 00:40:06
[2026-03-28T08:38:13.942] [INFO] [selfplay:1] [SelfPlay] 89/1000 (8%)  pos=8608  W/D/B=35/19/35  (39%/21%/39%)  d4/d7  0.7 games/s (avg 0.4)  750.5K nps  ETA 00:40:01
[2026-03-28T08:38:14.249] [INFO] [selfplay:1] [SelfPlay] 90/1000 (9%)  pos=8669  W/D/B=35/19/36  (38%/21%/40%)  d4/d7  0.7 games/s (avg 0.4)  758.4K nps  ETA 00:39:42
[2026-03-28T08:38:14.352] [INFO] [selfplay:1] [SelfPlay] 91/1000 (9%)  pos=8909  W/D/B=35/20/36  (38%/21%/39%)  d4/d7  1.1 games/s (avg 0.4)  766.2K nps  ETA 00:39:15
[2026-03-28T08:38:15.297] [INFO] [selfplay:1] [SelfPlay] 92/1000 (9%)  pos=8997  W/D/B=36/20/36  (39%/21%/39%)  d4/d7  2.4 games/s (avg 0.4)  775.2K nps  ETA 00:38:49
[2026-03-28T08:38:16.491] [INFO] [selfplay:1] [SelfPlay] 93/1000 (9%)  pos=9134  W/D/B=36/21/36  (38%/22%/38%)  d4/d7  2.2 games/s (avg 0.4)  789.0K nps  ETA 00:38:29
[2026-03-28T08:38:21.326] [INFO] [selfplay:1] [SelfPlay] 94/1000 (9%)  pos=9199  W/D/B=36/21/37  (38%/22%/39%)  d4/d7  2.0 games/s (avg 0.4)  784.6K nps  ETA 00:38:11
[2026-03-28T08:38:23.362] [INFO] [selfplay:1] [SelfPlay] 95/1000 (9%)  pos=9292  W/D/B=36/21/38  (37%/22%/40%)  d4/d7  1.7 games/s (avg 0.4)  765.2K nps  ETA 00:38:31
[2026-03-28T08:38:28.282] [INFO] [selfplay:1] [SelfPlay] 96/1000 (9%)  pos=9317  W/D/B=36/21/39  (37%/21%/40%)  d4/d7  1.5 games/s (avg 0.4)  762.0K nps  ETA 00:38:23
[2026-03-28T08:38:34.025] [INFO] [selfplay:1] [SelfPlay] 97/1000 (9%)  pos=9408  W/D/B=36/21/40  (37%/21%/41%)  d4/d7  1.3 games/s (avg 0.4)  755.8K nps  ETA 00:38:40
[2026-03-28T08:38:35.084] [INFO] [selfplay:1] [SelfPlay] 98/1000 (9%)  pos=9461  W/D/B=36/21/41  (36%/21%/41%)  d4/d7  1.2 games/s (avg 0.4)  743.7K nps  ETA 00:39:12
[2026-03-28T08:38:38.636] [INFO] [selfplay:1] [SelfPlay] 99/1000 (9%)  pos=9578  W/D/B=37/21/41  (37%/21%/41%)  d4/d7  1.1 games/s (avg 0.4)  750.5K nps  ETA 00:38:52
[2026-03-28T08:38:39.013] [INFO] [selfplay:1] [SelfPlay] 100/1000 (10%)  pos=9616  W/D/B=38/21/41  (38%/21%/41%)  d4/d7  1.0 games/s (avg 0.4)  743.0K nps  ETA 00:39:02
[2026-03-28T08:38:42.914] [INFO] [selfplay:1] [SelfPlay] 101/1000 (10%)  pos=9693  W/D/B=38/21/42  (37%/20%/41%)  d4/d7  1.3 games/s (avg 0.4)  753.6K nps  ETA 00:38:36
[2026-03-28T08:38:43.668] [INFO] [selfplay:1] [SelfPlay] 102/1000 (10%)  pos=9697  W/D/B=38/21/43  (37%/20%/42%)  d4/d7  1.1 games/s (avg 0.4)  740.0K nps  ETA 00:38:48
[2026-03-28T08:38:43.855] [INFO] [selfplay:1] [SelfPlay] 103/1000 (10%)  pos=9794  W/D/B=39/21/43  (37%/20%/41%)  d4/d7  1.1 games/s (avg 0.4)  744.9K nps  ETA 00:38:30
[2026-03-28T08:38:46.333] [INFO] [selfplay:1] [SelfPlay] 104/1000 (10%)  pos=9869  W/D/B=39/21/44  (37%/20%/42%)  d4/d7  1.8 games/s (avg 0.4)  755.0K nps  ETA 00:38:05
[2026-03-28T08:38:48.885] [INFO] [selfplay:1] [SelfPlay] 105/1000 (10%)  pos=9932  W/D/B=40/21/44  (38%/20%/41%)  d4/d7  1.6 games/s (avg 0.4)  746.7K nps  ETA 00:38:01
[2026-03-28T08:38:48.976] [INFO] [selfplay:1] [SelfPlay] 106/1000 (10%)  pos=10048  W/D/B=40/21/45  (37%/19%/42%)  d4/d7  1.4 games/s (avg 0.4)  738.9K nps  ETA 00:38:01
[2026-03-28T08:38:50.463] [INFO] [selfplay:1] [SelfPlay] 107/1000 (10%)  pos=10094  W/D/B=40/21/46  (37%/19%/42%)  d4/d7  2.8 games/s (avg 0.4)  739.7K nps  ETA 00:37:36
[2026-03-28T08:38:53.478] [INFO] [selfplay:1] [SelfPlay] 108/1000 (10%)  pos=10163  W/D/B=41/21/46  (37%/19%/42%)  d4/d7  2.5 games/s (avg 0.4)  742.6K nps  ETA 00:37:24
[2026-03-28T08:38:54.081] [INFO] [selfplay:1] [SelfPlay] 109/1000 (10%)  pos=10270  W/D/B=41/22/46  (37%/20%/42%)  d4/d7  2.2 games/s (avg 0.4)  742.0K nps  ETA 00:37:29
[2026-03-28T08:38:57.195] [INFO] [selfplay:1] [SelfPlay] 110/1000 (11%)  pos=10432  W/D/B=41/23/46  (37%/20%/41%)  d4/d7  2.1 games/s (avg 0.4)  741.2K nps  ETA 00:37:08
[2026-03-28T08:38:58.413] [INFO] [selfplay:1] [SelfPlay] 111/1000 (11%)  pos=10480  W/D/B=41/24/46  (36%/21%/41%)  d4/d7  1.8 games/s (avg 0.4)  734.5K nps  ETA 00:37:11
[2026-03-28T08:39:00.941] [INFO] [selfplay:1] [SelfPlay] 112/1000 (11%)  pos=10574  W/D/B=42/24/46  (37%/21%/41%)  d4/d7  1.7 games/s (avg 0.4)  731.4K nps  ETA 00:36:58
[2026-03-28T08:39:01.462] [INFO] [selfplay:1] [SelfPlay] 113/1000 (11%)  pos=10653  W/D/B=42/24/47  (37%/21%/41%)  d4/d7  1.5 games/s (avg 0.4)  733.0K nps  ETA 00:36:57
[2026-03-28T08:39:01.764] [INFO] [selfplay:1] [SelfPlay] 114/1000 (11%)  pos=10707  W/D/B=43/24/47  (37%/21%/41%)  d4/d7  1.6 games/s (avg 0.4)  739.7K nps  ETA 00:36:40
[2026-03-28T08:39:05.573] [INFO] [selfplay:1] [SelfPlay] 115/1000 (11%)  pos=10773  W/D/B=44/24/47  (38%/20%/40%)  d4/d7  1.8 games/s (avg 0.4)  746.0K nps  ETA 00:36:17
[2026-03-28T08:39:08.883] [INFO] [selfplay:1] [SelfPlay] 116/1000 (11%)  pos=10886  W/D/B=44/24/48  (37%/20%/41%)  d4/d7  1.6 games/s (avg 0.4)  740.6K nps  ETA 00:36:25
[2026-03-28T08:39:09.627] [INFO] [selfplay:1] [SelfPlay] 117/1000 (11%)  pos=10937  W/D/B=45/24/48  (38%/20%/41%)  d4/d7  1.4 games/s (avg 0.4)  739.9K nps  ETA 00:36:31
[2026-03-28T08:39:13.643] [INFO] [selfplay:1] [SelfPlay] 118/1000 (11%)  pos=10987  W/D/B=46/24/48  (38%/20%/40%)  d4/d7  1.4 games/s (avg 0.4)  742.9K nps  ETA 00:36:13
[2026-03-28T08:39:15.068] [INFO] [selfplay:1] [SelfPlay] 119/1000 (11%)  pos=11099  W/D/B=46/25/48  (38%/21%/40%)  d4/d7  1.2 games/s (avg 0.4)  731.0K nps  ETA 00:36:25
[2026-03-28T08:39:17.519] [INFO] [selfplay:1] [SelfPlay] 120/1000 (12%)  pos=11230  W/D/B=46/25/49  (38%/20%/40%)  d4/d7  1.1 games/s (avg 0.4)  735.9K nps  ETA 00:36:13
[2026-03-28T08:39:23.977] [INFO] [selfplay:1] [SelfPlay] 121/1000 (12%)  pos=11290  W/D/B=47/25/49  (38%/20%/40%)  d4/d7  1.0 games/s (avg 0.4)  729.2K nps  ETA 00:36:07
[2026-03-28T08:39:25.937] [INFO] [selfplay:1] [SelfPlay] 122/1000 (12%)  pos=11357  W/D/B=47/25/50  (38%/20%/40%)  d4/d7  0.9 games/s (avg 0.4)  714.7K nps  ETA 00:36:37
[2026-03-28T08:39:26.296] [INFO] [selfplay:1] [SelfPlay] 123/1000 (12%)  pos=11462  W/D/B=47/26/50  (38%/21%/40%)  d4/d7  0.8 games/s (avg 0.4)  713.3K nps  ETA 00:36:33
[2026-03-28T08:39:29.887] [INFO] [selfplay:1] [SelfPlay] 124/1000 (12%)  pos=11505  W/D/B=47/26/51  (37%/20%/41%)  d4/d7  1.1 games/s (avg 0.4)  718.2K nps  ETA 00:36:11
[2026-03-28T08:39:30.996] [INFO] [selfplay:1] [SelfPlay] 125/1000 (12%)  pos=11582  W/D/B=48/26/51  (38%/20%/40%)  d4/d7  1.0 games/s (avg 0.4)  713.9K nps  ETA 00:36:19
[2026-03-28T08:39:31.975] [INFO] [selfplay:1] [SelfPlay] 126/1000 (12%)  pos=11761  W/D/B=48/26/52  (38%/20%/41%)  d4/d7  1.0 games/s (avg 0.4)  718.0K nps  ETA 00:36:07
[2026-03-28T08:39:32.420] [INFO] [selfplay:1] [SelfPlay] 127/1000 (12%)  pos=11832  W/D/B=49/26/52  (38%/20%/40%)  d4/d7  1.0 games/s (avg 0.4)  723.4K nps  ETA 00:35:54
[2026-03-28T08:39:33.395] [INFO] [selfplay:1] [SelfPlay] 128/1000 (12%)  pos=11991  W/D/B=49/27/52  (38%/21%/40%)  d4/d7  1.2 games/s (avg 0.4)  730.7K nps  ETA 00:35:38
[2026-03-28T08:39:42.285] [INFO] [selfplay:1] [SelfPlay] 129/1000 (12%)  pos=12089  W/D/B=49/27/53  (37%/20%/41%)  d4/d7  1.2 games/s (avg 0.4)  737.0K nps  ETA 00:35:19
[2026-03-28T08:39:49.460] [INFO] [selfplay:1] [SelfPlay] 130/1000 (13%)  pos=12155  W/D/B=49/27/54  (37%/20%/41%)  d4/d7  1.1 games/s (avg 0.4)  742.9K nps  ETA 00:35:59
[2026-03-28T08:40:00.679] [INFO] [selfplay:1] [SelfPlay] 131/1000 (13%)  pos=12250  W/D/B=49/27/55  (37%/20%/41%)  d4/d7  0.9 games/s (avg 0.4)  730.6K nps  ETA 00:36:25
[2026-03-28T08:40:02.064] [INFO] [selfplay:1] [SelfPlay] 132/1000 (13%)  pos=12294  W/D/B=49/27/56  (37%/20%/42%)  d4/d7  0.9 games/s (avg 0.4)  733.2K nps  ETA 00:37:30
[2026-03-28T08:40:02.519] [INFO] [selfplay:1] [SelfPlay] 133/1000 (13%)  pos=12430  W/D/B=50/27/56  (37%/20%/42%)  d4/d7  0.8 games/s (avg 0.4)  736.3K nps  ETA 00:37:19
[2026-03-28T08:40:02.736] [INFO] [selfplay:1] [SelfPlay] 134/1000 (13%)  pos=12505  W/D/B=50/27/57  (37%/20%/42%)  d4/d7  1.0 games/s (avg 0.4)  741.1K nps  ETA 00:37:04
[2026-03-28T08:40:03.451] [INFO] [selfplay:1] [SelfPlay] 135/1000 (13%)  pos=12552  W/D/B=50/27/58  (37%/20%/42%)  d4/d7  1.6 games/s (avg 0.4)  746.0K nps  ETA 00:36:45
[2026-03-28T08:40:03.494] [INFO] [selfplay:1] [SelfPlay] 136/1000 (13%)  pos=12606  W/D/B=50/28/58  (36%/20%/42%)  d4/d7  1.6 games/s (avg 0.4)  747.9K nps  ETA 00:36:32
[2026-03-28T08:40:06.111] [INFO] [selfplay:1] [SelfPlay] 137/1000 (13%)  pos=12729  W/D/B=50/28/59  (36%/20%/43%)  d4/d7  4.8 games/s (avg 0.4)  757.4K nps  ETA 00:36:12
[2026-03-28T08:40:06.990] [INFO] [selfplay:1] [SelfPlay] 138/1000 (13%)  pos=12795  W/D/B=50/28/60  (36%/20%/43%)  d4/d7  4.4 games/s (avg 0.4)  757.6K nps  ETA 00:36:11
[2026-03-28T08:40:07.360] [INFO] [selfplay:1] [SelfPlay] 139/1000 (13%)  pos=12889  W/D/B=51/28/60  (36%/20%/43%)  d4/d7  3.9 games/s (avg 0.4)  762.8K nps  ETA 00:35:58
[2026-03-28T08:40:07.540] [INFO] [selfplay:1] [SelfPlay] 140/1000 (14%)  pos=12982  W/D/B=52/28/60  (37%/20%/42%)  d4/d7  3.8 games/s (avg 0.4)  762.8K nps  ETA 00:35:44
[2026-03-28T08:40:09.512] [INFO] [selfplay:1] [SelfPlay] 141/1000 (14%)  pos=13106  W/D/B=52/29/60  (36%/20%/42%)  d4/d7  4.0 games/s (avg 0.4)  763.3K nps  ETA 00:35:25
[2026-03-28T08:40:10.198] [INFO] [selfplay:1] [SelfPlay] 142/1000 (14%)  pos=13168  W/D/B=52/29/61  (36%/20%/42%)  d4/d7  3.5 games/s (avg 0.4)  766.0K nps  ETA 00:35:21
[2026-03-28T08:40:10.541] [INFO] [selfplay:1] [SelfPlay] 143/1000 (14%)  pos=13345  W/D/B=53/29/61  (37%/20%/42%)  d4/d7  3.2 games/s (avg 0.4)  774.4K nps  ETA 00:35:07
[2026-03-28T08:40:11.180] [INFO] [selfplay:1] [SelfPlay] 144/1000 (14%)  pos=13445  W/D/B=54/29/61  (37%/20%/42%)  d4/d7  3.1 games/s (avg 0.4)  780.8K nps  ETA 00:34:53
[2026-03-28T08:40:14.635] [INFO] [selfplay:1] [SelfPlay] 145/1000 (14%)  pos=13519  W/D/B=54/30/61  (37%/20%/42%)  d4/d7  2.9 games/s (avg 0.4)  779.7K nps  ETA 00:34:36
[2026-03-28T08:40:19.783] [INFO] [selfplay:1] [SelfPlay] 146/1000 (14%)  pos=13577  W/D/B=54/31/61  (36%/21%/41%)  d4/d7  2.7 games/s (avg 0.4)  783.3K nps  ETA 00:34:39
[2026-03-28T08:40:20.970] [INFO] [selfplay:1] [SelfPlay] 147/1000 (14%)  pos=13634  W/D/B=55/31/61  (37%/21%/41%)  d4/d7  2.5 games/s (avg 0.4)  791.0K nps  ETA 00:34:56
[2026-03-28T08:40:24.940] [INFO] [selfplay:1] [SelfPlay] 148/1000 (14%)  pos=13661  W/D/B=56/31/61  (37%/20%/41%)  d4/d7  2.2 games/s (avg 0.4)  790.7K nps  ETA 00:34:43
[2026-03-28T08:40:25.160] [INFO] [selfplay:1] [SelfPlay] 149/1000 (14%)  pos=13795  W/D/B=56/31/62  (37%/20%/41%)  d4/d7  1.9 games/s (avg 0.4)  784.1K nps  ETA 00:34:53
[2026-03-28T08:40:42.033] [INFO] [selfplay:1] [SelfPlay] 150/1000 (15%)  pos=13851  W/D/B=57/31/62  (38%/20%/41%)  d4/d7  2.3 games/s (avg 0.4)  786.6K nps  ETA 00:34:21
[2026-03-28T08:40:42.253] [INFO] [selfplay:1] [SelfPlay] 151/1000 (15%)  pos=13910  W/D/B=58/31/62  (38%/20%/41%)  d4/d7  2.2 games/s (avg 0.4)  790.4K nps  ETA 00:35:57
[2026-03-28T08:40:46.730] [INFO] [selfplay:1] [SelfPlay] 152/1000 (15%)  pos=14034  W/D/B=59/31/62  (38%/20%/40%)  d4/d7  2.5 games/s (avg 0.4)  796.8K nps  ETA 00:35:36
[2026-03-28T08:40:47.955] [INFO] [selfplay:1] [SelfPlay] 153/1000 (15%)  pos=14139  W/D/B=60/31/62  (39%/20%/40%)  d4/d7  2.3 games/s (avg 0.4)  796.5K nps  ETA 00:35:49
[2026-03-28T08:40:49.128] [INFO] [selfplay:1] [SelfPlay] 154/1000 (15%)  pos=14243  W/D/B=60/31/63  (38%/20%/40%)  d4/d7  2.1 games/s (avg 0.4)  799.8K nps  ETA 00:35:39
[2026-03-28T08:40:49.519] [INFO] [selfplay:1] [SelfPlay] 155/1000 (15%)  pos=14376  W/D/B=60/31/64  (38%/20%/41%)  d4/d7  1.9 games/s (avg 0.4)  797.8K nps  ETA 00:35:29
[2026-03-28T08:40:49.966] [INFO] [selfplay:1] [SelfPlay] 156/1000 (15%)  pos=14472  W/D/B=60/31/65  (38%/19%/41%)  d4/d7  2.0 games/s (avg 0.4)  803.8K nps  ETA 00:35:16
[2026-03-28T08:40:50.419] [INFO] [selfplay:1] [SelfPlay] 157/1000 (15%)  pos=14530  W/D/B=60/31/66  (38%/19%/42%)  d4/d7  2.0 games/s (avg 0.4)  803.2K nps  ETA 00:35:01
[2026-03-28T08:40:51.067] [INFO] [selfplay:1] [SelfPlay] 158/1000 (15%)  pos=14607  W/D/B=61/31/66  (38%/19%/41%)  d4/d7  2.1 games/s (avg 0.4)  802.4K nps  ETA 00:34:49
[2026-03-28T08:40:52.079] [INFO] [selfplay:1] [SelfPlay] 159/1000 (15%)  pos=14743  W/D/B=62/31/66  (38%/19%/41%)  d4/d7  2.0 games/s (avg 0.4)  808.3K nps  ETA 00:34:36
[2026-03-28T08:40:53.013] [INFO] [selfplay:1] [SelfPlay] 160/1000 (16%)  pos=14796  W/D/B=63/31/66  (39%/19%/41%)  d4/d7  1.8 games/s (avg 0.4)  810.9K nps  ETA 00:34:26
[2026-03-28T08:40:55.958] [INFO] [selfplay:1] [SelfPlay] 161/1000 (16%)  pos=14899  W/D/B=64/31/66  (39%/19%/40%)  d4/d7  1.7 games/s (avg 0.4)  816.4K nps  ETA 00:34:13
[2026-03-28T08:41:00.319] [INFO] [selfplay:1] [SelfPlay] 162/1000 (16%)  pos=14993  W/D/B=65/31/66  (40%/19%/40%)  d4/d7  1.5 games/s (avg 0.4)  809.0K nps  ETA 00:34:12
[2026-03-28T08:41:02.453] [INFO] [selfplay:1] [SelfPlay] 163/1000 (16%)  pos=15065  W/D/B=66/31/66  (40%/19%/40%)  d4/d7  1.3 games/s (avg 0.4)  802.7K nps  ETA 00:34:21
[2026-03-28T08:41:04.825] [INFO] [selfplay:1] [SelfPlay] 164/1000 (16%)  pos=15128  W/D/B=67/31/66  (40%/18%/40%)  d4/d7  1.2 games/s (avg 0.4)  805.8K nps  ETA 00:34:18
[2026-03-28T08:41:05.470] [INFO] [selfplay:1] [SelfPlay] 165/1000 (16%)  pos=15162  W/D/B=67/31/67  (40%/18%/40%)  d4/d7  1.1 games/s (avg 0.4)  799.7K nps  ETA 00:34:16
[2026-03-28T08:41:07.154] [INFO] [selfplay:1] [SelfPlay] 166/1000 (16%)  pos=15293  W/D/B=67/31/68  (40%/18%/40%)  d4/d7  1.1 games/s (avg 0.4)  798.9K nps  ETA 00:34:04
[2026-03-28T08:41:07.692] [INFO] [selfplay:1] [SelfPlay] 167/1000 (16%)  pos=15386  W/D/B=67/31/69  (40%/18%/41%)  d4/d7  1.1 games/s (avg 0.4)  801.6K nps  ETA 00:33:58
[2026-03-28T08:41:09.439] [INFO] [selfplay:1] [SelfPlay] 168/1000 (16%)  pos=15469  W/D/B=67/31/70  (39%/18%/41%)  d4/d7  1.2 games/s (avg 0.4)  808.1K nps  ETA 00:33:45
[2026-03-28T08:41:11.776] [INFO] [selfplay:1] [SelfPlay] 169/1000 (16%)  pos=15510  W/D/B=68/31/70  (40%/18%/41%)  d4/d7  1.1 games/s (avg 0.4)  806.7K nps  ETA 00:33:39
[2026-03-28T08:41:12.468] [INFO] [selfplay:1] [SelfPlay] 170/1000 (17%)  pos=15631  W/D/B=69/31/70  (40%/18%/41%)  d4/d7  1.0 games/s (avg 0.4)  801.2K nps  ETA 00:33:37
[2026-03-28T08:41:12.985] [INFO] [selfplay:1] [SelfPlay] 171/1000 (17%)  pos=15663  W/D/B=70/31/70  (40%/18%/40%)  d4/d7  1.1 games/s (avg 0.4)  802.9K nps  ETA 00:33:27
[2026-03-28T08:41:18.411] [INFO] [selfplay:1] [SelfPlay] 172/1000 (17%)  pos=15746  W/D/B=71/31/70  (41%/18%/40%)  d4/d7  1.2 games/s (avg 0.4)  805.7K nps  ETA 00:33:10
[2026-03-28T08:41:22.598] [INFO] [selfplay:1] [SelfPlay] 173/1000 (17%)  pos=15802  W/D/B=72/31/70  (41%/17%/40%)  d4/d7  1.0 games/s (avg 0.4)  802.6K nps  ETA 00:33:24
[2026-03-28T08:41:29.250] [INFO] [selfplay:1] [SelfPlay] 174/1000 (17%)  pos=15894  W/D/B=73/31/70  (41%/17%/40%)  d4/d7  0.9 games/s (avg 0.4)  796.9K nps  ETA 00:33:28
[2026-03-28T08:41:30.357] [INFO] [selfplay:1] [SelfPlay] 175/1000 (17%)  pos=16000  W/D/B=73/31/71  (41%/17%/40%)  d4/d7  0.8 games/s (avg 0.4)  785.9K nps  ETA 00:33:49
[2026-03-28T08:41:32.675] [INFO] [selfplay:1] [SelfPlay] 176/1000 (17%)  pos=16096  W/D/B=74/31/71  (42%/17%/40%)  d4/d7  0.8 games/s (avg 0.4)  789.7K nps  ETA 00:33:40
[2026-03-28T08:41:38.980] [INFO] [selfplay:1] [SelfPlay] 177/1000 (17%)  pos=16213  W/D/B=74/31/72  (41%/17%/40%)  d4/d7  0.8 games/s (avg 0.4)  788.4K nps  ETA 00:33:33
[2026-03-28T08:41:40.258] [INFO] [selfplay:1] [SelfPlay] 178/1000 (17%)  pos=16291  W/D/B=75/31/72  (42%/17%/40%)  d4/d7  0.7 games/s (avg 0.4)  780.5K nps  ETA 00:33:53
[2026-03-28T08:41:43.932] [INFO] [selfplay:1] [SelfPlay] 179/1000 (17%)  pos=16401  W/D/B=76/31/72  (42%/17%/40%)  d4/d7  0.7 games/s (avg 0.4)  780.4K nps  ETA 00:33:42
[2026-03-28T08:41:44.112] [INFO] [selfplay:1] [SelfPlay] 180/1000 (18%)  pos=16450  W/D/B=76/31/73  (42%/17%/40%)  d4/d7  0.6 games/s (avg 0.4)  772.4K nps  ETA 00:33:49
[2026-03-28T08:41:46.814] [INFO] [selfplay:1] [SelfPlay] 181/1000 (18%)  pos=16515  W/D/B=76/32/73  (41%/17%/40%)  d4/d7  1.4 games/s (avg 0.4)  775.7K nps  ETA 00:33:34
[2026-03-28T08:41:48.333] [INFO] [selfplay:1] [SelfPlay] 182/1000 (18%)  pos=16587  W/D/B=77/32/73  (42%/17%/40%)  d4/d7  1.2 games/s (avg 0.4)  775.2K nps  ETA 00:33:34
[2026-03-28T08:41:51.709] [INFO] [selfplay:1] [SelfPlay] 183/1000 (18%)  pos=16663  W/D/B=77/33/73  (42%/18%/39%)  d4/d7  1.1 games/s (avg 0.4)  772.4K nps  ETA 00:33:25
[2026-03-28T08:41:52.214] [INFO] [selfplay:1] [SelfPlay] 184/1000 (18%)  pos=16754  W/D/B=77/34/73  (41%/18%/39%)  d4/d7  1.0 games/s (avg 0.4)  765.2K nps  ETA 00:33:30
[2026-03-28T08:41:53.171] [INFO] [selfplay:1] [SelfPlay] 185/1000 (18%)  pos=16945  W/D/B=77/35/73  (41%/18%/39%)  d4/d7  1.2 games/s (avg 0.4)  770.3K nps  ETA 00:33:18
[2026-03-28T08:41:54.527] [INFO] [selfplay:1] [SelfPlay] 186/1000 (18%)  pos=17030  W/D/B=77/35/74  (41%/18%/39%)  d4/d7  1.1 games/s (avg 0.4)  771.8K nps  ETA 00:33:08
[2026-03-28T08:41:56.009] [INFO] [selfplay:1] [SelfPlay] 187/1000 (18%)  pos=17113  W/D/B=77/36/74  (41%/19%/39%)  d4/d7  1.1 games/s (avg 0.4)  775.1K nps  ETA 00:33:02
[2026-03-28T08:41:58.550] [INFO] [selfplay:1] [SelfPlay] 188/1000 (18%)  pos=17149  W/D/B=77/37/74  (40%/19%/39%)  d4/d7  1.0 games/s (avg 0.4)  774.1K nps  ETA 00:32:53
[2026-03-28T08:42:02.860] [INFO] [selfplay:1] [SelfPlay] 189/1000 (18%)  pos=17246  W/D/B=78/37/74  (41%/19%/39%)  d4/d7  0.9 games/s (avg 0.4)  775.1K nps  ETA 00:32:50
[2026-03-28T08:42:02.986] [INFO] [selfplay:1] [SelfPlay] 190/1000 (19%)  pos=17282  W/D/B=78/37/75  (41%/19%/39%)  d4/d7  0.8 games/s (avg 0.4)  766.2K nps  ETA 00:33:00
[2026-03-28T08:42:10.361] [INFO] [selfplay:1] [SelfPlay] 191/1000 (19%)  pos=17411  W/D/B=79/37/75  (41%/19%/39%)  d4/d7  1.9 games/s (avg 0.4)  773.2K nps  ETA 00:32:40
[2026-03-28T08:42:13.484] [INFO] [selfplay:1] [SelfPlay] 192/1000 (19%)  pos=17495  W/D/B=79/37/76  (41%/19%/39%)  d4/d7  1.7 games/s (avg 0.4)  780.9K nps  ETA 00:33:03
[2026-03-28T08:42:13.627] [INFO] [selfplay:1] [SelfPlay] 193/1000 (19%)  pos=17639  W/D/B=79/38/76  (40%/19%/39%)  d4/d7  1.5 games/s (avg 0.4)  780.0K nps  ETA 00:33:06
[2026-03-28T08:42:17.095] [INFO] [selfplay:1] [SelfPlay] 194/1000 (19%)  pos=17709  W/D/B=79/39/76  (40%/20%/39%)  d4/d7  2.4 games/s (avg 0.4)  785.1K nps  ETA 00:32:51
[2026-03-28T08:42:19.170] [INFO] [selfplay:1] [SelfPlay] 195/1000 (19%)  pos=17760  W/D/B=79/40/76  (40%/20%/38%)  d4/d7  2.0 games/s (avg 0.4)  780.8K nps  ETA 00:32:54
[2026-03-28T08:42:20.166] [INFO] [selfplay:1] [SelfPlay] 196/1000 (19%)  pos=17859  W/D/B=79/40/77  (40%/20%/39%)  d4/d7  1.8 games/s (avg 0.4)  780.9K nps  ETA 00:32:51
[2026-03-28T08:42:22.711] [INFO] [selfplay:1] [SelfPlay] 197/1000 (19%)  pos=17954  W/D/B=79/40/78  (40%/20%/39%)  d4/d7  1.7 games/s (avg 0.4)  782.4K nps  ETA 00:32:41
[2026-03-28T08:42:25.387] [INFO] [selfplay:1] [SelfPlay] 198/1000 (19%)  pos=18002  W/D/B=79/40/79  (39%/20%/39%)  d4/d7  1.5 games/s (avg 0.4)  779.7K nps  ETA 00:32:38
[2026-03-28T08:42:25.832] [INFO] [selfplay:1] [SelfPlay] 199/1000 (19%)  pos=18123  W/D/B=80/40/79  (40%/20%/39%)  d4/d7  1.3 games/s (avg 0.4)  779.7K nps  ETA 00:32:40
[2026-03-28T08:42:30.835] [INFO] [selfplay:1] [SelfPlay] 200/1000 (20%)  pos=18363  W/D/B=80/41/79  (40%/20%/39%)  d4/d7  1.5 games/s (avg 0.4)  783.8K nps  ETA 00:32:24
[2026-03-28T08:42:37.067] [INFO] [selfplay:1] [SelfPlay] 201/1000 (20%)  pos=18584  W/D/B=80/42/79  (39%/20%/39%)  d4/d7  1.3 games/s (avg 0.4)  774.2K nps  ETA 00:32:31
[2026-03-28T08:42:40.249] [INFO] [selfplay:1] [SelfPlay] 202/1000 (20%)  pos=18608  W/D/B=80/42/80  (39%/20%/39%)  d4/d7  1.1 games/s (avg 0.4)  763.7K nps  ETA 00:32:47
[2026-03-28T08:42:42.003] [INFO] [selfplay:1] [SelfPlay] 203/1000 (20%)  pos=18694  W/D/B=81/42/80  (39%/20%/39%)  d4/d7  1.0 games/s (avg 0.4)  760.5K nps  ETA 00:32:48
[2026-03-28T08:42:46.708] [INFO] [selfplay:1] [SelfPlay] 204/1000 (20%)  pos=18792  W/D/B=81/43/80  (39%/21%/39%)  d4/d7  0.9 games/s (avg 0.4)  761.3K nps  ETA 00:32:40
[2026-03-28T08:42:47.694] [INFO] [selfplay:1] [SelfPlay] 205/1000 (20%)  pos=18884  W/D/B=81/43/81  (39%/20%/39%)  d4/d7  0.8 games/s (avg 0.4)  755.8K nps  ETA 00:32:50
[2026-03-28T08:42:49.631] [INFO] [selfplay:1] [SelfPlay] 206/1000 (20%)  pos=18931  W/D/B=82/43/81  (39%/20%/39%)  d4/d7  0.8 games/s (avg 0.4)  757.3K nps  ETA 00:32:41
[2026-03-28T08:42:51.193] [INFO] [selfplay:1] [SelfPlay] 207/1000 (20%)  pos=19054  W/D/B=83/43/81  (40%/20%/39%)  d4/d7  0.8 games/s (avg 0.4)  759.7K nps  ETA 00:32:37
[2026-03-28T08:42:55.519] [INFO] [selfplay:1] [SelfPlay] 208/1000 (20%)  pos=19094  W/D/B=83/44/81  (39%/21%/38%)  d4/d7  0.8 games/s (avg 0.4)  759.3K nps  ETA 00:32:27
[2026-03-28T08:43:00.408] [INFO] [selfplay:1] [SelfPlay] 209/1000 (20%)  pos=19175  W/D/B=84/44/81  (40%/21%/38%)  d4/d7  0.7 games/s (avg 0.4)  758.6K nps  ETA 00:32:32
[2026-03-28T08:43:06.530] [INFO] [selfplay:1] [SelfPlay] 210/1000 (21%)  pos=19397  W/D/B=84/45/81  (40%/21%/38%)  d4/d7  0.6 games/s (avg 0.4)  755.3K nps  ETA 00:32:37
[2026-03-28T08:43:06.941] [INFO] [selfplay:1] [SelfPlay] 211/1000 (21%)  pos=19455  W/D/B=85/45/81  (40%/21%/38%)  d4/d7  0.6 games/s (avg 0.4)  747.2K nps  ETA 00:32:55
[2026-03-28T08:43:07.985] [INFO] [selfplay:1] [SelfPlay] 212/1000 (21%)  pos=19539  W/D/B=85/46/81  (40%/21%/38%)  d4/d7  0.8 games/s (avg 0.4)  750.1K nps  ETA 00:32:43
[2026-03-28T08:43:09.199] [INFO] [selfplay:1] [SelfPlay] 213/1000 (21%)  pos=19775  W/D/B=85/46/82  (39%/21%/38%)  d4/d7  0.9 games/s (avg 0.4)  757.3K nps  ETA 00:32:35
[2026-03-28T08:43:10.934] [INFO] [selfplay:1] [SelfPlay] 214/1000 (21%)  pos=20001  W/D/B=86/46/82  (40%/21%/38%)  d4/d7  0.8 games/s (avg 0.4)  762.4K nps  ETA 00:32:27
[2026-03-28T08:43:12.489] [INFO] [selfplay:1] [SelfPlay] 215/1000 (21%)  pos=20161  W/D/B=86/47/82  (40%/21%/38%)  d4/d7  0.8 games/s (avg 0.4)  759.7K nps  ETA 00:32:22
[2026-03-28T08:43:18.125] [INFO] [selfplay:1] [SelfPlay] 216/1000 (21%)  pos=20240  W/D/B=87/47/82  (40%/21%/37%)  d4/d7  0.8 games/s (avg 0.4)  759.7K nps  ETA 00:32:13
[2026-03-28T08:43:18.616] [INFO] [selfplay:1] [SelfPlay] 217/1000 (21%)  pos=20457  W/D/B=87/48/82  (40%/22%/37%)  d4/d7  0.7 games/s (avg 0.4)  750.5K nps  ETA 00:32:26
[2026-03-28T08:43:23.041] [INFO] [selfplay:1] [SelfPlay] 218/1000 (21%)  pos=20468  W/D/B=88/48/82  (40%/22%/37%)  d4/d7  0.9 games/s (avg 0.4)  750.8K nps  ETA 00:32:14
[2026-03-28T08:43:23.902] [INFO] [selfplay:1] [SelfPlay] 219/1000 (21%)  pos=20594  W/D/B=88/48/83  (40%/21%/37%)  d4/d7  0.8 games/s (avg 0.4)  746.4K nps  ETA 00:32:21
[2026-03-28T08:43:26.244] [INFO] [selfplay:1] [SelfPlay] 220/1000 (22%)  pos=20794  W/D/B=88/49/83  (40%/22%/37%)  d4/d7  0.8 games/s (avg 0.4)  752.2K nps  ETA 00:32:12
[2026-03-28T08:43:27.873] [INFO] [selfplay:1] [SelfPlay] 221/1000 (22%)  pos=20831  W/D/B=88/49/84  (39%/22%/38%)  d4/d7  0.8 games/s (avg 0.4)  748.4K nps  ETA 00:32:09
[2026-03-28T08:43:30.466] [INFO] [selfplay:1] [SelfPlay] 222/1000 (22%)  pos=20955  W/D/B=88/49/85  (39%/22%/38%)  d4/d7  0.8 games/s (avg 0.4)  746.1K nps  ETA 00:32:02
[2026-03-28T08:43:41.736] [INFO] [selfplay:1] [SelfPlay] 223/1000 (22%)  pos=21142  W/D/B=89/49/85  (39%/21%/38%)  d4/d7  0.7 games/s (avg 0.4)  747.4K nps  ETA 00:31:52
[2026-03-28T08:43:44.713] [INFO] [selfplay:1] [SelfPlay] 224/1000 (22%)  pos=21184  W/D/B=89/49/86  (39%/21%/38%)  d4/d7  0.6 games/s (avg 0.4)  732.0K nps  ETA 00:32:28
[2026-03-28T08:43:45.114] [INFO] [selfplay:1] [SelfPlay] 225/1000 (22%)  pos=21275  W/D/B=90/49/86  (40%/21%/38%)  d4/d7  0.6 games/s (avg 0.4)  733.0K nps  ETA 00:32:30
[2026-03-28T08:43:45.356] [INFO] [selfplay:1] [SelfPlay] 226/1000 (22%)  pos=21360  W/D/B=90/49/87  (39%/21%/38%)  d4/d7  0.9 games/s (avg 0.4)  738.7K nps  ETA 00:32:20
[2026-03-28T08:43:46.836] [INFO] [selfplay:1] [SelfPlay] 227/1000 (22%)  pos=21443  W/D/B=90/50/87  (39%/22%/38%)  d4/d7  1.3 games/s (avg 0.4)  744.2K nps  ETA 00:32:09
[2026-03-28T08:43:51.171] [INFO] [selfplay:1] [SelfPlay] 228/1000 (22%)  pos=21564  W/D/B=90/50/88  (39%/21%/38%)  d4/d7  1.2 games/s (avg 0.4)  746.9K nps  ETA 00:32:00
[2026-03-28T08:43:57.329] [INFO] [selfplay:1] [SelfPlay] 229/1000 (22%)  pos=21709  W/D/B=91/50/88  (39%/21%/38%)  d4/d7  1.1 games/s (avg 0.4)  744.7K nps  ETA 00:32:02
[2026-03-28T08:43:58.606] [INFO] [selfplay:1] [SelfPlay] 230/1000 (23%)  pos=21785  W/D/B=91/51/88  (39%/22%/38%)  d4/d7  1.0 games/s (avg 0.4)  738.6K nps  ETA 00:32:16
[2026-03-28T08:43:59.428] [INFO] [selfplay:1] [SelfPlay] 231/1000 (23%)  pos=21893  W/D/B=91/51/89  (39%/22%/38%)  d4/d7  0.9 games/s (avg 0.4)  740.8K nps  ETA 00:32:10
[2026-03-28T08:44:03.390] [INFO] [selfplay:1] [SelfPlay] 232/1000 (23%)  pos=21965  W/D/B=91/52/89  (39%/22%/38%)  d4/d7  1.0 games/s (avg 0.4)  742.9K nps  ETA 00:31:59
[2026-03-28T08:44:03.410] [INFO] [selfplay:1] [SelfPlay] 233/1000 (23%)  pos=22030  W/D/B=92/52/89  (39%/22%/38%)  d4/d7  0.9 games/s (avg 0.4)  738.4K nps  ETA 00:32:05
[2026-03-28T08:44:04.957] [INFO] [selfplay:1] [SelfPlay] 234/1000 (23%)  pos=22105  W/D/B=93/52/89  (39%/22%/38%)  d4/d7  8.1 games/s (avg 0.4)  739.0K nps  ETA 00:31:54
[2026-03-28T08:44:06.368] [INFO] [selfplay:1] [SelfPlay] 235/1000 (23%)  pos=22189  W/D/B=93/53/89  (39%/22%/37%)  d4/d7  7.5 games/s (avg 0.4)  740.9K nps  ETA 00:31:47
[2026-03-28T08:44:08.051] [INFO] [selfplay:1] [SelfPlay] 236/1000 (23%)  pos=22337  W/D/B=93/53/90  (39%/22%/38%)  d4/d7  6.9 games/s (avg 0.4)  746.4K nps  ETA 00:31:42
[2026-03-28T08:44:11.838] [INFO] [selfplay:1] [SelfPlay] 237/1000 (23%)  pos=22449  W/D/B=93/53/91  (39%/22%/38%)  d4/d7  6.4 games/s (avg 0.4)  746.7K nps  ETA 00:31:34
[2026-03-28T08:44:22.504] [INFO] [selfplay:1] [SelfPlay] 238/1000 (23%)  pos=22540  W/D/B=93/53/92  (39%/22%/38%)  d4/d7  5.9 games/s (avg 0.4)  750.9K nps  ETA 00:31:29
[2026-03-28T08:44:24.852] [INFO] [selfplay:1] [SelfPlay] 239/1000 (23%)  pos=22632  W/D/B=94/53/92  (39%/22%/38%)  d4/d7  5.5 games/s (avg 0.4)  755.1K nps  ETA 00:32:01
[2026-03-28T08:44:25.212] [INFO] [selfplay:1] [SelfPlay] 240/1000 (24%)  pos=22718  W/D/B=94/53/93  (39%/22%/38%)  d4/d7  5.0 games/s (avg 0.4)  759.3K nps  ETA 00:32:00
[2026-03-28T08:44:28.983] [INFO] [selfplay:1] [SelfPlay] 241/1000 (24%)  pos=22806  W/D/B=94/53/94  (39%/21%/39%)  d4/d7  4.7 games/s (avg 0.4)  761.7K nps  ETA 00:31:47
[2026-03-28T08:44:29.201] [INFO] [selfplay:1] [SelfPlay] 242/1000 (24%)  pos=22860  W/D/B=94/53/95  (38%/21%/39%)  d4/d7  4.4 games/s (avg 0.4)  763.3K nps  ETA 00:31:52
[2026-03-28T08:44:30.025] [INFO] [selfplay:1] [SelfPlay] 243/1000 (24%)  pos=22931  W/D/B=94/53/96  (38%/21%/39%)  d4/d7  4.4 games/s (avg 0.4)  769.5K nps  ETA 00:31:41
[2026-03-28T08:44:34.911] [INFO] [selfplay:1] [SelfPlay] 244/1000 (24%)  pos=23016  W/D/B=94/53/97  (38%/21%/39%)  d4/d7  3.9 games/s (avg 0.4)  768.7K nps  ETA 00:31:30
[2026-03-28T08:44:35.233] [INFO] [selfplay:1] [SelfPlay] 245/1000 (24%)  pos=23074  W/D/B=94/53/98  (38%/21%/40%)  d4/d7  3.6 games/s (avg 0.4)  773.3K nps  ETA 00:31:40
[2026-03-28T08:44:35.572] [INFO] [selfplay:1] [SelfPlay] 246/1000 (24%)  pos=23214  W/D/B=95/53/98  (38%/21%/39%)  d4/d7  3.5 games/s (avg 0.4)  773.4K nps  ETA 00:31:29
[2026-03-28T08:44:37.297] [INFO] [selfplay:1] [SelfPlay] 247/1000 (24%)  pos=23233  W/D/B=95/54/98  (38%/21%/39%)  d4/d7  3.5 games/s (avg 0.4)  773.5K nps  ETA 00:31:20
[2026-03-28T08:44:37.353] [INFO] [selfplay:1] [SelfPlay] 248/1000 (24%)  pos=23370  W/D/B=95/54/99  (38%/21%/39%)  d4/d7  3.0 games/s (avg 0.4)  775.6K nps  ETA 00:31:15
[2026-03-28T08:44:39.082] [INFO] [selfplay:1] [SelfPlay] 249/1000 (24%)  pos=23440  W/D/B=95/54/100  (38%/21%/40%)  d4/d7  5.3 games/s (avg 0.4)  779.1K nps  ETA 00:31:04
[2026-03-28T08:44:42.800] [INFO] [selfplay:1] [SelfPlay] 250/1000 (25%)  pos=23588  W/D/B=95/54/101  (38%/21%/40%)  d4/d7  4.6 games/s (avg 0.4)  779.9K nps  ETA 00:30:58
[2026-03-28T08:44:48.015] [INFO] [selfplay:1] [SelfPlay] 251/1000 (25%)  pos=23677  W/D/B=95/54/102  (37%/21%/40%)  d4/d7  4.2 games/s (avg 0.4)  783.8K nps  ETA 00:30:58
[2026-03-28T08:44:48.110] [INFO] [selfplay:1] [SelfPlay] 252/1000 (25%)  pos=23792  W/D/B=95/54/103  (37%/21%/40%)  d4/d7  3.9 games/s (avg 0.4)  789.1K nps  ETA 00:31:09
[2026-03-28T08:44:58.303] [INFO] [selfplay:1] [SelfPlay] 253/1000 (25%)  pos=23828  W/D/B=95/55/103  (37%/21%/40%)  d4/d7  4.9 games/s (avg 0.4)  790.2K nps  ETA 00:30:49
[2026-03-28T08:45:03.514] [INFO] [selfplay:1] [SelfPlay] 254/1000 (25%)  pos=23880  W/D/B=96/55/103  (37%/21%/40%)  d4/d7  4.5 games/s (avg 0.4)  792.3K nps  ETA 00:31:13
[2026-03-28T08:45:03.592] [INFO] [selfplay:1] [SelfPlay] 255/1000 (25%)  pos=23957  W/D/B=96/56/103  (37%/21%/40%)  d4/d7  4.2 games/s (avg 0.4)  794.8K nps  ETA 00:31:24
[2026-03-28T08:45:03.935] [INFO] [selfplay:1] [SelfPlay] 256/1000 (25%)  pos=24059  W/D/B=97/56/103  (37%/21%/40%)  d4/d7  5.5 games/s (avg 0.4)  797.4K nps  ETA 00:31:15
[2026-03-28T08:45:08.283] [INFO] [selfplay:1] [SelfPlay] 257/1000 (25%)  pos=24118  W/D/B=97/56/104  (37%/21%/40%)  d4/d7  5.1 games/s (avg 0.4)  799.7K nps  ETA 00:31:02
[2026-03-28T08:45:08.410] [INFO] [selfplay:1] [SelfPlay] 258/1000 (25%)  pos=24191  W/D/B=97/57/104  (37%/22%/40%)  d4/d7  4.7 games/s (avg 0.4)  803.6K nps  ETA 00:31:08
[2026-03-28T08:45:09.759] [INFO] [selfplay:1] [SelfPlay] 259/1000 (25%)  pos=24284  W/D/B=97/58/104  (37%/22%/40%)  d4/d7  5.2 games/s (avg 0.4)  809.5K nps  ETA 00:30:58
[2026-03-28T08:45:10.480] [INFO] [selfplay:1] [SelfPlay] 260/1000 (26%)  pos=24407  W/D/B=97/58/105  (37%/22%/40%)  d4/d7  4.5 games/s (avg 0.4)  808.0K nps  ETA 00:30:53
[2026-03-28T08:45:14.031] [INFO] [selfplay:1] [SelfPlay] 261/1000 (26%)  pos=24502  W/D/B=98/58/105  (37%/22%/40%)  d4/d7  4.0 games/s (avg 0.4)  809.7K nps  ETA 00:30:43
[2026-03-28T08:45:14.814] [INFO] [selfplay:1] [SelfPlay] 262/1000 (26%)  pos=24547  W/D/B=99/58/105  (37%/22%/40%)  d4/d7  3.7 games/s (avg 0.4)  809.7K nps  ETA 00:30:45
[2026-03-28T08:45:22.446] [INFO] [selfplay:1] [SelfPlay] 263/1000 (26%)  pos=24655  W/D/B=100/58/105  (38%/22%/39%)  d4/d7  3.4 games/s (avg 0.4)  812.0K nps  ETA 00:30:31
[2026-03-28T08:45:31.102] [INFO] [selfplay:1] [SelfPlay] 264/1000 (26%)  pos=24830  W/D/B=100/58/106  (37%/21%/40%)  d4/d7  3.1 games/s (avg 0.4)  817.8K nps  ETA 00:30:43
[2026-03-28T08:45:33.268] [INFO] [selfplay:1] [SelfPlay] 265/1000 (26%)  pos=24929  W/D/B=100/58/107  (37%/21%/40%)  d4/d7  2.9 games/s (avg 0.4)  821.9K nps  ETA 00:31:03
[2026-03-28T08:45:34.842] [INFO] [selfplay:1] [SelfPlay] 266/1000 (26%)  pos=25005  W/D/B=100/58/108  (37%/21%/40%)  d4/d7  2.5 games/s (avg 0.4)  822.9K nps  ETA 00:31:00
[2026-03-28T08:45:35.062] [INFO] [selfplay:1] [SelfPlay] 267/1000 (26%)  pos=25067  W/D/B=101/58/108  (37%/21%/40%)  d4/d7  2.2 games/s (avg 0.4)  823.9K nps  ETA 00:30:57
[2026-03-28T08:45:37.639] [INFO] [selfplay:1] [SelfPlay] 268/1000 (26%)  pos=25180  W/D/B=102/58/108  (38%/21%/40%)  d4/d7  2.6 games/s (avg 0.4)  826.1K nps  ETA 00:30:45
[2026-03-28T08:45:38.411] [INFO] [selfplay:1] [SelfPlay] 269/1000 (26%)  pos=25219  W/D/B=102/58/109  (37%/21%/40%)  d4/d7  2.3 games/s (avg 0.4)  825.3K nps  ETA 00:30:44
[2026-03-28T08:45:41.707] [INFO] [selfplay:1] [SelfPlay] 270/1000 (27%)  pos=25454  W/D/B=102/59/109  (37%/21%/40%)  d4/d7  2.1 games/s (avg 0.4)  824.9K nps  ETA 00:30:35
[2026-03-28T08:45:43.382] [INFO] [selfplay:1] [SelfPlay] 271/1000 (27%)  pos=25517  W/D/B=102/60/109  (37%/22%/40%)  d4/d7  1.8 games/s (avg 0.4)  819.6K nps  ETA 00:30:36
[2026-03-28T08:45:43.470] [INFO] [selfplay:1] [SelfPlay] 272/1000 (27%)  pos=25637  W/D/B=102/61/109  (37%/22%/40%)  d4/d7  1.7 games/s (avg 0.4)  824.2K nps  ETA 00:30:33
[2026-03-28T08:45:46.878] [INFO] [selfplay:1] [SelfPlay] 273/1000 (27%)  pos=25688  W/D/B=102/61/110  (37%/22%/40%)  d4/d7  3.1 games/s (avg 0.4)  827.1K nps  ETA 00:30:21
[2026-03-28T08:45:49.458] [INFO] [selfplay:1] [SelfPlay] 274/1000 (27%)  pos=25734  W/D/B=102/61/111  (37%/22%/40%)  d4/d7  2.9 games/s (avg 0.4)  826.9K nps  ETA 00:30:21
[2026-03-28T08:45:51.773] [INFO] [selfplay:1] [SelfPlay] 275/1000 (27%)  pos=25849  W/D/B=103/61/111  (37%/22%/40%)  d4/d7  2.5 games/s (avg 0.4)  826.7K nps  ETA 00:30:20
[2026-03-28T08:45:57.623] [INFO] [selfplay:1] [SelfPlay] 276/1000 (27%)  pos=25891  W/D/B=104/61/111  (37%/22%/40%)  d4/d7  2.2 games/s (avg 0.4)  827.3K nps  ETA 00:30:13
[2026-03-28T08:45:59.684] [INFO] [selfplay:1] [SelfPlay] 277/1000 (27%)  pos=25955  W/D/B=105/61/111  (37%/22%/40%)  d4/d7  2.0 games/s (avg 0.4)  830.8K nps  ETA 00:30:23
[2026-03-28T08:46:01.768] [INFO] [selfplay:1] [SelfPlay] 278/1000 (27%)  pos=26026  W/D/B=106/61/111  (38%/21%/39%)  d4/d7  1.8 games/s (avg 0.4)  831.0K nps  ETA 00:30:19
[2026-03-28T08:46:04.442] [INFO] [selfplay:1] [SelfPlay] 279/1000 (27%)  pos=26143  W/D/B=107/61/111  (38%/21%/39%)  d4/d7  1.6 games/s (avg 0.4)  833.6K nps  ETA 00:30:14
[2026-03-28T08:46:05.292] [INFO] [selfplay:1] [SelfPlay] 280/1000 (28%)  pos=26180  W/D/B=108/61/111  (38%/21%/39%)  d4/d7  1.4 games/s (avg 0.4)  829.5K nps  ETA 00:30:15
[2026-03-28T08:46:06.160] [INFO] [selfplay:1] [SelfPlay] 281/1000 (28%)  pos=26321  W/D/B=108/61/112  (38%/21%/39%)  d4/d7  1.4 games/s (avg 0.4)  831.6K nps  ETA 00:30:07
[2026-03-28T08:46:13.954] [INFO] [selfplay:1] [SelfPlay] 282/1000 (28%)  pos=26409  W/D/B=108/61/113  (38%/21%/40%)  d4/d7  1.3 games/s (avg 0.4)  833.2K nps  ETA 00:29:54
[2026-03-28T08:46:18.167] [INFO] [selfplay:1] [SelfPlay] 283/1000 (28%)  pos=26509  W/D/B=109/61/113  (38%/21%/39%)  d4/d7  1.2 games/s (avg 0.4)  834.6K nps  ETA 00:30:09
[2026-03-28T08:46:22.569] [INFO] [selfplay:1] [SelfPlay] 284/1000 (28%)  pos=26571  W/D/B=109/62/113  (38%/21%/39%)  d4/d7  1.1 games/s (avg 0.4)  831.1K nps  ETA 00:30:09
[2026-03-28T08:46:23.708] [INFO] [selfplay:1] [SelfPlay] 285/1000 (28%)  pos=26624  W/D/B=110/62/113  (38%/21%/39%)  d4/d7  1.0 games/s (avg 0.4)  827.6K nps  ETA 00:30:15
[2026-03-28T08:46:27.537] [INFO] [selfplay:1] [SelfPlay] 286/1000 (28%)  pos=26678  W/D/B=111/62/113  (38%/21%/39%)  d4/d7  1.0 games/s (avg 0.4)  830.4K nps  ETA 00:30:06
[2026-03-28T08:46:29.353] [INFO] [selfplay:1] [SelfPlay] 287/1000 (28%)  pos=26752  W/D/B=111/62/114  (38%/21%/39%)  d4/d7  0.8 games/s (avg 0.4)  827.1K nps  ETA 00:30:09
[2026-03-28T08:46:31.176] [INFO] [selfplay:1] [SelfPlay] 288/1000 (28%)  pos=26866  W/D/B=112/62/114  (38%/21%/39%)  d4/d7  0.8 games/s (avg 0.4)  828.9K nps  ETA 00:30:06
[2026-03-28T08:46:38.441] [INFO] [selfplay:1] [SelfPlay] 289/1000 (28%)  pos=26941  W/D/B=113/62/114  (39%/21%/39%)  d4/d7  0.8 games/s (avg 0.4)  831.4K nps  ETA 00:29:54
[2026-03-28T08:46:39.254] [INFO] [selfplay:1] [SelfPlay] 290/1000 (29%)  pos=27099  W/D/B=113/62/115  (38%/21%/39%)  d4/d7  0.7 games/s (avg 0.4)  823.3K nps  ETA 00:30:11
[2026-03-28T08:46:43.369] [INFO] [selfplay:1] [SelfPlay] 291/1000 (29%)  pos=27339  W/D/B=113/63/115  (38%/21%/39%)  d4/d7  0.8 games/s (avg 0.4)  822.9K nps  ETA 00:30:00
[2026-03-28T08:46:44.574] [INFO] [selfplay:1] [SelfPlay] 292/1000 (29%)  pos=27499  W/D/B=114/63/115  (39%/21%/39%)  d4/d7  0.7 games/s (avg 0.4)  820.3K nps  ETA 00:30:05
[2026-03-28T08:46:46.278] [INFO] [selfplay:1] [SelfPlay] 293/1000 (29%)  pos=27647  W/D/B=114/63/116  (38%/21%/39%)  d4/d7  0.7 games/s (avg 0.4)  819.0K nps  ETA 00:29:59
[2026-03-28T08:46:46.587] [INFO] [selfplay:1] [SelfPlay] 294/1000 (29%)  pos=27863  W/D/B=114/63/117  (38%/21%/39%)  d4/d7  0.7 games/s (avg 0.4)  821.4K nps  ETA 00:29:55
[2026-03-28T08:46:49.477] [INFO] [selfplay:1] [SelfPlay] 295/1000 (29%)  pos=27921  W/D/B=114/64/117  (38%/21%/39%)  d4/d7  1.1 games/s (avg 0.4)  823.1K nps  ETA 00:29:45
[2026-03-28T08:46:53.848] [INFO] [selfplay:1] [SelfPlay] 296/1000 (29%)  pos=28016  W/D/B=115/64/117  (38%/21%/39%)  d4/d7  1.0 games/s (avg 0.4)  822.0K nps  ETA 00:29:42
[2026-03-28T08:46:53.958] [INFO] [selfplay:1] [SelfPlay] 297/1000 (29%)  pos=28256  W/D/B=115/65/117  (38%/21%/39%)  d4/d7  0.8 games/s (avg 0.4)  821.5K nps  ETA 00:29:48
[2026-03-28T08:46:53.973] [INFO] [selfplay:1] [SelfPlay] 298/1000 (29%)  pos=28352  W/D/B=116/65/117  (38%/21%/39%)  d4/d7  2.1 games/s (avg 0.4)  825.7K nps  ETA 00:29:40
[2026-03-28T08:46:58.095] [INFO] [selfplay:1] [SelfPlay] 299/1000 (29%)  pos=28414  W/D/B=116/65/118  (38%/21%/39%)  d4/d7  11.8 games/s (avg 0.4)  829.2K nps  ETA 00:29:27
[2026-03-28T08:47:04.980] [INFO] [selfplay:1] [SelfPlay] 300/1000 (30%)  pos=28497  W/D/B=117/65/118  (39%/21%/39%)  d4/d7  10.9 games/s (avg 0.4)  831.6K nps  ETA 00:29:25
[2026-03-28T08:47:15.211] [INFO] [selfplay:1] [SelfPlay] 301/1000 (30%)  pos=28601  W/D/B=117/65/119  (38%/21%/39%)  d4/d7  10.1 games/s (avg 0.4)  835.2K nps  ETA 00:29:30
[2026-03-28T08:47:19.184] [INFO] [selfplay:1] [SelfPlay] 302/1000 (30%)  pos=28702  W/D/B=118/65/119  (39%/21%/39%)  d4/d7  9.4 games/s (avg 0.4)  837.0K nps  ETA 00:29:51
[2026-03-28T08:47:20.175] [INFO] [selfplay:1] [SelfPlay] 303/1000 (30%)  pos=28787  W/D/B=119/65/119  (39%/21%/39%)  d4/d7  8.7 games/s (avg 0.4)  841.7K nps  ETA 00:29:55
[2026-03-28T08:47:21.500] [INFO] [selfplay:1] [SelfPlay] 304/1000 (30%)  pos=28865  W/D/B=120/65/119  (39%/21%/39%)  d4/d7  7.5 games/s (avg 0.4)  843.3K nps  ETA 00:29:48
[2026-03-28T08:47:22.125] [INFO] [selfplay:1] [SelfPlay] 305/1000 (30%)  pos=28911  W/D/B=120/65/120  (39%/21%/39%)  d4/d7  6.5 games/s (avg 0.4)  844.4K nps  ETA 00:29:44
[2026-03-28T08:47:22.633] [INFO] [selfplay:1] [SelfPlay] 306/1000 (30%)  pos=28969  W/D/B=121/65/120  (39%/21%/39%)  d4/d7  5.8 games/s (avg 0.4)  846.3K nps  ETA 00:29:36
[2026-03-28T08:47:23.786] [INFO] [selfplay:1] [SelfPlay] 307/1000 (30%)  pos=29018  W/D/B=121/65/121  (39%/21%/39%)  d4/d7  5.2 games/s (avg 0.4)  848.3K nps  ETA 00:29:29
[2026-03-28T08:47:25.060] [INFO] [selfplay:1] [SelfPlay] 308/1000 (30%)  pos=29065  W/D/B=121/66/121  (39%/21%/39%)  d4/d7  4.5 games/s (avg 0.4)  849.0K nps  ETA 00:29:23
[2026-03-28T08:47:25.989] [INFO] [selfplay:1] [SelfPlay] 309/1000 (30%)  pos=29119  W/D/B=121/66/122  (39%/21%/39%)  d4/d7  4.0 games/s (avg 0.4)  850.7K nps  ETA 00:29:18
[2026-03-28T08:47:27.446] [INFO] [selfplay:1] [SelfPlay] 310/1000 (31%)  pos=29193  W/D/B=121/66/123  (39%/21%/39%)  d4/d7  3.5 games/s (avg 0.4)  851.8K nps  ETA 00:29:11
[2026-03-28T08:47:28.751] [INFO] [selfplay:1] [SelfPlay] 311/1000 (31%)  pos=29305  W/D/B=121/67/123  (38%/21%/39%)  d4/d7  3.1 games/s (avg 0.4)  850.1K nps  ETA 00:29:07
[2026-03-28T08:47:29.346] [INFO] [selfplay:1] [SelfPlay] 312/1000 (31%)  pos=29376  W/D/B=121/67/124  (38%/21%/39%)  d4/d7  2.8 games/s (avg 0.4)  848.6K nps  ETA 00:29:02
[2026-03-28T08:47:30.306] [INFO] [selfplay:1] [SelfPlay] 313/1000 (31%)  pos=29466  W/D/B=122/67/124  (38%/21%/39%)  d4/d7  2.6 games/s (avg 0.4)  848.0K nps  ETA 00:28:55
[2026-03-28T08:47:34.508] [INFO] [selfplay:1] [SelfPlay] 314/1000 (31%)  pos=29622  W/D/B=123/67/124  (39%/21%/39%)  d4/d7  2.4 games/s (avg 0.4)  851.5K nps  ETA 00:28:45
[2026-03-28T08:47:37.777] [INFO] [selfplay:1] [SelfPlay] 315/1000 (31%)  pos=29712  W/D/B=124/67/124  (39%/21%/39%)  d4/d7  2.0 games/s (avg 0.4)  849.6K nps  ETA 00:28:48
[2026-03-28T08:47:39.323] [INFO] [selfplay:1] [SelfPlay] 316/1000 (31%)  pos=29769  W/D/B=125/67/124  (39%/21%/39%)  d4/d7  1.8 games/s (avg 0.4)  845.0K nps  ETA 00:28:49
[2026-03-28T08:47:41.539] [INFO] [selfplay:1] [SelfPlay] 317/1000 (31%)  pos=29807  W/D/B=125/67/125  (39%/21%/39%)  d4/d7  1.6 games/s (avg 0.4)  844.4K nps  ETA 00:28:42
[2026-03-28T08:47:45.950] [INFO] [selfplay:1] [SelfPlay] 318/1000 (31%)  pos=29870  W/D/B=125/67/126  (39%/21%/39%)  d4/d7  1.4 games/s (avg 0.4)  843.5K nps  ETA 00:28:38
[2026-03-28T08:47:47.489] [INFO] [selfplay:1] [SelfPlay] 319/1000 (31%)  pos=30032  W/D/B=126/67/126  (39%/21%/39%)  d4/d7  1.3 games/s (avg 0.4)  837.5K nps  ETA 00:28:42
[2026-03-28T08:47:48.986] [INFO] [selfplay:1] [SelfPlay] 320/1000 (32%)  pos=30079  W/D/B=127/67/126  (39%/20%/39%)  d4/d7  1.2 games/s (avg 0.4)  837.6K nps  ETA 00:28:38
[2026-03-28T08:47:52.871] [INFO] [selfplay:1] [SelfPlay] 321/1000 (32%)  pos=30141  W/D/B=128/67/126  (39%/20%/39%)  d4/d7  1.1 games/s (avg 0.4)  835.7K nps  ETA 00:28:30
[2026-03-28T08:47:53.812] [INFO] [selfplay:1] [SelfPlay] 322/1000 (32%)  pos=30220  W/D/B=128/67/127  (39%/20%/39%)  d4/d7  1.0 games/s (avg 0.4)  834.2K nps  ETA 00:28:34
[2026-03-28T08:47:54.960] [INFO] [selfplay:1] [SelfPlay] 323/1000 (32%)  pos=30260  W/D/B=129/67/127  (39%/20%/39%)  d4/d7  1.0 games/s (avg 0.4)  835.2K nps  ETA 00:28:28
[2026-03-28T08:48:04.304] [INFO] [selfplay:1] [SelfPlay] 324/1000 (32%)  pos=30324  W/D/B=129/68/127  (39%/20%/39%)  d4/d7  1.0 games/s (avg 0.4)  833.8K nps  ETA 00:28:14
[2026-03-28T08:48:06.721] [INFO] [selfplay:1] [SelfPlay] 325/1000 (32%)  pos=30368  W/D/B=129/68/128  (39%/20%/39%)  d4/d7  0.8 games/s (avg 0.4)  824.1K nps  ETA 00:28:32
[2026-03-28T08:48:07.908] [INFO] [selfplay:1] [SelfPlay] 326/1000 (32%)  pos=30429  W/D/B=129/68/129  (39%/20%/39%)  d4/d7  0.8 games/s (avg 0.4)  824.0K nps  ETA 00:28:31
[2026-03-28T08:48:09.145] [INFO] [selfplay:1] [SelfPlay] 327/1000 (32%)  pos=30472  W/D/B=129/68/130  (39%/20%/39%)  d4/d7  0.8 games/s (avg 0.4)  822.6K nps  ETA 00:28:26
[2026-03-28T08:48:09.698] [INFO] [selfplay:1] [SelfPlay] 328/1000 (32%)  pos=30510  W/D/B=130/68/130  (39%/20%/39%)  d4/d7  0.8 games/s (avg 0.4)  821.1K nps  ETA 00:28:21
[2026-03-28T08:48:10.138] [INFO] [selfplay:1] [SelfPlay] 329/1000 (32%)  pos=30560  W/D/B=130/69/130  (39%/20%/39%)  d4/d7  0.9 games/s (avg 0.4)  822.2K nps  ETA 00:28:15
[2026-03-28T08:48:14.364] [INFO] [selfplay:1] [SelfPlay] 330/1000 (33%)  pos=30662  W/D/B=130/70/130  (39%/21%/39%)  d4/d7  1.1 games/s (avg 0.4)  826.1K nps  ETA 00:28:03
[2026-03-28T08:48:14.530] [INFO] [selfplay:1] [SelfPlay] 331/1000 (33%)  pos=30718  W/D/B=130/70/131  (39%/21%/39%)  d4/d7  1.0 games/s (avg 0.4)  824.4K nps  ETA 00:28:09
[2026-03-28T08:48:14.793] [INFO] [selfplay:1] [SelfPlay] 332/1000 (33%)  pos=30805  W/D/B=131/70/131  (39%/21%/39%)  d4/d7  1.8 games/s (avg 0.4)  824.6K nps  ETA 00:28:02
[2026-03-28T08:48:15.593] [INFO] [selfplay:1] [SelfPlay] 333/1000 (33%)  pos=30904  W/D/B=131/70/132  (39%/21%/39%)  d4/d7  2.1 games/s (avg 0.4)  824.7K nps  ETA 00:27:54
[2026-03-28T08:48:16.841] [INFO] [selfplay:1] [SelfPlay] 334/1000 (33%)  pos=30963  W/D/B=131/70/133  (39%/20%/39%)  d4/d7  1.9 games/s (avg 0.4)  825.9K nps  ETA 00:27:48
[2026-03-28T08:48:19.905] [INFO] [selfplay:1] [SelfPlay] 335/1000 (33%)  pos=31033  W/D/B=131/70/134  (39%/20%/40%)  d4/d7  1.8 games/s (avg 0.4)  827.2K nps  ETA 00:27:41
[2026-03-28T08:48:20.048] [INFO] [selfplay:1] [SelfPlay] 336/1000 (33%)  pos=31209  W/D/B=131/70/135  (38%/20%/40%)  d4/d7  1.6 games/s (avg 0.4)  823.5K nps  ETA 00:27:43
[2026-03-28T08:48:26.116] [INFO] [selfplay:1] [SelfPlay] 337/1000 (33%)  pos=31309  W/D/B=131/71/135  (38%/21%/40%)  d4/d7  2.4 games/s (avg 0.4)  826.6K nps  ETA 00:27:29
[2026-03-28T08:48:28.379] [INFO] [selfplay:1] [SelfPlay] 338/1000 (33%)  pos=31497  W/D/B=131/71/136  (38%/21%/40%)  d4/d7  2.2 games/s (avg 0.4)  826.5K nps  ETA 00:27:37
[2026-03-28T08:48:29.387] [INFO] [selfplay:1] [SelfPlay] 339/1000 (33%)  pos=31601  W/D/B=132/71/136  (38%/20%/40%)  d4/d7  1.9 games/s (avg 0.4)  826.3K nps  ETA 00:27:36
[2026-03-28T08:48:30.474] [INFO] [selfplay:1] [SelfPlay] 340/1000 (34%)  pos=31732  W/D/B=132/71/137  (38%/20%/40%)  d4/d7  1.8 games/s (avg 0.4)  827.9K nps  ETA 00:27:31
[2026-03-28T08:48:31.030] [INFO] [selfplay:1] [SelfPlay] 341/1000 (34%)  pos=31972  W/D/B=132/72/137  (38%/21%/40%)  d4/d7  1.7 games/s (avg 0.4)  831.9K nps  ETA 00:27:26
[2026-03-28T08:48:31.937] [INFO] [selfplay:1] [SelfPlay] 342/1000 (34%)  pos=32088  W/D/B=133/72/137  (38%/21%/40%)  d4/d7  1.7 games/s (avg 0.4)  836.1K nps  ETA 00:27:19
[2026-03-28T08:48:33.651] [INFO] [selfplay:1] [SelfPlay] 343/1000 (34%)  pos=32172  W/D/B=134/72/137  (39%/20%/39%)  d4/d7  1.6 games/s (avg 0.4)  836.9K nps  ETA 00:27:13
[2026-03-28T08:48:34.786] [INFO] [selfplay:1] [SelfPlay] 344/1000 (34%)  pos=32282  W/D/B=134/72/138  (38%/20%/40%)  d4/d7  1.4 games/s (avg 0.4)  835.0K nps  ETA 00:27:10
[2026-03-28T08:48:36.080] [INFO] [selfplay:1] [SelfPlay] 345/1000 (34%)  pos=32301  W/D/B=134/73/138  (38%/21%/40%)  d4/d7  1.4 games/s (avg 0.4)  833.5K nps  ETA 00:27:05
[2026-03-28T08:48:51.243] [INFO] [selfplay:1] [SelfPlay] 346/1000 (34%)  pos=32403  W/D/B=134/73/139  (38%/21%/40%)  d4/d7  1.3 games/s (avg 0.4)  832.3K nps  ETA 00:26:46
[2026-03-28T08:48:51.760] [INFO] [selfplay:1] [SelfPlay] 347/1000 (34%)  pos=32439  W/D/B=134/74/139  (38%/21%/40%)  d4/d7  1.2 games/s (avg 0.4)  832.9K nps  ETA 00:27:21
[2026-03-28T08:48:55.196] [INFO] [selfplay:1] [SelfPlay] 348/1000 (34%)  pos=32511  W/D/B=135/74/139  (38%/21%/39%)  d4/d7  1.3 games/s (avg 0.4)  834.9K nps  ETA 00:27:13
[2026-03-28T08:48:55.297] [INFO] [selfplay:1] [SelfPlay] 349/1000 (34%)  pos=32653  W/D/B=135/75/139  (38%/21%/39%)  d4/d7  1.1 games/s (avg 0.4)  833.6K nps  ETA 00:27:15
[2026-03-28T08:48:56.237] [INFO] [selfplay:1] [SelfPlay] 350/1000 (35%)  pos=32758  W/D/B=136/75/139  (38%/21%/39%)  d4/d7  2.5 games/s (avg 0.4)  833.9K nps  ETA 00:27:07
[2026-03-28T08:48:57.779] [INFO] [selfplay:1] [SelfPlay] 351/1000 (35%)  pos=32890  W/D/B=136/76/139  (38%/21%/39%)  d4/d7  2.3 games/s (avg 0.4)  836.4K nps  ETA 00:27:01
[2026-03-28T08:48:58.455] [INFO] [selfplay:1] [SelfPlay] 352/1000 (35%)  pos=32935  W/D/B=136/77/139  (38%/21%/39%)  d4/d7  2.0 games/s (avg 0.4)  836.1K nps  ETA 00:26:57
[2026-03-28T08:49:00.492] [INFO] [selfplay:1] [SelfPlay] 353/1000 (35%)  pos=33155  W/D/B=136/78/139  (38%/22%/39%)  d4/d7  1.9 games/s (avg 0.4)  838.8K nps  ETA 00:26:51
[2026-03-28T08:49:00.585] [INFO] [selfplay:1] [SelfPlay] 354/1000 (35%)  pos=33202  W/D/B=137/78/139  (38%/22%/39%)  d4/d7  1.7 games/s (avg 0.4)  838.8K nps  ETA 00:26:49
[2026-03-28T08:49:03.165] [INFO] [selfplay:1] [SelfPlay] 355/1000 (35%)  pos=33317  W/D/B=138/78/139  (38%/21%/39%)  d4/d7  3.1 games/s (avg 0.4)  841.1K nps  ETA 00:26:40
[2026-03-28T08:49:05.935] [INFO] [selfplay:1] [SelfPlay] 356/1000 (35%)  pos=33409  W/D/B=139/78/139  (39%/21%/39%)  d4/d7  2.7 games/s (avg 0.4)  841.0K nps  ETA 00:26:37
[2026-03-28T08:49:10.940] [INFO] [selfplay:1] [SelfPlay] 357/1000 (35%)  pos=33608  W/D/B=139/79/139  (38%/22%/38%)  d4/d7  2.3 games/s (avg 0.4)  837.8K nps  ETA 00:26:33
[2026-03-28T08:49:16.472] [INFO] [selfplay:1] [SelfPlay] 358/1000 (35%)  pos=33722  W/D/B=139/79/140  (38%/22%/39%)  d4/d7  2.1 games/s (avg 0.4)  841.5K nps  ETA 00:26:34
[2026-03-28T08:49:17.785] [INFO] [selfplay:1] [SelfPlay] 359/1000 (35%)  pos=33803  W/D/B=140/79/140  (38%/22%/38%)  d4/d7  2.0 games/s (avg 0.4)  844.4K nps  ETA 00:26:42
[2026-03-28T08:49:18.865] [INFO] [selfplay:1] [SelfPlay] 360/1000 (36%)  pos=33852  W/D/B=140/80/140  (38%/22%/38%)  d4/d7  1.8 games/s (avg 0.4)  844.2K nps  ETA 00:26:38
[2026-03-28T08:49:21.869] [INFO] [selfplay:1] [SelfPlay] 361/1000 (36%)  pos=33897  W/D/B=140/80/141  (38%/22%/39%)  d4/d7  1.7 games/s (avg 0.4)  843.0K nps  ETA 00:26:31
[2026-03-28T08:49:22.118] [INFO] [selfplay:1] [SelfPlay] 362/1000 (36%)  pos=33956  W/D/B=141/80/141  (38%/22%/38%)  d4/d7  1.5 games/s (avg 0.4)  839.3K nps  ETA 00:26:32
[2026-03-28T08:49:25.887] [INFO] [selfplay:1] [SelfPlay] 363/1000 (36%)  pos=33994  W/D/B=142/80/141  (39%/22%/38%)  d4/d7  1.9 games/s (avg 0.4)  840.7K nps  ETA 00:26:21
[2026-03-28T08:49:27.504] [INFO] [selfplay:1] [SelfPlay] 364/1000 (36%)  pos=34070  W/D/B=142/80/142  (39%/21%/39%)  d4/d7  1.6 games/s (avg 0.4)  838.1K nps  ETA 00:26:23
[2026-03-28T08:49:30.636] [INFO] [selfplay:1] [SelfPlay] 365/1000 (36%)  pos=34174  W/D/B=142/81/142  (38%/22%/38%)  d4/d7  1.5 games/s (avg 0.4)  838.9K nps  ETA 00:26:18
[2026-03-28T08:49:33.399] [INFO] [selfplay:1] [SelfPlay] 366/1000 (36%)  pos=34290  W/D/B=142/81/143  (38%/22%/39%)  d4/d7  1.3 games/s (avg 0.4)  839.3K nps  ETA 00:26:17
[2026-03-28T08:49:35.769] [INFO] [selfplay:1] [SelfPlay] 367/1000 (36%)  pos=34381  W/D/B=143/81/143  (38%/22%/38%)  d4/d7  1.2 games/s (avg 0.4)  836.4K nps  ETA 00:26:16
[2026-03-28T08:49:39.368] [INFO] [selfplay:1] [SelfPlay] 368/1000 (36%)  pos=34491  W/D/B=143/81/144  (38%/22%/39%)  d4/d7  1.0 games/s (avg 0.4)  835.3K nps  ETA 00:26:11
[2026-03-28T08:49:39.943] [INFO] [selfplay:1] [SelfPlay] 369/1000 (36%)  pos=34545  W/D/B=144/81/144  (39%/21%/39%)  d4/d7  0.9 games/s (avg 0.4)  834.0K nps  ETA 00:26:14
[2026-03-28T08:49:42.534] [INFO] [selfplay:1] [SelfPlay] 370/1000 (37%)  pos=34638  W/D/B=145/81/144  (39%/21%/38%)  d4/d7  1.1 games/s (avg 0.4)  836.2K nps  ETA 00:26:06
[2026-03-28T08:49:43.358] [INFO] [selfplay:1] [SelfPlay] 371/1000 (37%)  pos=34786  W/D/B=145/81/145  (39%/21%/39%)  d4/d7  1.0 games/s (avg 0.4)  836.4K nps  ETA 00:26:05
[2026-03-28T08:49:43.840] [INFO] [selfplay:1] [SelfPlay] 372/1000 (37%)  pos=34846  W/D/B=146/81/145  (39%/21%/38%)  d4/d7  1.0 games/s (avg 0.4)  835.7K nps  ETA 00:26:01
[2026-03-28T08:49:45.050] [INFO] [selfplay:1] [SelfPlay] 373/1000 (37%)  pos=34918  W/D/B=146/82/145  (39%/21%/38%)  d4/d7  1.2 games/s (avg 0.4)  835.4K nps  ETA 00:25:54
[2026-03-28T08:49:45.071] [INFO] [selfplay:1] [SelfPlay] 374/1000 (37%)  pos=35020  W/D/B=146/82/146  (39%/21%/39%)  d4/d7  1.1 games/s (avg 0.4)  835.7K nps  ETA 00:25:51
[2026-03-28T08:49:47.603] [INFO] [selfplay:1] [SelfPlay] 375/1000 (37%)  pos=35175  W/D/B=146/83/146  (38%/22%/38%)  d4/d7  8.3 games/s (avg 0.4)  839.3K nps  ETA 00:25:41
[2026-03-28T08:49:47.624] [INFO] [selfplay:1] [SelfPlay] 376/1000 (37%)  pos=35314  W/D/B=146/83/147  (38%/22%/39%)  d4/d7  7.7 games/s (avg 0.4)  841.4K nps  ETA 00:25:42
[2026-03-28T08:49:48.950] [INFO] [selfplay:1] [SelfPlay] 377/1000 (37%)  pos=35333  W/D/B=146/84/147  (38%/22%/38%)  d4/d7  13.5 games/s (avg 0.4)  842.2K nps  ETA 00:25:34
[2026-03-28T08:49:49.217] [INFO] [selfplay:1] [SelfPlay] 378/1000 (37%)  pos=35475  W/D/B=146/84/148  (38%/22%/39%)  d4/d7  12.5 games/s (avg 0.4)  842.5K nps  ETA 00:25:31
[2026-03-28T08:49:50.185] [INFO] [selfplay:1] [SelfPlay] 379/1000 (37%)  pos=35538  W/D/B=147/84/148  (38%/22%/39%)  d4/d7  11.2 games/s (avg 0.4)  842.5K nps  ETA 00:25:24
[2026-03-28T08:49:52.577] [INFO] [selfplay:1] [SelfPlay] 380/1000 (38%)  pos=35677  W/D/B=148/84/148  (38%/22%/38%)  d4/d7  10.3 games/s (avg 0.4)  844.7K nps  ETA 00:25:17
[2026-03-28T08:49:53.259] [INFO] [selfplay:1] [SelfPlay] 381/1000 (38%)  pos=35748  W/D/B=148/84/149  (38%/22%/39%)  d4/d7  9.6 games/s (avg 0.4)  845.3K nps  ETA 00:25:17
[2026-03-28T08:49:53.375] [INFO] [selfplay:1] [SelfPlay] 382/1000 (38%)  pos=35890  W/D/B=149/84/149  (39%/21%/39%)  d4/d7  8.3 games/s (avg 0.4)  844.9K nps  ETA 00:25:11
[2026-03-28T08:49:57.082] [INFO] [selfplay:1] [SelfPlay] 383/1000 (38%)  pos=35988  W/D/B=149/84/150  (38%/21%/39%)  d4/d7  8.4 games/s (avg 0.4)  846.7K nps  ETA 00:25:03
[2026-03-28T08:50:00.476] [INFO] [selfplay:1] [SelfPlay] 384/1000 (38%)  pos=36039  W/D/B=150/84/150  (39%/21%/39%)  d4/d7  7.8 games/s (avg 0.4)  847.7K nps  ETA 00:25:01
[2026-03-28T08:50:03.655] [INFO] [selfplay:1] [SelfPlay] 385/1000 (38%)  pos=36094  W/D/B=150/84/151  (38%/21%/39%)  d4/d7  7.2 games/s (avg 0.4)  850.4K nps  ETA 00:25:01
[2026-03-28T08:50:07.713] [INFO] [selfplay:1] [SelfPlay] 386/1000 (38%)  pos=36193  W/D/B=151/84/151  (39%/21%/39%)  d4/d7  6.6 games/s (avg 0.4)  850.7K nps  ETA 00:24:59
[2026-03-28T08:50:09.571] [INFO] [selfplay:1] [SelfPlay] 387/1000 (38%)  pos=36310  W/D/B=151/85/151  (39%/21%/39%)  d4/d7  6.1 games/s (avg 0.4)  853.1K nps  ETA 00:25:01
[2026-03-28T08:50:10.841] [INFO] [selfplay:1] [SelfPlay] 388/1000 (38%)  pos=36315  W/D/B=151/85/152  (38%/21%/39%)  d4/d7  5.7 games/s (avg 0.4)  853.5K nps  ETA 00:24:59
[2026-03-28T08:50:11.530] [INFO] [selfplay:1] [SelfPlay] 389/1000 (38%)  pos=36395  W/D/B=151/85/153  (38%/21%/39%)  d4/d7  4.9 games/s (avg 0.4)  854.9K nps  ETA 00:24:55
[2026-03-28T08:50:13.859] [INFO] [selfplay:1] [SelfPlay] 390/1000 (39%)  pos=36443  W/D/B=151/85/154  (38%/21%/39%)  d4/d7  4.4 games/s (avg 0.4)  855.9K nps  ETA 00:24:48
[2026-03-28T08:50:14.579] [INFO] [selfplay:1] [SelfPlay] 391/1000 (39%)  pos=36447  W/D/B=151/85/155  (38%/21%/39%)  d4/d7  4.1 games/s (avg 0.4)  855.9K nps  ETA 00:24:47
[2026-03-28T08:50:16.978] [INFO] [selfplay:1] [SelfPlay] 392/1000 (39%)  pos=36504  W/D/B=152/85/155  (38%/21%/39%)  d4/d7  3.7 games/s (avg 0.4)  855.3K nps  ETA 00:24:41
[2026-03-28T08:50:17.251] [INFO] [selfplay:1] [SelfPlay] 393/1000 (39%)  pos=36548  W/D/B=153/85/155  (38%/21%/39%)  d4/d7  3.2 games/s (avg 0.4)  854.3K nps  ETA 00:24:40
[2026-03-28T08:50:20.513] [INFO] [selfplay:1] [SelfPlay] 394/1000 (39%)  pos=36718  W/D/B=154/85/155  (39%/21%/39%)  d4/d7  3.3 games/s (avg 0.4)  854.4K nps  ETA 00:24:30
[2026-03-28T08:50:24.669] [INFO] [selfplay:1] [SelfPlay] 395/1000 (39%)  pos=36779  W/D/B=155/85/155  (39%/21%/39%)  d4/d7  3.0 games/s (avg 0.4)  856.0K nps  ETA 00:24:29
[2026-03-28T08:50:27.149] [INFO] [selfplay:1] [SelfPlay] 396/1000 (39%)  pos=36808  W/D/B=156/85/155  (39%/21%/39%)  d4/d7  2.8 games/s (avg 0.4)  856.9K nps  ETA 00:24:31
[2026-03-28T08:50:30.885] [INFO] [selfplay:1] [SelfPlay] 397/1000 (39%)  pos=36929  W/D/B=157/85/155  (39%/21%/39%)  d4/d7  2.4 games/s (avg 0.4)  856.5K nps  ETA 00:24:27
[2026-03-28T08:50:33.063] [INFO] [selfplay:1] [SelfPlay] 398/1000 (39%)  pos=36991  W/D/B=158/85/155  (39%/21%/38%)  d4/d7  2.1 games/s (avg 0.4)  853.8K nps  ETA 00:24:29
[2026-03-28T08:50:35.527] [INFO] [selfplay:1] [SelfPlay] 399/1000 (39%)  pos=37045  W/D/B=159/85/155  (39%/21%/38%)  d4/d7  1.9 games/s (avg 0.4)  854.3K nps  ETA 00:24:25
[2026-03-28T08:50:36.196] [INFO] [selfplay:1] [SelfPlay] 400/1000 (40%)  pos=37161  W/D/B=159/85/156  (39%/21%/39%)  d4/d7  1.6 games/s (avg 0.4)  854.5K nps  ETA 00:24:25
[2026-03-28T08:50:36.671] [INFO] [selfplay:1] [SelfPlay] 401/1000 (40%)  pos=37358  W/D/B=159/86/156  (39%/21%/38%)  d4/d7  1.6 games/s (avg 0.4)  854.1K nps  ETA 00:24:19
[2026-03-28T08:50:36.779] [INFO] [selfplay:1] [SelfPlay] 402/1000 (40%)  pos=37542  W/D/B=159/87/156  (39%/21%/38%)  d4/d7  1.7 games/s (avg 0.4)  857.0K nps  ETA 00:24:15
[2026-03-28T08:50:40.874] [INFO] [selfplay:1] [SelfPlay] 403/1000 (40%)  pos=37609  W/D/B=159/87/157  (39%/21%/38%)  d4/d7  2.8 games/s (avg 0.4)  858.6K nps  ETA 00:24:05
[2026-03-28T08:50:44.277] [INFO] [selfplay:1] [SelfPlay] 404/1000 (40%)  pos=37726  W/D/B=160/87/157  (39%/21%/38%)  d4/d7  2.6 games/s (avg 0.4)  861.5K nps  ETA 00:24:06
[2026-03-28T08:50:51.927] [INFO] [selfplay:1] [SelfPlay] 405/1000 (40%)  pos=37809  W/D/B=160/87/158  (39%/21%/39%)  d4/d7  2.3 games/s (avg 0.4)  857.5K nps  ETA 00:24:00
[2026-03-28T08:51:00.734] [INFO] [selfplay:1] [SelfPlay] 406/1000 (40%)  pos=37931  W/D/B=160/87/159  (39%/21%/39%)  d4/d7  2.1 games/s (avg 0.4)  859.6K nps  ETA 00:24:04
[2026-03-28T08:51:00.774] [INFO] [selfplay:1] [SelfPlay] 407/1000 (40%)  pos=38009  W/D/B=161/87/159  (39%/21%/39%)  d4/d7  1.9 games/s (avg 0.4)  862.0K nps  ETA 00:24:20
[2026-03-28T08:51:04.142] [INFO] [selfplay:1] [SelfPlay] 408/1000 (40%)  pos=38096  W/D/B=162/87/159  (39%/21%/38%)  d4/d7  5.4 games/s (avg 0.4)  863.9K nps  ETA 00:24:11
[2026-03-28T08:51:04.598] [INFO] [selfplay:1] [SelfPlay] 409/1000 (40%)  pos=38175  W/D/B=163/87/159  (39%/21%/38%)  d4/d7  5.0 games/s (avg 0.4)  863.9K nps  ETA 00:24:12
[2026-03-28T08:51:05.759] [INFO] [selfplay:1] [SelfPlay] 410/1000 (41%)  pos=38275  W/D/B=164/87/159  (40%/21%/38%)  d4/d7  4.6 games/s (avg 0.4)  865.7K nps  ETA 00:24:07
[2026-03-28T08:51:07.725] [INFO] [selfplay:1] [SelfPlay] 411/1000 (41%)  pos=38406  W/D/B=164/87/160  (39%/21%/38%)  d4/d7  4.0 games/s (avg 0.4)  864.6K nps  ETA 00:24:01
[2026-03-28T08:51:09.988] [INFO] [selfplay:1] [SelfPlay] 412/1000 (41%)  pos=38473  W/D/B=164/87/161  (39%/21%/39%)  d4/d7  3.5 games/s (avg 0.4)  865.2K nps  ETA 00:23:58
[2026-03-28T08:51:14.041] [INFO] [selfplay:1] [SelfPlay] 413/1000 (41%)  pos=38560  W/D/B=164/87/162  (39%/21%/39%)  d4/d7  3.1 games/s (avg 0.4)  864.9K nps  ETA 00:23:53
[2026-03-28T08:51:15.459] [INFO] [selfplay:1] [SelfPlay] 414/1000 (41%)  pos=38728  W/D/B=165/87/162  (39%/21%/39%)  d4/d7  2.8 games/s (avg 0.4)  869.2K nps  ETA 00:23:55
[2026-03-28T08:51:20.461] [INFO] [selfplay:1] [SelfPlay] 415/1000 (41%)  pos=38795  W/D/B=166/87/162  (40%/20%/39%)  d4/d7  2.5 games/s (avg 0.4)  870.2K nps  ETA 00:23:48
[2026-03-28T08:51:22.826] [INFO] [selfplay:1] [SelfPlay] 416/1000 (41%)  pos=38927  W/D/B=166/87/163  (39%/20%/39%)  d4/d7  2.3 games/s (avg 0.4)  873.8K nps  ETA 00:23:52
[2026-03-28T08:51:25.438] [INFO] [selfplay:1] [SelfPlay] 417/1000 (41%)  pos=39013  W/D/B=167/87/163  (40%/20%/39%)  d4/d7  2.0 games/s (avg 0.4)  874.2K nps  ETA 00:23:49
[2026-03-28T08:51:28.182] [INFO] [selfplay:1] [SelfPlay] 418/1000 (41%)  pos=39052  W/D/B=167/88/163  (39%/21%/38%)  d4/d7  1.8 games/s (avg 0.4)  871.2K nps  ETA 00:23:48
[2026-03-28T08:51:28.979] [INFO] [selfplay:1] [SelfPlay] 419/1000 (41%)  pos=39131  W/D/B=167/88/164  (39%/21%/39%)  d4/d7  1.6 games/s (avg 0.4)  870.4K nps  ETA 00:23:47
[2026-03-28T08:51:29.030] [INFO] [selfplay:1] [SelfPlay] 420/1000 (42%)  pos=39209  W/D/B=167/89/164  (39%/21%/39%)  d4/d7  1.5 games/s (avg 0.4)  870.8K nps  ETA 00:23:43
[2026-03-28T08:51:30.691] [INFO] [selfplay:1] [SelfPlay] 421/1000 (42%)  pos=39345  W/D/B=167/89/165  (39%/21%/39%)  d4/d7  4.2 games/s (avg 0.4)  876.0K nps  ETA 00:23:35
[2026-03-28T08:51:31.399] [INFO] [selfplay:1] [SelfPlay] 422/1000 (42%)  pos=39398  W/D/B=167/90/165  (39%/21%/39%)  d4/d7  3.7 games/s (avg 0.4)  874.1K nps  ETA 00:23:32
[2026-03-28T08:51:37.512] [INFO] [selfplay:1] [SelfPlay] 423/1000 (42%)  pos=39453  W/D/B=168/90/165  (39%/21%/39%)  d4/d7  3.4 games/s (avg 0.4)  875.1K nps  ETA 00:23:23
[2026-03-28T08:51:42.309] [INFO] [selfplay:1] [SelfPlay] 424/1000 (42%)  pos=39566  W/D/B=169/90/165  (39%/21%/38%)  d4/d7  3.1 games/s (avg 0.4)  878.6K nps  ETA 00:23:27
[2026-03-28T08:51:43.851] [INFO] [selfplay:1] [SelfPlay] 425/1000 (42%)  pos=39585  W/D/B=169/90/166  (39%/21%/39%)  d4/d7  2.9 games/s (avg 0.4)  879.1K nps  ETA 00:23:30
[2026-03-28T08:51:45.564] [INFO] [selfplay:1] [SelfPlay] 426/1000 (42%)  pos=39769  W/D/B=170/90/166  (39%/21%/38%)  d4/d7  2.5 games/s (avg 0.4)  880.1K nps  ETA 00:23:26
[2026-03-28T08:51:49.346] [INFO] [selfplay:1] [SelfPlay] 427/1000 (42%)  pos=39854  W/D/B=171/90/166  (40%/21%/38%)  d4/d7  2.2 games/s (avg 0.4)  878.2K nps  ETA 00:23:21
[2026-03-28T08:51:52.867] [INFO] [selfplay:1] [SelfPlay] 428/1000 (42%)  pos=39975  W/D/B=172/90/166  (40%/21%/38%)  d4/d7  1.9 games/s (avg 0.4)  876.5K nps  ETA 00:23:21
[2026-03-28T08:51:57.298] [INFO] [selfplay:1] [SelfPlay] 429/1000 (42%)  pos=40093  W/D/B=172/91/166  (40%/21%/38%)  d4/d7  1.7 games/s (avg 0.4)  875.5K nps  ETA 00:23:19
[2026-03-28T08:52:03.479] [INFO] [selfplay:1] [SelfPlay] 430/1000 (43%)  pos=40259  W/D/B=172/91/167  (40%/21%/38%)  d4/d7  1.5 games/s (avg 0.4)  872.7K nps  ETA 00:23:16
[2026-03-28T08:52:06.128] [INFO] [selfplay:1] [SelfPlay] 431/1000 (43%)  pos=40404  W/D/B=172/91/168  (39%/21%/38%)  d4/d7  1.3 games/s (avg 0.4)  868.7K nps  ETA 00:23:24
[2026-03-28T08:52:06.773] [INFO] [selfplay:1] [SelfPlay] 432/1000 (43%)  pos=40463  W/D/B=173/91/168  (40%/21%/38%)  d4/d7  1.1 games/s (avg 0.4)  869.1K nps  ETA 00:23:22
[2026-03-28T08:52:06.884] [INFO] [selfplay:1] [SelfPlay] 433/1000 (43%)  pos=40517  W/D/B=174/91/168  (40%/21%/38%)  d4/d7  1.2 games/s (avg 0.4)  868.5K nps  ETA 00:23:19
[2026-03-28T08:52:18.913] [INFO] [selfplay:1] [SelfPlay] 434/1000 (43%)  pos=40608  W/D/B=175/91/168  (40%/20%/38%)  d4/d7  2.4 games/s (avg 0.4)  871.1K nps  ETA 00:23:01
[2026-03-28T08:52:22.023] [INFO] [selfplay:1] [SelfPlay] 435/1000 (43%)  pos=40660  W/D/B=176/91/168  (40%/20%/38%)  d4/d7  2.2 games/s (avg 0.4)  873.8K nps  ETA 00:23:20
[2026-03-28T08:52:22.955] [INFO] [selfplay:1] [SelfPlay] 436/1000 (43%)  pos=40760  W/D/B=177/91/168  (40%/20%/38%)  d4/d7  1.9 games/s (avg 0.4)  872.8K nps  ETA 00:23:20
[2026-03-28T08:52:23.060] [INFO] [selfplay:1] [SelfPlay] 437/1000 (43%)  pos=40799  W/D/B=178/91/168  (40%/20%/38%)  d4/d7  1.8 games/s (avg 0.4)  874.6K nps  ETA 00:23:17
[2026-03-28T08:52:24.769] [INFO] [selfplay:1] [SelfPlay] 438/1000 (43%)  pos=40869  W/D/B=178/91/169  (40%/20%/38%)  d4/d7  2.9 games/s (avg 0.4)  874.8K nps  ETA 00:23:09
[2026-03-28T08:52:27.700] [INFO] [selfplay:1] [SelfPlay] 439/1000 (43%)  pos=40981  W/D/B=178/92/169  (40%/20%/38%)  d4/d7  2.6 games/s (avg 0.4)  875.1K nps  ETA 00:23:05
[2026-03-28T08:52:28.880] [INFO] [selfplay:1] [SelfPlay] 440/1000 (44%)  pos=41016  W/D/B=179/92/169  (40%/20%/38%)  d4/d7  2.3 games/s (avg 0.4)  873.1K nps  ETA 00:23:05
[2026-03-28T08:52:31.243] [INFO] [selfplay:1] [SelfPlay] 441/1000 (44%)  pos=41114  W/D/B=179/92/170  (40%/20%/38%)  d4/d7  2.0 games/s (avg 0.4)  874.6K nps  ETA 00:23:00
[2026-03-28T08:52:31.985] [INFO] [selfplay:1] [SelfPlay] 442/1000 (44%)  pos=41354  W/D/B=179/93/170  (40%/21%/38%)  d4/d7  1.8 games/s (avg 0.4)  872.4K nps  ETA 00:22:58
[2026-03-28T08:52:35.138] [INFO] [selfplay:1] [SelfPlay] 443/1000 (44%)  pos=41485  W/D/B=179/94/170  (40%/21%/38%)  d4/d7  1.7 games/s (avg 0.4)  873.3K nps  ETA 00:22:52
[2026-03-28T08:52:35.229] [INFO] [selfplay:1] [SelfPlay] 444/1000 (44%)  pos=41591  W/D/B=180/94/170  (40%/21%/38%)  d4/d7  1.5 games/s (avg 0.4)  873.7K nps  ETA 00:22:53
[2026-03-28T08:52:37.033] [INFO] [selfplay:1] [SelfPlay] 445/1000 (44%)  pos=41747  W/D/B=181/94/170  (40%/21%/38%)  d4/d7  2.9 games/s (avg 0.4)  877.8K nps  ETA 00:22:46
[2026-03-28T08:52:40.341] [INFO] [selfplay:1] [SelfPlay] 446/1000 (44%)  pos=41886  W/D/B=181/94/171  (40%/21%/38%)  d4/d7  2.6 games/s (avg 0.4)  876.1K nps  ETA 00:22:41
[2026-03-28T08:52:43.909] [INFO] [selfplay:1] [SelfPlay] 447/1000 (44%)  pos=41932  W/D/B=181/95/171  (40%/21%/38%)  d4/d7  2.2 games/s (avg 0.4)  875.0K nps  ETA 00:22:39
[2026-03-28T08:52:59.980] [INFO] [selfplay:1] [SelfPlay] 448/1000 (44%)  pos=41994  W/D/B=181/95/172  (40%/21%/38%)  d4/d7  2.0 games/s (avg 0.4)  873.3K nps  ETA 00:22:26
[2026-03-28T08:53:01.062] [INFO] [selfplay:1] [SelfPlay] 449/1000 (44%)  pos=42070  W/D/B=182/95/172  (40%/21%/38%)  d4/d7  1.8 games/s (avg 0.4)  875.0K nps  ETA 00:22:55
[2026-03-28T08:53:02.578] [INFO] [selfplay:1] [SelfPlay] 450/1000 (45%)  pos=42099  W/D/B=183/95/172  (40%/21%/38%)  d4/d7  1.7 games/s (avg 0.4)  875.8K nps  ETA 00:22:50
[2026-03-28T08:53:02.700] [INFO] [selfplay:1] [SelfPlay] 451/1000 (45%)  pos=42151  W/D/B=183/96/172  (40%/21%/38%)  d4/d7  1.5 games/s (avg 0.4)  875.7K nps  ETA 00:22:48
[2026-03-28T08:53:03.566] [INFO] [selfplay:1] [SelfPlay] 452/1000 (45%)  pos=42224  W/D/B=183/97/172  (40%/21%/38%)  d4/d7  2.5 games/s (avg 0.4)  875.8K nps  ETA 00:22:42
[2026-03-28T08:53:06.585] [INFO] [selfplay:1] [SelfPlay] 453/1000 (45%)  pos=42335  W/D/B=184/97/172  (40%/21%/37%)  d4/d7  2.3 games/s (avg 0.4)  876.9K nps  ETA 00:22:35
[2026-03-28T08:53:11.652] [INFO] [selfplay:1] [SelfPlay] 454/1000 (45%)  pos=42455  W/D/B=184/98/172  (40%/21%/37%)  d4/d7  2.0 games/s (avg 0.4)  873.7K nps  ETA 00:22:31
[2026-03-28T08:53:15.504] [INFO] [selfplay:1] [SelfPlay] 455/1000 (45%)  pos=42567  W/D/B=185/98/172  (40%/21%/37%)  d4/d7  1.9 games/s (avg 0.4)  877.9K nps  ETA 00:22:33
[2026-03-28T08:53:16.856] [INFO] [selfplay:1] [SelfPlay] 456/1000 (45%)  pos=42776  W/D/B=185/98/173  (40%/21%/37%)  d4/d7  1.6 games/s (avg 0.4)  876.2K nps  ETA 00:22:35
[2026-03-28T08:53:18.896] [INFO] [selfplay:1] [SelfPlay] 457/1000 (45%)  pos=42875  W/D/B=185/98/174  (40%/21%/38%)  d4/d7  1.5 games/s (avg 0.4)  877.7K nps  ETA 00:22:30
[2026-03-28T08:53:20.074] [INFO] [selfplay:1] [SelfPlay] 458/1000 (45%)  pos=42960  W/D/B=185/98/175  (40%/21%/38%)  d4/d7  1.3 games/s (avg 0.4)  877.9K nps  ETA 00:22:28
[2026-03-28T08:53:22.477] [INFO] [selfplay:1] [SelfPlay] 459/1000 (45%)  pos=43139  W/D/B=186/98/175  (40%/21%/38%)  d4/d7  1.3 games/s (avg 0.4)  880.3K nps  ETA 00:22:22
[2026-03-28T08:53:26.813] [INFO] [selfplay:1] [SelfPlay] 460/1000 (46%)  pos=43250  W/D/B=186/98/176  (40%/21%/38%)  d4/d7  1.1 games/s (avg 0.4)  880.6K nps  ETA 00:22:19
[2026-03-28T08:53:27.763] [INFO] [selfplay:1] [SelfPlay] 461/1000 (46%)  pos=43290  W/D/B=187/98/176  (40%/21%/38%)  d4/d7  1.0 games/s (avg 0.4)  877.3K nps  ETA 00:22:21
[2026-03-28T08:53:27.806] [INFO] [selfplay:1] [SelfPlay] 462/1000 (46%)  pos=43415  W/D/B=188/98/176  (40%/21%/38%)  d4/d7  1.0 games/s (avg 0.4)  876.6K nps  ETA 00:22:18
[2026-03-28T08:53:38.169] [INFO] [selfplay:1] [SelfPlay] 463/1000 (46%)  pos=43456  W/D/B=189/98/176  (40%/21%/38%)  d4/d7  4.3 games/s (avg 0.4)  878.1K nps  ETA 00:22:03
[2026-03-28T08:53:43.775] [INFO] [selfplay:1] [SelfPlay] 464/1000 (46%)  pos=43499  W/D/B=189/98/177  (40%/21%/38%)  d4/d7  4.0 games/s (avg 0.4)  879.5K nps  ETA 00:22:13
[2026-03-28T08:53:46.418] [INFO] [selfplay:1] [SelfPlay] 465/1000 (46%)  pos=43581  W/D/B=190/98/177  (40%/21%/38%)  d4/d7  3.7 games/s (avg 0.4)  884.2K nps  ETA 00:22:17
[2026-03-28T08:53:48.406] [INFO] [selfplay:1] [SelfPlay] 466/1000 (46%)  pos=43614  W/D/B=190/98/178  (40%/21%/38%)  d4/d7  3.2 games/s (avg 0.4)  881.4K nps  ETA 00:22:16
[2026-03-28T08:53:49.886] [INFO] [selfplay:1] [SelfPlay] 467/1000 (46%)  pos=43697  W/D/B=190/98/179  (40%/20%/38%)  d4/d7  2.8 games/s (avg 0.4)  881.8K nps  ETA 00:22:14
[2026-03-28T08:53:50.794] [INFO] [selfplay:1] [SelfPlay] 468/1000 (46%)  pos=43754  W/D/B=190/98/180  (40%/20%/38%)  d4/d7  2.5 games/s (avg 0.4)  883.2K nps  ETA 00:22:10
[2026-03-28T08:53:52.611] [INFO] [selfplay:1] [SelfPlay] 469/1000 (46%)  pos=43849  W/D/B=190/98/181  (40%/20%/38%)  d4/d7  2.3 games/s (avg 0.4)  884.4K nps  ETA 00:22:05
[2026-03-28T08:53:53.182] [INFO] [selfplay:1] [SelfPlay] 470/1000 (47%)  pos=43962  W/D/B=191/98/181  (40%/20%/38%)  d4/d7  2.0 games/s (avg 0.4)  882.6K nps  ETA 00:22:04
[2026-03-28T08:53:56.337] [INFO] [selfplay:1] [SelfPlay] 471/1000 (47%)  pos=44104  W/D/B=192/98/181  (40%/20%/38%)  d4/d7  2.0 games/s (avg 0.4)  884.4K nps  ETA 00:21:56
[2026-03-28T08:53:57.642] [INFO] [selfplay:1] [SelfPlay] 472/1000 (47%)  pos=44218  W/D/B=192/99/181  (40%/20%/38%)  d4/d7  1.7 games/s (avg 0.4)  881.1K nps  ETA 00:21:55
[2026-03-28T08:54:01.156] [INFO] [selfplay:1] [SelfPlay] 473/1000 (47%)  pos=44337  W/D/B=192/99/182  (40%/20%/38%)  d4/d7  1.6 games/s (avg 0.4)  884.2K nps  ETA 00:21:50
[2026-03-28T08:54:01.344] [INFO] [selfplay:1] [SelfPlay] 474/1000 (47%)  pos=44420  W/D/B=192/100/182  (40%/21%/38%)  d4/d7  1.4 games/s (avg 0.4)  882.3K nps  ETA 00:21:52
[2026-03-28T08:54:03.092] [INFO] [selfplay:1] [SelfPlay] 475/1000 (47%)  pos=44474  W/D/B=193/100/182  (40%/21%/38%)  d4/d7  2.0 games/s (avg 0.4)  883.4K nps  ETA 00:21:45
[2026-03-28T08:54:03.451] [INFO] [selfplay:1] [SelfPlay] 476/1000 (47%)  pos=44550  W/D/B=194/100/182  (40%/21%/38%)  d4/d7  1.8 games/s (avg 0.4)  883.8K nps  ETA 00:21:43
[2026-03-28T08:54:06.172] [INFO] [selfplay:1] [SelfPlay] 477/1000 (47%)  pos=44578  W/D/B=195/100/182  (40%/20%/38%)  d4/d7  1.9 games/s (avg 0.4)  885.6K nps  ETA 00:21:37
[2026-03-28T08:54:11.907] [INFO] [selfplay:1] [SelfPlay] 478/1000 (47%)  pos=44680  W/D/B=195/100/183  (40%/20%/38%)  d4/d7  1.7 games/s (avg 0.4)  885.5K nps  ETA 00:21:31
[2026-03-28T08:54:12.283] [INFO] [selfplay:1] [SelfPlay] 479/1000 (47%)  pos=44722  W/D/B=196/100/183  (40%/20%/38%)  d4/d7  1.5 games/s (avg 0.4)  880.3K nps  ETA 00:21:38
[2026-03-28T08:54:16.481] [INFO] [selfplay:1] [SelfPlay] 480/1000 (48%)  pos=44831  W/D/B=196/100/184  (40%/20%/38%)  d4/d7  1.6 games/s (avg 0.4)  882.9K nps  ETA 00:21:28
[2026-03-28T08:54:19.159] [INFO] [selfplay:1] [SelfPlay] 481/1000 (48%)  pos=44936  W/D/B=196/101/184  (40%/20%/38%)  d4/d7  1.4 games/s (avg 0.4)  880.3K nps  ETA 00:21:30
[2026-03-28T08:54:24.971] [INFO] [selfplay:1] [SelfPlay] 482/1000 (48%)  pos=45002  W/D/B=197/101/184  (40%/20%/38%)  d4/d7  1.3 games/s (avg 0.4)  878.8K nps  ETA 00:21:24
[2026-03-28T08:54:27.852] [INFO] [selfplay:1] [SelfPlay] 483/1000 (48%)  pos=45050  W/D/B=197/101/185  (40%/20%/38%)  d4/d7  1.1 games/s (avg 0.4)  874.1K nps  ETA 00:21:28
[2026-03-28T08:54:29.790] [INFO] [selfplay:1] [SelfPlay] 484/1000 (48%)  pos=45140  W/D/B=197/102/185  (40%/21%/38%)  d4/d7  1.0 games/s (avg 0.4)  873.3K nps  ETA 00:21:27
[2026-03-28T08:54:35.195] [INFO] [selfplay:1] [SelfPlay] 485/1000 (48%)  pos=45203  W/D/B=197/102/186  (40%/21%/38%)  d4/d7  0.9 games/s (avg 0.4)  873.5K nps  ETA 00:21:21
[2026-03-28T08:54:38.339] [INFO] [selfplay:1] [SelfPlay] 486/1000 (48%)  pos=45410  W/D/B=197/103/186  (40%/21%/38%)  d4/d7  0.8 games/s (avg 0.4)  868.2K nps  ETA 00:21:23
[2026-03-28T08:54:39.349] [INFO] [selfplay:1] [SelfPlay] 487/1000 (48%)  pos=45542  W/D/B=197/103/187  (40%/21%/38%)  d4/d7  0.7 games/s (avg 0.4)  867.1K nps  ETA 00:21:23
[2026-03-28T08:54:44.720] [INFO] [selfplay:1] [SelfPlay] 488/1000 (48%)  pos=45610  W/D/B=198/103/187  (40%/21%/38%)  d4/d7  0.8 games/s (avg 0.4)  869.0K nps  ETA 00:21:16
[2026-03-28T08:54:45.721] [INFO] [selfplay:1] [SelfPlay] 489/1000 (48%)  pos=45678  W/D/B=198/104/187  (40%/21%/38%)  d4/d7  0.7 games/s (avg 0.4)  865.1K nps  ETA 00:21:20
[2026-03-28T08:54:48.175] [INFO] [selfplay:1] [SelfPlay] 490/1000 (49%)  pos=45835  W/D/B=199/104/187  (40%/21%/38%)  d4/d7  0.7 games/s (avg 0.4)  866.5K nps  ETA 00:21:15
[2026-03-28T08:54:48.684] [INFO] [selfplay:1] [SelfPlay] 491/1000 (49%)  pos=45906  W/D/B=200/104/187  (40%/21%/38%)  d4/d7  0.7 games/s (avg 0.4)  866.6K nps  ETA 00:21:13
[2026-03-28T08:54:48.925] [INFO] [selfplay:1] [SelfPlay] 492/1000 (49%)  pos=45972  W/D/B=200/104/188  (40%/21%/38%)  d4/d7  0.9 games/s (avg 0.4)  868.9K nps  ETA 00:21:10
[2026-03-28T08:54:50.649] [INFO] [selfplay:1] [SelfPlay] 493/1000 (49%)  pos=46035  W/D/B=200/104/189  (40%/21%/38%)  d4/d7  1.4 games/s (avg 0.4)  870.9K nps  ETA 00:21:03
[2026-03-28T08:54:55.549] [INFO] [selfplay:1] [SelfPlay] 494/1000 (49%)  pos=46078  W/D/B=201/104/189  (40%/21%/38%)  d4/d7  1.2 games/s (avg 0.4)  871.4K nps  ETA 00:20:57
[2026-03-28T08:54:56.118] [INFO] [selfplay:1] [SelfPlay] 495/1000 (49%)  pos=46138  W/D/B=201/105/189  (40%/21%/38%)  d4/d7  1.1 games/s (avg 0.4)  868.1K nps  ETA 00:21:02
[2026-03-28T08:55:01.370] [INFO] [selfplay:1] [SelfPlay] 496/1000 (49%)  pos=46225  W/D/B=202/105/189  (40%/21%/38%)  d4/d7  1.2 games/s (avg 0.4)  869.7K nps  ETA 00:20:51
[2026-03-28T08:55:05.121] [INFO] [selfplay:1] [SelfPlay] 497/1000 (49%)  pos=46291  W/D/B=202/105/190  (40%/21%/38%)  d4/d7  1.0 games/s (avg 0.4)  866.0K nps  ETA 00:20:55
[2026-03-28T08:55:08.693] [INFO] [selfplay:1] [SelfPlay] 498/1000 (49%)  pos=46381  W/D/B=203/105/190  (40%/21%/38%)  d4/d7  0.9 games/s (avg 0.4)  862.5K nps  ETA 00:20:52
[2026-03-28T08:55:11.070] [INFO] [selfplay:1] [SelfPlay] 499/1000 (49%)  pos=46433  W/D/B=204/105/190  (40%/21%/38%)  d4/d7  0.8 games/s (avg 0.4)  860.2K nps  ETA 00:20:53
[2026-03-28T08:55:11.732] [INFO] [selfplay:1] [SelfPlay] 500/1000 (50%)  pos=46478  W/D/B=205/105/190  (41%/21%/38%)  d4/d7  0.8 games/s (avg 0.4)  860.3K nps  ETA 00:20:51
[2026-03-28T08:55:14.401] [INFO] [selfplay:1] [SelfPlay] 501/1000 (50%)  pos=46593  W/D/B=205/106/190  (40%/21%/37%)  d4/d7  0.9 games/s (avg 0.4)  861.5K nps  ETA 00:20:45
[2026-03-28T08:55:20.722] [INFO] [selfplay:1] [SelfPlay] 502/1000 (50%)  pos=46711  W/D/B=205/106/191  (40%/21%/38%)  d4/d7  0.8 games/s (avg 0.4)  860.4K nps  ETA 00:20:40
[2026-03-28T08:55:22.408] [INFO] [selfplay:1] [SelfPlay] 503/1000 (50%)  pos=46748  W/D/B=205/106/192  (40%/21%/38%)  d4/d7  0.7 games/s (avg 0.4)  856.0K nps  ETA 00:20:45
[2026-03-28T08:55:26.614] [INFO] [selfplay:1] [SelfPlay] 504/1000 (50%)  pos=46808  W/D/B=205/106/193  (40%/21%/38%)  d4/d7  0.7 games/s (avg 0.4)  856.3K nps  ETA 00:20:40
[2026-03-28T08:55:27.082] [INFO] [selfplay:1] [SelfPlay] 505/1000 (50%)  pos=46892  W/D/B=205/106/194  (40%/20%/38%)  d4/d7  0.6 games/s (avg 0.4)  854.1K nps  ETA 00:20:43
[2026-03-28T08:55:27.807] [INFO] [selfplay:1] [SelfPlay] 506/1000 (50%)  pos=46954  W/D/B=206/106/194  (40%/20%/38%)  d4/d7  0.8 games/s (avg 0.4)  855.7K nps  ETA 00:20:37
[2026-03-28T08:55:29.348] [INFO] [selfplay:1] [SelfPlay] 507/1000 (50%)  pos=47049  W/D/B=207/106/194  (40%/20%/38%)  d4/d7  0.9 games/s (avg 0.4)  857.4K nps  ETA 00:20:32
[2026-03-28T08:55:33.020] [INFO] [selfplay:1] [SelfPlay] 508/1000 (50%)  pos=47159  W/D/B=207/106/195  (40%/20%/38%)  d4/d7  0.9 games/s (avg 0.4)  858.6K nps  ETA 00:20:27
[2026-03-28T08:55:36.398] [INFO] [selfplay:1] [SelfPlay] 509/1000 (50%)  pos=47238  W/D/B=208/106/195  (40%/20%/38%)  d4/d7  0.8 games/s (avg 0.4)  856.4K nps  ETA 00:20:25
[2026-03-28T08:55:37.006] [INFO] [selfplay:1] [SelfPlay] 510/1000 (51%)  pos=47295  W/D/B=209/106/195  (40%/20%/38%)  d4/d7  0.7 games/s (avg 0.4)  854.4K nps  ETA 00:20:27
[2026-03-28T08:55:39.733] [INFO] [selfplay:1] [SelfPlay] 511/1000 (51%)  pos=47456  W/D/B=210/106/195  (41%/20%/38%)  d4/d7  0.9 games/s (avg 0.4)  856.2K nps  ETA 00:20:20
[2026-03-28T08:55:40.212] [INFO] [selfplay:1] [SelfPlay] 512/1000 (51%)  pos=47547  W/D/B=210/107/195  (41%/20%/38%)  d4/d7  0.8 games/s (avg 0.4)  853.8K nps  ETA 00:20:21
[2026-03-28T08:55:49.614] [INFO] [selfplay:1] [SelfPlay] 513/1000 (51%)  pos=47593  W/D/B=210/107/196  (40%/20%/38%)  d4/d7  1.0 games/s (avg 0.4)  853.5K nps  ETA 00:20:06
[2026-03-28T08:55:51.555] [INFO] [selfplay:1] [SelfPlay] 514/1000 (51%)  pos=47710  W/D/B=211/107/196  (41%/20%/38%)  d4/d7  0.8 games/s (avg 0.4)  847.3K nps  ETA 00:20:18
[2026-03-28T08:55:52.324] [INFO] [selfplay:1] [SelfPlay] 515/1000 (51%)  pos=47816  W/D/B=211/107/197  (40%/20%/38%)  d4/d7  0.8 games/s (avg 0.4)  847.1K nps  ETA 00:20:17
[2026-03-28T08:55:56.314] [INFO] [selfplay:1] [SelfPlay] 516/1000 (51%)  pos=47893  W/D/B=212/107/197  (41%/20%/38%)  d4/d7  0.9 games/s (avg 0.4)  848.6K nps  ETA 00:20:09
[2026-03-28T08:55:59.672] [INFO] [selfplay:1] [SelfPlay] 517/1000 (51%)  pos=47950  W/D/B=213/107/197  (41%/20%/38%)  d4/d7  0.8 games/s (avg 0.4)  847.3K nps  ETA 00:20:08
[2026-03-28T08:56:00.086] [INFO] [selfplay:1] [SelfPlay] 518/1000 (51%)  pos=48057  W/D/B=214/107/197  (41%/20%/38%)  d4/d7  0.7 games/s (avg 0.4)  846.5K nps  ETA 00:20:10
[2026-03-28T08:56:02.614] [INFO] [selfplay:1] [SelfPlay] 519/1000 (51%)  pos=48172  W/D/B=214/107/198  (41%/20%/38%)  d4/d7  1.0 games/s (avg 0.4)  847.9K nps  ETA 00:20:03
[2026-03-28T08:56:07.454] [INFO] [selfplay:1] [SelfPlay] 520/1000 (52%)  pos=48240  W/D/B=214/107/199  (41%/20%/38%)  d4/d7  0.9 games/s (avg 0.4)  847.6K nps  ETA 00:19:58
[2026-03-28T08:56:11.656] [INFO] [selfplay:1] [SelfPlay] 521/1000 (52%)  pos=48366  W/D/B=215/107/199  (41%/20%/38%)  d4/d7  0.8 games/s (avg 0.4)  843.5K nps  ETA 00:19:59
[2026-03-28T08:56:12.805] [INFO] [selfplay:1] [SelfPlay] 522/1000 (52%)  pos=48464  W/D/B=216/107/199  (41%/20%/38%)  d4/d7  0.7 games/s (avg 0.4)  841.7K nps  ETA 00:20:01
[2026-03-28T08:56:14.815] [INFO] [selfplay:1] [SelfPlay] 523/1000 (52%)  pos=48605  W/D/B=217/107/199  (41%/20%/38%)  d4/d7  0.7 games/s (avg 0.4)  843.2K nps  ETA 00:19:56
[2026-03-28T08:56:15.653] [INFO] [selfplay:1] [SelfPlay] 524/1000 (52%)  pos=48682  W/D/B=217/107/200  (41%/20%/38%)  d4/d7  0.7 games/s (avg 0.4)  843.8K nps  ETA 00:19:54
[2026-03-28T08:56:16.554] [INFO] [selfplay:1] [SelfPlay] 525/1000 (52%)  pos=48717  W/D/B=218/107/200  (41%/20%/38%)  d4/d7  0.8 games/s (avg 0.4)  843.2K nps  ETA 00:19:50
[2026-03-28T08:56:21.708] [INFO] [selfplay:1] [SelfPlay] 526/1000 (52%)  pos=48768  W/D/B=219/107/200  (41%/20%/38%)  d4/d7  0.8 games/s (avg 0.4)  843.8K nps  ETA 00:19:42
[2026-03-28T08:56:25.947] [INFO] [selfplay:1] [SelfPlay] 527/1000 (52%)  pos=48927  W/D/B=220/107/200  (41%/20%/37%)  d4/d7  0.7 games/s (avg 0.4)  841.5K nps  ETA 00:19:43
[2026-03-28T08:56:36.094] [INFO] [selfplay:1] [SelfPlay] 528/1000 (52%)  pos=48989  W/D/B=220/107/201  (41%/20%/38%)  d4/d7  0.7 games/s (avg 0.4)  839.7K nps  ETA 00:19:36
[2026-03-28T08:56:36.552] [INFO] [selfplay:1] [SelfPlay] 529/1000 (52%)  pos=49105  W/D/B=221/107/201  (41%/20%/37%)  d4/d7  0.6 games/s (avg 0.4)  832.3K nps  ETA 00:19:50
[2026-03-28T08:56:36.975] [INFO] [selfplay:1] [SelfPlay] 530/1000 (53%)  pos=49281  W/D/B=221/107/202  (41%/20%/38%)  d4/d7  0.8 games/s (avg 0.4)  834.4K nps  ETA 00:19:46
[2026-03-28T08:56:37.596] [INFO] [selfplay:1] [SelfPlay] 531/1000 (53%)  pos=49341  W/D/B=221/107/203  (41%/20%/38%)  d4/d7  1.0 games/s (avg 0.4)  836.9K nps  ETA 00:19:41
[2026-03-28T08:56:37.821] [INFO] [selfplay:1] [SelfPlay] 532/1000 (53%)  pos=49456  W/D/B=222/107/203  (41%/20%/38%)  d4/d7  1.1 games/s (avg 0.4)  838.6K nps  ETA 00:19:38
[2026-03-28T08:56:39.156] [INFO] [selfplay:1] [SelfPlay] 533/1000 (53%)  pos=49486  W/D/B=223/107/203  (41%/20%/38%)  d4/d7  1.6 games/s (avg 0.4)  839.5K nps  ETA 00:19:32
[2026-03-28T08:56:40.127] [INFO] [selfplay:1] [SelfPlay] 534/1000 (53%)  pos=49531  W/D/B=224/107/203  (41%/20%/38%)  d4/d7  1.5 games/s (avg 0.4)  838.5K nps  ETA 00:19:29
[2026-03-28T08:56:40.275] [INFO] [selfplay:1] [SelfPlay] 535/1000 (53%)  pos=49570  W/D/B=225/107/203  (42%/20%/37%)  d4/d7  1.4 games/s (avg 0.4)  839.1K nps  ETA 00:19:26
[2026-03-28T08:56:40.787] [INFO] [selfplay:1] [SelfPlay] 536/1000 (53%)  pos=49637  W/D/B=225/107/204  (41%/19%/38%)  d4/d7  2.2 games/s (avg 0.4)  839.1K nps  ETA 00:19:20
[2026-03-28T08:56:41.902] [INFO] [selfplay:1] [SelfPlay] 537/1000 (53%)  pos=49702  W/D/B=225/107/205  (41%/19%/38%)  d4/d7  2.2 games/s (avg 0.4)  838.8K nps  ETA 00:19:16
[2026-03-28T08:56:45.560] [INFO] [selfplay:1] [SelfPlay] 538/1000 (53%)  pos=49766  W/D/B=226/107/205  (42%/19%/38%)  d4/d7  2.0 games/s (avg 0.4)  838.1K nps  ETA 00:19:09
[2026-03-28T08:56:48.193] [INFO] [selfplay:1] [SelfPlay] 539/1000 (53%)  pos=49866  W/D/B=226/107/206  (41%/19%/38%)  d4/d7  1.7 games/s (avg 0.4)  837.2K nps  ETA 00:19:10
[2026-03-28T08:56:51.358] [INFO] [selfplay:1] [SelfPlay] 540/1000 (54%)  pos=49992  W/D/B=226/107/207  (41%/19%/38%)  d4/d7  1.5 games/s (avg 0.4)  837.4K nps  ETA 00:19:05
[2026-03-28T08:56:55.811] [INFO] [selfplay:1] [SelfPlay] 541/1000 (54%)  pos=50078  W/D/B=226/107/208  (41%/19%/38%)  d4/d7  1.3 games/s (avg 0.4)  835.0K nps  ETA 00:19:03
[2026-03-28T08:57:00.838] [INFO] [selfplay:1] [SelfPlay] 542/1000 (54%)  pos=50114  W/D/B=226/108/208  (41%/19%/38%)  d4/d7  1.2 games/s (avg 0.4)  832.6K nps  ETA 00:19:02
[2026-03-28T08:57:02.913] [INFO] [selfplay:1] [SelfPlay] 543/1000 (54%)  pos=50234  W/D/B=226/108/209  (41%/19%/38%)  d4/d7  1.0 games/s (avg 0.4)  830.8K nps  ETA 00:19:04
[2026-03-28T08:57:06.198] [INFO] [selfplay:1] [SelfPlay] 544/1000 (54%)  pos=50311  W/D/B=227/108/209  (41%/19%/38%)  d4/d7  0.9 games/s (avg 0.4)  830.3K nps  ETA 00:19:00
[2026-03-28T08:57:07.828] [INFO] [selfplay:1] [SelfPlay] 545/1000 (54%)  pos=50453  W/D/B=227/109/209  (41%/20%/38%)  d4/d7  0.9 games/s (avg 0.4)  828.8K nps  ETA 00:18:59
[2026-03-28T08:57:10.646] [INFO] [selfplay:1] [SelfPlay] 546/1000 (54%)  pos=50593  W/D/B=227/109/210  (41%/19%/38%)  d4/d7  0.8 games/s (avg 0.4)  827.7K nps  ETA 00:18:55
[2026-03-28T08:57:10.859] [INFO] [selfplay:1] [SelfPlay] 547/1000 (54%)  pos=50667  W/D/B=227/109/211  (41%/19%/38%)  d4/d7  0.7 games/s (avg 0.4)  826.9K nps  ETA 00:18:56
[2026-03-28T08:57:13.062] [INFO] [selfplay:1] [SelfPlay] 548/1000 (54%)  pos=50907  W/D/B=227/110/211  (41%/20%/38%)  d4/d7  1.3 games/s (avg 0.4)  829.6K nps  ETA 00:18:50
[2026-03-28T08:57:17.084] [INFO] [selfplay:1] [SelfPlay] 549/1000 (54%)  pos=51020  W/D/B=228/110/211  (41%/20%/38%)  d4/d7  1.2 games/s (avg 0.4)  828.0K nps  ETA 00:18:45
[2026-03-28T08:57:17.237] [INFO] [selfplay:1] [SelfPlay] 550/1000 (55%)  pos=51155  W/D/B=228/110/212  (41%/20%/38%)  d4/d7  1.1 games/s (avg 0.4)  827.5K nps  ETA 00:18:48
[2026-03-28T08:57:21.438] [INFO] [selfplay:1] [SelfPlay] 551/1000 (55%)  pos=51344  W/D/B=229/110/212  (41%/19%/38%)  d4/d7  1.9 games/s (avg 0.4)  829.4K nps  ETA 00:18:38
[2026-03-28T08:57:27.012] [INFO] [selfplay:1] [SelfPlay] 552/1000 (55%)  pos=51444  W/D/B=229/110/213  (41%/19%/38%)  d4/d7  1.6 games/s (avg 0.4)  828.2K nps  ETA 00:18:37
[2026-03-28T08:57:31.518] [INFO] [selfplay:1] [SelfPlay] 553/1000 (55%)  pos=51580  W/D/B=230/110/213  (41%/19%/38%)  d4/d7  1.4 games/s (avg 0.4)  825.6K nps  ETA 00:18:37
[2026-03-28T08:57:39.265] [INFO] [selfplay:1] [SelfPlay] 554/1000 (55%)  pos=51667  W/D/B=231/110/213  (41%/19%/38%)  d4/d7  1.2 games/s (avg 0.4)  823.4K nps  ETA 00:18:34
[2026-03-28T08:57:39.589] [INFO] [selfplay:1] [SelfPlay] 555/1000 (55%)  pos=51720  W/D/B=231/111/213  (41%/20%/38%)  d4/d7  1.1 games/s (avg 0.4)  818.5K nps  ETA 00:18:42
[2026-03-28T08:57:41.991] [INFO] [selfplay:1] [SelfPlay] 556/1000 (55%)  pos=51789  W/D/B=231/112/213  (41%/20%/38%)  d4/d7  1.4 games/s (avg 0.4)  819.6K nps  ETA 00:18:36
[2026-03-28T08:57:47.599] [INFO] [selfplay:1] [SelfPlay] 557/1000 (55%)  pos=51906  W/D/B=232/112/213  (41%/20%/38%)  d4/d7  1.2 games/s (avg 0.4)  820.0K nps  ETA 00:18:30
[2026-03-28T08:57:50.026] [INFO] [selfplay:1] [SelfPlay] 558/1000 (55%)  pos=51988  W/D/B=233/112/213  (41%/20%/38%)  d4/d7  1.1 games/s (avg 0.4)  817.3K nps  ETA 00:18:34
[2026-03-28T08:57:51.516] [INFO] [selfplay:1] [SelfPlay] 559/1000 (55%)  pos=52196  W/D/B=233/112/214  (41%/20%/38%)  d4/d7  1.0 games/s (avg 0.4)  818.3K nps  ETA 00:18:31
[2026-03-28T08:57:55.173] [INFO] [selfplay:1] [SelfPlay] 560/1000 (56%)  pos=52233  W/D/B=234/112/214  (41%/20%/38%)  d4/d7  0.9 games/s (avg 0.4)  818.7K nps  ETA 00:18:27
[2026-03-28T08:57:55.363] [INFO] [selfplay:1] [SelfPlay] 561/1000 (56%)  pos=52460  W/D/B=234/113/214  (41%/20%/38%)  d4/d7  0.8 games/s (avg 0.4)  818.3K nps  ETA 00:18:27
[2026-03-28T08:58:07.078] [INFO] [selfplay:1] [SelfPlay] 562/1000 (56%)  pos=52630  W/D/B=234/113/215  (41%/20%/38%)  d4/d7  1.5 games/s (avg 0.4)  821.8K nps  ETA 00:18:13
[2026-03-28T08:58:07.530] [INFO] [selfplay:1] [SelfPlay] 563/1000 (56%)  pos=52677  W/D/B=234/113/216  (41%/20%/38%)  d4/d7  1.4 games/s (avg 0.4)  822.5K nps  ETA 00:18:27
[2026-03-28T08:58:09.012] [INFO] [selfplay:1] [SelfPlay] 564/1000 (56%)  pos=52720  W/D/B=235/113/216  (41%/20%/38%)  d4/d7  1.5 games/s (avg 0.4)  823.5K nps  ETA 00:18:23
[2026-03-28T08:58:12.605] [INFO] [selfplay:1] [SelfPlay] 565/1000 (56%)  pos=52754  W/D/B=235/113/217  (41%/20%/38%)  d4/d7  1.4 games/s (avg 0.4)  823.2K nps  ETA 00:18:17
[2026-03-28T08:58:14.424] [INFO] [selfplay:1] [SelfPlay] 566/1000 (56%)  pos=52877  W/D/B=235/113/218  (41%/19%/38%)  d4/d7  1.2 games/s (avg 0.4)  823.1K nps  ETA 00:18:17
[2026-03-28T08:58:16.061] [INFO] [selfplay:1] [SelfPlay] 567/1000 (56%)  pos=52927  W/D/B=235/113/219  (41%/19%/38%)  d4/d7  1.1 games/s (avg 0.4)  823.9K nps  ETA 00:18:15
[2026-03-28T08:58:16.479] [INFO] [selfplay:1] [SelfPlay] 568/1000 (56%)  pos=52967  W/D/B=236/113/219  (41%/19%/38%)  d4/d7  1.0 games/s (avg 0.4)  823.9K nps  ETA 00:18:12
[2026-03-28T08:58:17.173] [INFO] [selfplay:1] [SelfPlay] 569/1000 (56%)  pos=53115  W/D/B=236/113/220  (41%/19%/38%)  d4/d7  1.2 games/s (avg 0.4)  825.9K nps  ETA 00:18:09
[2026-03-28T08:58:17.614] [INFO] [selfplay:1] [SelfPlay] 570/1000 (57%)  pos=53200  W/D/B=236/113/221  (41%/19%/38%)  d4/d7  1.3 games/s (avg 0.4)  826.7K nps  ETA 00:18:04
[2026-03-28T08:58:18.583] [INFO] [selfplay:1] [SelfPlay] 571/1000 (57%)  pos=53259  W/D/B=237/113/221  (41%/19%/38%)  d4/d7  1.4 games/s (avg 0.4)  826.6K nps  ETA 00:18:00
[2026-03-28T08:58:21.362] [INFO] [selfplay:1] [SelfPlay] 572/1000 (57%)  pos=53345  W/D/B=238/113/221  (41%/19%/38%)  d4/d7  1.4 games/s (avg 0.4)  827.7K nps  ETA 00:17:54
[2026-03-28T08:58:23.310] [INFO] [selfplay:1] [SelfPlay] 573/1000 (57%)  pos=53476  W/D/B=239/113/221  (41%/19%/38%)  d4/d7  1.2 games/s (avg 0.4)  828.5K nps  ETA 00:17:54
[2026-03-28T08:58:23.691] [INFO] [selfplay:1] [SelfPlay] 574/1000 (57%)  pos=53477  W/D/B=239/113/222  (41%/19%/38%)  d4/d7  1.1 games/s (avg 0.4)  827.1K nps  ETA 00:17:51
[2026-03-28T08:58:26.329] [INFO] [selfplay:1] [SelfPlay] 575/1000 (57%)  pos=53568  W/D/B=240/113/222  (41%/19%/38%)  d4/d7  1.3 games/s (avg 0.4)  827.0K nps  ETA 00:17:46
[2026-03-28T08:58:26.613] [INFO] [selfplay:1] [SelfPlay] 576/1000 (57%)  pos=53785  W/D/B=240/113/223  (41%/19%/38%)  d4/d7  1.2 games/s (avg 0.4)  825.5K nps  ETA 00:17:44
[2026-03-28T08:58:32.200] [INFO] [selfplay:1] [SelfPlay] 577/1000 (57%)  pos=53827  W/D/B=240/114/223  (41%/19%/38%)  d4/d7  1.5 games/s (avg 0.4)  826.1K nps  ETA 00:17:36
[2026-03-28T08:58:36.295] [INFO] [selfplay:1] [SelfPlay] 578/1000 (57%)  pos=53904  W/D/B=240/114/224  (41%/19%/38%)  d4/d7  1.3 games/s (avg 0.4)  823.4K nps  ETA 00:17:37
[2026-03-28T08:58:37.047] [INFO] [selfplay:1] [SelfPlay] 579/1000 (57%)  pos=53979  W/D/B=240/114/225  (41%/19%/38%)  d4/d7  1.2 games/s (avg 0.4)  820.5K nps  ETA 00:17:39
[2026-03-28T08:58:42.015] [INFO] [selfplay:1] [SelfPlay] 580/1000 (58%)  pos=54041  W/D/B=240/115/225  (41%/19%/38%)  d4/d7  1.2 games/s (avg 0.4)  820.9K nps  ETA 00:17:31
[2026-03-28T08:58:46.408] [INFO] [selfplay:1] [SelfPlay] 581/1000 (58%)  pos=54090  W/D/B=241/115/225  (41%/19%/38%)  d4/d7  1.0 games/s (avg 0.4)  818.2K nps  ETA 00:17:30
[2026-03-28T08:58:46.890] [INFO] [selfplay:1] [SelfPlay] 582/1000 (58%)  pos=54199  W/D/B=241/115/226  (41%/19%/38%)  d4/d7  0.9 games/s (avg 0.4)  817.2K nps  ETA 00:17:34
[2026-03-28T08:58:47.089] [INFO] [selfplay:1] [SelfPlay] 583/1000 (58%)  pos=54272  W/D/B=242/115/226  (41%/19%/38%)  d4/d7  1.1 games/s (avg 0.4)  817.9K nps  ETA 00:17:30
[2026-03-28T08:58:47.917] [INFO] [selfplay:1] [SelfPlay] 584/1000 (58%)  pos=54359  W/D/B=242/115/227  (41%/19%/38%)  d4/d7  1.7 games/s (avg 0.4)  818.0K nps  ETA 00:17:25
[2026-03-28T08:58:52.456] [INFO] [selfplay:1] [SelfPlay] 585/1000 (58%)  pos=54467  W/D/B=243/115/227  (41%/19%/38%)  d4/d7  1.6 games/s (avg 0.4)  819.2K nps  ETA 00:17:17
[2026-03-28T08:58:52.528] [INFO] [selfplay:1] [SelfPlay] 586/1000 (58%)  pos=54517  W/D/B=243/115/228  (41%/19%/38%)  d4/d7  1.4 games/s (avg 0.4)  817.3K nps  ETA 00:17:21
[2026-03-28T08:58:56.866] [INFO] [selfplay:1] [SelfPlay] 587/1000 (58%)  pos=54636  W/D/B=243/115/229  (41%/19%/39%)  d4/d7  3.3 games/s (avg 0.4)  819.4K nps  ETA 00:17:13
[2026-03-28T08:58:57.982] [INFO] [selfplay:1] [SelfPlay] 588/1000 (58%)  pos=54753  W/D/B=243/115/230  (41%/19%/39%)  d4/d7  3.0 games/s (avg 0.4)  819.4K nps  ETA 00:17:14
[2026-03-28T08:59:01.879] [INFO] [selfplay:1] [SelfPlay] 589/1000 (58%)  pos=54850  W/D/B=244/115/230  (41%/19%/39%)  d4/d7  2.7 games/s (avg 0.4)  820.1K nps  ETA 00:17:08
[2026-03-28T08:59:01.938] [INFO] [selfplay:1] [SelfPlay] 590/1000 (59%)  pos=54985  W/D/B=244/115/231  (41%/19%/39%)  d4/d7  2.5 games/s (avg 0.4)  820.0K nps  ETA 00:17:10
[2026-03-28T08:59:04.160] [INFO] [selfplay:1] [SelfPlay] 591/1000 (59%)  pos=55056  W/D/B=245/115/231  (41%/19%/39%)  d4/d7  4.7 games/s (avg 0.4)  820.2K nps  ETA 00:17:04
[2026-03-28T08:59:06.916] [INFO] [selfplay:1] [SelfPlay] 592/1000 (59%)  pos=55197  W/D/B=246/115/231  (41%/19%/39%)  d4/d7  4.3 games/s (avg 0.4)  822.3K nps  ETA 00:17:01
[2026-03-28T08:59:16.474] [INFO] [selfplay:1] [SelfPlay] 593/1000 (59%)  pos=55324  W/D/B=246/115/232  (41%/19%/39%)  d4/d7  4.0 games/s (avg 0.4)  824.2K nps  ETA 00:16:51
[2026-03-28T08:59:18.804] [INFO] [selfplay:1] [SelfPlay] 594/1000 (59%)  pos=55412  W/D/B=246/115/233  (41%/19%/39%)  d4/d7  3.7 games/s (avg 0.4)  825.9K nps  ETA 00:17:01
[2026-03-28T08:59:21.080] [INFO] [selfplay:1] [SelfPlay] 595/1000 (59%)  pos=55561  W/D/B=246/115/234  (41%/19%/39%)  d4/d7  3.2 games/s (avg 0.4)  826.1K nps  ETA 00:16:59
[2026-03-28T08:59:21.865] [INFO] [selfplay:1] [SelfPlay] 596/1000 (59%)  pos=55634  W/D/B=247/115/234  (41%/19%/39%)  d4/d7  2.8 games/s (avg 0.4)  826.0K nps  ETA 00:16:57
[2026-03-28T08:59:22.269] [INFO] [selfplay:1] [SelfPlay] 597/1000 (59%)  pos=55723  W/D/B=247/115/235  (41%/19%/39%)  d4/d7  2.6 games/s (avg 0.4)  827.0K nps  ETA 00:16:54
[2026-03-28T08:59:25.594] [INFO] [selfplay:1] [SelfPlay] 598/1000 (59%)  pos=55724  W/D/B=248/115/235  (41%/19%/39%)  d4/d7  2.6 games/s (avg 0.4)  826.7K nps  ETA 00:16:47
[2026-03-28T08:59:26.201] [INFO] [selfplay:1] [SelfPlay] 599/1000 (59%)  pos=55824  W/D/B=248/115/236  (41%/19%/39%)  d4/d7  2.2 games/s (avg 0.4)  824.4K nps  ETA 00:16:49
[2026-03-28T08:59:32.056] [INFO] [selfplay:1] [SelfPlay] 600/1000 (60%)  pos=55860  W/D/B=248/116/236  (41%/19%/39%)  d4/d7  2.1 games/s (avg 0.4)  825.1K nps  ETA 00:16:39
[2026-03-28T08:59:32.094] [INFO] [selfplay:1] [SelfPlay] 601/1000 (60%)  pos=55921  W/D/B=249/116/236  (41%/19%/39%)  d4/d7  2.0 games/s (avg 0.4)  826.8K nps  ETA 00:16:44
[2026-03-28T08:59:32.904] [INFO] [selfplay:1] [SelfPlay] 602/1000 (60%)  pos=56003  W/D/B=250/116/236  (41%/19%/39%)  d4/d7  5.6 games/s (avg 0.4)  828.5K nps  ETA 00:16:39
[2026-03-28T08:59:37.748] [INFO] [selfplay:1] [SelfPlay] 603/1000 (60%)  pos=56085  W/D/B=250/116/237  (41%/19%/39%)  d4/d7  4.9 games/s (avg 0.4)  829.3K nps  ETA 00:16:32
[2026-03-28T08:59:38.241] [INFO] [selfplay:1] [SelfPlay] 604/1000 (60%)  pos=56242  W/D/B=251/116/237  (41%/19%/39%)  d4/d7  4.5 games/s (avg 0.4)  830.9K nps  ETA 00:16:36
[2026-03-28T08:59:38.398] [INFO] [selfplay:1] [SelfPlay] 605/1000 (60%)  pos=56299  W/D/B=251/117/237  (41%/19%/39%)  d4/d7  4.2 games/s (avg 0.4)  831.4K nps  ETA 00:16:31
[2026-03-28T08:59:43.231] [INFO] [selfplay:1] [SelfPlay] 606/1000 (60%)  pos=56402  W/D/B=252/117/237  (41%/19%/39%)  d4/d7  4.5 games/s (avg 0.4)  834.5K nps  ETA 00:16:24
[2026-03-28T08:59:50.094] [INFO] [selfplay:1] [SelfPlay] 607/1000 (60%)  pos=56505  W/D/B=253/117/237  (41%/19%/39%)  d4/d7  4.2 games/s (avg 0.4)  836.0K nps  ETA 00:16:20
[2026-03-28T08:59:56.573] [INFO] [selfplay:1] [SelfPlay] 608/1000 (60%)  pos=56632  W/D/B=253/117/238  (41%/19%/39%)  d4/d7  3.8 games/s (avg 0.4)  837.5K nps  ETA 00:16:20
[2026-03-28T09:00:00.474] [INFO] [selfplay:1] [SelfPlay] 609/1000 (60%)  pos=56728  W/D/B=254/117/238  (41%/19%/39%)  d4/d7  3.6 games/s (avg 0.4)  838.9K nps  ETA 00:16:23
[2026-03-28T09:00:00.500] [INFO] [selfplay:1] [SelfPlay] 610/1000 (61%)  pos=56776  W/D/B=254/117/239  (41%/19%/39%)  d4/d7  3.3 games/s (avg 0.4)  839.7K nps  ETA 00:16:25
[2026-03-28T09:00:06.002] [INFO] [selfplay:1] [SelfPlay] 611/1000 (61%)  pos=56816  W/D/B=254/118/239  (41%/19%/39%)  d4/d7  8.7 games/s (avg 0.4)  840.4K nps  ETA 00:16:16
[2026-03-28T09:00:08.855] [INFO] [selfplay:1] [SelfPlay] 612/1000 (61%)  pos=56872  W/D/B=254/118/240  (41%/19%/39%)  d4/d7  8.1 games/s (avg 0.4)  841.7K nps  ETA 00:16:18
[2026-03-28T09:00:09.223] [INFO] [selfplay:1] [SelfPlay] 613/1000 (61%)  pos=56968  W/D/B=254/118/241  (41%/19%/39%)  d4/d7  7.5 games/s (avg 0.4)  843.7K nps  ETA 00:16:18
[2026-03-28T09:00:10.030] [INFO] [selfplay:1] [SelfPlay] 614/1000 (61%)  pos=57075  W/D/B=255/118/241  (41%/19%/39%)  d4/d7  6.8 games/s (avg 0.4)  847.1K nps  ETA 00:16:13
[2026-03-28T09:00:10.490] [INFO] [selfplay:1] [SelfPlay] 615/1000 (61%)  pos=57190  W/D/B=256/118/241  (41%/19%/39%)  d4/d7  5.9 games/s (avg 0.4)  848.6K nps  ETA 00:16:10
[2026-03-28T09:00:12.090] [INFO] [selfplay:1] [SelfPlay] 616/1000 (61%)  pos=57313  W/D/B=257/118/241  (41%/19%/39%)  d4/d7  5.4 games/s (avg 0.4)  850.0K nps  ETA 00:16:06
[2026-03-28T09:00:13.561] [INFO] [selfplay:1] [SelfPlay] 617/1000 (61%)  pos=57451  W/D/B=258/118/241  (41%/19%/39%)  d4/d7  4.7 games/s (avg 0.4)  849.1K nps  ETA 00:16:02
[2026-03-28T09:00:16.824] [INFO] [selfplay:1] [SelfPlay] 618/1000 (61%)  pos=57586  W/D/B=259/118/241  (41%/19%/38%)  d4/d7  4.1 games/s (avg 0.4)  848.2K nps  ETA 00:15:58
[2026-03-28T09:00:17.502] [INFO] [selfplay:1] [SelfPlay] 619/1000 (61%)  pos=57688  W/D/B=260/118/241  (42%/19%/38%)  d4/d7  3.8 games/s (avg 0.4)  849.7K nps  ETA 00:15:58
[2026-03-28T09:00:20.370] [INFO] [selfplay:1] [SelfPlay] 620/1000 (62%)  pos=57715  W/D/B=261/118/241  (42%/19%/38%)  d4/d7  3.4 games/s (avg 0.4)  849.9K nps  ETA 00:15:52
[2026-03-28T09:00:27.859] [INFO] [selfplay:1] [SelfPlay] 621/1000 (62%)  pos=57848  W/D/B=262/118/241  (42%/19%/38%)  d4/d7  3.0 games/s (avg 0.4)  849.7K nps  ETA 00:15:46
[2026-03-28T09:00:30.993] [INFO] [selfplay:1] [SelfPlay] 622/1000 (62%)  pos=57900  W/D/B=263/118/241  (42%/18%/38%)  d4/d7  2.7 games/s (avg 0.4)  850.7K nps  ETA 00:15:50
[2026-03-28T09:00:31.692] [INFO] [selfplay:1] [SelfPlay] 623/1000 (62%)  pos=58073  W/D/B=263/118/242  (42%/18%/38%)  d4/d7  2.4 games/s (avg 0.4)  850.2K nps  ETA 00:15:50
[2026-03-28T09:00:32.955] [INFO] [selfplay:1] [SelfPlay] 624/1000 (62%)  pos=58129  W/D/B=263/118/243  (42%/18%/38%)  d4/d7  2.2 games/s (avg 0.4)  849.8K nps  ETA 00:15:47
[2026-03-28T09:00:33.546] [INFO] [selfplay:1] [SelfPlay] 625/1000 (62%)  pos=58301  W/D/B=263/119/243  (42%/19%/38%)  d4/d7  2.0 games/s (avg 0.4)  851.4K nps  ETA 00:15:43
[2026-03-28T09:00:33.926] [INFO] [selfplay:1] [SelfPlay] 626/1000 (62%)  pos=58332  W/D/B=264/119/243  (42%/19%/38%)  d4/d7  2.0 games/s (avg 0.4)  852.0K nps  ETA 00:15:41
[2026-03-28T09:00:34.314] [INFO] [selfplay:1] [SelfPlay] 627/1000 (62%)  pos=58398  W/D/B=265/119/243  (42%/18%/38%)  d4/d7  2.1 games/s (avg 0.4)  852.8K nps  ETA 00:15:37
[2026-03-28T09:00:36.398] [INFO] [selfplay:1] [SelfPlay] 628/1000 (62%)  pos=58440  W/D/B=266/119/243  (42%/18%/38%)  d4/d7  2.1 games/s (avg 0.4)  853.6K nps  ETA 00:15:30
[2026-03-28T09:00:37.688] [INFO] [selfplay:1] [SelfPlay] 629/1000 (62%)  pos=58498  W/D/B=266/119/244  (42%/18%/38%)  d4/d7  1.9 games/s (avg 0.4)  852.1K nps  ETA 00:15:29
[2026-03-28T09:00:46.980] [INFO] [selfplay:1] [SelfPlay] 630/1000 (63%)  pos=58571  W/D/B=266/119/245  (42%/18%/38%)  d4/d7  1.7 games/s (avg 0.4)  851.4K nps  ETA 00:15:18
[2026-03-28T09:00:47.626] [INFO] [selfplay:1] [SelfPlay] 631/1000 (63%)  pos=58644  W/D/B=267/119/245  (42%/18%/38%)  d4/d7  1.6 games/s (avg 0.4)  852.3K nps  ETA 00:15:28
[2026-03-28T09:00:47.686] [INFO] [selfplay:1] [SelfPlay] 632/1000 (63%)  pos=58730  W/D/B=267/119/246  (42%/18%/38%)  d4/d7  1.6 games/s (avg 0.4)  854.1K nps  ETA 00:15:25
[2026-03-28T09:00:50.879] [INFO] [selfplay:1] [SelfPlay] 633/1000 (63%)  pos=58810  W/D/B=267/119/247  (42%/18%/39%)  d4/d7  3.9 games/s (avg 0.4)  855.8K nps  ETA 00:15:18
[2026-03-28T09:00:52.360] [INFO] [selfplay:1] [SelfPlay] 634/1000 (63%)  pos=58814  W/D/B=267/119/248  (42%/18%/39%)  d4/d7  3.6 games/s (avg 0.4)  855.8K nps  ETA 00:15:17
[2026-03-28T09:00:57.784] [INFO] [selfplay:1] [SelfPlay] 635/1000 (63%)  pos=58934  W/D/B=268/119/248  (42%/18%/39%)  d4/d7  3.1 games/s (avg 0.4)  854.9K nps  ETA 00:15:11
[2026-03-28T09:00:59.513] [INFO] [selfplay:1] [SelfPlay] 636/1000 (63%)  pos=58990  W/D/B=269/119/248  (42%/18%/38%)  d4/d7  2.9 games/s (avg 0.4)  856.4K nps  ETA 00:15:13
[2026-03-28T09:01:07.258] [INFO] [selfplay:1] [SelfPlay] 637/1000 (63%)  pos=59030  W/D/B=270/119/248  (42%/18%/38%)  d4/d7  2.6 games/s (avg 0.4)  856.1K nps  ETA 00:15:05
[2026-03-28T09:01:10.841] [INFO] [selfplay:1] [SelfPlay] 638/1000 (63%)  pos=59097  W/D/B=270/119/249  (42%/18%/39%)  d4/d7  2.4 games/s (avg 0.4)  857.9K nps  ETA 00:15:08
[2026-03-28T09:01:18.795] [INFO] [selfplay:1] [SelfPlay] 639/1000 (63%)  pos=59155  W/D/B=270/119/250  (42%/18%/39%)  d4/d7  2.1 games/s (avg 0.4)  857.0K nps  ETA 00:15:02
[2026-03-28T09:01:20.660] [INFO] [selfplay:1] [SelfPlay] 640/1000 (64%)  pos=59203  W/D/B=270/119/251  (42%/18%/39%)  d4/d7  1.9 games/s (avg 0.4)  858.4K nps  ETA 00:15:09
[2026-03-28T09:01:20.960] [INFO] [selfplay:1] [SelfPlay] 641/1000 (64%)  pos=59260  W/D/B=270/119/252  (42%/18%/39%)  d4/d7  1.7 games/s (avg 0.4)  859.2K nps  ETA 00:15:08
[2026-03-28T09:01:21.352] [INFO] [selfplay:1] [SelfPlay] 642/1000 (64%)  pos=59383  W/D/B=270/120/252  (42%/18%/39%)  d4/d7  1.9 games/s (avg 0.4)  861.1K nps  ETA 00:15:03
[2026-03-28T09:01:26.025] [INFO] [selfplay:1] [SelfPlay] 643/1000 (64%)  pos=59409  W/D/B=271/120/252  (42%/18%/39%)  d4/d7  2.0 games/s (avg 0.4)  861.9K nps  ETA 00:14:57
[2026-03-28T09:01:28.036] [INFO] [selfplay:1] [SelfPlay] 644/1000 (64%)  pos=59496  W/D/B=271/120/253  (42%/18%/39%)  d4/d7  1.8 games/s (avg 0.4)  859.7K nps  ETA 00:14:57
[2026-03-28T09:01:29.940] [INFO] [selfplay:1] [SelfPlay] 645/1000 (64%)  pos=59736  W/D/B=271/121/253  (42%/18%/39%)  d4/d7  1.6 games/s (avg 0.4)  861.6K nps  ETA 00:14:54
[2026-03-28T09:01:30.753] [INFO] [selfplay:1] [SelfPlay] 646/1000 (64%)  pos=59841  W/D/B=272/121/253  (42%/18%/39%)  d4/d7  1.4 games/s (avg 0.4)  862.6K nps  ETA 00:14:53
[2026-03-28T09:01:32.570] [INFO] [selfplay:1] [SelfPlay] 647/1000 (64%)  pos=59994  W/D/B=273/121/253  (42%/18%/39%)  d4/d7  1.4 games/s (avg 0.4)  863.9K nps  ETA 00:14:48
[2026-03-28T09:01:35.964] [INFO] [selfplay:1] [SelfPlay] 648/1000 (64%)  pos=60075  W/D/B=273/121/254  (42%/18%/39%)  d4/d7  1.3 games/s (avg 0.4)  864.1K nps  ETA 00:14:44
[2026-03-28T09:01:45.698] [INFO] [selfplay:1] [SelfPlay] 649/1000 (64%)  pos=60152  W/D/B=273/122/254  (42%/18%/39%)  d4/d7  1.1 games/s (avg 0.4)  862.2K nps  ETA 00:14:35
[2026-03-28T09:01:46.626] [INFO] [selfplay:1] [SelfPlay] 650/1000 (65%)  pos=60347  W/D/B=274/122/254  (42%/18%/39%)  d4/d7  1.0 games/s (avg 0.4)  863.3K nps  ETA 00:14:46
[2026-03-28T09:01:46.750] [INFO] [selfplay:1] [SelfPlay] 651/1000 (65%)  pos=60435  W/D/B=274/123/254  (42%/18%/39%)  d4/d7  1.0 games/s (avg 0.4)  863.4K nps  ETA 00:14:43
[2026-03-28T09:01:48.182] [INFO] [selfplay:1] [SelfPlay] 652/1000 (65%)  pos=60485  W/D/B=274/124/254  (42%/19%/38%)  d4/d7  2.1 games/s (avg 0.4)  864.3K nps  ETA 00:14:38
[2026-03-28T09:02:02.306] [INFO] [selfplay:1] [SelfPlay] 653/1000 (65%)  pos=60556  W/D/B=274/124/255  (41%/18%/39%)  d4/d7  1.9 games/s (avg 0.4)  864.5K nps  ETA 00:14:22
[2026-03-28T09:02:05.640] [INFO] [selfplay:1] [SelfPlay] 654/1000 (65%)  pos=60626  W/D/B=275/124/255  (42%/18%/38%)  d4/d7  1.7 games/s (avg 0.4)  865.7K nps  ETA 00:14:36
[2026-03-28T09:02:10.997] [INFO] [selfplay:1] [SelfPlay] 655/1000 (65%)  pos=60776  W/D/B=275/124/256  (41%/18%/39%)  d4/d7  1.5 games/s (avg 0.4)  864.9K nps  ETA 00:14:33
[2026-03-28T09:02:13.729] [INFO] [selfplay:1] [SelfPlay] 656/1000 (65%)  pos=60909  W/D/B=276/124/256  (42%/18%/39%)  d4/d7  1.3 games/s (avg 0.4)  862.6K nps  ETA 00:14:34
[2026-03-28T09:02:14.857] [INFO] [selfplay:1] [SelfPlay] 657/1000 (65%)  pos=61005  W/D/B=276/124/257  (42%/18%/39%)  d4/d7  1.2 games/s (avg 0.4)  862.9K nps  ETA 00:14:33
[2026-03-28T09:02:16.223] [INFO] [selfplay:1] [SelfPlay] 658/1000 (65%)  pos=61043  W/D/B=276/124/258  (41%/18%/39%)  d4/d7  1.1 games/s (avg 0.4)  865.5K nps  ETA 00:14:30
[2026-03-28T09:02:17.799] [INFO] [selfplay:1] [SelfPlay] 659/1000 (65%)  pos=61095  W/D/B=277/124/258  (42%/18%/39%)  d4/d7  1.1 games/s (avg 0.4)  865.8K nps  ETA 00:14:26
[2026-03-28T09:02:21.210] [INFO] [selfplay:1] [SelfPlay] 660/1000 (66%)  pos=61223  W/D/B=277/125/258  (41%/18%/39%)  d4/d7  1.0 games/s (avg 0.4)  864.9K nps  ETA 00:14:22
[2026-03-28T09:02:22.630] [INFO] [selfplay:1] [SelfPlay] 661/1000 (66%)  pos=61363  W/D/B=277/126/258  (41%/19%/39%)  d4/d7  0.9 games/s (avg 0.4)  864.4K nps  ETA 00:14:21
[2026-03-28T09:02:25.898] [INFO] [selfplay:1] [SelfPlay] 662/1000 (66%)  pos=61457  W/D/B=277/126/259  (41%/19%/39%)  d4/d7  0.9 games/s (avg 0.4)  864.9K nps  ETA 00:14:16
[2026-03-28T09:02:27.882] [INFO] [selfplay:1] [SelfPlay] 663/1000 (66%)  pos=61590  W/D/B=278/126/259  (41%/19%/39%)  d4/d7  0.8 games/s (avg 0.4)  865.7K nps  ETA 00:14:15
[2026-03-28T09:02:30.981] [INFO] [selfplay:1] [SelfPlay] 664/1000 (66%)  pos=61687  W/D/B=279/126/259  (42%/18%/39%)  d4/d7  0.7 games/s (avg 0.4)  866.5K nps  ETA 00:14:11
[2026-03-28T09:02:31.035] [INFO] [selfplay:1] [SelfPlay] 665/1000 (66%)  pos=61793  W/D/B=279/126/260  (41%/18%/39%)  d4/d7  0.7 games/s (avg 0.4)  866.3K nps  ETA 00:14:12
[2026-03-28T09:02:33.253] [INFO] [selfplay:1] [SelfPlay] 666/1000 (66%)  pos=61888  W/D/B=279/127/260  (41%/19%/39%)  d4/d7  3.4 games/s (avg 0.4)  867.5K nps  ETA 00:14:06
[2026-03-28T09:02:35.410] [INFO] [selfplay:1] [SelfPlay] 667/1000 (66%)  pos=61956  W/D/B=279/127/261  (41%/19%/39%)  d4/d7  2.9 games/s (avg 0.4)  867.7K nps  ETA 00:14:03
[2026-03-28T09:02:37.429] [INFO] [selfplay:1] [SelfPlay] 668/1000 (66%)  pos=62010  W/D/B=280/127/261  (41%/19%/39%)  d4/d7  2.6 games/s (avg 0.4)  867.0K nps  ETA 00:14:01
[2026-03-28T09:02:39.910] [INFO] [selfplay:1] [SelfPlay] 669/1000 (66%)  pos=62051  W/D/B=280/127/262  (41%/18%/39%)  d4/d7  2.3 games/s (avg 0.4)  865.7K nps  ETA 00:13:58
[2026-03-28T09:02:43.018] [INFO] [selfplay:1] [SelfPlay] 670/1000 (67%)  pos=62136  W/D/B=281/127/262  (41%/18%/39%)  d4/d7  2.0 games/s (avg 0.4)  865.3K nps  ETA 00:13:55
[2026-03-28T09:02:43.324] [INFO] [selfplay:1] [SelfPlay] 671/1000 (67%)  pos=62304  W/D/B=281/128/262  (41%/19%/39%)  d4/d7  1.7 games/s (avg 0.4)  864.4K nps  ETA 00:13:55
[2026-03-28T09:02:43.905] [INFO] [selfplay:1] [SelfPlay] 672/1000 (67%)  pos=62362  W/D/B=281/129/262  (41%/19%/38%)  d4/d7  2.0 games/s (avg 0.4)  865.2K nps  ETA 00:13:51
[2026-03-28T09:02:48.595] [INFO] [selfplay:1] [SelfPlay] 673/1000 (67%)  pos=62415  W/D/B=282/129/262  (41%/19%/38%)  d4/d7  1.9 games/s (avg 0.4)  865.8K nps  ETA 00:13:43
[2026-03-28T09:02:58.399] [INFO] [selfplay:1] [SelfPlay] 674/1000 (67%)  pos=62487  W/D/B=283/129/262  (41%/19%/38%)  d4/d7  1.7 games/s (avg 0.4)  863.9K nps  ETA 00:13:37
[2026-03-28T09:03:00.346] [INFO] [selfplay:1] [SelfPlay] 675/1000 (67%)  pos=62569  W/D/B=284/129/262  (42%/19%/38%)  d4/d7  1.5 games/s (avg 0.4)  864.2K nps  ETA 00:13:46
[2026-03-28T09:03:06.581] [INFO] [selfplay:1] [SelfPlay] 676/1000 (67%)  pos=62625  W/D/B=285/129/262  (42%/19%/38%)  d4/d7  1.4 games/s (avg 0.4)  863.9K nps  ETA 00:13:39
[2026-03-28T09:03:08.571] [INFO] [selfplay:1] [SelfPlay] 677/1000 (67%)  pos=62667  W/D/B=285/130/262  (42%/19%/38%)  d4/d7  1.2 games/s (avg 0.4)  860.6K nps  ETA 00:13:42
[2026-03-28T09:03:10.525] [INFO] [selfplay:1] [SelfPlay] 678/1000 (67%)  pos=62706  W/D/B=286/130/262  (42%/19%/38%)  d4/d7  1.1 games/s (avg 0.4)  860.7K nps  ETA 00:13:39
[2026-03-28T09:03:16.637] [INFO] [selfplay:1] [SelfPlay] 679/1000 (67%)  pos=62839  W/D/B=287/130/262  (42%/19%/38%)  d4/d7  1.0 games/s (avg 0.4)  861.5K nps  ETA 00:13:32
[2026-03-28T09:03:16.839] [INFO] [selfplay:1] [SelfPlay] 680/1000 (68%)  pos=62896  W/D/B=287/130/263  (42%/19%/38%)  d4/d7  0.9 games/s (avg 0.4)  858.5K nps  ETA 00:13:38
[2026-03-28T09:03:18.531] [INFO] [selfplay:1] [SelfPlay] 681/1000 (68%)  pos=62964  W/D/B=287/130/264  (42%/19%/38%)  d4/d7  1.5 games/s (avg 0.4)  859.7K nps  ETA 00:13:32
[2026-03-28T09:03:20.893] [INFO] [selfplay:1] [SelfPlay] 682/1000 (68%)  pos=63059  W/D/B=288/130/264  (42%/19%/38%)  d4/d7  1.4 games/s (avg 0.4)  860.7K nps  ETA 00:13:29
[2026-03-28T09:03:21.210] [INFO] [selfplay:1] [SelfPlay] 683/1000 (68%)  pos=63150  W/D/B=288/130/265  (42%/19%/38%)  d4/d7  1.2 games/s (avg 0.4)  861.1K nps  ETA 00:13:28
[2026-03-28T09:03:21.278] [INFO] [selfplay:1] [SelfPlay] 684/1000 (68%)  pos=63213  W/D/B=289/130/265  (42%/19%/38%)  d4/d7  1.5 games/s (avg 0.4)  861.1K nps  ETA 00:13:25
[2026-03-28T09:03:22.338] [INFO] [selfplay:1] [SelfPlay] 685/1000 (68%)  pos=63276  W/D/B=290/130/265  (42%/18%/38%)  d4/d7  3.5 games/s (avg 0.4)  862.0K nps  ETA 00:13:20
[2026-03-28T09:03:26.350] [INFO] [selfplay:1] [SelfPlay] 686/1000 (68%)  pos=63414  W/D/B=290/131/265  (42%/19%/38%)  d4/d7  3.1 games/s (avg 0.4)  861.5K nps  ETA 00:13:13
[2026-03-28T09:03:26.929] [INFO] [selfplay:1] [SelfPlay] 687/1000 (68%)  pos=63577  W/D/B=290/132/265  (42%/19%/38%)  d4/d7  2.9 games/s (avg 0.4)  863.6K nps  ETA 00:13:16
[2026-03-28T09:03:28.530] [INFO] [selfplay:1] [SelfPlay] 688/1000 (68%)  pos=63717  W/D/B=290/132/266  (42%/19%/38%)  d4/d7  2.7 games/s (avg 0.4)  863.4K nps  ETA 00:13:10
[2026-03-28T09:03:31.257] [INFO] [selfplay:1] [SelfPlay] 689/1000 (68%)  pos=63885  W/D/B=290/133/266  (42%/19%/38%)  d4/d7  2.4 games/s (avg 0.4)  864.1K nps  ETA 00:13:08
[2026-03-28T09:03:31.866] [INFO] [selfplay:1] [SelfPlay] 690/1000 (69%)  pos=63928  W/D/B=291/133/266  (42%/19%/38%)  d4/d7  2.1 games/s (avg 0.4)  863.9K nps  ETA 00:13:06
[2026-03-28T09:03:35.089] [INFO] [selfplay:1] [SelfPlay] 691/1000 (69%)  pos=63987  W/D/B=291/134/266  (42%/19%/38%)  d4/d7  2.0 games/s (avg 0.4)  863.6K nps  ETA 00:13:01
[2026-03-28T09:03:38.791] [INFO] [selfplay:1] [SelfPlay] 692/1000 (69%)  pos=64028  W/D/B=291/134/267  (42%/19%/38%)  d4/d7  1.8 games/s (avg 0.4)  862.4K nps  ETA 00:12:57
[2026-03-28T09:03:44.280] [INFO] [selfplay:1] [SelfPlay] 693/1000 (69%)  pos=64075  W/D/B=291/135/267  (41%/19%/38%)  d4/d7  1.5 games/s (avg 0.4)  860.5K nps  ETA 00:12:54
[2026-03-28T09:03:48.697] [INFO] [selfplay:1] [SelfPlay] 694/1000 (69%)  pos=64123  W/D/B=291/136/267  (41%/19%/38%)  d4/d7  1.3 games/s (avg 0.4)  857.6K nps  ETA 00:12:53
[2026-03-28T09:03:51.070] [INFO] [selfplay:1] [SelfPlay] 695/1000 (69%)  pos=64244  W/D/B=292/136/267  (42%/19%/38%)  d4/d7  1.2 games/s (avg 0.4)  856.3K nps  ETA 00:12:54
[2026-03-28T09:03:53.989] [INFO] [selfplay:1] [SelfPlay] 696/1000 (69%)  pos=64325  W/D/B=292/136/268  (41%/19%/38%)  d4/d7  1.1 games/s (avg 0.4)  855.9K nps  ETA 00:12:51
[2026-03-28T09:03:54.736] [INFO] [selfplay:1] [SelfPlay] 697/1000 (69%)  pos=64380  W/D/B=293/136/268  (42%/19%/38%)  d4/d7  1.0 games/s (avg 0.4)  855.0K nps  ETA 00:12:50
[2026-03-28T09:03:58.216] [INFO] [selfplay:1] [SelfPlay] 698/1000 (69%)  pos=64433  W/D/B=294/136/268  (42%/19%/38%)  d4/d7  1.0 games/s (avg 0.4)  855.3K nps  ETA 00:12:45
[2026-03-28T09:04:00.436] [INFO] [selfplay:1] [SelfPlay] 699/1000 (69%)  pos=64622  W/D/B=295/136/268  (42%/19%/38%)  d4/d7  0.9 games/s (avg 0.4)  855.3K nps  ETA 00:12:43
[2026-03-28T09:04:00.747] [INFO] [selfplay:1] [SelfPlay] 700/1000 (70%)  pos=64693  W/D/B=295/136/269  (42%/19%/38%)  d4/d7  0.8 games/s (avg 0.4)  855.8K nps  ETA 00:12:43
[2026-03-28T09:04:00.889] [INFO] [selfplay:1] [SelfPlay] 701/1000 (70%)  pos=64751  W/D/B=295/137/269  (42%/19%/38%)  d4/d7  1.2 games/s (avg 0.4)  856.9K nps  ETA 00:12:40
[2026-03-28T09:04:03.527] [INFO] [selfplay:1] [SelfPlay] 702/1000 (70%)  pos=64756  W/D/B=295/137/270  (42%/19%/38%)  d4/d7  2.1 games/s (avg 0.4)  857.2K nps  ETA 00:12:33
[2026-03-28T09:04:07.566] [INFO] [selfplay:1] [SelfPlay] 703/1000 (70%)  pos=64847  W/D/B=296/137/270  (42%/19%/38%)  d4/d7  1.8 games/s (avg 0.4)  856.6K nps  ETA 00:12:30
[2026-03-28T09:04:07.706] [INFO] [selfplay:1] [SelfPlay] 704/1000 (70%)  pos=64884  W/D/B=296/138/270  (42%/19%/38%)  d4/d7  1.6 games/s (avg 0.4)  854.4K nps  ETA 00:12:32
[2026-03-28T09:04:09.750] [INFO] [selfplay:1] [SelfPlay] 705/1000 (70%)  pos=65023  W/D/B=297/138/270  (42%/19%/38%)  d4/d7  2.4 games/s (avg 0.4)  856.2K nps  ETA 00:12:26
[2026-03-28T09:04:11.404] [INFO] [selfplay:1] [SelfPlay] 706/1000 (70%)  pos=65077  W/D/B=297/139/270  (42%/19%/38%)  d4/d7  2.1 games/s (avg 0.4)  856.2K nps  ETA 00:12:23
[2026-03-28T09:04:13.895] [INFO] [selfplay:1] [SelfPlay] 707/1000 (70%)  pos=65122  W/D/B=298/139/270  (42%/19%/38%)  d4/d7  1.9 games/s (avg 0.4)  855.2K nps  ETA 00:12:21
[2026-03-28T09:04:13.983] [INFO] [selfplay:1] [SelfPlay] 708/1000 (70%)  pos=65173  W/D/B=298/139/271  (42%/19%/38%)  d4/d7  1.7 games/s (avg 0.4)  854.7K nps  ETA 00:12:20
[2026-03-28T09:04:21.388] [INFO] [selfplay:1] [SelfPlay] 709/1000 (70%)  pos=65214  W/D/B=298/140/271  (42%/19%/38%)  d4/d7  3.1 games/s (avg 0.4)  854.8K nps  ETA 00:12:09
[2026-03-28T09:04:28.628] [INFO] [selfplay:1] [SelfPlay] 710/1000 (71%)  pos=65304  W/D/B=299/140/271  (42%/19%/38%)  d4/d7  2.9 games/s (avg 0.4)  856.3K nps  ETA 00:12:09
[2026-03-28T09:04:28.985] [INFO] [selfplay:1] [SelfPlay] 711/1000 (71%)  pos=65437  W/D/B=300/140/271  (42%/19%/38%)  d4/d7  2.7 games/s (avg 0.4)  857.8K nps  ETA 00:12:15
[2026-03-28T09:04:32.042] [INFO] [selfplay:1] [SelfPlay] 712/1000 (71%)  pos=65485  W/D/B=301/140/271  (42%/19%/38%)  d4/d7  2.7 games/s (avg 0.4)  859.0K nps  ETA 00:12:09
[2026-03-28T09:04:32.936] [INFO] [selfplay:1] [SelfPlay] 713/1000 (71%)  pos=65533  W/D/B=301/140/272  (42%/19%/38%)  d4/d7  2.3 games/s (avg 0.4)  857.0K nps  ETA 00:12:09
[2026-03-28T09:04:39.123] [INFO] [selfplay:1] [SelfPlay] 714/1000 (71%)  pos=65571  W/D/B=301/141/272  (42%/19%/38%)  d4/d7  2.2 games/s (avg 0.4)  857.2K nps  ETA 00:12:00
[2026-03-28T09:04:42.925] [INFO] [selfplay:1] [SelfPlay] 715/1000 (71%)  pos=65628  W/D/B=301/141/273  (42%/19%/38%)  d4/d7  2.0 games/s (avg 0.4)  858.5K nps  ETA 00:12:01
[2026-03-28T09:04:46.800] [INFO] [selfplay:1] [SelfPlay] 716/1000 (71%)  pos=65699  W/D/B=301/141/274  (42%/19%/38%)  d4/d7  1.7 games/s (avg 0.4)  857.4K nps  ETA 00:11:59
[2026-03-28T09:04:47.195] [INFO] [selfplay:1] [SelfPlay] 717/1000 (71%)  pos=65796  W/D/B=302/141/274  (42%/19%/38%)  d4/d7  1.5 games/s (avg 0.4)  856.4K nps  ETA 00:12:01
[2026-03-28T09:04:48.945] [INFO] [selfplay:1] [SelfPlay] 718/1000 (71%)  pos=65929  W/D/B=302/141/275  (42%/19%/38%)  d4/d7  1.7 games/s (avg 0.4)  857.9K nps  ETA 00:11:56
[2026-03-28T09:04:54.932] [INFO] [selfplay:1] [SelfPlay] 719/1000 (71%)  pos=66091  W/D/B=303/141/275  (42%/19%/38%)  d4/d7  1.5 games/s (avg 0.4)  858.1K nps  ETA 00:11:49
[2026-03-28T09:04:55.111] [INFO] [selfplay:1] [SelfPlay] 720/1000 (72%)  pos=66187  W/D/B=303/141/276  (42%/19%/38%)  d4/d7  1.3 games/s (avg 0.4)  856.3K nps  ETA 00:11:54
[2026-03-28T09:05:00.890] [INFO] [selfplay:1] [SelfPlay] 721/1000 (72%)  pos=66269  W/D/B=303/142/276  (42%/19%/38%)  d4/d7  1.9 games/s (avg 0.4)  858.2K nps  ETA 00:11:44
[2026-03-28T09:05:03.963] [INFO] [selfplay:1] [SelfPlay] 722/1000 (72%)  pos=66371  W/D/B=303/143/276  (41%/19%/38%)  d4/d7  1.8 games/s (avg 0.4)  858.7K nps  ETA 00:11:46
[2026-03-28T09:05:05.336] [INFO] [selfplay:1] [SelfPlay] 723/1000 (72%)  pos=66448  W/D/B=303/143/277  (41%/19%/38%)  d4/d7  1.6 games/s (avg 0.4)  858.3K nps  ETA 00:11:46
[2026-03-28T09:05:07.447] [INFO] [selfplay:1] [SelfPlay] 724/1000 (72%)  pos=66559  W/D/B=304/143/277  (41%/19%/38%)  d4/d7  1.5 games/s (avg 0.4)  858.7K nps  ETA 00:11:41
[2026-03-28T09:05:10.844] [INFO] [selfplay:1] [SelfPlay] 725/1000 (72%)  pos=66636  W/D/B=304/143/278  (41%/19%/38%)  d4/d7  1.3 games/s (avg 0.4)  858.3K nps  ETA 00:11:38
[2026-03-28T09:05:12.718] [INFO] [selfplay:1] [SelfPlay] 726/1000 (72%)  pos=66667  W/D/B=305/143/278  (42%/19%/38%)  d4/d7  1.2 games/s (avg 0.4)  856.2K nps  ETA 00:11:37
[2026-03-28T09:05:17.844] [INFO] [selfplay:1] [SelfPlay] 727/1000 (72%)  pos=66707  W/D/B=305/144/278  (41%/19%/38%)  d4/d7  1.1 games/s (avg 0.4)  855.6K nps  ETA 00:11:31
[2026-03-28T09:05:20.152] [INFO] [selfplay:1] [SelfPlay] 728/1000 (72%)  pos=66942  W/D/B=305/145/278  (41%/19%/38%)  d4/d7  0.9 games/s (avg 0.4)  855.4K nps  ETA 00:11:32
[2026-03-28T09:05:22.883] [INFO] [selfplay:1] [SelfPlay] 729/1000 (72%)  pos=67032  W/D/B=305/146/278  (41%/20%/38%)  d4/d7  0.9 games/s (avg 0.4)  855.6K nps  ETA 00:11:29
[2026-03-28T09:05:22.987] [INFO] [selfplay:1] [SelfPlay] 730/1000 (73%)  pos=67111  W/D/B=306/146/278  (41%/20%/38%)  d4/d7  0.8 games/s (avg 0.4)  855.3K nps  ETA 00:11:29
[2026-03-28T09:05:24.760] [INFO] [selfplay:1] [SelfPlay] 731/1000 (73%)  pos=67221  W/D/B=306/146/279  (41%/19%/38%)  d4/d7  2.1 games/s (avg 0.4)  857.2K nps  ETA 00:11:24
[2026-03-28T09:05:27.882] [INFO] [selfplay:1] [SelfPlay] 732/1000 (73%)  pos=67427  W/D/B=307/146/279  (41%/19%/38%)  d4/d7  1.9 games/s (avg 0.4)  856.3K nps  ETA 00:11:20
[2026-03-28T09:05:31.498] [INFO] [selfplay:1] [SelfPlay] 733/1000 (73%)  pos=67523  W/D/B=307/146/280  (41%/19%/38%)  d4/d7  1.6 games/s (avg 0.4)  855.3K nps  ETA 00:11:16
[2026-03-28T09:05:37.358] [INFO] [selfplay:1] [SelfPlay] 734/1000 (73%)  pos=67568  W/D/B=307/146/281  (41%/19%/38%)  d4/d7  1.4 games/s (avg 0.4)  853.1K nps  ETA 00:11:12
[2026-03-28T09:05:43.747] [INFO] [selfplay:1] [SelfPlay] 735/1000 (73%)  pos=67617  W/D/B=307/147/281  (41%/20%/38%)  d4/d7  1.2 games/s (avg 0.4)  850.8K nps  ETA 00:11:11
[2026-03-28T09:05:43.835] [INFO] [selfplay:1] [SelfPlay] 736/1000 (73%)  pos=67724  W/D/B=308/147/281  (41%/19%/38%)  d4/d7  1.1 games/s (avg 0.4)  848.7K nps  ETA 00:11:16
[2026-03-28T09:05:44.433] [INFO] [selfplay:1] [SelfPlay] 737/1000 (73%)  pos=67811  W/D/B=308/147/282  (41%/19%/38%)  d4/d7  2.6 games/s (avg 0.4)  850.1K nps  ETA 00:11:11
[2026-03-28T09:05:45.140] [INFO] [selfplay:1] [SelfPlay] 738/1000 (73%)  pos=67876  W/D/B=309/147/282  (41%/19%/38%)  d4/d7  2.5 games/s (avg 0.4)  850.9K nps  ETA 00:11:09
[2026-03-28T09:05:47.492] [INFO] [selfplay:1] [SelfPlay] 739/1000 (73%)  pos=67913  W/D/B=310/147/282  (41%/19%/38%)  d4/d7  2.3 games/s (avg 0.4)  851.6K nps  ETA 00:11:03
[2026-03-28T09:05:48.223] [INFO] [selfplay:1] [SelfPlay] 740/1000 (74%)  pos=68048  W/D/B=310/147/283  (41%/19%/38%)  d4/d7  2.0 games/s (avg 0.4)  851.8K nps  ETA 00:11:03
[2026-03-28T09:05:50.387] [INFO] [selfplay:1] [SelfPlay] 741/1000 (74%)  pos=68138  W/D/B=311/147/283  (41%/19%/38%)  d4/d7  1.9 games/s (avg 0.4)  851.5K nps  ETA 00:10:57
[2026-03-28T09:05:50.535] [INFO] [selfplay:1] [SelfPlay] 742/1000 (74%)  pos=68373  W/D/B=311/148/283  (41%/19%/38%)  d4/d7  1.7 games/s (avg 0.4)  852.6K nps  ETA 00:10:57
[2026-03-28T09:05:53.916] [INFO] [selfplay:1] [SelfPlay] 743/1000 (74%)  pos=68543  W/D/B=311/148/284  (41%/19%/38%)  d4/d7  2.5 games/s (avg 0.4)  853.8K nps  ETA 00:10:51
[2026-03-28T09:05:54.613] [INFO] [selfplay:1] [SelfPlay] 744/1000 (74%)  pos=68608  W/D/B=311/148/285  (41%/19%/38%)  d4/d7  2.1 games/s (avg 0.4)  852.7K nps  ETA 00:10:51
[2026-03-28T09:05:59.769] [INFO] [selfplay:1] [SelfPlay] 745/1000 (74%)  pos=68672  W/D/B=311/149/285  (41%/20%/38%)  d4/d7  2.0 games/s (avg 0.4)  852.5K nps  ETA 00:10:44
[2026-03-28T09:06:00.333] [INFO] [selfplay:1] [SelfPlay] 746/1000 (74%)  pos=68780  W/D/B=311/149/286  (41%/19%/38%)  d4/d7  1.9 games/s (avg 0.4)  853.6K nps  ETA 00:10:47
[2026-03-28T09:06:01.579] [INFO] [selfplay:1] [SelfPlay] 747/1000 (74%)  pos=68839  W/D/B=311/150/286  (41%/20%/38%)  d4/d7  1.9 games/s (avg 0.4)  854.1K nps  ETA 00:10:42
[2026-03-28T09:06:02.092] [INFO] [selfplay:1] [SelfPlay] 748/1000 (74%)  pos=68970  W/D/B=312/150/286  (41%/20%/38%)  d4/d7  1.7 games/s (avg 0.4)  854.5K nps  ETA 00:10:41
[2026-03-28T09:06:05.391] [INFO] [selfplay:1] [SelfPlay] 749/1000 (74%)  pos=69006  W/D/B=312/151/286  (41%/20%/38%)  d4/d7  1.7 games/s (avg 0.4)  854.8K nps  ETA 00:10:33
[2026-03-28T09:06:07.192] [INFO] [selfplay:1] [SelfPlay] 750/1000 (75%)  pos=69062  W/D/B=312/152/286  (41%/20%/38%)  d4/d7  1.5 games/s (avg 0.4)  852.9K nps  ETA 00:10:34
[2026-03-28T09:06:07.586] [INFO] [selfplay:1] [SelfPlay] 751/1000 (75%)  pos=69302  W/D/B=312/153/286  (41%/20%/38%)  d4/d7  1.4 games/s (avg 0.4)  853.7K nps  ETA 00:10:31
[2026-03-28T09:06:12.173] [INFO] [selfplay:1] [SelfPlay] 752/1000 (75%)  pos=69353  W/D/B=312/153/287  (41%/20%/38%)  d4/d7  1.6 games/s (avg 0.4)  853.7K nps  ETA 00:10:25
[2026-03-28T09:06:15.579] [INFO] [selfplay:1] [SelfPlay] 753/1000 (75%)  pos=69512  W/D/B=312/154/287  (41%/20%/38%)  d4/d7  1.4 games/s (avg 0.4)  851.0K nps  ETA 00:10:23
[2026-03-28T09:06:16.573] [INFO] [selfplay:1] [SelfPlay] 754/1000 (75%)  pos=69571  W/D/B=313/154/287  (41%/20%/38%)  d4/d7  1.2 games/s (avg 0.4)  849.9K nps  ETA 00:10:24
[2026-03-28T09:06:27.920] [INFO] [selfplay:1] [SelfPlay] 755/1000 (75%)  pos=69607  W/D/B=313/154/288  (41%/20%/38%)  d4/d7  1.2 games/s (avg 0.4)  850.1K nps  ETA 00:10:11
[2026-03-28T09:06:27.972] [INFO] [selfplay:1] [SelfPlay] 756/1000 (75%)  pos=69685  W/D/B=314/154/288  (41%/20%/38%)  d4/d7  1.1 games/s (avg 0.4)  850.5K nps  ETA 00:10:22
[2026-03-28T09:06:29.442] [INFO] [selfplay:1] [SelfPlay] 757/1000 (75%)  pos=69810  W/D/B=315/154/288  (41%/20%/38%)  d4/d7  3.8 games/s (avg 0.4)  852.2K nps  ETA 00:10:17
[2026-03-28T09:06:31.793] [INFO] [selfplay:1] [SelfPlay] 758/1000 (75%)  pos=69942  W/D/B=316/154/288  (41%/20%/37%)  d4/d7  3.3 games/s (avg 0.4)  853.0K nps  ETA 00:10:14
[2026-03-28T09:06:33.342] [INFO] [selfplay:1] [SelfPlay] 759/1000 (75%)  pos=70040  W/D/B=316/155/288  (41%/20%/37%)  d4/d7  2.9 games/s (avg 0.4)  851.7K nps  ETA 00:10:12
[2026-03-28T09:06:34.825] [INFO] [selfplay:1] [SelfPlay] 760/1000 (76%)  pos=70141  W/D/B=317/155/288  (41%/20%/37%)  d4/d7  2.6 games/s (avg 0.4)  851.9K nps  ETA 00:10:10
[2026-03-28T09:06:37.584] [INFO] [selfplay:1] [SelfPlay] 761/1000 (76%)  pos=70300  W/D/B=318/155/288  (41%/20%/37%)  d4/d7  2.3 games/s (avg 0.4)  852.7K nps  ETA 00:10:05
[2026-03-28T09:06:38.681] [INFO] [selfplay:1] [SelfPlay] 762/1000 (76%)  pos=70347  W/D/B=319/155/288  (41%/20%/37%)  d4/d7  2.0 games/s (avg 0.4)  851.1K nps  ETA 00:10:04
[2026-03-28T09:06:41.239] [INFO] [selfplay:1] [SelfPlay] 763/1000 (76%)  pos=70458  W/D/B=320/155/288  (41%/20%/37%)  d4/d7  1.8 games/s (avg 0.4)  852.2K nps  ETA 00:10:00
[2026-03-28T09:06:41.451] [INFO] [selfplay:1] [SelfPlay] 764/1000 (76%)  pos=70544  W/D/B=321/155/288  (42%/20%/37%)  d4/d7  1.6 games/s (avg 0.4)  851.7K nps  ETA 00:09:59
[2026-03-28T09:06:42.018] [INFO] [selfplay:1] [SelfPlay] 765/1000 (76%)  pos=70613  W/D/B=321/155/289  (41%/20%/37%)  d4/d7  2.1 games/s (avg 0.4)  853.2K nps  ETA 00:09:56
[2026-03-28T09:06:45.482] [INFO] [selfplay:1] [SelfPlay] 766/1000 (76%)  pos=70687  W/D/B=322/155/289  (42%/20%/37%)  d4/d7  2.0 games/s (avg 0.4)  853.0K nps  ETA 00:09:49
[2026-03-28T09:06:46.939] [INFO] [selfplay:1] [SelfPlay] 767/1000 (76%)  pos=70802  W/D/B=323/155/289  (42%/20%/37%)  d4/d7  1.8 games/s (avg 0.4)  851.0K nps  ETA 00:09:50
[2026-03-28T09:06:49.043] [INFO] [selfplay:1] [SelfPlay] 768/1000 (76%)  pos=70903  W/D/B=323/155/290  (42%/20%/37%)  d4/d7  1.6 games/s (avg 0.4)  851.6K nps  ETA 00:09:46
[2026-03-28T09:06:51.937] [INFO] [selfplay:1] [SelfPlay] 769/1000 (76%)  pos=70966  W/D/B=324/155/290  (42%/20%/37%)  d4/d7  1.4 games/s (avg 0.4)  850.5K nps  ETA 00:09:42
[2026-03-28T09:07:02.628] [INFO] [selfplay:1] [SelfPlay] 770/1000 (77%)  pos=71178  W/D/B=324/155/291  (42%/20%/37%)  d4/d7  1.3 games/s (avg 0.4)  851.1K nps  ETA 00:09:32
[2026-03-28T09:07:05.424] [INFO] [selfplay:1] [SelfPlay] 771/1000 (77%)  pos=71313  W/D/B=324/155/292  (42%/20%/37%)  d4/d7  1.2 games/s (avg 0.4)  852.4K nps  ETA 00:09:40
[2026-03-28T09:07:05.657] [INFO] [selfplay:1] [SelfPlay] 772/1000 (77%)  pos=71356  W/D/B=324/156/292  (41%/20%/37%)  d4/d7  1.1 games/s (avg 0.4)  851.1K nps  ETA 00:09:40
[2026-03-28T09:07:07.899] [INFO] [selfplay:1] [SelfPlay] 773/1000 (77%)  pos=71384  W/D/B=324/157/292  (41%/20%/37%)  d4/d7  1.5 games/s (avg 0.4)  851.5K nps  ETA 00:09:35
[2026-03-28T09:07:08.028] [INFO] [selfplay:1] [SelfPlay] 774/1000 (77%)  pos=71447  W/D/B=324/157/293  (41%/20%/37%)  d4/d7  1.4 games/s (avg 0.4)  851.5K nps  ETA 00:09:35
[2026-03-28T09:07:08.853] [INFO] [selfplay:1] [SelfPlay] 775/1000 (77%)  pos=71657  W/D/B=324/158/293  (41%/20%/37%)  d4/d7  2.3 games/s (avg 0.4)  851.7K nps  ETA 00:09:30
[2026-03-28T09:07:12.207] [INFO] [selfplay:1] [SelfPlay] 776/1000 (77%)  pos=71713  W/D/B=325/158/293  (41%/20%/37%)  d4/d7  2.2 games/s (avg 0.4)  852.2K nps  ETA 00:09:25
[2026-03-28T09:07:13.589] [INFO] [selfplay:1] [SelfPlay] 777/1000 (77%)  pos=71775  W/D/B=326/158/293  (41%/20%/37%)  d4/d7  1.9 games/s (avg 0.4)  851.3K nps  ETA 00:09:24
[2026-03-28T09:07:13.690] [INFO] [selfplay:1] [SelfPlay] 778/1000 (77%)  pos=72009  W/D/B=326/159/293  (41%/20%/37%)  d4/d7  1.7 games/s (avg 0.4)  852.6K nps  ETA 00:09:23
[2026-03-28T09:07:15.118] [INFO] [selfplay:1] [SelfPlay] 779/1000 (77%)  pos=72115  W/D/B=326/159/294  (41%/20%/37%)  d4/d7  2.9 games/s (avg 0.4)  853.5K nps  ETA 00:09:19
[2026-03-28T09:07:18.236] [INFO] [selfplay:1] [SelfPlay] 780/1000 (78%)  pos=72192  W/D/B=327/159/294  (41%/20%/37%)  d4/d7  2.6 games/s (avg 0.4)  854.2K nps  ETA 00:09:14
[2026-03-28T09:07:18.965] [INFO] [selfplay:1] [SelfPlay] 781/1000 (78%)  pos=72260  W/D/B=327/159/295  (41%/20%/37%)  d4/d7  2.3 games/s (avg 0.4)  854.1K nps  ETA 00:09:14
[2026-03-28T09:07:34.977] [INFO] [selfplay:1] [SelfPlay] 782/1000 (78%)  pos=72339  W/D/B=327/159/296  (41%/20%/37%)  d4/d7  2.1 games/s (avg 0.4)  855.3K nps  ETA 00:08:56
[2026-03-28T09:07:37.832] [INFO] [selfplay:1] [SelfPlay] 783/1000 (78%)  pos=72407  W/D/B=327/160/296  (41%/20%/37%)  d4/d7  2.0 games/s (avg 0.4)  855.9K nps  ETA 00:09:10
[2026-03-28T09:07:38.828] [INFO] [selfplay:1] [SelfPlay] 784/1000 (78%)  pos=72573  W/D/B=327/160/297  (41%/20%/37%)  d4/d7  1.7 games/s (avg 0.4)  856.3K nps  ETA 00:09:09
[2026-03-28T09:07:39.475] [INFO] [selfplay:1] [SelfPlay] 785/1000 (78%)  pos=72647  W/D/B=328/160/297  (41%/20%/37%)  d4/d7  1.6 games/s (avg 0.4)  856.6K nps  ETA 00:09:06
[2026-03-28T09:07:41.586] [INFO] [selfplay:1] [SelfPlay] 786/1000 (78%)  pos=72718  W/D/B=329/160/297  (41%/20%/37%)  d4/d7  1.6 games/s (avg 0.4)  857.3K nps  ETA 00:09:02
[2026-03-28T09:07:47.372] [INFO] [selfplay:1] [SelfPlay] 787/1000 (78%)  pos=72791  W/D/B=329/161/297  (41%/20%/37%)  d4/d7  1.4 games/s (avg 0.4)  857.2K nps  ETA 00:08:56
[2026-03-28T09:07:50.944] [INFO] [selfplay:1] [SelfPlay] 788/1000 (78%)  pos=72848  W/D/B=330/161/297  (41%/20%/37%)  d4/d7  1.2 games/s (avg 0.4)  854.8K nps  ETA 00:08:57
[2026-03-28T09:07:55.060] [INFO] [selfplay:1] [SelfPlay] 789/1000 (78%)  pos=72925  W/D/B=330/161/298  (41%/20%/37%)  d4/d7  1.1 games/s (avg 0.4)  853.7K nps  ETA 00:08:54
[2026-03-28T09:07:55.802] [INFO] [selfplay:1] [SelfPlay] 790/1000 (79%)  pos=72961  W/D/B=330/162/298  (41%/20%/37%)  d4/d7  1.0 games/s (avg 0.4)  851.8K nps  ETA 00:08:55
[2026-03-28T09:07:56.239] [INFO] [selfplay:1] [SelfPlay] 791/1000 (79%)  pos=73042  W/D/B=330/162/299  (41%/20%/37%)  d4/d7  1.0 games/s (avg 0.4)  852.9K nps  ETA 00:08:53
[2026-03-28T09:07:58.742] [INFO] [selfplay:1] [SelfPlay] 792/1000 (79%)  pos=73114  W/D/B=330/162/300  (41%/20%/37%)  d4/d7  1.2 games/s (avg 0.4)  852.8K nps  ETA 00:08:46
[2026-03-28T09:08:00.479] [INFO] [selfplay:1] [SelfPlay] 793/1000 (79%)  pos=73168  W/D/B=331/162/300  (41%/20%/37%)  d4/d7  1.1 games/s (avg 0.4)  852.8K nps  ETA 00:08:45
[2026-03-28T09:08:02.930] [INFO] [selfplay:1] [SelfPlay] 794/1000 (79%)  pos=73223  W/D/B=331/162/301  (41%/20%/37%)  d4/d7  1.0 games/s (avg 0.4)  851.9K nps  ETA 00:08:42
[2026-03-28T09:08:05.659] [INFO] [selfplay:1] [SelfPlay] 795/1000 (79%)  pos=73386  W/D/B=331/162/302  (41%/20%/37%)  d4/d7  0.9 games/s (avg 0.4)  852.6K nps  ETA 00:08:39
[2026-03-28T09:08:10.257] [INFO] [selfplay:1] [SelfPlay] 796/1000 (79%)  pos=73504  W/D/B=331/162/303  (41%/20%/38%)  d4/d7  0.8 games/s (avg 0.4)  852.9K nps  ETA 00:08:35
[2026-03-28T09:08:12.849] [INFO] [selfplay:1] [SelfPlay] 797/1000 (79%)  pos=73635  W/D/B=331/162/304  (41%/20%/38%)  d4/d7  0.7 games/s (avg 0.4)  850.4K nps  ETA 00:08:34
[2026-03-28T09:08:16.195] [INFO] [selfplay:1] [SelfPlay] 798/1000 (79%)  pos=73731  W/D/B=331/162/305  (41%/20%/38%)  d4/d7  0.7 games/s (avg 0.4)  849.8K nps  ETA 00:08:32
[2026-03-28T09:08:19.366] [INFO] [selfplay:1] [SelfPlay] 799/1000 (79%)  pos=73916  W/D/B=331/163/305  (41%/20%/38%)  d4/d7  0.6 games/s (avg 0.4)  849.2K nps  ETA 00:08:28
[2026-03-28T09:08:22.223] [INFO] [selfplay:1] [SelfPlay] 800/1000 (80%)  pos=74053  W/D/B=332/163/305  (41%/20%/38%)  d4/d7  0.6 games/s (avg 0.4)  849.0K nps  ETA 00:08:28
[2026-03-28T09:08:29.128] [INFO] [selfplay:1] [SelfPlay] 801/1000 (80%)  pos=74135  W/D/B=332/163/306  (41%/20%/38%)  d4/d7  0.6 games/s (avg 0.4)  848.7K nps  ETA 00:08:20
[2026-03-28T09:08:30.266] [INFO] [selfplay:1] [SelfPlay] 802/1000 (80%)  pos=74375  W/D/B=332/164/306  (41%/20%/38%)  d4/d7  0.5 games/s (avg 0.4)  845.0K nps  ETA 00:08:25
[2026-03-28T09:08:34.157] [INFO] [selfplay:1] [SelfPlay] 803/1000 (80%)  pos=74460  W/D/B=332/164/307  (41%/20%/38%)  d4/d7  0.5 games/s (avg 0.4)  845.5K nps  ETA 00:08:19
[2026-03-28T09:08:34.581] [INFO] [selfplay:1] [SelfPlay] 804/1000 (80%)  pos=74543  W/D/B=332/164/308  (41%/20%/38%)  d4/d7  0.5 games/s (avg 0.4)  844.4K nps  ETA 00:08:20
[2026-03-28T09:08:40.429] [INFO] [selfplay:1] [SelfPlay] 805/1000 (80%)  pos=74683  W/D/B=332/164/309  (41%/20%/38%)  d4/d7  0.8 games/s (avg 0.4)  846.1K nps  ETA 00:08:12
[2026-03-28T09:08:44.353] [INFO] [selfplay:1] [SelfPlay] 806/1000 (80%)  pos=74880  W/D/B=332/165/309  (41%/20%/38%)  d4/d7  0.7 games/s (avg 0.4)  845.8K nps  ETA 00:08:12
[2026-03-28T09:08:44.711] [INFO] [selfplay:1] [SelfPlay] 807/1000 (80%)  pos=75008  W/D/B=333/165/309  (41%/20%/38%)  d4/d7  0.6 games/s (avg 0.4)  845.2K nps  ETA 00:08:14
[2026-03-28T09:08:45.793] [INFO] [selfplay:1] [SelfPlay] 808/1000 (80%)  pos=75081  W/D/B=334/165/309  (41%/20%/38%)  d4/d7  1.0 games/s (avg 0.4)  845.1K nps  ETA 00:08:10
[2026-03-28T09:08:49.857] [INFO] [selfplay:1] [SelfPlay] 809/1000 (80%)  pos=75143  W/D/B=334/165/310  (41%/20%/38%)  d4/d7  0.9 games/s (avg 0.4)  845.1K nps  ETA 00:08:04
[2026-03-28T09:08:52.331] [INFO] [selfplay:1] [SelfPlay] 810/1000 (81%)  pos=75212  W/D/B=335/165/310  (41%/20%/38%)  d4/d7  0.8 games/s (avg 0.4)  844.2K nps  ETA 00:08:03
[2026-03-28T09:08:55.164] [INFO] [selfplay:1] [SelfPlay] 811/1000 (81%)  pos=75258  W/D/B=335/166/310  (41%/20%/38%)  d4/d7  0.8 games/s (avg 0.4)  842.9K nps  ETA 00:08:00
[2026-03-28T09:08:56.477] [INFO] [selfplay:1] [SelfPlay] 812/1000 (81%)  pos=75430  W/D/B=335/167/310  (41%/20%/38%)  d4/d7  0.7 games/s (avg 0.4)  842.8K nps  ETA 00:07:58
[2026-03-28T09:08:58.513] [INFO] [selfplay:1] [SelfPlay] 813/1000 (81%)  pos=75551  W/D/B=336/167/310  (41%/20%/38%)  d4/d7  0.7 games/s (avg 0.4)  844.1K nps  ETA 00:07:55
[2026-03-28T09:09:00.597] [INFO] [selfplay:1] [SelfPlay] 814/1000 (81%)  pos=75676  W/D/B=336/167/311  (41%/20%/38%)  d4/d7  0.7 games/s (avg 0.4)  844.4K nps  ETA 00:07:53
[2026-03-28T09:09:00.749] [INFO] [selfplay:1] [SelfPlay] 815/1000 (81%)  pos=75730  W/D/B=336/167/312  (41%/20%/38%)  d4/d7  0.7 games/s (avg 0.4)  844.1K nps  ETA 00:07:52
[2026-03-28T09:09:01.091] [INFO] [selfplay:1] [SelfPlay] 816/1000 (81%)  pos=75816  W/D/B=336/167/313  (41%/20%/38%)  d4/d7  1.5 games/s (avg 0.4)  845.1K nps  ETA 00:07:49
[2026-03-28T09:09:09.549] [INFO] [selfplay:1] [SelfPlay] 817/1000 (81%)  pos=75953  W/D/B=336/167/314  (41%/20%/38%)  d4/d7  1.7 games/s (avg 0.4)  846.4K nps  ETA 00:07:37
[2026-03-28T09:09:17.617] [INFO] [selfplay:1] [SelfPlay] 818/1000 (81%)  pos=76052  W/D/B=336/168/314  (41%/20%/38%)  d4/d7  1.6 games/s (avg 0.4)  847.8K nps  ETA 00:07:37
[2026-03-28T09:09:18.604] [INFO] [selfplay:1] [SelfPlay] 819/1000 (81%)  pos=76130  W/D/B=336/168/315  (41%/20%/38%)  d4/d7  1.5 games/s (avg 0.4)  848.6K nps  ETA 00:07:42
[2026-03-28T09:09:20.919] [INFO] [selfplay:1] [SelfPlay] 820/1000 (82%)  pos=76201  W/D/B=336/169/315  (40%/20%/38%)  d4/d7  1.4 games/s (avg 0.4)  848.9K nps  ETA 00:07:39
[2026-03-28T09:09:22.884] [INFO] [selfplay:1] [SelfPlay] 821/1000 (82%)  pos=76226  W/D/B=337/169/315  (41%/20%/38%)  d4/d7  1.3 games/s (avg 0.4)  847.6K nps  ETA 00:07:36
[2026-03-28T09:09:25.008] [INFO] [selfplay:1] [SelfPlay] 822/1000 (82%)  pos=76414  W/D/B=337/169/316  (40%/20%/38%)  d4/d7  1.2 games/s (avg 0.4)  848.2K nps  ETA 00:07:33
[2026-03-28T09:09:25.040] [INFO] [selfplay:1] [SelfPlay] 823/1000 (82%)  pos=76654  W/D/B=337/170/316  (40%/20%/38%)  d4/d7  1.1 games/s (avg 0.4)  847.2K nps  ETA 00:07:33
[2026-03-28T09:09:25.710] [INFO] [selfplay:1] [SelfPlay] 824/1000 (82%)  pos=76685  W/D/B=337/171/316  (40%/20%/38%)  d4/d7  5.5 games/s (avg 0.4)  847.7K nps  ETA 00:07:28
[2026-03-28T09:09:27.356] [INFO] [selfplay:1] [SelfPlay] 825/1000 (82%)  pos=76722  W/D/B=337/172/316  (40%/20%/38%)  d4/d7  4.9 games/s (avg 0.4)  848.1K nps  ETA 00:07:25
[2026-03-28T09:09:30.831] [INFO] [selfplay:1] [SelfPlay] 826/1000 (82%)  pos=76796  W/D/B=338/172/316  (40%/20%/38%)  d4/d7  4.3 games/s (avg 0.4)  848.3K nps  ETA 00:07:21
[2026-03-28T09:09:31.908] [INFO] [selfplay:1] [SelfPlay] 827/1000 (82%)  pos=76927  W/D/B=339/172/316  (40%/20%/38%)  d4/d7  3.9 games/s (avg 0.4)  849.7K nps  ETA 00:07:20
[2026-03-28T09:09:33.287] [INFO] [selfplay:1] [SelfPlay] 828/1000 (82%)  pos=76985  W/D/B=340/172/316  (41%/20%/38%)  d4/d7  3.5 games/s (avg 0.4)  850.2K nps  ETA 00:07:18
[2026-03-28T09:09:35.784] [INFO] [selfplay:1] [SelfPlay] 829/1000 (82%)  pos=77019  W/D/B=341/172/316  (41%/20%/38%)  d4/d7  3.1 games/s (avg 0.4)  850.7K nps  ETA 00:07:13
[2026-03-28T09:09:36.909] [INFO] [selfplay:1] [SelfPlay] 830/1000 (83%)  pos=77221  W/D/B=342/172/316  (41%/20%/38%)  d4/d7  2.7 games/s (avg 0.4)  849.6K nps  ETA 00:07:12
[2026-03-28T09:09:38.902] [INFO] [selfplay:1] [SelfPlay] 831/1000 (83%)  pos=77308  W/D/B=343/172/316  (41%/20%/38%)  d4/d7  2.4 games/s (avg 0.4)  849.2K nps  ETA 00:07:08
[2026-03-28T09:09:41.729] [INFO] [selfplay:1] [SelfPlay] 832/1000 (83%)  pos=77395  W/D/B=344/172/316  (41%/20%/37%)  d4/d7  2.1 games/s (avg 0.4)  849.8K nps  ETA 00:07:05
[2026-03-28T09:09:43.443] [INFO] [selfplay:1] [SelfPlay] 833/1000 (83%)  pos=77459  W/D/B=345/172/316  (41%/20%/37%)  d4/d7  1.9 games/s (avg 0.4)  849.5K nps  ETA 00:07:03
[2026-03-28T09:09:46.565] [INFO] [selfplay:1] [SelfPlay] 834/1000 (83%)  pos=77650  W/D/B=345/172/317  (41%/20%/38%)  d4/d7  1.7 games/s (avg 0.4)  850.2K nps  ETA 00:06:59
[2026-03-28T09:09:49.792] [INFO] [selfplay:1] [SelfPlay] 835/1000 (83%)  pos=77724  W/D/B=345/172/318  (41%/20%/38%)  d4/d7  1.5 games/s (avg 0.4)  849.3K nps  ETA 00:06:57
[2026-03-28T09:09:54.117] [INFO] [selfplay:1] [SelfPlay] 836/1000 (83%)  pos=77805  W/D/B=345/173/318  (41%/20%/38%)  d4/d7  1.3 games/s (avg 0.4)  848.3K nps  ETA 00:06:54
[2026-03-28T09:10:00.458] [INFO] [selfplay:1] [SelfPlay] 837/1000 (83%)  pos=77825  W/D/B=345/173/319  (41%/20%/38%)  d4/d7  1.1 games/s (avg 0.4)  846.3K nps  ETA 00:06:48
[2026-03-28T09:10:01.577] [INFO] [selfplay:1] [SelfPlay] 838/1000 (83%)  pos=77953  W/D/B=345/173/320  (41%/20%/38%)  d4/d7  1.0 games/s (avg 0.4)  844.1K nps  ETA 00:06:53
[2026-03-28T09:10:02.807] [INFO] [selfplay:1] [SelfPlay] 839/1000 (83%)  pos=78019  W/D/B=346/173/320  (41%/20%/38%)  d4/d7  1.0 games/s (avg 0.4)  844.5K nps  ETA 00:06:50
[2026-03-28T09:10:08.675] [INFO] [selfplay:1] [SelfPlay] 840/1000 (84%)  pos=78106  W/D/B=346/173/321  (41%/20%/38%)  d4/d7  0.9 games/s (avg 0.4)  845.1K nps  ETA 00:06:42
[2026-03-28T09:10:09.246] [INFO] [selfplay:1] [SelfPlay] 841/1000 (84%)  pos=78179  W/D/B=347/173/321  (41%/20%/38%)  d4/d7  0.8 games/s (avg 0.4)  843.2K nps  ETA 00:06:46
[2026-03-28T09:10:10.959] [INFO] [selfplay:1] [SelfPlay] 842/1000 (84%)  pos=78312  W/D/B=347/173/322  (41%/20%/38%)  d4/d7  1.0 games/s (avg 0.4)  844.0K nps  ETA 00:06:41
[2026-03-28T09:10:12.579] [INFO] [selfplay:1] [SelfPlay] 843/1000 (84%)  pos=78375  W/D/B=347/174/322  (41%/20%/38%)  d4/d7  0.9 games/s (avg 0.4)  844.2K nps  ETA 00:06:38
[2026-03-28T09:10:15.821] [INFO] [selfplay:1] [SelfPlay] 844/1000 (84%)  pos=78421  W/D/B=347/174/323  (41%/20%/38%)  d4/d7  0.9 games/s (avg 0.4)  844.4K nps  ETA 00:06:35
[2026-03-28T09:10:21.714] [INFO] [selfplay:1] [SelfPlay] 845/1000 (84%)  pos=78487  W/D/B=348/174/323  (41%/20%/38%)  d4/d7  0.8 games/s (avg 0.4)  843.5K nps  ETA 00:06:29
[2026-03-28T09:10:28.668] [INFO] [selfplay:1] [SelfPlay] 846/1000 (84%)  pos=78591  W/D/B=349/174/323  (41%/20%/38%)  d4/d7  0.7 games/s (avg 0.4)  841.2K nps  ETA 00:06:26
[2026-03-28T09:10:34.536] [INFO] [selfplay:1] [SelfPlay] 847/1000 (84%)  pos=78664  W/D/B=349/174/324  (41%/20%/38%)  d4/d7  0.6 games/s (avg 0.4)  839.2K nps  ETA 00:06:26
[2026-03-28T09:10:37.981] [INFO] [selfplay:1] [SelfPlay] 848/1000 (84%)  pos=78784  W/D/B=350/174/324  (41%/20%/38%)  d4/d7  0.5 games/s (avg 0.4)  837.8K nps  ETA 00:06:27
[2026-03-28T09:10:39.468] [INFO] [selfplay:1] [SelfPlay] 849/1000 (84%)  pos=78945  W/D/B=350/174/325  (41%/20%/38%)  d4/d7  0.5 games/s (avg 0.4)  837.2K nps  ETA 00:06:25
[2026-03-28T09:10:45.205] [INFO] [selfplay:1] [SelfPlay] 850/1000 (85%)  pos=79037  W/D/B=351/174/325  (41%/20%/38%)  d4/d7  0.5 games/s (avg 0.4)  837.4K nps  ETA 00:06:19
[2026-03-28T09:10:46.106] [INFO] [selfplay:1] [SelfPlay] 851/1000 (85%)  pos=79085  W/D/B=352/174/325  (41%/20%/38%)  d4/d7  0.5 games/s (avg 0.4)  835.5K nps  ETA 00:06:21
[2026-03-28T09:10:46.670] [INFO] [selfplay:1] [SelfPlay] 852/1000 (85%)  pos=79158  W/D/B=352/174/326  (41%/20%/38%)  d4/d7  0.6 games/s (avg 0.4)  836.4K nps  ETA 00:06:19
[2026-03-28T09:10:49.553] [INFO] [selfplay:1] [SelfPlay] 853/1000 (85%)  pos=79278  W/D/B=352/174/327  (41%/20%/38%)  d4/d7  0.8 games/s (avg 0.4)  837.5K nps  ETA 00:06:14
[2026-03-28T09:10:56.881] [INFO] [selfplay:1] [SelfPlay] 854/1000 (85%)  pos=79518  W/D/B=352/175/327  (41%/20%/38%)  d4/d7  0.7 games/s (avg 0.4)  838.2K nps  ETA 00:06:07
[2026-03-28T09:10:57.772] [INFO] [selfplay:1] [SelfPlay] 855/1000 (85%)  pos=79579  W/D/B=352/175/328  (41%/20%/38%)  d4/d7  0.6 games/s (avg 0.4)  835.6K nps  ETA 00:06:11
[2026-03-28T09:11:01.085] [INFO] [selfplay:1] [SelfPlay] 856/1000 (85%)  pos=79602  W/D/B=352/175/329  (41%/20%/38%)  d4/d7  0.7 games/s (avg 0.4)  835.7K nps  ETA 00:06:06
[2026-03-28T09:11:01.308] [INFO] [selfplay:1] [SelfPlay] 857/1000 (85%)  pos=79749  W/D/B=353/175/329  (41%/20%/38%)  d4/d7  0.6 games/s (avg 0.4)  835.5K nps  ETA 00:06:07
[2026-03-28T09:11:03.670] [INFO] [selfplay:1] [SelfPlay] 858/1000 (85%)  pos=79795  W/D/B=354/175/329  (41%/20%/38%)  d4/d7  1.2 games/s (avg 0.4)  836.5K nps  ETA 00:06:01
[2026-03-28T09:11:04.359] [INFO] [selfplay:1] [SelfPlay] 859/1000 (85%)  pos=79937  W/D/B=354/175/330  (41%/20%/38%)  d4/d7  1.1 games/s (avg 0.4)  836.7K nps  ETA 00:06:00
[2026-03-28T09:11:06.410] [INFO] [selfplay:1] [SelfPlay] 860/1000 (86%)  pos=80067  W/D/B=355/175/330  (41%/20%/38%)  d4/d7  1.1 games/s (avg 0.4)  838.1K nps  ETA 00:05:57
[2026-03-28T09:11:12.802] [INFO] [selfplay:1] [SelfPlay] 861/1000 (86%)  pos=80151  W/D/B=355/175/331  (41%/20%/38%)  d4/d7  1.0 games/s (avg 0.4)  838.0K nps  ETA 00:05:50
[2026-03-28T09:11:17.810] [INFO] [selfplay:1] [SelfPlay] 862/1000 (86%)  pos=80184  W/D/B=356/175/331  (41%/20%/38%)  d4/d7  0.9 games/s (avg 0.4)  835.4K nps  ETA 00:05:49
[2026-03-28T09:11:20.221] [INFO] [selfplay:1] [SelfPlay] 863/1000 (86%)  pos=80304  W/D/B=357/175/331  (41%/20%/38%)  d4/d7  0.8 games/s (avg 0.4)  833.9K nps  ETA 00:05:50
[2026-03-28T09:11:20.300] [INFO] [selfplay:1] [SelfPlay] 864/1000 (86%)  pos=80355  W/D/B=357/175/332  (41%/20%/38%)  d4/d7  0.7 games/s (avg 0.4)  833.8K nps  ETA 00:05:49
[2026-03-28T09:11:26.962] [INFO] [selfplay:1] [SelfPlay] 865/1000 (86%)  pos=80473  W/D/B=357/175/333  (41%/20%/38%)  d4/d7  2.5 games/s (avg 0.4)  835.1K nps  ETA 00:05:39
[2026-03-28T09:11:27.925] [INFO] [selfplay:1] [SelfPlay] 866/1000 (86%)  pos=80565  W/D/B=357/176/333  (41%/20%/38%)  d4/d7  2.3 games/s (avg 0.4)  835.7K nps  ETA 00:05:43
[2026-03-28T09:11:28.835] [INFO] [selfplay:1] [SelfPlay] 867/1000 (86%)  pos=80610  W/D/B=358/176/333  (41%/20%/38%)  d4/d7  2.1 games/s (avg 0.4)  836.1K nps  ETA 00:05:41
[2026-03-28T09:11:30.923] [INFO] [selfplay:1] [SelfPlay] 868/1000 (86%)  pos=80672  W/D/B=358/177/333  (41%/20%/38%)  d4/d7  2.0 games/s (avg 0.4)  836.5K nps  ETA 00:05:37
[2026-03-28T09:11:32.153] [INFO] [selfplay:1] [SelfPlay] 869/1000 (86%)  pos=80748  W/D/B=359/177/333  (41%/20%/38%)  d4/d7  1.8 games/s (avg 0.4)  836.3K nps  ETA 00:05:35
[2026-03-28T09:11:33.023] [INFO] [selfplay:1] [SelfPlay] 870/1000 (87%)  pos=80788  W/D/B=359/177/334  (41%/20%/38%)  d4/d7  1.6 games/s (avg 0.4)  835.8K nps  ETA 00:05:32
[2026-03-28T09:11:34.100] [INFO] [selfplay:1] [SelfPlay] 871/1000 (87%)  pos=80810  W/D/B=360/177/334  (41%/20%/38%)  d4/d7  1.5 games/s (avg 0.4)  835.7K nps  ETA 00:05:29
[2026-03-28T09:11:36.058] [INFO] [selfplay:1] [SelfPlay] 872/1000 (87%)  pos=80859  W/D/B=361/177/334  (41%/20%/38%)  d4/d7  1.5 games/s (avg 0.4)  836.6K nps  ETA 00:05:26
[2026-03-28T09:11:37.967] [INFO] [selfplay:1] [SelfPlay] 873/1000 (87%)  pos=80948  W/D/B=361/177/335  (41%/20%/38%)  d4/d7  1.3 games/s (avg 0.4)  836.6K nps  ETA 00:05:23
[2026-03-28T09:11:39.251] [INFO] [selfplay:1] [SelfPlay] 874/1000 (87%)  pos=80997  W/D/B=361/177/336  (41%/20%/38%)  d4/d7  1.2 games/s (avg 0.4)  835.8K nps  ETA 00:05:21
[2026-03-28T09:11:45.096] [INFO] [selfplay:1] [SelfPlay] 875/1000 (87%)  pos=81047  W/D/B=361/177/337  (41%/20%/38%)  d4/d7  1.1 games/s (avg 0.4)  835.2K nps  ETA 00:05:14
[2026-03-28T09:11:45.992] [INFO] [selfplay:1] [SelfPlay] 876/1000 (87%)  pos=81198  W/D/B=361/177/338  (41%/20%/38%)  d4/d7  1.0 games/s (avg 0.4)  833.3K nps  ETA 00:05:17
[2026-03-28T09:11:47.722] [INFO] [selfplay:1] [SelfPlay] 877/1000 (87%)  pos=81306  W/D/B=361/177/339  (41%/20%/38%)  d4/d7  1.0 games/s (avg 0.4)  833.7K nps  ETA 00:05:13
[2026-03-28T09:11:48.839] [INFO] [selfplay:1] [SelfPlay] 878/1000 (87%)  pos=81336  W/D/B=362/177/339  (41%/20%/38%)  d4/d7  0.9 games/s (avg 0.4)  832.8K nps  ETA 00:05:11
[2026-03-28T09:11:52.766] [INFO] [selfplay:1] [SelfPlay] 879/1000 (87%)  pos=81427  W/D/B=362/177/340  (41%/20%/38%)  d4/d7  0.9 games/s (avg 0.4)  833.7K nps  ETA 00:05:05
[2026-03-28T09:11:53.821] [INFO] [selfplay:1] [SelfPlay] 880/1000 (88%)  pos=81569  W/D/B=362/178/340  (41%/20%/38%)  d4/d7  0.8 games/s (avg 0.4)  832.0K nps  ETA 00:05:06
[2026-03-28T09:11:56.601] [INFO] [selfplay:1] [SelfPlay] 881/1000 (88%)  pos=81631  W/D/B=363/178/340  (41%/20%/38%)  d4/d7  0.9 games/s (avg 0.4)  833.2K nps  ETA 00:05:01
[2026-03-28T09:12:06.791] [INFO] [selfplay:1] [SelfPlay] 882/1000 (88%)  pos=81689  W/D/B=364/178/340  (41%/20%/38%)  d4/d7  0.8 games/s (avg 0.4)  832.6K nps  ETA 00:04:52
[2026-03-28T09:12:08.971] [INFO] [selfplay:1] [SelfPlay] 883/1000 (88%)  pos=81730  W/D/B=365/178/340  (41%/20%/38%)  d4/d7  0.7 games/s (avg 0.4)  828.5K nps  ETA 00:04:58
[2026-03-28T09:12:11.552] [INFO] [selfplay:1] [SelfPlay] 884/1000 (88%)  pos=81859  W/D/B=366/178/340  (41%/20%/38%)  d4/d7  0.6 games/s (avg 0.4)  828.9K nps  ETA 00:04:54
[2026-03-28T09:12:12.026] [INFO] [selfplay:1] [SelfPlay] 885/1000 (88%)  pos=81907  W/D/B=366/179/340  (41%/20%/38%)  d4/d7  0.6 games/s (avg 0.4)  827.7K nps  ETA 00:04:55
[2026-03-28T09:12:15.478] [INFO] [selfplay:1] [SelfPlay] 886/1000 (88%)  pos=81942  W/D/B=366/180/340  (41%/20%/38%)  d4/d7  0.8 games/s (avg 0.4)  828.0K nps  ETA 00:04:48
[2026-03-28T09:12:18.026] [INFO] [selfplay:1] [SelfPlay] 887/1000 (88%)  pos=82163  W/D/B=367/180/340  (41%/20%/38%)  d4/d7  0.7 games/s (avg 0.4)  827.8K nps  ETA 00:04:48
[2026-03-28T09:12:18.301] [INFO] [selfplay:1] [SelfPlay] 888/1000 (88%)  pos=82229  W/D/B=368/180/340  (41%/20%/38%)  d4/d7  0.7 games/s (avg 0.4)  827.8K nps  ETA 00:04:47
[2026-03-28T09:12:21.952] [INFO] [selfplay:1] [SelfPlay] 889/1000 (88%)  pos=82359  W/D/B=368/180/341  (41%/20%/38%)  d4/d7  1.1 games/s (avg 0.4)  829.2K nps  ETA 00:04:40
[2026-03-28T09:12:22.191] [INFO] [selfplay:1] [SelfPlay] 890/1000 (89%)  pos=82423  W/D/B=368/180/342  (41%/20%/38%)  d4/d7  1.0 games/s (avg 0.4)  828.8K nps  ETA 00:04:42
[2026-03-28T09:12:25.203] [INFO] [selfplay:1] [SelfPlay] 891/1000 (89%)  pos=82481  W/D/B=369/180/342  (41%/20%/38%)  d4/d7  1.5 games/s (avg 0.4)  829.9K nps  ETA 00:04:36
[2026-03-28T09:12:26.790] [INFO] [selfplay:1] [SelfPlay] 892/1000 (89%)  pos=82564  W/D/B=369/181/342  (41%/20%/38%)  d4/d7  1.3 games/s (avg 0.4)  829.3K nps  ETA 00:04:34
[2026-03-28T09:12:27.856] [INFO] [selfplay:1] [SelfPlay] 893/1000 (89%)  pos=82607  W/D/B=369/181/343  (41%/20%/38%)  d4/d7  1.2 games/s (avg 0.4)  829.6K nps  ETA 00:04:33
[2026-03-28T09:12:30.143] [INFO] [selfplay:1] [SelfPlay] 894/1000 (89%)  pos=82699  W/D/B=369/181/344  (41%/20%/38%)  d4/d7  1.2 games/s (avg 0.4)  829.3K nps  ETA 00:04:29
[2026-03-28T09:12:31.395] [INFO] [selfplay:1] [SelfPlay] 895/1000 (89%)  pos=82843  W/D/B=369/181/345  (41%/20%/38%)  d4/d7  1.1 games/s (avg 0.4)  828.3K nps  ETA 00:04:26
[2026-03-28T09:12:35.312] [INFO] [selfplay:1] [SelfPlay] 896/1000 (89%)  pos=82897  W/D/B=369/181/346  (41%/20%/38%)  d4/d7  1.0 games/s (avg 0.4)  829.0K nps  ETA 00:04:23
[2026-03-28T09:12:35.325] [INFO] [selfplay:1] [SelfPlay] 897/1000 (89%)  pos=82978  W/D/B=369/181/347  (41%/20%/38%)  d4/d7  0.9 games/s (avg 0.4)  827.1K nps  ETA 00:04:23
[2026-03-28T09:12:39.290] [INFO] [selfplay:1] [SelfPlay] 898/1000 (89%)  pos=83052  W/D/B=370/181/347  (41%/20%/38%)  d4/d7  13.0 games/s (avg 0.4)  828.4K nps  ETA 00:04:16
[2026-03-28T09:12:39.564] [INFO] [selfplay:1] [SelfPlay] 899/1000 (89%)  pos=83110  W/D/B=370/181/348  (41%/20%/38%)  d4/d7  12.0 games/s (avg 0.4)  828.5K nps  ETA 00:04:17
[2026-03-28T09:12:42.630] [INFO] [selfplay:1] [SelfPlay] 900/1000 (90%)  pos=83261  W/D/B=370/181/349  (41%/20%/38%)  d4/d7  10.7 games/s (avg 0.4)  828.5K nps  ETA 00:04:12
[2026-03-28T09:12:49.914] [INFO] [selfplay:1] [SelfPlay] 901/1000 (90%)  pos=83328  W/D/B=371/181/349  (41%/20%/38%)  d4/d7  9.9 games/s (avg 0.4)  829.4K nps  ETA 00:04:06
[2026-03-28T09:12:55.533] [INFO] [selfplay:1] [SelfPlay] 902/1000 (90%)  pos=83431  W/D/B=371/181/350  (41%/20%/38%)  d4/d7  9.2 games/s (avg 0.4)  830.6K nps  ETA 00:04:05
[2026-03-28T09:12:58.444] [INFO] [selfplay:1] [SelfPlay] 903/1000 (90%)  pos=83563  W/D/B=372/181/350  (41%/20%/38%)  d4/d7  8.5 games/s (avg 0.4)  831.7K nps  ETA 00:04:05
[2026-03-28T09:13:02.778] [INFO] [selfplay:1] [SelfPlay] 904/1000 (90%)  pos=83662  W/D/B=372/182/350  (41%/20%/38%)  d4/d7  7.9 games/s (avg 0.4)  832.5K nps  ETA 00:04:02
[2026-03-28T09:13:04.036] [INFO] [selfplay:1] [SelfPlay] 905/1000 (90%)  pos=83757  W/D/B=372/182/351  (41%/20%/38%)  d4/d7  7.3 games/s (avg 0.4)  833.7K nps  ETA 00:04:03
[2026-03-28T09:13:04.630] [INFO] [selfplay:1] [SelfPlay] 906/1000 (90%)  pos=83879  W/D/B=373/182/351  (41%/20%/38%)  d4/d7  6.3 games/s (avg 0.4)  833.2K nps  ETA 00:04:00
[2026-03-28T09:13:07.391] [INFO] [selfplay:1] [SelfPlay] 907/1000 (90%)  pos=84003  W/D/B=373/182/352  (41%/20%/38%)  d4/d7  5.6 games/s (avg 0.4)  834.1K nps  ETA 00:03:55
[2026-03-28T09:13:07.478] [INFO] [selfplay:1] [SelfPlay] 908/1000 (90%)  pos=84218  W/D/B=373/183/352  (41%/20%/38%)  d4/d7  5.2 games/s (avg 0.4)  835.6K nps  ETA 00:03:55
[2026-03-28T09:13:11.249] [INFO] [selfplay:1] [SelfPlay] 909/1000 (90%)  pos=84254  W/D/B=374/183/352  (41%/20%/38%)  d4/d7  6.1 games/s (avg 0.4)  836.3K nps  ETA 00:03:50
[2026-03-28T09:13:11.827] [INFO] [selfplay:1] [SelfPlay] 910/1000 (91%)  pos=84373  W/D/B=375/183/352  (41%/20%/38%)  d4/d7  5.7 games/s (avg 0.4)  838.2K nps  ETA 00:03:49
[2026-03-28T09:13:12.937] [INFO] [selfplay:1] [SelfPlay] 911/1000 (91%)  pos=84482  W/D/B=375/184/352  (41%/20%/38%)  d4/d7  5.1 games/s (avg 0.4)  839.1K nps  ETA 00:03:46
[2026-03-28T09:13:16.712] [INFO] [selfplay:1] [SelfPlay] 912/1000 (91%)  pos=84572  W/D/B=376/184/352  (41%/20%/38%)  d4/d7  4.5 games/s (avg 0.4)  839.5K nps  ETA 00:03:41
[2026-03-28T09:13:22.959] [INFO] [selfplay:1] [SelfPlay] 913/1000 (91%)  pos=84655  W/D/B=376/184/353  (41%/20%/38%)  d4/d7  4.1 games/s (avg 0.4)  841.1K nps  ETA 00:03:36
[2026-03-28T09:13:24.684] [INFO] [selfplay:1] [SelfPlay] 914/1000 (91%)  pos=84716  W/D/B=376/184/354  (41%/20%/38%)  d4/d7  3.8 games/s (avg 0.4)  841.9K nps  ETA 00:03:38
[2026-03-28T09:13:27.512] [INFO] [selfplay:1] [SelfPlay] 915/1000 (91%)  pos=84846  W/D/B=377/184/354  (41%/20%/38%)  d4/d7  3.3 games/s (avg 0.4)  842.4K nps  ETA 00:03:34
[2026-03-28T09:13:29.452] [INFO] [selfplay:1] [SelfPlay] 916/1000 (91%)  pos=84887  W/D/B=378/184/354  (41%/20%/38%)  d4/d7  2.9 games/s (avg 0.4)  841.6K nps  ETA 00:03:33
[2026-03-28T09:13:30.357] [INFO] [selfplay:1] [SelfPlay] 917/1000 (91%)  pos=84934  W/D/B=378/184/355  (41%/20%/38%)  d4/d7  2.5 games/s (avg 0.4)  841.4K nps  ETA 00:03:31
[2026-03-28T09:13:36.787] [INFO] [selfplay:1] [SelfPlay] 918/1000 (91%)  pos=84967  W/D/B=379/184/355  (41%/20%/38%)  d4/d7  2.3 games/s (avg 0.4)  841.7K nps  ETA 00:03:24
[2026-03-28T09:13:37.315] [INFO] [selfplay:1] [SelfPlay] 919/1000 (91%)  pos=84978  W/D/B=380/184/355  (41%/20%/38%)  d4/d7  2.1 games/s (avg 0.4)  841.9K nps  ETA 00:03:27
[2026-03-28T09:13:41.818] [INFO] [selfplay:1] [SelfPlay] 920/1000 (92%)  pos=85066  W/D/B=381/184/355  (41%/20%/38%)  d4/d7  2.1 games/s (avg 0.4)  842.6K nps  ETA 00:03:20
[2026-03-28T09:13:42.762] [INFO] [selfplay:1] [SelfPlay] 921/1000 (92%)  pos=85148  W/D/B=382/184/355  (41%/19%/38%)  d4/d7  1.8 games/s (avg 0.4)  841.3K nps  ETA 00:03:21
[2026-03-28T09:13:50.634] [INFO] [selfplay:1] [SelfPlay] 922/1000 (92%)  pos=85242  W/D/B=383/184/355  (41%/19%/38%)  d4/d7  1.7 games/s (avg 0.4)  841.8K nps  ETA 00:03:12
[2026-03-28T09:13:51.318] [INFO] [selfplay:1] [SelfPlay] 923/1000 (92%)  pos=85389  W/D/B=384/184/355  (41%/19%/38%)  d4/d7  1.6 games/s (avg 0.4)  842.5K nps  ETA 00:03:17
[2026-03-28T09:13:56.123] [INFO] [selfplay:1] [SelfPlay] 924/1000 (92%)  pos=85518  W/D/B=384/184/356  (41%/19%/38%)  d4/d7  1.6 games/s (avg 0.4)  843.9K nps  ETA 00:03:10
[2026-03-28T09:13:56.909] [INFO] [selfplay:1] [SelfPlay] 925/1000 (92%)  pos=85604  W/D/B=384/184/357  (41%/19%/38%)  d4/d7  1.4 games/s (avg 0.4)  842.3K nps  ETA 00:03:11
[2026-03-28T09:14:00.185] [INFO] [selfplay:1] [SelfPlay] 926/1000 (92%)  pos=85844  W/D/B=384/185/357  (41%/19%/38%)  d4/d7  1.3 games/s (avg 0.4)  843.4K nps  ETA 00:03:07
[2026-03-28T09:14:00.439] [INFO] [selfplay:1] [SelfPlay] 927/1000 (92%)  pos=85887  W/D/B=385/185/357  (41%/19%/38%)  d4/d7  1.2 games/s (avg 0.4)  842.8K nps  ETA 00:03:06
[2026-03-28T09:14:01.540] [INFO] [selfplay:1] [SelfPlay] 928/1000 (92%)  pos=85932  W/D/B=385/185/358  (41%/19%/38%)  d4/d7  1.6 games/s (avg 0.4)  843.6K nps  ETA 00:03:03
[2026-03-28T09:14:05.793] [INFO] [selfplay:1] [SelfPlay] 929/1000 (92%)  pos=86063  W/D/B=386/185/358  (41%/19%/38%)  d4/d7  1.5 games/s (avg 0.4)  844.7K nps  ETA 00:02:58
[2026-03-28T09:14:06.793] [INFO] [selfplay:1] [SelfPlay] 930/1000 (93%)  pos=86129  W/D/B=386/186/358  (41%/20%/38%)  d4/d7  1.3 games/s (avg 0.4)  843.4K nps  ETA 00:02:58
[2026-03-28T09:14:07.946] [INFO] [selfplay:1] [SelfPlay] 931/1000 (93%)  pos=86179  W/D/B=387/186/358  (41%/19%/38%)  d4/d7  1.3 games/s (avg 0.4)  843.7K nps  ETA 00:02:56
[2026-03-28T09:14:15.798] [INFO] [selfplay:1] [SelfPlay] 932/1000 (93%)  pos=86196  W/D/B=388/186/358  (41%/19%/38%)  d4/d7  1.2 games/s (avg 0.4)  843.6K nps  ETA 00:02:46
[2026-03-28T09:14:20.739] [INFO] [selfplay:1] [SelfPlay] 933/1000 (93%)  pos=86335  W/D/B=388/186/359  (41%/19%/38%)  d4/d7  1.0 games/s (avg 0.4)  841.2K nps  ETA 00:02:47
[2026-03-28T09:14:24.086] [INFO] [selfplay:1] [SelfPlay] 934/1000 (93%)  pos=86432  W/D/B=389/186/359  (41%/19%/38%)  d4/d7  0.9 games/s (avg 0.4)  839.9K nps  ETA 00:02:46
[2026-03-28T09:14:27.393] [INFO] [selfplay:1] [SelfPlay] 935/1000 (93%)  pos=86496  W/D/B=389/186/360  (41%/19%/38%)  d4/d7  0.8 games/s (avg 0.4)  839.1K nps  ETA 00:02:43
[2026-03-28T09:14:29.376] [INFO] [selfplay:1] [SelfPlay] 936/1000 (93%)  pos=86581  W/D/B=389/187/360  (41%/19%/38%)  d4/d7  0.7 games/s (avg 0.4)  838.2K nps  ETA 00:02:42
[2026-03-28T09:14:30.805] [INFO] [selfplay:1] [SelfPlay] 937/1000 (93%)  pos=86647  W/D/B=390/187/360  (41%/19%/38%)  d4/d7  0.7 games/s (avg 0.4)  838.3K nps  ETA 00:02:41
[2026-03-28T09:14:33.246] [INFO] [selfplay:1] [SelfPlay] 938/1000 (93%)  pos=86750  W/D/B=390/187/361  (41%/19%/38%)  d4/d7  0.7 games/s (avg 0.4)  839.0K nps  ETA 00:02:37
[2026-03-28T09:14:37.732] [INFO] [selfplay:1] [SelfPlay] 939/1000 (93%)  pos=86827  W/D/B=390/187/362  (41%/19%/38%)  d4/d7  0.7 games/s (avg 0.4)  838.6K nps  ETA 00:02:31
[2026-03-28T09:14:42.112] [INFO] [selfplay:1] [SelfPlay] 940/1000 (94%)  pos=86891  W/D/B=391/187/362  (41%/19%/38%)  d4/d7  0.6 games/s (avg 0.4)  836.6K nps  ETA 00:02:30
[2026-03-28T09:14:44.525] [INFO] [selfplay:1] [SelfPlay] 941/1000 (94%)  pos=86952  W/D/B=392/187/362  (41%/19%/38%)  d4/d7  0.5 games/s (avg 0.4)  834.6K nps  ETA 00:02:28
[2026-03-28T09:14:45.153] [INFO] [selfplay:1] [SelfPlay] 942/1000 (94%)  pos=86989  W/D/B=392/188/362  (41%/19%/38%)  d4/d7  0.5 games/s (avg 0.4)  834.1K nps  ETA 00:02:29
[2026-03-28T09:14:46.007] [INFO] [selfplay:1] [SelfPlay] 943/1000 (94%)  pos=87003  W/D/B=393/188/362  (41%/19%/38%)  d4/d7  0.7 games/s (avg 0.4)  834.3K nps  ETA 00:02:25
[2026-03-28T09:14:48.306] [INFO] [selfplay:1] [SelfPlay] 944/1000 (94%)  pos=87107  W/D/B=393/188/363  (41%/19%/38%)  d4/d7  0.8 games/s (avg 0.4)  835.5K nps  ETA 00:02:22
[2026-03-28T09:14:49.786] [INFO] [selfplay:1] [SelfPlay] 945/1000 (94%)  pos=87225  W/D/B=393/189/363  (41%/20%/38%)  d4/d7  0.7 games/s (avg 0.4)  834.5K nps  ETA 00:02:19
[2026-03-28T09:14:55.008] [INFO] [selfplay:1] [SelfPlay] 946/1000 (94%)  pos=87343  W/D/B=393/189/364  (41%/19%/38%)  d4/d7  0.7 games/s (avg 0.4)  835.2K nps  ETA 00:02:13
[2026-03-28T09:14:58.161] [INFO] [selfplay:1] [SelfPlay] 947/1000 (94%)  pos=87575  W/D/B=393/190/364  (41%/20%/38%)  d4/d7  0.6 games/s (avg 0.4)  833.0K nps  ETA 00:02:13
[2026-03-28T09:15:00.784] [INFO] [selfplay:1] [SelfPlay] 948/1000 (94%)  pos=87686  W/D/B=393/190/365  (41%/20%/38%)  d4/d7  0.6 games/s (avg 0.4)  833.0K nps  ETA 00:02:10
[2026-03-28T09:15:00.840] [INFO] [selfplay:1] [SelfPlay] 949/1000 (94%)  pos=87848  W/D/B=394/190/365  (41%/20%/38%)  d4/d7  0.6 games/s (avg 0.4)  833.6K nps  ETA 00:02:11
[2026-03-28T09:15:01.631] [INFO] [selfplay:1] [SelfPlay] 950/1000 (95%)  pos=87923  W/D/B=395/190/365  (41%/20%/38%)  d4/d7  3.2 games/s (avg 0.4)  834.4K nps  ETA 00:02:07
[2026-03-28T09:15:02.230] [INFO] [selfplay:1] [SelfPlay] 951/1000 (95%)  pos=88000  W/D/B=395/190/366  (41%/19%/38%)  d4/d7  2.9 games/s (avg 0.4)  835.6K nps  ETA 00:02:05
[2026-03-28T09:15:03.846] [INFO] [selfplay:1] [SelfPlay] 952/1000 (95%)  pos=88005  W/D/B=395/190/367  (41%/19%/38%)  d4/d7  2.7 games/s (avg 0.4)  835.4K nps  ETA 00:02:01
[2026-03-28T09:15:04.852] [INFO] [selfplay:1] [SelfPlay] 953/1000 (95%)  pos=88040  W/D/B=396/190/367  (41%/19%/38%)  d4/d7  2.4 games/s (avg 0.4)  835.6K nps  ETA 00:01:59
[2026-03-28T09:15:04.939] [INFO] [selfplay:1] [SelfPlay] 954/1000 (95%)  pos=88159  W/D/B=397/190/367  (41%/19%/38%)  d4/d7  2.2 games/s (avg 0.4)  835.3K nps  ETA 00:01:57
[2026-03-28T09:15:10.172] [INFO] [selfplay:1] [SelfPlay] 955/1000 (95%)  pos=88195  W/D/B=397/191/367  (41%/20%/38%)  d4/d7  3.6 games/s (avg 0.4)  835.8K nps  ETA 00:01:50
[2026-03-28T09:15:12.078] [INFO] [selfplay:1] [SelfPlay] 956/1000 (95%)  pos=88291  W/D/B=398/191/367  (41%/19%/38%)  d4/d7  3.3 games/s (avg 0.4)  837.1K nps  ETA 00:01:50
[2026-03-28T09:15:18.697] [INFO] [selfplay:1] [SelfPlay] 957/1000 (95%)  pos=88381  W/D/B=399/191/367  (41%/19%/38%)  d4/d7  2.9 games/s (avg 0.4)  837.6K nps  ETA 00:01:43
[2026-03-28T09:15:29.677] [INFO] [selfplay:1] [SelfPlay] 958/1000 (95%)  pos=88414  W/D/B=400/191/367  (41%/19%/38%)  d4/d7  2.7 games/s (avg 0.4)  838.5K nps  ETA 00:01:36
[2026-03-28T09:15:32.918] [INFO] [selfplay:1] [SelfPlay] 959/1000 (95%)  pos=88602  W/D/B=400/192/367  (41%/20%/38%)  d4/d7  2.5 games/s (avg 0.4)  839.5K nps  ETA 00:01:42
[2026-03-28T09:15:32.968] [INFO] [selfplay:1] [SelfPlay] 960/1000 (96%)  pos=88698  W/D/B=400/192/368  (41%/20%/38%)  d4/d7  2.2 games/s (avg 0.4)  838.5K nps  ETA 00:01:43
[2026-03-28T09:15:36.009] [INFO] [selfplay:1] [SelfPlay] 961/1000 (96%)  pos=88758  W/D/B=401/192/368  (41%/19%/38%)  d4/d7  4.8 games/s (avg 0.4)  839.3K nps  ETA 00:01:37
[2026-03-28T09:15:36.423] [INFO] [selfplay:1] [SelfPlay] 962/1000 (96%)  pos=88839  W/D/B=402/192/368  (41%/19%/38%)  d4/d7  4.4 games/s (avg 0.4)  840.2K nps  ETA 00:01:36
[2026-03-28T09:15:44.245] [INFO] [selfplay:1] [SelfPlay] 963/1000 (96%)  pos=88876  W/D/B=402/193/368  (41%/20%/38%)  d4/d7  4.1 games/s (avg 0.4)  840.4K nps  ETA 00:01:28
[2026-03-28T09:15:45.519] [INFO] [selfplay:1] [SelfPlay] 964/1000 (96%)  pos=88988  W/D/B=402/193/369  (41%/20%/38%)  d4/d7  3.8 games/s (avg 0.4)  841.6K nps  ETA 00:01:30
[2026-03-28T09:15:47.270] [INFO] [selfplay:1] [SelfPlay] 965/1000 (96%)  pos=89082  W/D/B=402/193/370  (41%/20%/38%)  d4/d7  3.4 games/s (avg 0.4)  842.4K nps  ETA 00:01:29
[2026-03-28T09:15:48.002] [INFO] [selfplay:1] [SelfPlay] 966/1000 (96%)  pos=89216  W/D/B=403/193/370  (41%/19%/38%)  d4/d7  2.9 games/s (avg 0.4)  842.8K nps  ETA 00:01:26
[2026-03-28T09:15:48.492] [INFO] [selfplay:1] [SelfPlay] 967/1000 (96%)  pos=89268  W/D/B=404/193/370  (41%/19%/38%)  d4/d7  2.7 games/s (avg 0.4)  842.6K nps  ETA 00:01:23
[2026-03-28T09:15:51.351] [INFO] [selfplay:1] [SelfPlay] 968/1000 (96%)  pos=89374  W/D/B=405/193/370  (41%/19%/38%)  d4/d7  2.6 games/s (avg 0.4)  843.7K nps  ETA 00:01:19
[2026-03-28T09:15:55.310] [INFO] [selfplay:1] [SelfPlay] 969/1000 (96%)  pos=89498  W/D/B=405/193/371  (41%/19%/38%)  d4/d7  2.3 games/s (avg 0.4)  844.1K nps  ETA 00:01:16
[2026-03-28T09:15:56.314] [INFO] [selfplay:1] [SelfPlay] 970/1000 (97%)  pos=89557  W/D/B=406/193/371  (41%/19%/38%)  d4/d7  2.0 games/s (avg 0.4)  842.9K nps  ETA 00:01:16
[2026-03-28T09:15:56.631] [INFO] [selfplay:1] [SelfPlay] 971/1000 (97%)  pos=89705  W/D/B=407/193/371  (41%/19%/38%)  d4/d7  1.8 games/s (avg 0.4)  843.9K nps  ETA 00:01:13
[2026-03-28T09:15:57.215] [INFO] [selfplay:1] [SelfPlay] 972/1000 (97%)  pos=89934  W/D/B=407/194/371  (41%/19%/38%)  d4/d7  2.0 games/s (avg 0.4)  845.2K nps  ETA 00:01:11
[2026-03-28T09:16:00.404] [INFO] [selfplay:1] [SelfPlay] 973/1000 (97%)  pos=90022  W/D/B=408/194/371  (41%/19%/38%)  d4/d7  2.0 games/s (avg 0.4)  845.7K nps  ETA 00:01:05
[2026-03-28T09:16:03.855] [INFO] [selfplay:1] [SelfPlay] 974/1000 (97%)  pos=90088  W/D/B=408/194/372  (41%/19%/38%)  d4/d7  1.7 games/s (avg 0.4)  844.4K nps  ETA 00:01:03
[2026-03-28T09:16:06.882] [INFO] [selfplay:1] [SelfPlay] 975/1000 (97%)  pos=90157  W/D/B=408/195/372  (41%/20%/38%)  d4/d7  1.5 games/s (avg 0.4)  843.6K nps  ETA 00:01:01
[2026-03-28T09:16:12.938] [INFO] [selfplay:1] [SelfPlay] 976/1000 (97%)  pos=90169  W/D/B=409/195/372  (41%/19%/38%)  d4/d7  1.3 games/s (avg 0.4)  842.4K nps  ETA 00:00:55
[2026-03-28T09:16:13.839] [INFO] [selfplay:1] [SelfPlay] 977/1000 (97%)  pos=90307  W/D/B=409/195/373  (41%/19%/38%)  d4/d7  1.2 games/s (avg 0.4)  840.8K nps  ETA 00:00:58
[2026-03-28T09:16:14.140] [INFO] [selfplay:1] [SelfPlay] 978/1000 (97%)  pos=90343  W/D/B=409/196/373  (41%/20%/38%)  d4/d7  1.1 games/s (avg 0.4)  841.1K nps  ETA 00:00:56
[2026-03-28T09:16:25.460] [INFO] [selfplay:1] [SelfPlay] 979/1000 (97%)  pos=90434  W/D/B=409/196/374  (41%/20%/38%)  d4/d7  1.5 games/s (avg 0.4)  841.6K nps  ETA 00:00:41
[2026-03-28T09:16:27.621] [INFO] [selfplay:1] [SelfPlay] 980/1000 (98%)  pos=90534  W/D/B=410/196/374  (41%/20%/38%)  d4/d7  1.4 games/s (avg 0.4)  842.6K nps  ETA 00:00:49
[2026-03-28T09:16:31.274] [INFO] [selfplay:1] [SelfPlay] 981/1000 (98%)  pos=90612  W/D/B=410/196/375  (41%/19%/38%)  d4/d7  1.2 games/s (avg 0.4)  842.7K nps  ETA 00:00:45
[2026-03-28T09:16:31.750] [INFO] [selfplay:1] [SelfPlay] 982/1000 (98%)  pos=90664  W/D/B=411/196/375  (41%/19%/38%)  d4/d7  1.1 games/s (avg 0.4)  842.0K nps  ETA 00:00:45
[2026-03-28T09:16:32.493] [INFO] [selfplay:1] [SelfPlay] 983/1000 (98%)  pos=90748  W/D/B=411/196/376  (41%/19%/38%)  d4/d7  1.2 games/s (avg 0.4)  842.9K nps  ETA 00:00:42
[2026-03-28T09:16:40.173] [INFO] [selfplay:1] [SelfPlay] 984/1000 (98%)  pos=90868  W/D/B=412/196/376  (41%/19%/38%)  d4/d7  1.3 games/s (avg 0.4)  843.8K nps  ETA 00:00:34
[2026-03-28T09:16:42.171] [INFO] [selfplay:1] [SelfPlay] 985/1000 (98%)  pos=90951  W/D/B=413/196/376  (41%/19%/38%)  d4/d7  1.1 games/s (avg 0.4)  841.2K nps  ETA 00:00:36
[2026-03-28T09:16:42.258] [INFO] [selfplay:1] [SelfPlay] 986/1000 (98%)  pos=91032  W/D/B=414/196/376  (41%/19%/38%)  d4/d7  1.0 games/s (avg 0.4)  841.7K nps  ETA 00:00:36
[2026-03-28T09:16:42.480] [INFO] [selfplay:1] [SelfPlay] 987/1000 (98%)  pos=91143  W/D/B=415/196/376  (42%/19%/38%)  d4/d7  2.6 games/s (avg 0.4)  842.8K nps  ETA 00:00:32
[2026-03-28T09:16:49.468] [INFO] [selfplay:1] [SelfPlay] 988/1000 (98%)  pos=91225  W/D/B=415/196/377  (42%/19%/38%)  d4/d7  2.9 games/s (avg 0.4)  843.9K nps  ETA 00:00:23
[2026-03-28T09:16:50.020] [INFO] [selfplay:1] [SelfPlay] 989/1000 (98%)  pos=91331  W/D/B=415/196/378  (41%/19%/38%)  d4/d7  2.6 games/s (avg 0.4)  844.7K nps  ETA 00:00:30
[2026-03-28T09:16:54.564] [INFO] [selfplay:1] [SelfPlay] 990/1000 (99%)  pos=91398  W/D/B=416/196/378  (42%/19%/38%)  d4/d7  2.5 games/s (avg 0.4)  845.5K nps  ETA 00:00:25
[2026-03-28T09:16:55.205] [INFO] [selfplay:1] [SelfPlay] 991/1000 (99%)  pos=91461  W/D/B=416/196/379  (41%/19%/38%)  d4/d7  2.3 games/s (avg 0.4)  846.0K nps  ETA 00:00:30
[2026-03-28T09:16:56.910] [INFO] [selfplay:1] [SelfPlay] 992/1000 (99%)  pos=91506  W/D/B=416/197/379  (41%/19%/38%)  d4/d7  2.2 games/s (avg 0.4)  846.3K nps  ETA 00:00:28
[2026-03-28T09:16:59.207] [INFO] [selfplay:1] [SelfPlay] 993/1000 (99%)  pos=91554  W/D/B=416/198/379  (41%/19%/38%)  d4/d7  2.0 games/s (avg 0.4)  846.0K nps  ETA 00:00:28
[2026-03-28T09:17:02.703] [INFO] [selfplay:1] [SelfPlay] 994/1000 (99%)  pos=91777  W/D/B=416/199/379  (41%/20%/38%)  d4/d7  1.7 games/s (avg 0.4)  845.9K nps  ETA 00:00:26
[2026-03-28T09:17:08.440] [INFO] [selfplay:1] [SelfPlay] 995/1000 (99%)  pos=91988  W/D/B=416/200/379  (41%/20%/38%)  d4/d7  1.5 games/s (avg 0.4)  845.8K nps  ETA 00:00:24
[2026-03-28T09:17:15.649] [INFO] [selfplay:1] [SelfPlay] 996/1000 (99%)  pos=92052  W/D/B=416/201/379  (41%/20%/38%)  d4/d7  1.3 games/s (avg 0.4)  844.2K nps  ETA 00:00:23
[2026-03-28T09:17:16.865] [INFO] [selfplay:1] [SelfPlay] 997/1000 (99%)  pos=92104  W/D/B=416/201/380  (41%/20%/38%)  d4/d7  1.1 games/s (avg 0.4)  842.0K nps  ETA 00:00:30
[2026-03-28T09:17:17.792] [INFO] [selfplay:1] [SelfPlay] 998/1000 (99%)  pos=92215  W/D/B=416/201/381  (41%/20%/38%)  d4/d7  1.1 games/s (avg 0.4)  842.6K nps  ETA 00:00:30
[2026-03-28T09:17:17.851] [INFO] [selfplay:1] [SelfPlay] 999/1000 (99%)  pos=92288  W/D/B=416/201/382  (41%/20%/38%)  d4/d7  1.1 games/s (avg 0.4)  843.7K nps  ETA 00:00:30
[2026-03-28T09:17:18.347] [INFO] [selfplay:1] [SelfPlay] 1000/1000 (100%)  pos=92355  W/D/B=416/201/383  (41%/20%/38%)  d4/d7  3.5 games/s (avg 0.4)  844.9K nps  ETA 00:00:00
[2026-03-28T09:17:18.369] [INFO] [selfplay:1] [SelfPlay] Done. 92355 positions written to C:\Users\chris\pyproj\my_env\Projects\ChessEngine\x64\Release\assets\selfplay_gen10.bin
[2026-03-28T09:17:18.445] [EVENT] [selfplay:10] PHASE_END success=true elapsed_sec=2580.0
[2026-03-28T09:17:19.049] [INFO] [selfplay:1]   Using Stockfish-labeled data: C:\Users\chris\pyproj\my_env\Projects\ChessEngine\x64\Release\assets\training_data_sf.bin
[2026-03-28T09:17:19.056] [INFO] [selfplay:1]   Self-play current gen (weight 0.0902, base gets 0.75)
[2026-03-28T09:17:19.056] [INFO] [selfplay:1]   Replay buffer: gen 9 (weight 0.0631)
[2026-03-28T09:17:19.056] [INFO] [selfplay:1]   Replay buffer: gen 8 (weight 0.0442)
[2026-03-28T09:17:19.056] [INFO] [selfplay:1]   Replay buffer: gen 7 (weight 0.0309)
[2026-03-28T09:17:19.056] [INFO] [selfplay:1]   Replay buffer: gen 6 (weight 0.0216)
[2026-03-28T09:17:19.057] [EVENT] [training:10] PHASE_START epochs=12 batch=2048 lr=0.0002
[2026-03-28T09:17:19.057] [CMD] [training:1] [CMD] py -3.10 -u "C:\Users\chris\pyproj\my_env\Projects\ChessEngine\x64\Release\train_nnue.py" --data "C:\Users\chris\pyproj\my_env\Projects\ChessEngine\x64\Release\assets\training_data_sf.bin" --extra-data "C:\Users\chris\pyproj\my_env\Projects\ChessEngine\x64\Release\assets\selfplay_gen10.bin" 0.0902 --extra-data "C:\Users\chris\pyproj\my_env\Projects\ChessEngine\x64\Release\assets\selfplay_gen9.bin" 0.0631 --extra-data "C:\Users\chris\pyproj\my_env\Projects\ChessEngine\x64\Release\assets\selfplay_gen8.bin" 0.0442 --extra-data "C:\Users\chris\pyproj\my_env\Projects\ChessEngine\x64\Release\assets\selfplay_gen7.bin" 0.0309 --extra-data "C:\Users\chris\pyproj\my_env\Projects\ChessEngine\x64\Release\assets\selfplay_gen6.bin" 0.0216 --max-positions 200000 --epochs 12 --batch-size 2048 --lr 0.0002 --lr-min 0.00001 --weight-decay 0.0015 --dropout 0.2 --grad-clip 1.0 --grad-accum 4 --warmup-steps 100 --draw-weight 0.3 --mate-boost 10.0 --early-stop 8 --wdl-alpha 0.3 --wdl-draw-elo 50.0 --enhanced --plot --cosine-lr --no-cosine-restarts --swa --swa-start 8 --label-smoothing 0.01 --extra-data "C:\Users\chris\pyproj\my_env\Projects\ChessEngine\x64\Release\assets\training_data_draws.bin" 0.3 --load-weights "C:\Users\chris\pyproj\my_env\Projects\ChessEngine\x64\Release\assets\nnue_weights_gen9.bin" --output "C:\Users\chris\pyproj\my_env\Projects\ChessEngine\x64\Release\assets\nnue_weights.bin"
[2026-03-28T09:17:22.090] [INFO] [training:1] === Enhanced mode v3: warmup=100, grad_accum=4, SWA=ON, label_smooth=0.01, filter_eval=1000.0, eval_soft_cap=800.0, draw_weight=0.3x, wdl_alpha=0.3, wdl_draw_elo=50.0, cosine_decay ===
[2026-03-28T09:17:22.090] [INFO] [training:1] Using device: CPU (optimized)
[2026-03-28T09:17:22.121] [INFO] [training:1]   CPU threads: 16
[2026-03-28T09:17:22.127] [INFO] [training:1]   --max-positions: distributing 200,000 budget across 7 sources by ratio
[2026-03-28T09:17:22.127] [INFO] [training:1]     training_data_sf.bin: 25,194,593 -> 89,999 (ratio 45.0%)
[2026-03-28T09:17:22.127] [INFO] [training:1]     selfplay_gen10.bin: 92,355 -> 18,040 (ratio 9.0%)
[2026-03-28T09:17:22.127] [INFO] [training:1]     selfplay_gen9.bin: 91,241 -> 12,620 (ratio 6.3%)
[2026-03-28T09:17:22.127] [INFO] [training:1]     selfplay_gen8.bin: 68,276 -> 8,840 (ratio 4.4%)
[2026-03-28T09:17:22.127] [INFO] [training:1]     selfplay_gen7.bin: 68,956 -> 6,180 (ratio 3.1%)
[2026-03-28T09:17:22.127] [INFO] [training:1]     selfplay_gen6.bin: 72,623 -> 4,320 (ratio 2.2%)
[2026-03-28T09:17:22.127] [INFO] [training:1]     training_data_draws.bin: 35,143,613 -> 60,000 (ratio 30.0%)
[2026-03-28T09:17:22.127] [INFO] [training:1] Datasets:             7 sources (ratio-based sampling)
[2026-03-28T09:17:22.127] [INFO] [training:1]   - training_data_sf.bin                     ratio=45.0%  pos=89,999
[2026-03-28T09:17:22.128] [INFO] [training:1]   - selfplay_gen10.bin                       ratio=9.0%  pos=18,040
[2026-03-28T09:17:22.128] [INFO] [training:1]   - selfplay_gen9.bin                        ratio=6.3%  pos=12,620
[2026-03-28T09:17:22.128] [INFO] [training:1]   - selfplay_gen8.bin                        ratio=4.4%  pos=8,840
[2026-03-28T09:17:22.128] [INFO] [training:1]   - selfplay_gen7.bin                        ratio=3.1%  pos=6,180
[2026-03-28T09:17:22.128] [INFO] [training:1]   - selfplay_gen6.bin                        ratio=2.2%  pos=4,320
[2026-03-28T09:17:22.128] [INFO] [training:1]   - training_data_draws.bin                  ratio=30.0%  pos=60,000
[2026-03-28T09:17:22.128] [INFO] [training:1]   Total positions: 199,999
[2026-03-28T09:17:22.128] [INFO] [training:1]   Mode: PRELOAD (full dataset fits in RAM)
[2026-03-28T09:17:22.360] [INFO] [training:1] Weights loaded from C:\Users\chris\pyproj\my_env\Projects\ChessEngine\x64\Release\assets\nnue_weights_gen9.bin
[2026-03-28T09:17:22.362] [INFO] [training:1] Loaded existing weights from C:\Users\chris\pyproj\my_env\Projects\ChessEngine\x64\Release\assets\nnue_weights_gen9.bin
[2026-03-28T09:17:23.308] [INFO] [training:1]   Fresh optimizer (--load-weights skips old optimizer state)
[2026-03-28T09:17:23.308] [INFO] [training:1] ============================================================
[2026-03-28T09:17:23.308] [INFO] [training:1] Training Configuration:
[2026-03-28T09:17:23.308] [INFO] [training:1]   Positions:         199,999
[2026-03-28T09:17:23.309] [INFO] [training:1]   Batch size:        2048 (effective: 8192 with grad accum x4)
[2026-03-28T09:17:23.309] [INFO] [training:1]   Epochs:            12
[2026-03-28T09:17:23.309] [INFO] [training:1]   Learning rate:     0.0002
[2026-03-28T09:17:23.309] [INFO] [training:1]   LR schedule:       Cosine Decay (T_max=8, warmup_epochs~4)
[2026-03-28T09:17:23.309] [INFO] [training:1]   LR min:            1e-05
[2026-03-28T09:17:23.309] [INFO] [training:1]   LR warmup:         100 optimizer steps
[2026-03-28T09:17:23.309] [INFO] [training:1]   Lambda (eval/res): 0.5
[2026-03-28T09:17:23.309] [INFO] [training:1]   Eval scale:        400.0
[2026-03-28T09:17:23.309] [INFO] [training:1]   Phase balanced:    True
[2026-03-28T09:17:23.309] [INFO] [training:1]   Early stop:        8 epochs
[2026-03-28T09:17:23.309] [INFO] [training:1]   Weight decay:      0.0015
[2026-03-28T09:17:23.309] [INFO] [training:1]   Dropout:           0.2
[2026-03-28T09:17:23.309] [INFO] [training:1]   Grad accumulation: 4x
[2026-03-28T09:17:23.309] [INFO] [training:1]   Label smoothing:   0.01
[2026-03-28T09:17:23.309] [INFO] [training:1]   SWA:               ON (start epoch 8)
[2026-03-28T09:17:23.309] [INFO] [training:1]   Filter eval max:   1000.0
[2026-03-28T09:17:23.309] [INFO] [training:1]   Eval soft-cap:     800.0
[2026-03-28T09:17:23.309] [INFO] [training:1]   Draw weight:       0.3x
[2026-03-28T09:17:23.309] [INFO] [training:1]   Mate boost:        10.0x
[2026-03-28T09:17:23.309] [INFO] [training:1]   Async prefetch:    N/A (preload mode)
[2026-03-28T09:17:23.309] [INFO] [training:1]   WDL CE loss:       ON (alpha=0.3, lambda=0.5 (from --lam), draw_elo=50.0)
[2026-03-28T09:17:23.309] [INFO] [training:1]   Activation:        SCReLU (squared clipped ReLU)
[2026-03-28T09:17:23.309] [INFO] [training:1]   Architecture:      40960->512->128->64->WDL(3)x3heads
[2026-03-28T09:17:23.309] [INFO] [training:1]   Grad clip norm:    1.0
[2026-03-28T09:17:23.309] [INFO] [training:1]   Streaming:         False
[2026-03-28T09:17:23.309] [INFO] [training:1]   Datasets:          7 sources (ratio-based sampling)
[2026-03-28T09:17:23.309] [INFO] [training:1]     - training_data_sf.bin            ratio=45.0%  pos=89,999
[2026-03-28T09:17:23.309] [INFO] [training:1]     - selfplay_gen10.bin              ratio=9.0%  pos=18,040
[2026-03-28T09:17:23.309] [INFO] [training:1]     - selfplay_gen9.bin               ratio=6.3%  pos=12,620
[2026-03-28T09:17:23.309] [INFO] [training:1]     - selfplay_gen8.bin               ratio=4.4%  pos=8,840
[2026-03-28T09:17:23.309] [INFO] [training:1]     - selfplay_gen7.bin               ratio=3.1%  pos=6,180
[2026-03-28T09:17:23.309] [INFO] [training:1]     - selfplay_gen6.bin               ratio=2.2%  pos=4,320
[2026-03-28T09:17:23.309] [INFO] [training:1]     - training_data_draws.bin         ratio=30.0%  pos=60,000
[2026-03-28T09:17:23.309] [INFO] [training:1] ============================================================
[2026-03-28T09:17:23.309] [INFO] [training:1]   Multi-dataset preload: ratios will be applied during epoch sampling.
[2026-03-28T09:17:23.309] [INFO] [training:1]   Loading 7 datasets sequentially...
[2026-03-28T09:17:23.309] [INFO] [training:1] Loading positions from C:\Users\chris\pyproj\my_env\Projects\ChessEngine\x64\Release\assets\training_data_sf.bin...
[2026-03-28T09:17:23.309] [INFO] [training:1]   Total positions: 25,194,593 — using offset-cache fast path (avoids reading 1201 MB into RAM)
[2026-03-28T09:17:23.309] [INFO] [training:1] Scanning C:\Users\chris\pyproj\my_env\Projects\ChessEngine\x64\Release\assets\training_data_sf.bin for position offsets...
[2026-03-28T09:17:24.144] [INFO] [training:1]   Loaded cached index: 25,194,593 offsets (C:\Users\chris\pyproj\my_env\Projects\ChessEngine\x64\Release\assets\training_data_sf.bin.offidx)
[2026-03-28T09:17:25.533] [INFO] [training:1]   Sampled 89,999 from 25,194,593 positions (reservoir)
[2026-03-28T09:17:30.911] [INFO] [training:1]     Parsed 50,000/89,999 positions (16901 pos/s,
[2026-03-28T09:17:30.911] [INFO] [training:1]   Parsed 89,999 positions in 5.4s (16,776 pos/s)
[2026-03-28T09:17:30.911] [INFO] [training:1]   Vectorized HalfKAv2 conversion (89,999 positions)...
[2026-03-28T09:17:31.213] [INFO] [training:1]   HalfKAv2 conversion: 0.3s (299,328 pos/s)
[2026-03-28T09:17:31.225] [INFO] [training:1]   Converting to tensors...
[2026-03-28T09:17:31.225] [INFO] [training:1] Phase distribution: Opening=25,615, Middlegame=28,727, Endgame=31,728
[2026-03-28T09:17:31.226] [INFO] [training:1]   [training_data_sf.bin] loaded: 86,070 positions
[2026-03-28T09:17:31.288] [INFO] [training:1] Loading positions from C:\Users\chris\pyproj\my_env\Projects\ChessEngine\x64\Release\assets\selfplay_gen10.bin...
[2026-03-28T09:17:31.288] [INFO] [training:1]   Total positions: 92,355 — using offset-cache fast path (avoids reading 4 MB into RAM)
[2026-03-28T09:17:31.288] [INFO] [training:1] Scanning C:\Users\chris\pyproj\my_env\Projects\ChessEngine\x64\Release\assets\selfplay_gen10.bin for position offsets...
[2026-03-28T09:17:31.288] [INFO] [training:1]   Building offset index (first time, may take several minutes)...
[2026-03-28T09:17:31.288] [INFO] [training:1]   Total positions: 92,355 (header: versioned)
[2026-03-28T09:17:31.334] [INFO] [training:1]   Scan complete: 92,355 positions indexed.[K
[2026-03-28T09:17:31.336] [INFO] [training:1]   Saved offset cache: 0.7 MB (C:\Users\chris\pyproj\my_env\Projects\ChessEngine\x64\Release\assets\selfplay_gen10.bin.offidx)
[2026-03-28T09:17:31.338] [INFO] [training:1]   Sampled 18,040 from 92,355 positions (reservoir)
[2026-03-28T09:17:31.379] [INFO] [training:1]   Parsed 18,040 positions in 0.0s (454,828 pos/s)
[2026-03-28T09:17:31.379] [INFO] [training:1]   Vectorized HalfKAv2 conversion (18,040 positions)...
[2026-03-28T09:17:31.484] [INFO] [training:1]   HalfKAv2 conversion: 0.1s (171,043 pos/s)
[2026-03-28T09:17:31.486] [INFO] [training:1]   Converting to tensors...
[2026-03-28T09:17:31.487] [INFO] [training:1] Phase distribution: Opening=2,073, Middlegame=8,125, Endgame=7,370
[2026-03-28T09:17:31.487] [INFO] [training:1]   [selfplay_gen10.bin] loaded: 17,568 positions
[2026-03-28T09:17:31.557] [INFO] [training:1] Loading positions from C:\Users\chris\pyproj\my_env\Projects\ChessEngine\x64\Release\assets\selfplay_gen9.bin...
[2026-03-28T09:17:31.558] [INFO] [training:1]   Total positions: 91,241 — using offset-cache fast path (avoids reading 4 MB into RAM)
[2026-03-28T09:17:31.558] [INFO] [training:1] Scanning C:\Users\chris\pyproj\my_env\Projects\ChessEngine\x64\Release\assets\selfplay_gen9.bin for position offsets...
[2026-03-28T09:17:31.568] [INFO] [training:1]   Loaded cached index: 91,241 offsets (C:\Users\chris\pyproj\my_env\Projects\ChessEngine\x64\Release\assets\selfplay_gen9.bin.offidx)
[2026-03-28T09:17:31.570] [INFO] [training:1]   Sampled 12,620 from 91,241 positions (reservoir)
[2026-03-28T09:17:31.612] [INFO] [training:1]   Parsed 12,620 positions in 0.0s (305,243 pos/s)
[2026-03-28T09:17:31.612] [INFO] [training:1]   Vectorized HalfKAv2 conversion (12,620 positions)...
[2026-03-28T09:17:31.710] [INFO] [training:1]   HalfKAv2 conversion: 0.1s (128,045 pos/s)
[2026-03-28T09:17:31.712] [INFO] [training:1]   Converting to tensors...
[2026-03-28T09:17:31.712] [INFO] [training:1] Phase distribution: Opening=1,594, Middlegame=5,673, Endgame=5,014
[2026-03-28T09:17:31.712] [INFO] [training:1]   [selfplay_gen9.bin] loaded: 12,281 positions
[2026-03-28T09:17:31.778] [INFO] [training:1] Loading positions from C:\Users\chris\pyproj\my_env\Projects\ChessEngine\x64\Release\assets\selfplay_gen8.bin...
[2026-03-28T09:17:31.778] [INFO] [training:1]   Total positions: 68,276 — using offset-cache fast path (avoids reading 3 MB into RAM)
[2026-03-28T09:17:31.778] [INFO] [training:1] Scanning C:\Users\chris\pyproj\my_env\Projects\ChessEngine\x64\Release\assets\selfplay_gen8.bin for position offsets...
[2026-03-28T09:17:31.782] [INFO] [training:1]   Loaded cached index: 68,276 offsets (C:\Users\chris\pyproj\my_env\Projects\ChessEngine\x64\Release\assets\selfplay_gen8.bin.offidx)
[2026-03-28T09:17:31.783] [INFO] [training:1]   Sampled 8,840 from 68,276 positions (reservoir)
[2026-03-28T09:17:31.811] [INFO] [training:1]   Parsed 8,840 positions in 0.0s (310,284 pos/s)
[2026-03-28T09:17:31.811] [INFO] [training:1]   Vectorized HalfKAv2 conversion (8,840 positions)...
[2026-03-28T09:17:31.894] [INFO] [training:1]   HalfKAv2 conversion: 0.1s (107,269 pos/s)
[2026-03-28T09:17:31.896] [INFO] [training:1]   Converting to tensors...
[2026-03-28T09:17:31.896] [INFO] [training:1] Phase distribution: Opening=1,022, Middlegame=4,019, Endgame=3,571
[2026-03-28T09:17:31.896] [INFO] [training:1]   [selfplay_gen8.bin] loaded: 8,612 positions
[2026-03-28T09:17:31.971] [INFO] [training:1] Loading positions from C:\Users\chris\pyproj\my_env\Projects\ChessEngine\x64\Release\assets\selfplay_gen7.bin...
[2026-03-28T09:17:31.971] [INFO] [training:1]   Total positions: 68,956 — using offset-cache fast path (avoids reading 3 MB into RAM)
[2026-03-28T09:17:31.971] [INFO] [training:1] Scanning C:\Users\chris\pyproj\my_env\Projects\ChessEngine\x64\Release\assets\selfplay_gen7.bin for position offsets...
[2026-03-28T09:17:31.975] [INFO] [training:1]   Loaded cached index: 68,956 offsets (C:\Users\chris\pyproj\my_env\Projects\ChessEngine\x64\Release\assets\selfplay_gen7.bin.offidx)
[2026-03-28T09:17:31.976] [INFO] [training:1]   Sampled 6,180 from 68,956 positions (reservoir)
[2026-03-28T09:17:31.999] [INFO] [training:1]   Parsed 6,180 positions in 0.0s (274,835 pos/s)
[2026-03-28T09:17:31.999] [INFO] [training:1]   Vectorized HalfKAv2 conversion (6,180 positions)...
[2026-03-28T09:17:32.087] [INFO] [training:1]   HalfKAv2 conversion: 0.1s (69,906 pos/s)
[2026-03-28T09:17:32.088] [INFO] [training:1]   Converting to tensors...
[2026-03-28T09:17:32.088] [INFO] [training:1] Phase distribution: Opening=704, Middlegame=2,755, Endgame=2,514
[2026-03-28T09:17:32.088] [INFO] [training:1]   [selfplay_gen7.bin] loaded: 5,973 positions
[2026-03-28T09:17:32.163] [INFO] [training:1] Loading positions from C:\Users\chris\pyproj\my_env\Projects\ChessEngine\x64\Release\assets\selfplay_gen6.bin...
[2026-03-28T09:17:32.165] [INFO] [training:1]   Total positions: 72,623 — using offset-cache fast path (avoids reading 3 MB into RAM)
[2026-03-28T09:17:32.165] [INFO] [training:1] Scanning C:\Users\chris\pyproj\my_env\Projects\ChessEngine\x64\Release\assets\selfplay_gen6.bin for position offsets...
[2026-03-28T09:17:32.168] [INFO] [training:1]   Loaded cached index: 72,623 offsets (C:\Users\chris\pyproj\my_env\Projects\ChessEngine\x64\Release\assets\selfplay_gen6.bin.offidx)
[2026-03-28T09:17:32.169] [INFO] [training:1]   Sampled 4,320 from 72,623 positions (reservoir)
[2026-03-28T09:17:32.190] [INFO] [training:1]   Parsed 4,320 positions in 0.0s (202,873 pos/s)
[2026-03-28T09:17:32.190] [INFO] [training:1]   Vectorized HalfKAv2 conversion (4,320 positions)...
[2026-03-28T09:17:32.268] [INFO] [training:1]   HalfKAv2 conversion: 0.1s (55,309 pos/s)
[2026-03-28T09:17:32.269] [INFO] [training:1]   Converting to tensors...
[2026-03-28T09:17:32.269] [INFO] [training:1] Phase distribution: Opening=500, Middlegame=1,659, Endgame=2,050
[2026-03-28T09:17:32.269] [INFO] [training:1]   [selfplay_gen6.bin] loaded: 4,209 positions
[2026-03-28T09:17:32.342] [INFO] [training:1] Loading positions from C:\Users\chris\pyproj\my_env\Projects\ChessEngine\x64\Release\assets\training_data_draws.bin...
[2026-03-28T09:17:32.343] [INFO] [training:1]   Total positions: 35,143,613 — using offset-cache fast path (avoids reading 1675 MB into RAM)
[2026-03-28T09:17:32.343] [INFO] [training:1] Scanning C:\Users\chris\pyproj\my_env\Projects\ChessEngine\x64\Release\assets\training_data_draws.bin for position offsets...
[2026-03-28T09:17:33.448] [INFO] [training:1]   Loaded cached index: 35,143,613 offsets (C:\Users\chris\pyproj\my_env\Projects\ChessEngine\x64\Release\assets\training_data_draws.bin.offidx)
[2026-03-28T09:17:35.632] [INFO] [training:1]   Sampled 60,000 from 35,143,613 positions (reservoir)
[2026-03-28T09:17:42.390] [INFO] [training:1]     Parsed 50,000/60,000 positions (9315 pos/s,
[2026-03-28T09:17:42.391] [INFO] [training:1]   Parsed 60,000 positions in 6.7s (8,903 pos/s)
[2026-03-28T09:17:42.391] [INFO] [training:1]   Vectorized HalfKAv2 conversion (60,000 positions)...
[2026-03-28T09:17:42.615] [INFO] [training:1]   HalfKAv2 conversion: 0.2s (266,211 pos/s)
[2026-03-28T09:17:42.615] [INFO] [training:1]   Converting to tensors...
[2026-03-28T09:17:42.616] [INFO] [training:1] Phase distribution: Opening=20,067, Middlegame=16,536, Endgame=23,397
[2026-03-28T09:17:42.616] [INFO] [training:1]   [training_data_draws.bin] loaded: 60,000 positions
[2026-03-28T09:17:42.718] [INFO] [training:1]   Train positions: 175,242
[2026-03-28T09:17:42.718] [INFO] [training:1]   Val positions:   19,471
[2026-03-28T09:17:42.827] [INFO] [training:1]   Phase-balanced samples: 204,441 (from 175,242 train)
[2026-03-28T09:19:39.959] [INFO] [training:1]   Ep 1 | Batch 86/86 (100%) | Loss: 0.179658
[2026-03-28T09:19:53.789] [INFO] [training:1] ----------------------------------------------------------------------
[2026-03-28T09:19:53.789] [INFO] [training:1]   Epoch    1/12 | Train: 0.179658 (rebalanced) | Val: 0.336184 * | LR: 0.000042 | Acc: 0.6075
[2026-03-28T09:19:53.789] [METRIC] [training:10] EPOCH epoch=1 train_loss=0.17965800 val_loss=0.33618400 lr=4.200000e-05 acc=0.6075
[2026-03-28T09:19:53.789] [INFO] [training:1]   Time: 1m57s | Elapsed: 1m57s | 1,502 pos/s
[2026-03-28T09:19:53.789] [INFO] [training:1]   Phase loss -> Opening: 0.349795  Middlegame: 0.335513  Endgame: 0.327240
[2026-03-28T09:19:55.051] [INFO] [training:1] Weights saved to C:\Users\chris\pyproj\my_env\Projects\ChessEngine\x64\Release\assets\nnue_weights.bin
[2026-03-28T09:19:57.042] [INFO] [training:1] Checkpoint saved to C:\Users\chris\pyproj\my_env\Projects\ChessEngine\x64\Release\assets\nnue_weights_checkpoint.pt
[2026-03-28T09:21:49.716] [INFO] [training:1]   Ep 2 | Batch 86/86 (100%) | Loss: 0.178144
[2026-03-28T09:22:02.870] [INFO] [training:1] ----------------------------------------------------------------------
[2026-03-28T09:22:02.870] [INFO] [training:1]   Epoch    2/12 | Train: 0.178144 (rebalanced) | Val: 0.336172 * | LR: 0.000086 | Acc: 0.6062
[2026-03-28T09:22:02.870] [METRIC] [training:10] EPOCH epoch=2 train_loss=0.17814400 val_loss=0.33617200 lr=8.600000e-05 acc=0.6062
[2026-03-28T09:22:02.870] [INFO] [training:1]   Time: 1m52s | Elapsed: 4m07s | 1,561 pos/s
[2026-03-28T09:22:02.870] [INFO] [training:1]   Phase loss -> Opening: 0.348941  Middlegame: 0.334694  Endgame: 0.328541
[2026-03-28T09:23:54.191] [INFO] [training:1]   Ep 3 | Batch 86/86 (100%) | Loss: 0.174894
[2026-03-28T09:24:06.704] [INFO] [training:1] ----------------------------------------------------------------------
[2026-03-28T09:24:06.704] [INFO] [training:1]   Epoch    3/12 | Train: 0.174894 (rebalanced) | Val: 0.335291 * | LR: 0.000130 | Acc: 0.6050
[2026-03-28T09:24:06.704] [METRIC] [training:10] EPOCH epoch=3 train_loss=0.17489400 val_loss=0.33529100 lr=1.300000e-04 acc=0.6050
[2026-03-28T09:24:06.704] [INFO] [training:1]   Time: 1m51s | Elapsed: 6m11s | 1,580 pos/s
[2026-03-28T09:24:06.704] [INFO] [training:1]   Phase loss -> Opening: 0.348230  Middlegame: 0.333871  Endgame: 0.327490
[2026-03-28T09:24:06.704] [INFO] [training:1]   No improvement for 1/8 epochs
[2026-03-28T09:24:08.886] [INFO] [training:1] Weights saved to C:\Users\chris\pyproj\my_env\Projects\ChessEngine\x64\Release\assets\nnue_weights.bin
[2026-03-28T09:24:10.854] [INFO] [training:1] Checkpoint saved to C:\Users\chris\pyproj\my_env\Projects\ChessEngine\x64\Release\assets\nnue_weights_checkpoint.pt
[2026-03-28T09:26:02.866] [INFO] [training:1]   Ep 4 | Batch 86/86 (100%) | Loss: 0.171736
[2026-03-28T09:26:15.495] [INFO] [training:1] ----------------------------------------------------------------------
[2026-03-28T09:26:15.495] [INFO] [training:1]   Epoch    4/12 | Train: 0.171736 (rebalanced) | Val: 0.335044 * | LR: 0.000174 | Acc: 0.6017
[2026-03-28T09:26:15.495] [METRIC] [training:10] EPOCH epoch=4 train_loss=0.17173600 val_loss=0.33504400 lr=1.740000e-04 acc=0.6017
[2026-03-28T09:26:15.495] [INFO] [training:1]   Time: 1m52s | Elapsed: 8m20s | 1,570 pos/s
[2026-03-28T09:26:15.495] [INFO] [training:1]   Phase loss -> Opening: 0.349695  Middlegame: 0.334035  Endgame: 0.325671
[2026-03-28T09:26:16.692] [INFO] [training:1] Weights saved to C:\Users\chris\pyproj\my_env\Projects\ChessEngine\x64\Release\assets\nnue_weights.bin
[2026-03-28T09:26:18.453] [INFO] [training:1] Checkpoint saved to C:\Users\chris\pyproj\my_env\Projects\ChessEngine\x64\Release\assets\nnue_weights_checkpoint.pt
[2026-03-28T09:28:10.560] [INFO] [training:1]   Ep 5 | Batch 86/86 (100%) | Loss: 0.169387
[2026-03-28T09:28:23.331] [INFO] [training:1] ----------------------------------------------------------------------
[2026-03-28T09:28:23.331] [INFO] [training:1]   Epoch    5/12 | Train: 0.169387 (rebalanced) | Val: 0.335941 | LR: 0.000193 | Acc: 0.5978
[2026-03-28T09:28:23.331] [METRIC] [training:10] EPOCH epoch=5 train_loss=0.16938700 val_loss=0.33594100 lr=1.930000e-04 acc=0.5978
[2026-03-28T09:28:23.331] [INFO] [training:1]   Time: 1m52s | Elapsed: 10m27s | 1,569 pos/s
[2026-03-28T09:28:23.331] [INFO] [training:1]   Phase loss -> Opening: 0.350026  Middlegame: 0.335184  Endgame: 0.326742
[2026-03-28T09:30:15.493] [INFO] [training:1]   Ep 6 | Batch 86/86 (100%) | Loss: 0.166474
[2026-03-28T09:30:28.410] [INFO] [training:1] ----------------------------------------------------------------------
[2026-03-28T09:30:28.410] [INFO] [training:1]   Epoch    6/12 | Train: 0.166474 (rebalanced) | Val: 0.335495 | LR: 0.000172 | Acc: 0.6032
[2026-03-28T09:30:28.410] [METRIC] [training:10] EPOCH epoch=6 train_loss=0.16647400 val_loss=0.33549500 lr=1.720000e-04 acc=0.6032
[2026-03-28T09:30:28.410] [INFO] [training:1]   Time: 1m52s | Elapsed: 12m32s | 1,568 pos/s
[2026-03-28T09:30:28.410] [INFO] [training:1]   Phase loss -> Opening: 0.349522  Middlegame: 0.334330  Endgame: 0.326700
[2026-03-28T09:30:28.411] [INFO] [training:1]   No improvement for 1/8 epochs
[2026-03-28T09:32:16.684] [INFO] [training:1]   Ep 7 | Batch 86/86 (100%) | Loss: 0.164625
[2026-03-28T09:32:29.096] [INFO] [training:1] ----------------------------------------------------------------------
[2026-03-28T09:32:29.096] [INFO] [training:1]   Epoch    7/12 | Train: 0.164625 (rebalanced) | Val: 0.335351 | LR: 0.000141 | Acc: 0.6038
[2026-03-28T09:32:29.096] [METRIC] [training:10] EPOCH epoch=7 train_loss=0.16462500 val_loss=0.33535100 lr=1.410000e-04 acc=0.6038
[2026-03-28T09:32:29.096] [INFO] [training:1]   Time: 1m48s | Elapsed: 14m34s | 1,624 pos/s
[2026-03-28T09:32:29.096] [INFO] [training:1]   Phase loss -> Opening: 0.349760  Middlegame: 0.334247  Endgame: 0.326233
[2026-03-28T09:32:29.096] [INFO] [training:1]   No improvement for 2/8 epochs
[2026-03-28T09:34:17.651] [INFO] [training:1]   Ep 8 | Batch 86/86 (100%) | Loss: 0.162485
[2026-03-28T09:34:29.859] [INFO] [training:1] ----------------------------------------------------------------------
[2026-03-28T09:34:29.859] [INFO] [training:1]   Epoch    8/12 | Train: 0.162485 (rebalanced) | Val: 0.335036 * | LR: 0.000105 | Acc: 0.6104
[2026-03-28T09:34:29.859] [METRIC] [training:10] EPOCH epoch=8 train_loss=0.16248500 val_loss=0.33503600 lr=1.050000e-04 acc=0.6104
[2026-03-28T09:34:29.859] [INFO] [training:1]   Time: 1m48s | Elapsed: 16m35s | 1,620 pos/s [SWA]
[2026-03-28T09:34:29.859] [INFO] [training:1]   Phase loss -> Opening: 0.349428  Middlegame: 0.333502  Endgame: 0.326315
[2026-03-28T09:34:29.859] [INFO] [training:1]   No improvement for 3/8 epochs
[2026-03-28T09:36:19.240] [INFO] [training:1]   Ep 9 | Batch 86/86 (100%) | Loss: 0.160837
[2026-03-28T09:36:31.464] [INFO] [training:1] ----------------------------------------------------------------------
[2026-03-28T09:36:31.465] [INFO] [training:1]   Epoch    9/12 | Train: 0.160837 (rebalanced) | Val: 0.335214 | LR: 0.000069 | Acc: 0.6115
[2026-03-28T09:36:31.465] [METRIC] [training:10] EPOCH epoch=9 train_loss=0.16083700 val_loss=0.33521400 lr=6.900000e-05 acc=0.6115
[2026-03-28T09:36:31.465] [INFO] [training:1]   Time: 1m49s | Elapsed: 18m36s | 1,608 pos/s [SWA]
[2026-03-28T09:36:31.465] [INFO] [training:1]   Phase loss -> Opening: 0.349362  Middlegame: 0.333651  Endgame: 0.326693
[2026-03-28T09:36:31.465] [INFO] [training:1]   No improvement for 4/8 epochs
[2026-03-28T09:38:21.009] [INFO] [training:1]   Ep 10 | Batch 86/86 (100%) | Loss: 0.160161
[2026-03-28T09:38:33.978] [INFO] [training:1] ----------------------------------------------------------------------
[2026-03-28T09:38:33.978] [INFO] [training:1]   Epoch   10/12 | Train: 0.160161 (rebalanced) | Val: 0.335259 | LR: 0.000038 | Acc: 0.6119
[2026-03-28T09:38:33.978] [METRIC] [training:10] EPOCH epoch=10 train_loss=0.16016100 val_loss=0.33525900 lr=3.800000e-05 acc=0.6119
[2026-03-28T09:38:33.978] [INFO] [training:1]   Time: 1m49s | Elapsed: 20m38s | 1,606 pos/s [SWA]
[2026-03-28T09:38:33.978] [INFO] [training:1]   Phase loss -> Opening: 0.349637  Middlegame: 0.333742  Endgame: 0.326533
[2026-03-28T09:38:33.978] [INFO] [training:1]   No improvement for 5/8 epochs
[2026-03-28T09:38:35.410] [INFO] [training:1] Progress graph saved to .\training progress\training_progress.png
[2026-03-28T09:38:36.494] [INFO] [training:1] Weights saved to C:\Users\chris\pyproj\my_env\Projects\ChessEngine\x64\Release\assets\nnue_weights_checkpoint.bin
[2026-03-28T09:38:38.215] [INFO] [training:1] Checkpoint saved to C:\Users\chris\pyproj\my_env\Projects\ChessEngine\x64\Release\assets\nnue_weights_checkpoint.pt
[2026-03-28T09:40:32.074] [INFO] [training:1]   Ep 11 | Batch 86/86 (100%) | Loss: 0.159527
[2026-03-28T09:40:44.562] [INFO] [training:1] ----------------------------------------------------------------------
[2026-03-28T09:40:44.562] [INFO] [training:1]   Epoch   11/12 | Train: 0.159527 (rebalanced) | Val: 0.335218 | LR: 0.000017 | Acc: 0.6147
[2026-03-28T09:40:44.562] [METRIC] [training:10] EPOCH epoch=11 train_loss=0.15952700 val_loss=0.33521800 lr=1.700000e-05 acc=0.6147
[2026-03-28T09:40:44.562] [INFO] [training:1]   Time: 1m53s | Elapsed: 22m49s | 1,545 pos/s [SWA]
[2026-03-28T09:40:44.562] [INFO] [training:1]   Phase loss -> Opening: 0.349760  Middlegame: 0.333689  Endgame: 0.326388
[2026-03-28T09:40:44.562] [INFO] [training:1]   No improvement for 6/8 epochs
[2026-03-28T09:42:34.221] [INFO] [training:1]   Ep 12 | Batch 86/86 (100%) | Loss: 0.159181
[2026-03-28T09:42:46.829] [INFO] [training:1] ----------------------------------------------------------------------
[2026-03-28T09:42:46.829] [INFO] [training:1]   Epoch   12/12 | Train: 0.159181 (rebalanced) | Val: 0.335428 | LR: 0.000010 | Acc: 0.6145
[2026-03-28T09:42:46.829] [METRIC] [training:10] EPOCH epoch=12 train_loss=0.15918100 val_loss=0.33542800 lr=1.000000e-05 acc=0.6145
[2026-03-28T09:42:46.829] [INFO] [training:1]   Time: 1m49s | Elapsed: 24m51s | 1,604 pos/s [SWA]
[2026-03-28T09:42:46.829] [INFO] [training:1]   Phase loss -> Opening: 0.349834  Middlegame: 0.333945  Endgame: 0.326653
[2026-03-28T09:42:46.829] [INFO] [training:1]   No improvement for 7/8 epochs
[2026-03-28T09:42:46.830] [INFO] [training:1] Early stopping: no improvement for 8 epochs.
[2026-03-28T09:42:46.830] [INFO] [training:1] Applying SWA averaged weights (5 snapshots)...
[2026-03-28T09:42:46.860] [INFO] [training:1]   SWA: Applied averaged weights (5 snapshots)
[2026-03-28T09:42:48.074] [INFO] [training:1] Weights saved to C:\Users\chris\pyproj\my_env\Projects\ChessEngine\x64\Release\assets\nnue_weights_swa.bin
[2026-03-28T09:42:48.074] [INFO] [training:1]   SWA weights saved to C:\Users\chris\pyproj\my_env\Projects\ChessEngine\x64\Release\assets\nnue_weights_swa.bin
[2026-03-28T09:42:48.074] [INFO] [training:1]   Best validation weights remain at C:\Users\chris\pyproj\my_env\Projects\ChessEngine\x64\Release\assets\nnue_weights.bin
[2026-03-28T09:42:48.074] [INFO] [training:1] ============================================================
[2026-03-28T09:42:48.074] [INFO] [training:1] Training complete!
[2026-03-28T09:42:48.074] [INFO] [training:1]   Total time:  25m05s
[2026-03-28T09:42:48.074] [INFO] [training:1]   Best loss:   0.335044
[2026-03-28T09:42:48.074] [INFO] [training:1]   Weights:     C:\Users\chris\pyproj\my_env\Projects\ChessEngine\x64\Release\assets\nnue_weights.bin
[2026-03-28T09:42:48.074] [INFO] [training:1]   SWA applied: Yes (5 snapshots averaged)
[2026-03-28T09:42:48.074] [INFO] [training:1] ============================================================
[2026-03-28T09:42:49.312] [INFO] [training:1] Progress graph saved to .\training progress\training_progress.png
[2026-03-28T09:42:50.082] [EVENT] [training:10] PHASE_END success=true elapsed_sec=1531.0
[2026-03-28T09:42:50.338] [INFO] [training:1]   SWA weights archived to nnue_weights_swa_gen10.bin
[2026-03-28T09:42:50.410] [EVENT] [swa_match:10] PHASE_START games=100
[2026-03-28T09:42:50.410] [INFO] [swa_match:1] [SWA] Running best-of-two: Best-Val vs SWA (100 games)
[2026-03-28T09:42:50.410] [CMD] [swa_match:1] [CMD] py -3 "C:\Users\chris\pyproj\my_env\Projects\ChessEngine\x64\Release\assets\swa_match.py" "C:\Users\chris\pyproj\my_env\Projects\ChessEngine\x64\Release\ChessEngine.exe" "C:\Users\chris\pyproj\my_env\Projects\ChessEngine\x64\Release\assets\nnue_weights_swa_gen10.bin" "C:\Users\chris\pyproj\my_env\Projects\ChessEngine\x64\Release\assets\nnue_weights_gen10.bin" 100 7
[2026-03-28T09:43:12.871] [INFO] [swa_match:1] [SWA] 10/100: +2 =7 -1
[2026-03-28T09:43:24.600] [INFO] [swa_match:1] [SWA] 20/100: +4 =12 -4
[2026-03-28T09:43:46.888] [INFO] [swa_match:1] [SWA] 30/100: +5 =16 -9
[2026-03-28T09:43:59.074] [INFO] [swa_match:1] [SWA] 40/100: +8 =22 -10
[2026-03-28T09:44:20.574] [INFO] [swa_match:1] [SWA] 50/100: +10 =26 -14
[2026-03-28T09:44:31.809] [INFO] [swa_match:1] [SWA] 60/100: +12 =33 -15
[2026-03-28T09:44:47.667] [INFO] [swa_match:1] [SWA] 70/100: +14 =38 -18
[2026-03-28T09:45:06.812] [INFO] [swa_match:1] [SWA] 80/100: +15 =42 -23
[2026-03-28T09:45:18.827] [INFO] [swa_match:1] [SWA] 90/100: +18 =48 -24
[2026-03-28T09:45:44.957] [INFO] [swa_match:1] [SWA] 100/100: +20 =52 -28
[2026-03-28T09:45:44.957] [INFO] [swa_match:1] [SWA] Final: +20 =52 -28 SWA_ELO: -27
[2026-03-28T09:45:44.976] [EVENT] [swa_match:10] PHASE_END success=true elapsed_sec=174.0
[2026-03-28T09:45:44.976] [METRIC] [swa:10] ELO_RESULT elo=-27 wins=0 draws=0 losses=0
[2026-03-28T09:45:44.976] [INFO] [swa_match:1] [SWA] Best-val wins by 27 ELO â€” keeping best-val weights for gen 10
[2026-03-28T09:45:44.977] [EVENT] [pipeline:10] GEN_SUMMARY gen=10 train_loss=0.15918100 val_loss=0.33542800 elo=+0 elapsed_sec=0.0
[2026-03-28T09:45:45.663] [INFO] [swa_match:2] --- Generation 11 ---
[2026-03-28T09:45:45.665] [EVENT] [selfplay:11] PHASE_START games=1000 depth=7 workers=12
[2026-03-28T09:45:45.665] [CMD] [selfplay:2] [CMD] "C:\Users\chris\pyproj\my_env\Projects\ChessEngine\x64\Release\ChessEngine.exe" --generate --games 1000 --depth 7 --mixed-depth-ratio 0.200000 --mixed-depth-low 4 --workers 12 --output "C:\Users\chris\pyproj\my_env\Projects\ChessEngine\x64\Release\assets\selfplay_gen11.bin" --weights "C:\Users\chris\pyproj\my_env\Projects\ChessEngine\x64\Release\assets\nnue_weights_gen10.bin" --openings "C:\Users\chris\pyproj\my_env\Projects\ChessEngine\x64\Release\assets\openings.txt" --game-time-limit 480 --resigncp 500 --contempt 20 --maxplies 250 --drawcp 0
[2026-03-28T09:45:46.143] [INFO] [selfplay:2] [SelfPlay] Loaded 2000 opening positions from C:\Users\chris\pyproj\my_env\Projects\ChessEngine\x64\Release\assets\openings.txt
[2026-03-28T09:45:46.143] [INFO] [selfplay:2] [SelfPlay] Starting 1000 games  depth=7  movetime=0ms  workers=12  output=C:\Users\chris\pyproj\my_env\Projects\ChessEngine\x64\Release\assets\selfplay_gen11.bin  openings=2000  contempt=20  openingTemp=1.5  softmaxPlies=8  softmaxTemp=0.5  recordMinPly=10  mixedDepth=4/7 (20%/80%)
[2026-03-28T09:45:50.939] [INFO] [selfplay:2] [SelfPlay] 1/1000 (0%)  pos=61  W/D/B=0/0/1  (0%/0%/100%)  d4/d7  0.3 games/s (avg 0.3)  60.2K nps  ETA 00:50:20       
[2026-03-28T09:45:51.995] [INFO] [selfplay:2] [SelfPlay] 2/1000 (0%)  pos=209  W/D/B=1/0/1  (50%/0%/50%)  d4/d7  0.4 games/s (avg 0.4)  96.0K nps  ETA 00:39:52      
[2026-03-28T09:45:52.352] [INFO] [selfplay:2] [SelfPlay] 3/1000 (0%)  pos=323  W/D/B=2/0/1  (66%/0%/33%)  d4/d7  0.5 games/s (avg 0.5)  137.5K nps  ETA 00:32:23     
[2026-03-28T09:45:55.613] [INFO] [selfplay:2] [SelfPlay] 4/1000 (0%)  pos=385  W/D/B=3/0/1  (75%/0%/25%)  d4/d7  0.8 games/s (avg 0.6)  158.1K nps  ETA 00:25:42     
[2026-03-28T09:45:55.764] [INFO] [selfplay:2] [SelfPlay] 5/1000 (0%)  pos=486  W/D/B=4/0/1  (80%/0%/20%)  d4/d7  0.7 games/s (avg 0.5)  125.8K nps  ETA 00:31:24     
[2026-03-28T09:45:58.702] [INFO] [selfplay:2] [SelfPlay] 6/1000 (0%)  pos=540  W/D/B=5/0/1  (83%/0%/16%)  d4/d7  1.6 games/s (avg 0.6)  143.8K nps  ETA 00:26:30     
[2026-03-28T09:46:13.408] [INFO] [selfplay:2] [SelfPlay] 7/1000 (0%)  pos=548  W/D/B=5/0/2  (71%/0%/28%)  d4/d7  1.4 games/s (avg 0.6)  161.9K nps  ETA 00:29:26     
[2026-03-28T09:46:17.017] [INFO] [selfplay:2] [SelfPlay] 8/1000 (0%)  pos=645  W/D/B=5/0/3  (62%/0%/37%)  d4/d7  1.3 games/s (avg 0.3)  265.4K nps  ETA 00:56:17     
[2026-03-28T09:46:19.109] [INFO] [selfplay:2] [SelfPlay] 9/1000 (0%)  pos=704  W/D/B=5/0/4  (55%/0%/44%)  d4/d7  1.2 games/s (avg 0.3)  282.1K nps  ETA 00:56:37     
[2026-03-28T09:46:19.710] [INFO] [selfplay:2] [SelfPlay] 10/1000 (1%)  pos=807  W/D/B=5/0/5  (50%/0%/50%)  d4/d7  1.1 games/s (avg 0.3)  347.8K nps  ETA 00:54:22    
[2026-03-28T09:46:20.518] [INFO] [selfplay:2] [SelfPlay] 11/1000 (1%)  pos=1047  W/D/B=5/1/5  (45%/9%/45%)  d4/d7  1.1 games/s (avg 0.3)  437.9K nps  ETA 00:50:16   
[2026-03-28T09:46:21.181] [INFO] [selfplay:2] [SelfPlay] 12/1000 (1%)  pos=1150  W/D/B=5/1/6  (41%/8%/50%)  d4/d7  1.2 games/s (avg 0.3)  511.0K nps  ETA 00:47:09   
[2026-03-28T09:46:22.217] [INFO] [selfplay:2] [SelfPlay] 13/1000 (1%)  pos=1266  W/D/B=5/1/7  (38%/7%/53%)  d4/d7  1.2 games/s (avg 0.4)  506.1K nps  ETA 00:44:19   
[2026-03-28T09:46:22.785] [INFO] [selfplay:2] [SelfPlay] 14/1000 (1%)  pos=1382  W/D/B=5/1/8  (35%/7%/57%)  d4/d7  1.2 games/s (avg 0.4)  571.1K nps  ETA 00:42:20   
[2026-03-28T09:46:24.030] [INFO] [selfplay:2] [SelfPlay] 15/1000 (1%)  pos=1471  W/D/B=5/1/9  (33%/6%/60%)  d4/d7  1.3 games/s (avg 0.4)  566.1K nps  ETA 00:40:05   
[2026-03-28T09:46:24.516] [INFO] [selfplay:2] [SelfPlay] 16/1000 (1%)  pos=1537  W/D/B=6/1/9  (37%/6%/56%)  d4/d7  1.2 games/s (avg 0.4)  613.2K nps  ETA 00:38:49   
[2026-03-28T09:46:25.070] [INFO] [selfplay:2] [SelfPlay] 17/1000 (1%)  pos=1606  W/D/B=7/1/9  (41%/5%/52%)  d4/d7  1.3 games/s (avg 0.4)  608.8K nps  ETA 00:36:58   
[2026-03-28T09:46:25.749] [INFO] [selfplay:2] [SelfPlay] 18/1000 (1%)  pos=1683  W/D/B=7/1/10  (38%/5%/55%)  d4/d7  1.4 games/s (avg 0.5)  661.0K nps  ETA 00:35:22  
[2026-03-28T09:46:30.198] [INFO] [selfplay:2] [SelfPlay] 19/1000 (1%)  pos=1798  W/D/B=7/1/11  (36%/5%/57%)  d4/d7  1.4 games/s (avg 0.5)  727.8K nps  ETA 00:33:59  
[2026-03-28T09:46:34.578] [INFO] [selfplay:2] [SelfPlay] 20/1000 (2%)  pos=1866  W/D/B=7/1/12  (35%/5%/60%)  d4/d7  1.2 games/s (avg 0.5)  628.3K nps  ETA 00:35:54  
[2026-03-28T09:46:36.804] [INFO] [selfplay:2] [SelfPlay] 21/1000 (2%)  pos=2017  W/D/B=7/1/13  (33%/4%/61%)  d4/d7  1.1 games/s (avg 0.4)  622.9K nps  ETA 00:37:35  
[2026-03-28T09:46:37.612] [INFO] [selfplay:2] [SelfPlay] 22/1000 (2%)  pos=2075  W/D/B=7/2/13  (31%/9%/59%)  d4/d7  1.0 games/s (avg 0.4)  654.3K nps  ETA 00:37:31  
[2026-03-28T09:46:39.406] [INFO] [selfplay:2] [SelfPlay] 23/1000 (2%)  pos=2178  W/D/B=8/2/13  (34%/8%/56%)  d4/d7  1.0 games/s (avg 0.4)  693.4K nps  ETA 00:36:24  
[2026-03-28T09:46:44.260] [INFO] [selfplay:2] [SelfPlay] 24/1000 (2%)  pos=2350  W/D/B=8/2/14  (33%/8%/58%)  d4/d7  1.0 games/s (avg 0.5)  669.4K nps  ETA 00:36:01  
[2026-03-28T09:46:46.258] [INFO] [selfplay:2] [SelfPlay] 25/1000 (2%)  pos=2488  W/D/B=9/2/14  (36%/8%/56%)  d4/d7  0.8 games/s (avg 0.4)  619.9K nps  ETA 00:37:44  
[2026-03-28T09:46:47.567] [INFO] [selfplay:2] [SelfPlay] 26/1000 (2%)  pos=2590  W/D/B=9/2/15  (34%/7%/57%)  d4/d7  0.8 games/s (avg 0.4)  600.1K nps  ETA 00:37:31  
[2026-03-28T09:46:54.819] [INFO] [selfplay:2] [SelfPlay] 27/1000 (2%)  pos=2704  W/D/B=10/2/15  (37%/7%/55%)  d4/d7  0.8 games/s (avg 0.4)  612.5K nps  ETA 00:36:46 
[2026-03-28T09:46:55.252] [INFO] [selfplay:2] [SelfPlay] 28/1000 (2%)  pos=2798  W/D/B=10/2/16  (35%/7%/57%)  d4/d7  0.7 games/s (avg 0.4)  559.8K nps  ETA 00:39:43 
[2026-03-28T09:46:56.195] [INFO] [selfplay:2] [SelfPlay] 29/1000 (2%)  pos=2830  W/D/B=10/2/17  (34%/6%/58%)  d4/d7  0.9 games/s (avg 0.4)  577.0K nps  ETA 00:38:32 
[2026-03-28T09:46:57.124] [INFO] [selfplay:2] [SelfPlay] 30/1000 (3%)  pos=2885  W/D/B=11/2/17  (36%/6%/56%)  d4/d7  1.0 games/s (avg 0.4)  600.0K nps  ETA 00:37:45 
[2026-03-28T09:47:01.982] [INFO] [selfplay:2] [SelfPlay] 31/1000 (3%)  pos=3035  W/D/B=11/3/17  (35%/9%/54%)  d4/d7  1.0 games/s (avg 0.4)  597.5K nps  ETA 00:36:53 
[2026-03-28T09:47:03.421] [INFO] [selfplay:2] [SelfPlay] 32/1000 (3%)  pos=3075  W/D/B=12/3/17  (37%/9%/53%)  d4/d7  0.9 games/s (avg 0.4)  567.9K nps  ETA 00:38:12 
[2026-03-28T09:47:07.975] [INFO] [selfplay:2] [SelfPlay] 33/1000 (3%)  pos=3269  W/D/B=12/3/18  (36%/9%/54%)  d4/d7  0.8 games/s (avg 0.4)  561.9K nps  ETA 00:37:40 
[2026-03-28T09:47:09.509] [INFO] [selfplay:2] [SelfPlay] 34/1000 (3%)  pos=3415  W/D/B=12/4/18  (35%/11%/52%)  d4/d7  0.7 games/s (avg 0.4)  557.3K nps  ETA 00:38:42
[2026-03-28T09:47:11.583] [INFO] [selfplay:2] [SelfPlay] 35/1000 (3%)  pos=3451  W/D/B=12/5/18  (34%/14%/51%)  d4/d7  0.7 games/s (avg 0.4)  555.4K nps  ETA 00:38:16
[2026-03-28T09:47:12.234] [INFO] [selfplay:2] [SelfPlay] 36/1000 (3%)  pos=3623  W/D/B=12/5/19  (33%/13%/52%)  d4/d7  0.7 games/s (avg 0.4)  580.6K nps  ETA 00:38:06
[2026-03-28T09:47:14.507] [INFO] [selfplay:2] [SelfPlay] 37/1000 (3%)  pos=3782  W/D/B=12/6/19  (32%/16%/51%)  d4/d7  0.8 games/s (avg 0.4)  578.8K nps  ETA 00:37:18
[2026-03-28T09:47:14.521] [INFO] [selfplay:2] [SelfPlay] 38/1000 (3%)  pos=3923  W/D/B=12/6/20  (31%/15%/52%)  d4/d7  0.8 games/s (avg 0.4)  581.9K nps  ETA 00:37:16
[2026-03-28T09:47:20.030] [INFO] [selfplay:2] [SelfPlay] 39/1000 (3%)  pos=3968  W/D/B=12/6/21  (30%/15%/53%)  d4/d7  11.5 games/s (avg 0.4)  615.6K nps  ETA 00:36:12
[2026-03-28T09:47:23.562] [INFO] [selfplay:2] [SelfPlay] 40/1000 (4%)  pos=4208  W/D/B=12/7/21  (30%/17%/52%)  d4/d7  10.6 games/s (avg 0.4)  620.8K nps  ETA 00:37:29
[2026-03-28T09:47:28.357] [INFO] [selfplay:2] [SelfPlay] 41/1000 (4%)  pos=4282  W/D/B=12/7/22  (29%/17%/53%)  d4/d7  9.8 games/s (avg 0.4)  657.1K nps  ETA 00:37:53
[2026-03-28T09:47:30.039] [INFO] [selfplay:2] [SelfPlay] 42/1000 (4%)  pos=4402  W/D/B=12/7/23  (28%/16%/54%)  d4/d7  9.1 games/s (avg 0.4)  675.0K nps  ETA 00:38:50
[2026-03-28T09:47:34.780] [INFO] [selfplay:2] [SelfPlay] 43/1000 (4%)  pos=4460  W/D/B=12/7/24  (27%/16%/55%)  d4/d7  8.4 games/s (avg 0.4)  692.1K nps  ETA 00:38:27
[2026-03-28T09:47:42.571] [INFO] [selfplay:2] [SelfPlay] 44/1000 (4%)  pos=4636  W/D/B=12/7/25  (27%/15%/56%)  d4/d7  7.8 games/s (avg 0.4)  723.9K nps  ETA 00:39:12
[2026-03-28T09:47:45.533] [INFO] [selfplay:2] [SelfPlay] 45/1000 (4%)  pos=4797  W/D/B=12/7/26  (26%/15%/57%)  d4/d7  7.2 games/s (avg 0.4)  763.3K nps  ETA 00:41:07
[2026-03-28T09:47:45.602] [INFO] [selfplay:2] [SelfPlay] 46/1000 (4%)  pos=4979  W/D/B=12/8/26  (26%/17%/56%)  d4/d7  6.6 games/s (avg 0.4)  780.3K nps  ETA 00:41:16
[2026-03-28T09:47:48.573] [INFO] [selfplay:2] [SelfPlay] 47/1000 (4%)  pos=5046  W/D/B=12/9/26  (25%/19%/55%)  d4/d7  7.8 games/s (avg 0.4)  810.1K nps  ETA 00:40:19
[2026-03-28T09:47:49.871] [INFO] [selfplay:2] [SelfPlay] 48/1000 (4%)  pos=5091  W/D/B=13/9/26  (27%/18%/54%)  d4/d7  7.2 games/s (avg 0.4)  810.9K nps  ETA 00:40:27
[2026-03-28T09:47:50.012] [INFO] [selfplay:2] [SelfPlay] 49/1000 (4%)  pos=5214  W/D/B=13/9/27  (26%/18%/55%)  d4/d7  6.3 games/s (avg 0.4)  831.0K nps  ETA 00:40:01
[2026-03-28T09:47:50.208] [INFO] [selfplay:2] [SelfPlay] 50/1000 (5%)  pos=5264  W/D/B=14/9/27  (28%/18%/54%)  d4/d7  6.4 games/s (avg 0.4)  854.5K nps  ETA 00:39:12
[2026-03-28T09:47:51.333] [INFO] [selfplay:2] [SelfPlay] 51/1000 (5%)  pos=5268  W/D/B=15/9/27  (29%/17%/52%)  d4/d7  6.2 games/s (avg 0.4)  855.1K nps  ETA 00:38:27
[2026-03-28T09:47:54.149] [INFO] [selfplay:2] [SelfPlay] 52/1000 (5%)  pos=5329  W/D/B=16/9/27  (30%/17%/51%)  d4/d7  5.4 games/s (avg 0.4)  858.0K nps  ETA 00:38:00
[2026-03-28T09:47:59.017] [INFO] [selfplay:2] [SelfPlay] 53/1000 (5%)  pos=5454  W/D/B=16/10/27  (30%/18%/50%)  d4/d7  5.0 games/s (avg 0.4)  859.0K nps  ETA 00:38:02
[2026-03-28T09:48:00.866] [INFO] [selfplay:2] [SelfPlay] 54/1000 (5%)  pos=5598  W/D/B=17/10/27  (31%/18%/50%)  d4/d7  4.6 games/s (avg 0.4)  860.1K nps  ETA 00:38:45
[2026-03-28T09:48:04.974] [INFO] [selfplay:2] [SelfPlay] 55/1000 (5%)  pos=5675  W/D/B=18/10/27  (32%/18%/49%)  d4/d7  4.0 games/s (avg 0.4)  859.7K nps  ETA 00:38:30
[2026-03-28T09:48:05.060] [INFO] [selfplay:2] [SelfPlay] 56/1000 (5%)  pos=5778  W/D/B=18/10/28  (32%/17%/50%)  d4/d7  3.7 games/s (avg 0.4)  877.0K nps  ETA 00:39:00
[2026-03-28T09:48:13.645] [INFO] [selfplay:2] [SelfPlay] 57/1000 (5%)  pos=5901  W/D/B=18/10/29  (31%/17%/50%)  d4/d7  4.9 games/s (avg 0.4)  907.0K nps  ETA 00:38:09
[2026-03-28T09:48:14.503] [INFO] [selfplay:2] [SelfPlay] 58/1000 (5%)  pos=6008  W/D/B=18/10/30  (31%/17%/51%)  d4/d7  4.5 games/s (avg 0.4)  937.5K nps  ETA 00:39:54
[2026-03-28T09:48:19.539] [INFO] [selfplay:2] [SelfPlay] 59/1000 (5%)  pos=6108  W/D/B=18/10/31  (30%/16%/52%)  d4/d7  4.0 games/s (avg 0.4)  947.9K nps  ETA 00:39:21
[2026-03-28T09:48:20.184] [INFO] [selfplay:2] [SelfPlay] 60/1000 (6%)  pos=6343  W/D/B=18/10/32  (30%/16%/53%)  d4/d7  3.7 games/s (avg 0.4)  990.0K nps  ETA 00:40:02
[2026-03-28T09:48:25.934] [INFO] [selfplay:2] [SelfPlay] 61/1000 (6%)  pos=6380  W/D/B=19/10/32  (31%/16%/52%)  d4/d7  3.4 games/s (avg 0.4)  995.6K nps  ETA 00:39:26
[2026-03-28T09:48:28.908] [INFO] [selfplay:2] [SelfPlay] 62/1000 (6%)  pos=6421  W/D/B=19/10/33  (30%/16%/53%)  d4/d7  3.1 games/s (avg 0.4)  1.0M nps  ETA 00:40:14 
[2026-03-28T09:48:30.659] [INFO] [selfplay:2] [SelfPlay] 63/1000 (6%)  pos=6482  W/D/B=20/10/33  (31%/15%/52%)  d4/d7  2.7 games/s (avg 0.4)  985.3K nps  ETA 00:40:18
[2026-03-28T09:48:31.786] [INFO] [selfplay:2] [SelfPlay] 64/1000 (6%)  pos=6564  W/D/B=20/10/34  (31%/15%/53%)  d4/d7  2.4 games/s (avg 0.4)  989.2K nps  ETA 00:40:05
[2026-03-28T09:48:32.022] [INFO] [selfplay:2] [SelfPlay] 65/1000 (6%)  pos=6660  W/D/B=20/10/35  (30%/15%/53%)  d4/d7  2.2 games/s (avg 0.4)  1.0M nps  ETA 00:39:42 
[2026-03-28T09:48:32.581] [INFO] [selfplay:2] [SelfPlay] 66/1000 (6%)  pos=6713  W/D/B=21/10/35  (31%/15%/53%)  d4/d7  2.5 games/s (avg 0.4)  1.0M nps  ETA 00:39:06 
[2026-03-28T09:48:34.814] [INFO] [selfplay:2] [SelfPlay] 67/1000 (6%)  pos=6823  W/D/B=21/10/36  (31%/14%/53%)  d4/d7  2.4 games/s (avg 0.4)  1.1M nps  ETA 00:38:35 
[2026-03-28T09:48:37.323] [INFO] [selfplay:2] [SelfPlay] 68/1000 (6%)  pos=6913  W/D/B=21/10/37  (30%/14%/54%)  d4/d7  2.1 games/s (avg 0.4)  1.1M nps  ETA 00:38:28 
[2026-03-28T09:48:41.429] [INFO] [selfplay:2] [SelfPlay] 69/1000 (6%)  pos=7032  W/D/B=21/10/38  (30%/14%/55%)  d4/d7  1.8 games/s (avg 0.4)  1.1M nps  ETA 00:38:25 
[2026-03-28T09:48:42.430] [INFO] [selfplay:2] [SelfPlay] 70/1000 (7%)  pos=7123  W/D/B=21/11/38  (30%/15%/54%)  d4/d7  1.6 games/s (avg 0.4)  1.0M nps  ETA 00:38:47 
[2026-03-28T09:48:45.166] [INFO] [selfplay:2] [SelfPlay] 71/1000 (7%)  pos=7190  W/D/B=22/11/38  (30%/15%/53%)  d4/d7  1.5 games/s (avg 0.4)  1.0M nps  ETA 00:38:23 
[2026-03-28T09:48:45.434] [INFO] [selfplay:2] [SelfPlay] 72/1000 (7%)  pos=7282  W/D/B=22/11/39  (30%/15%/54%)  d4/d7  1.3 games/s (avg 0.4)  989.4K nps  ETA 00:38:27
[2026-03-28T09:48:50.004] [INFO] [selfplay:2] [SelfPlay] 73/1000 (7%)  pos=7371  W/D/B=22/11/40  (30%/15%/54%)  d4/d7  1.7 games/s (avg 0.4)  999.9K nps  ETA 00:37:52
[2026-03-28T09:48:53.456] [INFO] [selfplay:2] [SelfPlay] 74/1000 (7%)  pos=7402  W/D/B=23/11/40  (31%/14%/54%)  d4/d7  1.5 games/s (avg 0.4)  965.7K nps  ETA 00:38:16
[2026-03-28T09:48:53.887] [INFO] [selfplay:2] [SelfPlay] 75/1000 (7%)  pos=7525  W/D/B=23/12/40  (30%/16%/53%)  d4/d7  1.3 games/s (avg 0.4)  937.2K nps  ETA 00:38:30
[2026-03-28T09:48:55.195] [INFO] [selfplay:2] [SelfPlay] 76/1000 (7%)  pos=7655  W/D/B=23/13/40  (30%/17%/52%)  d4/d7  1.4 games/s (avg 0.4)  949.0K nps  ETA 00:38:00
[2026-03-28T09:48:57.865] [INFO] [selfplay:2] [SelfPlay] 77/1000 (7%)  pos=7768  W/D/B=24/13/40  (31%/16%/51%)  d4/d7  1.3 games/s (avg 0.4)  948.7K nps  ETA 00:37:44
[2026-03-28T09:48:58.542] [INFO] [selfplay:2] [SelfPlay] 78/1000 (7%)  pos=7847  W/D/B=25/13/40  (32%/16%/51%)  d4/d7  1.2 games/s (avg 0.4)  939.1K nps  ETA 00:37:45
[2026-03-28T09:49:03.061] [INFO] [selfplay:2] [SelfPlay] 79/1000 (7%)  pos=7939  W/D/B=25/13/41  (31%/16%/51%)  d4/d7  1.2 games/s (avg 0.4)  935.7K nps  ETA 00:37:19
[2026-03-28T09:49:04.920] [INFO] [selfplay:2] [SelfPlay] 80/1000 (8%)  pos=7990  W/D/B=25/13/42  (31%/16%/52%)  d4/d7  1.1 games/s (avg 0.4)  902.5K nps  ETA 00:37:42
[2026-03-28T09:49:05.936] [INFO] [selfplay:2] [SelfPlay] 81/1000 (8%)  pos=8043  W/D/B=26/13/42  (32%/16%/51%)  d4/d7  1.0 games/s (avg 0.4)  905.0K nps  ETA 00:37:34
[2026-03-28T09:49:06.400] [INFO] [selfplay:2] [SelfPlay] 82/1000 (8%)  pos=8144  W/D/B=27/13/42  (32%/15%/51%)  d4/d7  1.0 games/s (avg 0.4)  906.0K nps  ETA 00:37:15
[2026-03-28T09:49:07.795] [INFO] [selfplay:2] [SelfPlay] 83/1000 (8%)  pos=8282  W/D/B=27/13/43  (32%/15%/51%)  d4/d7  1.2 games/s (avg 0.4)  925.3K nps  ETA 00:36:51
[2026-03-28T09:49:10.922] [INFO] [selfplay:2] [SelfPlay] 84/1000 (8%)  pos=8459  W/D/B=28/13/43  (33%/15%/51%)  d4/d7  1.1 games/s (avg 0.4)  929.8K nps  ETA 00:36:35
[2026-03-28T09:49:17.273] [INFO] [selfplay:2] [SelfPlay] 85/1000 (8%)  pos=8498  W/D/B=28/13/44  (32%/15%/51%)  d4/d7  1.0 games/s (avg 0.4)  917.2K nps  ETA 00:36:37
[2026-03-28T09:49:24.329] [INFO] [selfplay:2] [SelfPlay] 86/1000 (8%)  pos=8669  W/D/B=29/13/44  (33%/15%/51%)  d4/d7  0.9 games/s (avg 0.4)  876.5K nps  ETA 00:37:16
[2026-03-28T09:49:24.461] [INFO] [selfplay:2] [SelfPlay] 87/1000 (8%)  pos=8805  W/D/B=29/13/45  (33%/14%/51%)  d4/d7  0.8 games/s (avg 0.4)  843.2K nps  ETA 00:38:09
[2026-03-28T09:49:28.542] [INFO] [selfplay:2] [SelfPlay] 88/1000 (8%)  pos=8997  W/D/B=29/14/45  (32%/15%/51%)  d4/d7  1.8 games/s (avg 0.4)  861.8K nps  ETA 00:37:38
[2026-03-28T09:49:31.408] [INFO] [selfplay:2] [SelfPlay] 89/1000 (8%)  pos=9075  W/D/B=30/14/45  (33%/15%/50%)  d4/d7  1.6 games/s (avg 0.4)  853.2K nps  ETA 00:37:53
[2026-03-28T09:49:33.001] [INFO] [selfplay:2] [SelfPlay] 90/1000 (9%)  pos=9226  W/D/B=31/14/45  (34%/15%/50%)  d4/d7  1.4 games/s (avg 0.4)  847.1K nps  ETA 00:37:56
[2026-03-28T09:49:34.053] [INFO] [selfplay:2] [SelfPlay] 91/1000 (9%)  pos=9349  W/D/B=32/14/45  (35%/15%/49%)  d4/d7  1.3 games/s (avg 0.4)  847.7K nps  ETA 00:37:45
[2026-03-28T09:49:38.580] [INFO] [selfplay:2] [SelfPlay] 92/1000 (9%)  pos=9567  W/D/B=32/15/45  (34%/16%/48%)  d4/d7  1.2 games/s (avg 0.4)  844.1K nps  ETA 00:37:24
[2026-03-28T09:49:39.870] [INFO] [selfplay:2] [SelfPlay] 93/1000 (9%)  pos=9619  W/D/B=32/15/46  (34%/16%/49%)  d4/d7  1.1 games/s (avg 0.4)  830.4K nps  ETA 00:37:45
[2026-03-28T09:49:41.341] [INFO] [selfplay:2] [SelfPlay] 94/1000 (9%)  pos=9754  W/D/B=32/15/47  (34%/15%/50%)  d4/d7  1.0 games/s (avg 0.4)  843.0K nps  ETA 00:37:30
[2026-03-28T09:49:41.621] [INFO] [selfplay:2] [SelfPlay] 95/1000 (9%)  pos=9791  W/D/B=32/15/48  (33%/15%/50%)  d4/d7  1.0 games/s (avg 0.4)  850.2K nps  ETA 00:37:20
[2026-03-28T09:49:44.326] [INFO] [selfplay:2] [SelfPlay] 96/1000 (9%)  pos=9862  W/D/B=33/15/48  (34%/15%/50%)  d4/d7  1.4 games/s (avg 0.4)  862.8K nps  ETA 00:36:54
[2026-03-28T09:49:46.922] [INFO] [selfplay:2] [SelfPlay] 97/1000 (9%)  pos=9961  W/D/B=33/15/49  (34%/15%/50%)  d4/d7  1.2 games/s (avg 0.4)  850.3K nps  ETA 00:36:55
[2026-03-28T09:49:47.970] [INFO] [selfplay:2] [SelfPlay] 98/1000 (9%)  pos=10038  W/D/B=33/15/50  (33%/15%/51%)  d4/d7  1.1 games/s (avg 0.4)  849.2K nps  ETA 00:36:55
[2026-03-28T09:49:49.431] [INFO] [selfplay:2] [SelfPlay] 99/1000 (9%)  pos=10064  W/D/B=33/16/50  (33%/16%/50%)  d4/d7  1.1 games/s (avg 0.4)  846.2K nps  ETA 00:36:38
[2026-03-28T09:49:59.990] [INFO] [selfplay:2] [SelfPlay] 100/1000 (10%)  pos=10095  W/D/B=34/16/50  (34%/16%/50%)  d4/d7  1.0 games/s (avg 0.4)  843.8K nps  ETA 00:36:19
[2026-03-28T09:50:01.701] [INFO] [selfplay:2] [SelfPlay] 101/1000 (10%)  pos=10166  W/D/B=35/16/50  (34%/15%/49%)  d4/d7  0.9 games/s (avg 0.4)  854.5K nps  ETA 00:37:37
[2026-03-28T09:50:03.542] [INFO] [selfplay:2] [SelfPlay] 102/1000 (10%)  pos=10204  W/D/B=36/16/50  (35%/15%/49%)  d4/d7  0.9 games/s (avg 0.4)  856.1K nps  ETA 00:37:27
[2026-03-28T09:50:03.900] [INFO] [selfplay:2] [SelfPlay] 103/1000 (10%)  pos=10249  W/D/B=36/17/50  (34%/16%/48%)  d4/d7  0.8 games/s (avg 0.4)  852.2K nps  ETA 00:37:21
[2026-03-28T09:50:06.111] [INFO] [selfplay:2] [SelfPlay] 104/1000 (10%)  pos=10317  W/D/B=37/17/50  (35%/16%/48%)  d4/d7  1.1 games/s (avg 0.4)  856.7K nps  ETA 00:36:58
[2026-03-28T09:50:08.334] [INFO] [selfplay:2] [SelfPlay] 105/1000 (10%)  pos=10425  W/D/B=37/17/51  (35%/16%/48%)  d4/d7  1.0 games/s (avg 0.4)  847.1K nps  ETA 00:36:52
[2026-03-28T09:50:09.223] [INFO] [selfplay:2] [SelfPlay] 106/1000 (10%)  pos=10587  W/D/B=37/18/51  (34%/16%/48%)  d4/d7  0.9 games/s (avg 0.4)  837.8K nps  ETA 00:36:50
[2026-03-28T09:50:10.073] [INFO] [selfplay:2] [SelfPlay] 107/1000 (10%)  pos=10670  W/D/B=38/18/51  (35%/16%/47%)  d4/d7  1.0 games/s (avg 0.4)  844.2K nps  ETA 00:36:35
[2026-03-28T09:50:12.017] [INFO] [selfplay:2] [SelfPlay] 108/1000 (10%)  pos=10895  W/D/B=38/19/51  (35%/17%/47%)  d4/d7  1.0 games/s (avg 0.4)  842.2K nps  ETA 00:36:17
[2026-03-28T09:50:12.745] [INFO] [selfplay:2] [SelfPlay] 109/1000 (10%)  pos=11005  W/D/B=38/19/52  (34%/17%/47%)  d4/d7  0.9 games/s (avg 0.4)  846.1K nps  ETA 00:36:12
[2026-03-28T09:50:14.566] [INFO] [selfplay:2] [SelfPlay] 110/1000 (11%)  pos=11083  W/D/B=39/19/52  (35%/17%/47%)  d4/d7  1.0 games/s (avg 0.4)  849.9K nps  ETA 00:35:55
[2026-03-28T09:50:16.921] [INFO] [selfplay:2] [SelfPlay] 111/1000 (11%)  pos=11206  W/D/B=39/19/53  (35%/17%/47%)  d4/d7  0.9 games/s (avg 0.4)  843.3K nps  ETA 00:35:47
[2026-03-28T09:50:21.300] [INFO] [selfplay:2] [SelfPlay] 112/1000 (11%)  pos=11296  W/D/B=40/19/53  (35%/16%/47%)  d4/d7  0.9 games/s (avg 0.4)  833.7K nps  ETA 00:35:41
[2026-03-28T09:50:23.944] [INFO] [selfplay:2] [SelfPlay] 113/1000 (11%)  pos=11411  W/D/B=40/19/54  (35%/16%/47%)  d4/d7  0.8 games/s (avg 0.4)  826.8K nps  ETA 00:35:57
[2026-03-28T09:50:28.049] [INFO] [selfplay:2] [SelfPlay] 114/1000 (11%)  pos=11445  W/D/B=41/19/54  (35%/16%/47%)  d4/d7  0.7 games/s (avg 0.4)  825.8K nps  ETA 00:35:55
[2026-03-28T09:50:38.677] [INFO] [selfplay:2] [SelfPlay] 115/1000 (11%)  pos=11588  W/D/B=41/19/55  (35%/16%/47%)  d4/d7  0.6 games/s (avg 0.4)  826.3K nps  ETA 00:35:58
[2026-03-28T09:50:45.153] [INFO] [selfplay:2] [SelfPlay] 116/1000 (11%)  pos=11626  W/D/B=41/19/56  (35%/16%/48%)  d4/d7  0.6 games/s (avg 0.4)  789.2K nps  ETA 00:37:02
[2026-03-28T09:50:45.872] [INFO] [selfplay:2] [SelfPlay] 117/1000 (11%)  pos=11739  W/D/B=42/19/56  (35%/16%/47%)  d4/d7  0.5 games/s (avg 0.4)  773.5K nps  ETA 00:37:36
[2026-03-28T09:50:46.009] [INFO] [selfplay:2] [SelfPlay] 118/1000 (11%)  pos=11898  W/D/B=43/19/56  (36%/16%/47%)  d4/d7  0.6 games/s (avg 0.4)  779.1K nps  ETA 00:37:20
[2026-03-28T09:50:46.012] [INFO] [selfplay:2] [SelfPlay] 119/1000 (11%)  pos=12070  W/D/B=43/20/56  (36%/16%/47%)  d4/d7  1.6 games/s (avg 0.4)  786.0K nps  ETA 00:37:00
[2026-03-28T09:50:46.393] [INFO] [selfplay:2] [SelfPlay] 120/1000 (12%)  pos=12225  W/D/B=43/20/57  (35%/16%/47%)  d4/d7  59.9 games/s (avg 0.4)  800.3K nps  ETA 00:36:38
[2026-03-28T09:50:48.058] [INFO] [selfplay:2] [SelfPlay] 121/1000 (12%)  pos=12267  W/D/B=44/20/57  (36%/16%/47%)  d4/d7  55.4 games/s (avg 0.4)  804.6K nps  ETA 00:36:20
[2026-03-28T09:50:48.291] [INFO] [selfplay:2] [SelfPlay] 122/1000 (12%)  pos=12404  W/D/B=44/20/58  (36%/16%/47%)  d4/d7  51.2 games/s (avg 0.4)  818.1K nps  ETA 00:36:11
[2026-03-28T09:50:49.452] [INFO] [selfplay:2] [SelfPlay] 123/1000 (12%)  pos=12478  W/D/B=45/20/58  (36%/16%/47%)  d4/d7  47.4 games/s (avg 0.4)  826.0K nps  ETA 00:35:53
[2026-03-28T09:50:49.805] [INFO] [selfplay:2] [SelfPlay] 124/1000 (12%)  pos=12534  W/D/B=46/20/58  (37%/16%/46%)  d4/d7  43.8 games/s (avg 0.4)  826.8K nps  ETA 00:35:42
[2026-03-28T09:50:52.352] [INFO] [selfplay:2] [SelfPlay] 125/1000 (12%)  pos=12629  W/D/B=46/21/58  (36%/16%/46%)  d4/d7  40.6 games/s (avg 0.4)  826.4K nps  ETA 00:35:22
[2026-03-28T09:50:55.332] [INFO] [selfplay:2] [SelfPlay] 126/1000 (12%)  pos=12765  W/D/B=46/21/59  (36%/16%/46%)  d4/d7  37.5 games/s (avg 0.4)  839.0K nps  ETA 00:35:21
[2026-03-28T09:51:05.494] [INFO] [selfplay:2] [SelfPlay] 127/1000 (12%)  pos=12919  W/D/B=46/22/59  (36%/17%/46%)  d4/d7  34.7 games/s (avg 0.4)  851.3K nps  ETA 00:35:15
[2026-03-28T09:51:11.014] [INFO] [selfplay:2] [SelfPlay] 128/1000 (12%)  pos=13049  W/D/B=47/22/59  (36%/17%/46%)  d4/d7  32.1 games/s (avg 0.4)  856.2K nps  ETA 00:36:10
[2026-03-28T09:51:13.642] [INFO] [selfplay:2] [SelfPlay] 129/1000 (12%)  pos=13289  W/D/B=47/23/59  (36%/17%/45%)  d4/d7  29.7 games/s (avg 0.4)  867.6K nps  ETA 00:36:30
[2026-03-28T09:51:15.199] [INFO] [selfplay:2] [SelfPlay] 130/1000 (13%)  pos=13404  W/D/B=47/23/60  (36%/17%/46%)  d4/d7  27.5 games/s (avg 0.4)  874.8K nps  ETA 00:36:29
[2026-03-28T09:51:15.359] [INFO] [selfplay:2] [SelfPlay] 131/1000 (13%)  pos=13552  W/D/B=48/23/60  (36%/17%/45%)  d4/d7  25.4 games/s (avg 0.4)  886.4K nps  ETA 00:36:22
[2026-03-28T09:51:23.209] [INFO] [selfplay:2] [SelfPlay] 132/1000 (13%)  pos=13667  W/D/B=49/23/60  (37%/17%/45%)  d4/d7  22.5 games/s (avg 0.4)  894.8K nps  ETA 00:35:56
[2026-03-28T09:51:24.499] [INFO] [selfplay:2] [SelfPlay] 133/1000 (13%)  pos=13799  W/D/B=50/23/60  (37%/17%/45%)  d4/d7  20.8 games/s (avg 0.4)  902.8K nps  ETA 00:36:36
[2026-03-28T09:51:25.020] [INFO] [selfplay:2] [SelfPlay] 134/1000 (13%)  pos=13863  W/D/B=51/23/60  (38%/17%/44%)  d4/d7  19.3 games/s (avg 0.4)  910.9K nps  ETA 00:36:26
[2026-03-28T09:51:26.403] [INFO] [selfplay:2] [SelfPlay] 135/1000 (13%)  pos=13920  W/D/B=52/23/60  (38%/17%/44%)  d4/d7  17.8 games/s (avg 0.4)  917.7K nps  ETA 00:36:09
[2026-03-28T09:51:28.639] [INFO] [selfplay:2] [SelfPlay] 136/1000 (13%)  pos=13999  W/D/B=53/23/60  (38%/16%/44%)  d4/d7  16.5 games/s (avg 0.4)  918.2K nps  ETA 00:35:59
[2026-03-28T09:51:30.218] [INFO] [selfplay:2] [SelfPlay] 137/1000 (13%)  pos=14103  W/D/B=53/23/61  (38%/16%/44%)  d4/d7  15.3 games/s (avg 0.4)  919.0K nps  ETA 00:35:55
[2026-03-28T09:51:30.647] [INFO] [selfplay:2] [SelfPlay] 138/1000 (13%)  pos=14242  W/D/B=53/24/61  (38%/17%/44%)  d4/d7  14.1 games/s (avg 0.4)  920.0K nps  ETA 00:35:49
[2026-03-28T09:51:31.068] [INFO] [selfplay:2] [SelfPlay] 139/1000 (13%)  pos=14353  W/D/B=54/24/61  (38%/17%/43%)  d4/d7  12.3 games/s (avg 0.4)  926.8K nps  ETA 00:35:33
[2026-03-28T09:51:31.155] [INFO] [selfplay:2] [SelfPlay] 140/1000 (14%)  pos=14444  W/D/B=55/24/61  (39%/17%/43%)  d4/d7  10.9 games/s (avg 0.4)  935.5K nps  ETA 00:35:17
[2026-03-28T09:51:34.050] [INFO] [selfplay:2] [SelfPlay] 141/1000 (14%)  pos=14562  W/D/B=56/24/61  (39%/17%/43%)  d4/d7  10.9 games/s (avg 0.4)  944.8K nps  ETA 00:34:59
[2026-03-28T09:51:37.830] [INFO] [selfplay:2] [SelfPlay] 142/1000 (14%)  pos=14630  W/D/B=57/24/61  (40%/16%/42%)  d4/d7  10.1 games/s (avg 0.4)  953.7K nps  ETA 00:34:58
[2026-03-28T09:51:40.614] [INFO] [selfplay:2] [SelfPlay] 143/1000 (14%)  pos=14756  W/D/B=57/24/62  (39%/16%/43%)  d4/d7  9.4 games/s (avg 0.4)  954.9K nps  ETA 00:35:04
[2026-03-28T09:51:46.109] [INFO] [selfplay:2] [SelfPlay] 144/1000 (14%)  pos=14806  W/D/B=57/24/63  (39%/16%/43%)  d4/d7  8.7 games/s (avg 0.4)  960.6K nps  ETA 00:35:02
[2026-03-28T09:51:49.546] [INFO] [selfplay:2] [SelfPlay] 145/1000 (14%)  pos=14839  W/D/B=58/24/63  (40%/16%/43%)  d4/d7  8.0 games/s (avg 0.4)  967.4K nps  ETA 00:35:18
[2026-03-28T09:51:54.392] [INFO] [selfplay:2] [SelfPlay] 146/1000 (14%)  pos=14938  W/D/B=59/24/63  (40%/16%/43%)  d4/d7  7.4 games/s (avg 0.4)  972.8K nps  ETA 00:35:20
[2026-03-28T09:51:57.031] [INFO] [selfplay:2] [SelfPlay] 147/1000 (14%)  pos=15024  W/D/B=59/25/63  (40%/17%/42%)  d4/d7  6.9 games/s (avg 0.4)  977.9K nps  ETA 00:35:34
[2026-03-28T09:51:59.336] [INFO] [selfplay:2] [SelfPlay] 148/1000 (14%)  pos=15053  W/D/B=59/26/63  (39%/17%/42%)  d4/d7  6.3 games/s (avg 0.4)  980.8K nps  ETA 00:35:32
[2026-03-28T09:51:59.908] [INFO] [selfplay:2] [SelfPlay] 149/1000 (14%)  pos=15198  W/D/B=59/26/64  (39%/17%/42%)  d4/d7  5.9 games/s (avg 0.4)  992.5K nps  ETA 00:35:31
[2026-03-28T09:52:00.402] [INFO] [selfplay:2] [SelfPlay] 150/1000 (15%)  pos=15279  W/D/B=60/26/64  (40%/17%/42%)  d4/d7  5.2 games/s (avg 0.4)  1.0M nps  ETA 00:35:17
[2026-03-28T09:52:04.218] [INFO] [selfplay:2] [SelfPlay] 151/1000 (15%)  pos=15352  W/D/B=60/26/65  (39%/17%/43%)  d4/d7  4.8 games/s (avg 0.4)  1.0M nps  ETA 00:35:00
[2026-03-28T09:52:07.308] [INFO] [selfplay:2] [SelfPlay] 152/1000 (15%)  pos=15449  W/D/B=61/26/65  (40%/17%/42%)  d4/d7  4.4 games/s (avg 0.4)  1.0M nps  ETA 00:35:06
[2026-03-28T09:52:07.443] [INFO] [selfplay:2] [SelfPlay] 153/1000 (15%)  pos=15526  W/D/B=62/26/65  (40%/16%/42%)  d4/d7  4.1 games/s (avg 0.4)  1.0M nps  ETA 00:35:10
[2026-03-28T09:52:07.775] [INFO] [selfplay:2] [SelfPlay] 154/1000 (15%)  pos=15570  W/D/B=63/26/65  (40%/16%/42%)  d4/d7  4.6 games/s (avg 0.4)  1.0M nps  ETA 00:34:54
[2026-03-28T09:52:08.222] [INFO] [selfplay:2] [SelfPlay] 155/1000 (15%)  pos=15658  W/D/B=64/26/65  (41%/16%/41%)  d4/d7  4.3 games/s (avg 0.4)  1.0M nps  ETA 00:34:39
[2026-03-28T09:52:08.627] [INFO] [selfplay:2] [SelfPlay] 156/1000 (15%)  pos=15876  W/D/B=64/27/65  (41%/17%/41%)  d4/d7  4.0 games/s (avg 0.4)  1.0M nps  ETA 00:34:27
[2026-03-28T09:52:10.706] [INFO] [selfplay:2] [SelfPlay] 157/1000 (15%)  pos=15921  W/D/B=65/27/65  (41%/17%/41%)  d4/d7  3.8 games/s (avg 0.4)  1.0M nps  ETA 00:34:11
[2026-03-28T09:52:11.736] [INFO] [selfplay:2] [SelfPlay] 158/1000 (15%)  pos=15992  W/D/B=66/27/65  (41%/17%/41%)  d4/d7  3.3 games/s (avg 0.4)  1.0M nps  ETA 00:34:08
[2026-03-28T09:52:15.354] [INFO] [selfplay:2] [SelfPlay] 159/1000 (15%)  pos=16075  W/D/B=67/27/65  (42%/16%/40%)  d4/d7  2.9 games/s (avg 0.4)  1.0M nps  ETA 00:33:55
[2026-03-28T09:52:15.728] [INFO] [selfplay:2] [SelfPlay] 160/1000 (16%)  pos=16175  W/D/B=68/27/65  (42%/16%/40%)  d4/d7  2.7 games/s (avg 0.4)  1.0M nps  ETA 00:34:03
[2026-03-28T09:52:16.037] [INFO] [selfplay:2] [SelfPlay] 161/1000 (16%)  pos=16239  W/D/B=69/27/65  (42%/16%/40%)  d4/d7  2.7 games/s (avg 0.4)  1.0M nps  ETA 00:33:50
[2026-03-28T09:52:32.429] [INFO] [selfplay:2] [SelfPlay] 162/1000 (16%)  pos=16290  W/D/B=69/28/65  (42%/17%/40%)  d4/d7  2.8 games/s (avg 0.4)  1.0M nps  ETA 00:33:19
[2026-03-28T09:52:33.292] [INFO] [selfplay:2] [SelfPlay] 163/1000 (16%)  pos=16429  W/D/B=69/28/66  (42%/17%/40%)  d4/d7  2.6 games/s (avg 0.4)  1.0M nps  ETA 00:34:45
[2026-03-28T09:52:36.750] [INFO] [selfplay:2] [SelfPlay] 164/1000 (16%)  pos=16458  W/D/B=70/28/66  (42%/17%/40%)  d4/d7  2.4 games/s (avg 0.4)  1.0M nps  ETA 00:34:32
[2026-03-28T09:52:37.088] [INFO] [selfplay:2] [SelfPlay] 165/1000 (16%)  pos=16521  W/D/B=71/28/66  (43%/16%/40%)  d4/d7  2.1 games/s (avg 0.4)  1.0M nps  ETA 00:34:37
[2026-03-28T09:52:37.399] [INFO] [selfplay:2] [SelfPlay] 166/1000 (16%)  pos=16570  W/D/B=71/28/67  (42%/16%/40%)  d4/d7  2.2 games/s (avg 0.4)  1.0M nps  ETA 00:34:23
[2026-03-28T09:52:37.450] [INFO] [selfplay:2] [SelfPlay] 167/1000 (16%)  pos=16634  W/D/B=72/28/67  (43%/16%/40%)  d4/d7  2.3 games/s (avg 0.4)  1.0M nps  ETA 00:34:11
[2026-03-28T09:52:37.551] [INFO] [selfplay:2] [SelfPlay] 168/1000 (16%)  pos=16770  W/D/B=72/28/68  (42%/16%/40%)  d4/d7  5.0 games/s (avg 0.4)  1.0M nps  ETA 00:33:56
[2026-03-28T09:52:39.649] [INFO] [selfplay:2] [SelfPlay] 169/1000 (16%)  pos=16824  W/D/B=73/28/68  (43%/16%/40%)  d4/d7  5.7 games/s (avg 0.4)  1.0M nps  ETA 00:33:40
[2026-03-28T09:52:41.157] [INFO] [selfplay:2] [SelfPlay] 170/1000 (17%)  pos=16881  W/D/B=73/28/69  (42%/16%/40%)  d4/d7  5.3 games/s (avg 0.4)  1.1M nps  ETA 00:33:36
[2026-03-28T09:52:41.478] [INFO] [selfplay:2] [SelfPlay] 171/1000 (17%)  pos=17033  W/D/B=73/29/69  (42%/16%/40%)  d4/d7  4.6 games/s (avg 0.4)  1.1M nps  ETA 00:33:31
[2026-03-28T09:52:41.597] [INFO] [selfplay:2] [SelfPlay] 172/1000 (17%)  pos=17097  W/D/B=73/30/69  (42%/17%/40%)  d4/d7  4.4 games/s (avg 0.4)  1.1M nps  ETA 00:33:19
[2026-03-28T09:52:44.503] [INFO] [selfplay:2] [SelfPlay] 173/1000 (17%)  pos=17337  W/D/B=73/31/69  (42%/17%/39%)  d4/d7  5.0 games/s (avg 0.4)  1.1M nps  ETA 00:33:03
[2026-03-28T09:52:46.513] [INFO] [selfplay:2] [SelfPlay] 174/1000 (17%)  pos=17382  W/D/B=74/31/69  (42%/17%/39%)  d4/d7  4.6 games/s (avg 0.4)  1.1M nps  ETA 00:33:04
[2026-03-28T09:52:47.484] [INFO] [selfplay:2] [SelfPlay] 175/1000 (17%)  pos=17486  W/D/B=75/31/69  (42%/17%/39%)  d4/d7  4.0 games/s (avg 0.4)  1.1M nps  ETA 00:33:00
[2026-03-28T09:52:47.935] [INFO] [selfplay:2] [SelfPlay] 176/1000 (17%)  pos=17558  W/D/B=76/31/69  (43%/17%/39%)  d4/d7  3.5 games/s (avg 0.4)  1.1M nps  ETA 00:32:52
[2026-03-28T09:52:55.278] [INFO] [selfplay:2] [SelfPlay] 177/1000 (17%)  pos=17646  W/D/B=77/31/69  (43%/17%/38%)  d4/d7  3.3 games/s (avg 0.4)  1.1M nps  ETA 00:32:33
[2026-03-28T09:53:08.755] [INFO] [selfplay:2] [SelfPlay] 178/1000 (17%)  pos=17702  W/D/B=78/31/69  (43%/17%/38%)  d4/d7  3.1 games/s (avg 0.4)  1.1M nps  ETA 00:32:48
[2026-03-28T09:53:09.165] [INFO] [selfplay:2] [SelfPlay] 179/1000 (17%)  pos=17853  W/D/B=78/31/70  (43%/17%/39%)  d4/d7  2.9 games/s (avg 0.4)  1.1M nps  ETA 00:33:49
[2026-03-28T09:53:10.469] [INFO] [selfplay:2] [SelfPlay] 180/1000 (18%)  pos=18046  W/D/B=78/32/70  (43%/17%/38%)  d4/d7  2.8 games/s (avg 0.4)  1.1M nps  ETA 00:33:37
[2026-03-28T09:53:13.313] [INFO] [selfplay:2] [SelfPlay] 181/1000 (18%)  pos=18178  W/D/B=78/32/71  (43%/17%/39%)  d4/d7  2.5 games/s (avg 0.4)  1.1M nps  ETA 00:33:27
[2026-03-28T09:53:13.505] [INFO] [selfplay:2] [SelfPlay] 182/1000 (18%)  pos=18275  W/D/B=79/32/71  (43%/17%/39%)  d4/d7  2.2 games/s (avg 0.4)  1.1M nps  ETA 00:33:29
[2026-03-28T09:53:14.348] [INFO] [selfplay:2] [SelfPlay] 183/1000 (18%)  pos=18402  W/D/B=79/33/71  (43%/18%/38%)  d4/d7  2.6 games/s (avg 0.4)  1.1M nps  ETA 00:33:16
[2026-03-28T09:53:15.300] [INFO] [selfplay:2] [SelfPlay] 184/1000 (18%)  pos=18516  W/D/B=79/34/71  (42%/18%/38%)  d4/d7  2.4 games/s (avg 0.4)  1.1M nps  ETA 00:33:06
[2026-03-28T09:53:16.320] [INFO] [selfplay:2] [SelfPlay] 185/1000 (18%)  pos=18569  W/D/B=80/34/71  (43%/18%/38%)  d4/d7  2.2 games/s (avg 0.4)  1.1M nps  ETA 00:32:57
[2026-03-28T09:53:17.283] [INFO] [selfplay:2] [SelfPlay] 186/1000 (18%)  pos=18654  W/D/B=80/35/71  (43%/18%/38%)  d4/d7  2.0 games/s (avg 0.4)  1.1M nps  ETA 00:32:49
[2026-03-28T09:53:17.656] [INFO] [selfplay:2] [SelfPlay] 187/1000 (18%)  pos=18822  W/D/B=80/36/71  (42%/19%/37%)  d4/d7  1.9 games/s (avg 0.4)  1.1M nps  ETA 00:32:41
[2026-03-28T09:53:25.651] [INFO] [selfplay:2] [SelfPlay] 188/1000 (18%)  pos=18849  W/D/B=80/36/72  (42%/19%/38%)  d4/d7  2.0 games/s (avg 0.4)  1.1M nps  ETA 00:32:22
[2026-03-28T09:53:27.915] [INFO] [selfplay:2] [SelfPlay] 189/1000 (18%)  pos=18954  W/D/B=80/36/73  (42%/19%/38%)  d4/d7  1.8 games/s (avg 0.4)  1.1M nps  ETA 00:32:49
[2026-03-28T09:53:29.396] [INFO] [selfplay:2] [SelfPlay] 190/1000 (19%)  pos=19024  W/D/B=80/36/74  (42%/18%/38%)  d4/d7  1.6 games/s (avg 0.4)  1.1M nps  ETA 00:32:46
[2026-03-28T09:53:29.621] [INFO] [selfplay:2] [SelfPlay] 191/1000 (19%)  pos=19038  W/D/B=81/36/74  (42%/18%/38%)  d4/d7  1.5 games/s (avg 0.4)  1.1M nps  ETA 00:32:42
[2026-03-28T09:53:29.744] [INFO] [selfplay:2] [SelfPlay] 192/1000 (19%)  pos=19142  W/D/B=82/36/74  (42%/18%/38%)  d4/d7  1.9 games/s (avg 0.4)  1.1M nps  ETA 00:32:30
[2026-03-28T09:53:30.444] [INFO] [selfplay:2] [SelfPlay] 193/1000 (19%)  pos=19240  W/D/B=82/36/75  (42%/18%/38%)  d4/d7  2.9 games/s (avg 0.4)  1.1M nps  ETA 00:32:17
[2026-03-28T09:53:33.016] [INFO] [selfplay:2] [SelfPlay] 194/1000 (19%)  pos=19421  W/D/B=82/37/75  (42%/19%/38%)  d4/d7  2.7 games/s (avg 0.4)  1.1M nps  ETA 00:32:07
[2026-03-28T09:53:40.205] [INFO] [selfplay:2] [SelfPlay] 195/1000 (19%)  pos=19471  W/D/B=82/38/75  (42%/19%/38%)  d4/d7  2.3 games/s (avg 0.4)  1.1M nps  ETA 00:31:59
[2026-03-28T09:53:48.932] [INFO] [selfplay:2] [SelfPlay] 196/1000 (19%)  pos=19589  W/D/B=83/38/75  (42%/19%/38%)  d4/d7  2.1 games/s (avg 0.4)  1.1M nps  ETA 00:32:16
[2026-03-28T09:53:59.738] [INFO] [selfplay:2] [SelfPlay] 197/1000 (19%)  pos=19689  W/D/B=83/38/76  (42%/19%/38%)  d4/d7  2.0 games/s (avg 0.4)  1.1M nps  ETA 00:32:36
[2026-03-28T09:54:01.668] [INFO] [selfplay:2] [SelfPlay] 198/1000 (19%)  pos=19828  W/D/B=84/38/76  (42%/19%/38%)  d4/d7  1.8 games/s (avg 0.4)  1.1M nps  ETA 00:33:17
[2026-03-28T09:54:04.555] [INFO] [selfplay:2] [SelfPlay] 199/1000 (19%)  pos=20051  W/D/B=85/38/76  (42%/19%/38%)  d4/d7  1.6 games/s (avg 0.4)  1.1M nps  ETA 00:33:11
[2026-03-28T09:54:07.448] [INFO] [selfplay:2] [SelfPlay] 200/1000 (20%)  pos=20111  W/D/B=85/38/77  (42%/19%/38%)  d4/d7  1.4 games/s (avg 0.4)  1.1M nps  ETA 00:33:10
[2026-03-28T09:54:08.185] [INFO] [selfplay:2] [SelfPlay] 201/1000 (20%)  pos=20164  W/D/B=86/38/77  (42%/18%/38%)  d4/d7  1.3 games/s (avg 0.4)  1.1M nps  ETA 00:33:11
[2026-03-28T09:54:11.782] [INFO] [selfplay:2] [SelfPlay] 202/1000 (20%)  pos=20285  W/D/B=87/38/77  (43%/18%/38%)  d4/d7  1.3 games/s (avg 0.4)  1.1M nps  ETA 00:33:00
[2026-03-28T09:54:11.794] [INFO] [selfplay:2] [SelfPlay] 203/1000 (20%)  pos=20427  W/D/B=87/39/77  (42%/19%/37%)  d4/d7  1.1 games/s (avg 0.4)  1.1M nps  ETA 00:33:05
[2026-03-28T09:54:12.904] [INFO] [selfplay:2] [SelfPlay] 204/1000 (20%)  pos=20534  W/D/B=87/40/77  (42%/19%/37%)  d4/d7  14.4 games/s (avg 0.4)  1.1M nps  ETA 00:32:52
[2026-03-28T09:54:12.945] [INFO] [selfplay:2] [SelfPlay] 205/1000 (20%)  pos=20667  W/D/B=87/40/78  (42%/19%/38%)  d4/d7  13.4 games/s (avg 0.4)  1.1M nps  ETA 00:32:45
[2026-03-28T09:54:15.211] [INFO] [selfplay:2] [SelfPlay] 206/1000 (20%)  pos=20722  W/D/B=87/41/78  (42%/19%/37%)  d4/d7  15.0 games/s (avg 0.4)  1.1M nps  ETA 00:32:30
[2026-03-28T09:54:19.399] [INFO] [selfplay:2] [SelfPlay] 207/1000 (20%)  pos=20806  W/D/B=87/41/79  (42%/19%/38%)  d4/d7  13.9 games/s (avg 0.4)  1.1M nps  ETA 00:32:26
[2026-03-28T09:54:20.202] [INFO] [selfplay:2] [SelfPlay] 208/1000 (20%)  pos=20828  W/D/B=87/41/80  (41%/19%/38%)  d4/d7  12.8 games/s (avg 0.4)  1.1M nps  ETA 00:32:33
[2026-03-28T09:54:26.515] [INFO] [selfplay:2] [SelfPlay] 209/1000 (20%)  pos=20902  W/D/B=87/41/81  (41%/19%/38%)  d4/d7  11.9 games/s (avg 0.4)  1.1M nps  ETA 00:32:19
[2026-03-28T09:54:28.584] [INFO] [selfplay:2] [SelfPlay] 210/1000 (21%)  pos=20995  W/D/B=88/41/81  (41%/19%/38%)  d4/d7  11.0 games/s (avg 0.4)  1.2M nps  ETA 00:32:35
[2026-03-28T09:54:30.558] [INFO] [selfplay:2] [SelfPlay] 211/1000 (21%)  pos=21011  W/D/B=88/42/81  (41%/19%/38%)  d4/d7  10.1 games/s (avg 0.4)  1.2M nps  ETA 00:32:31
[2026-03-28T09:54:33.655] [INFO] [selfplay:2] [SelfPlay] 212/1000 (21%)  pos=21058  W/D/B=89/42/81  (41%/19%/38%)  d4/d7  9.4 games/s (avg 0.4)  1.2M nps  ETA 00:32:26
[2026-03-28T09:54:34.584] [INFO] [selfplay:2] [SelfPlay] 213/1000 (21%)  pos=21089  W/D/B=90/42/81  (42%/19%/38%)  d4/d7  8.7 games/s (avg 0.4)  1.2M nps  ETA 00:32:28
[2026-03-28T09:54:36.621] [INFO] [selfplay:2] [SelfPlay] 214/1000 (21%)  pos=21129  W/D/B=90/42/82  (42%/19%/38%)  d4/d7  7.5 games/s (avg 0.4)  1.2M nps  ETA 00:32:18
[2026-03-28T09:54:38.073] [INFO] [selfplay:2] [SelfPlay] 215/1000 (21%)  pos=21185  W/D/B=90/43/82  (41%/20%/38%)  d4/d7  7.0 games/s (avg 0.4)  1.2M nps  ETA 00:32:15
[2026-03-28T09:54:38.542] [INFO] [selfplay:2] [SelfPlay] 216/1000 (21%)  pos=21252  W/D/B=90/44/82  (41%/20%/37%)  d4/d7  6.5 games/s (avg 0.4)  1.2M nps  ETA 00:32:09
[2026-03-28T09:54:41.413] [INFO] [selfplay:2] [SelfPlay] 217/1000 (21%)  pos=21358  W/D/B=90/44/83  (41%/20%/38%)  d4/d7  5.8 games/s (avg 0.4)  1.2M nps  ETA 00:31:58
[2026-03-28T09:54:42.026] [INFO] [selfplay:2] [SelfPlay] 218/1000 (21%)  pos=21437  W/D/B=91/44/83  (41%/20%/38%)  d4/d7  5.4 games/s (avg 0.4)  1.2M nps  ETA 00:32:00
[2026-03-28T09:54:45.653] [INFO] [selfplay:2] [SelfPlay] 219/1000 (21%)  pos=21548  W/D/B=91/45/83  (41%/20%/37%)  d4/d7  4.8 games/s (avg 0.4)  1.2M nps  ETA 00:31:47
[2026-03-28T09:54:48.271] [INFO] [selfplay:2] [SelfPlay] 220/1000 (22%)  pos=21598  W/D/B=92/45/83  (41%/20%/37%)  d4/d7  4.4 games/s (avg 0.4)  1.2M nps  ETA 00:31:49
[2026-03-28T09:54:48.545] [INFO] [selfplay:2] [SelfPlay] 221/1000 (22%)  pos=21662  W/D/B=92/45/84  (41%/20%/38%)  d4/d7  4.1 games/s (avg 0.4)  1.2M nps  ETA 00:31:50
[2026-03-28T09:54:52.456] [INFO] [selfplay:2] [SelfPlay] 222/1000 (22%)  pos=21721  W/D/B=92/45/85  (41%/20%/38%)  d4/d7  4.0 games/s (avg 0.4)  1.2M nps  ETA 00:31:36
[2026-03-28T09:54:55.380] [INFO] [selfplay:2] [SelfPlay] 223/1000 (22%)  pos=21789  W/D/B=92/45/86  (41%/20%/38%)  d4/d7  3.7 games/s (avg 0.4)  1.2M nps  ETA 00:31:40
[2026-03-28T09:54:56.154] [INFO] [selfplay:2] [SelfPlay] 224/1000 (22%)  pos=21909  W/D/B=92/45/87  (41%/20%/38%)  d4/d7  3.5 games/s (avg 0.4)  1.2M nps  ETA 00:31:41
[2026-03-28T09:55:02.376] [INFO] [selfplay:2] [SelfPlay] 225/1000 (22%)  pos=21994  W/D/B=93/45/87  (41%/20%/38%)  d4/d7  3.1 games/s (avg 0.4)  1.2M nps  ETA 00:31:28
[2026-03-28T09:55:02.788] [INFO] [selfplay:2] [SelfPlay] 226/1000 (22%)  pos=22054  W/D/B=94/45/87  (41%/19%/38%)  d4/d7  2.9 games/s (avg 0.4)  1.2M nps  ETA 00:31:44
[2026-03-28T09:55:14.184] [INFO] [selfplay:2] [SelfPlay] 227/1000 (22%)  pos=22125  W/D/B=95/45/87  (41%/19%/38%)  d4/d7  2.8 games/s (avg 0.4)  1.2M nps  ETA 00:31:23
[2026-03-28T09:55:14.530] [INFO] [selfplay:2] [SelfPlay] 228/1000 (22%)  pos=22226  W/D/B=95/45/88  (41%/19%/38%)  d4/d7  2.6 games/s (avg 0.4)  1.2M nps  ETA 00:32:03
[2026-03-28T09:55:16.279] [INFO] [selfplay:2] [SelfPlay] 229/1000 (22%)  pos=22303  W/D/B=95/45/89  (41%/19%/38%)  d4/d7  2.7 games/s (avg 0.4)  1.2M nps  ETA 00:31:51
[2026-03-28T09:55:17.189] [INFO] [selfplay:2] [SelfPlay] 230/1000 (23%)  pos=22512  W/D/B=95/45/90  (41%/19%/39%)  d4/d7  2.3 games/s (avg 0.4)  1.2M nps  ETA 00:31:47
[2026-03-28T09:55:17.240] [INFO] [selfplay:2] [SelfPlay] 231/1000 (23%)  pos=22542  W/D/B=95/45/91  (41%/19%/39%)  d4/d7  2.2 games/s (avg 0.4)  1.2M nps  ETA 00:31:41
[2026-03-28T09:55:19.165] [INFO] [selfplay:2] [SelfPlay] 232/1000 (23%)  pos=22608  W/D/B=95/45/92  (40%/19%/39%)  d4/d7  4.8 games/s (avg 0.4)  1.2M nps  ETA 00:31:28
[2026-03-28T09:55:22.117] [INFO] [selfplay:2] [SelfPlay] 233/1000 (23%)  pos=22696  W/D/B=96/45/92  (41%/19%/39%)  d4/d7  4.1 games/s (avg 0.4)  1.2M nps  ETA 00:31:24
[2026-03-28T09:55:23.363] [INFO] [selfplay:2] [SelfPlay] 234/1000 (23%)  pos=22750  W/D/B=97/45/92  (41%/19%/39%)  d4/d7  3.8 games/s (avg 0.4)  1.2M nps  ETA 00:31:23
[2026-03-28T09:55:26.395] [INFO] [selfplay:2] [SelfPlay] 235/1000 (23%)  pos=22837  W/D/B=98/45/92  (41%/19%/39%)  d4/d7  3.4 games/s (avg 0.4)  1.2M nps  ETA 00:31:16
[2026-03-28T09:55:27.498] [INFO] [selfplay:2] [SelfPlay] 236/1000 (23%)  pos=22946  W/D/B=98/46/92  (41%/19%/38%)  d4/d7  3.1 games/s (avg 0.4)  1.2M nps  ETA 00:31:17
[2026-03-28T09:55:27.701] [INFO] [selfplay:2] [SelfPlay] 237/1000 (23%)  pos=23059  W/D/B=99/46/92  (41%/19%/38%)  d4/d7  2.8 games/s (avg 0.4)  1.2M nps  ETA 00:31:11
[2026-03-28T09:55:32.251] [INFO] [selfplay:2] [SelfPlay] 238/1000 (23%)  pos=23114  W/D/B=100/46/92  (42%/19%/38%)  d4/d7  3.1 games/s (avg 0.4)  1.2M nps  ETA 00:30:56
[2026-03-28T09:55:36.402] [INFO] [selfplay:2] [SelfPlay] 239/1000 (23%)  pos=23200  W/D/B=100/46/93  (41%/19%/38%)  d4/d7  2.9 games/s (avg 0.4)  1.2M nps  ETA 00:31:02
[2026-03-28T09:55:38.393] [INFO] [selfplay:2] [SelfPlay] 240/1000 (24%)  pos=23287  W/D/B=101/46/93  (42%/19%/38%)  d4/d7  2.7 games/s (avg 0.4)  1.2M nps  ETA 00:31:07
[2026-03-28T09:55:41.258] [INFO] [selfplay:2] [SelfPlay] 241/1000 (24%)  pos=23397  W/D/B=101/46/94  (41%/19%/39%)  d4/d7  2.3 games/s (avg 0.4)  1.2M nps  ETA 00:31:02
[2026-03-28T09:55:43.167] [INFO] [selfplay:2] [SelfPlay] 242/1000 (24%)  pos=23470  W/D/B=101/47/94  (41%/19%/38%)  d4/d7  2.0 games/s (avg 0.4)  1.2M nps  ETA 00:31:02
[2026-03-28T09:55:44.911] [INFO] [selfplay:2] [SelfPlay] 243/1000 (24%)  pos=23602  W/D/B=102/47/94  (41%/19%/38%)  d4/d7  1.8 games/s (avg 0.4)  1.2M nps  ETA 00:30:58
[2026-03-28T09:55:45.111] [INFO] [selfplay:2] [SelfPlay] 244/1000 (24%)  pos=23727  W/D/B=102/47/95  (41%/19%/38%)  d4/d7  1.6 games/s (avg 0.4)  1.2M nps  ETA 00:30:55
[2026-03-28T09:55:45.415] [INFO] [selfplay:2] [SelfPlay] 245/1000 (24%)  pos=23820  W/D/B=102/47/96  (41%/19%/39%)  d4/d7  2.1 games/s (avg 0.4)  1.2M nps  ETA 00:30:44
[2026-03-28T09:55:47.069] [INFO] [selfplay:2] [SelfPlay] 246/1000 (24%)  pos=23824  W/D/B=102/47/97  (41%/19%/39%)  d4/d7  2.3 games/s (avg 0.4)  1.2M nps  ETA 00:30:35
[2026-03-28T09:55:52.875] [INFO] [selfplay:2] [SelfPlay] 247/1000 (24%)  pos=23865  W/D/B=102/47/98  (41%/19%/39%)  d4/d7  2.1 games/s (avg 0.4)  1.2M nps  ETA 00:30:25
[2026-03-28T09:55:53.239] [INFO] [selfplay:2] [SelfPlay] 248/1000 (24%)  pos=23954  W/D/B=102/48/98  (41%/19%/39%)  d4/d7  1.9 games/s (avg 0.4)  1.2M nps  ETA 00:30:38
[2026-03-28T09:55:57.096] [INFO] [selfplay:2] [SelfPlay] 249/1000 (24%)  pos=24026  W/D/B=102/48/99  (40%/19%/39%)  d4/d7  2.0 games/s (avg 0.4)  1.2M nps  ETA 00:30:28
[2026-03-28T09:56:09.276] [INFO] [selfplay:2] [SelfPlay] 250/1000 (25%)  pos=24113  W/D/B=103/48/99  (41%/19%/39%)  d4/d7  1.8 games/s (avg 0.4)  1.2M nps  ETA 00:30:19
[2026-03-28T09:56:09.929] [INFO] [selfplay:2] [SelfPlay] 251/1000 (25%)  pos=24153  W/D/B=103/49/99  (41%/19%/39%)  d4/d7  1.6 games/s (avg 0.4)  1.2M nps  ETA 00:30:59
[2026-03-28T09:56:14.630] [INFO] [selfplay:2] [SelfPlay] 252/1000 (25%)  pos=24366  W/D/B=104/49/99  (41%/19%/39%)  d4/d7  1.6 games/s (avg 0.4)  1.2M nps  ETA 00:30:46
[2026-03-28T09:56:15.139] [INFO] [selfplay:2] [SelfPlay] 253/1000 (25%)  pos=24418  W/D/B=104/49/100  (41%/19%/39%)  d4/d7  1.4 games/s (avg 0.4)  1.2M nps  ETA 00:30:55
[2026-03-28T09:56:18.054] [INFO] [selfplay:2] [SelfPlay] 254/1000 (25%)  pos=24488  W/D/B=104/49/101  (40%/19%/39%)  d4/d7  1.5 games/s (avg 0.4)  1.2M nps  ETA 00:30:44
[2026-03-28T09:56:20.175] [INFO] [selfplay:2] [SelfPlay] 255/1000 (25%)  pos=24538  W/D/B=105/49/101  (41%/19%/39%)  d4/d7  1.3 games/s (avg 0.4)  1.2M nps  ETA 00:30:43
[2026-03-28T09:56:21.474] [INFO] [selfplay:2] [SelfPlay] 256/1000 (25%)  pos=24679  W/D/B=105/49/102  (41%/19%/39%)  d4/d7  1.2 games/s (avg 0.4)  1.2M nps  ETA 00:30:41
[2026-03-28T09:56:23.571] [INFO] [selfplay:2] [SelfPlay] 257/1000 (25%)  pos=24785  W/D/B=105/50/102  (40%/19%/39%)  d4/d7  1.1 games/s (avg 0.4)  1.2M nps  ETA 00:30:34
[2026-03-28T09:56:24.474] [INFO] [selfplay:2] [SelfPlay] 258/1000 (25%)  pos=24872  W/D/B=105/50/103  (40%/19%/39%)  d4/d7  1.0 games/s (avg 0.4)  1.2M nps  ETA 00:30:32
[2026-03-28T09:56:24.935] [INFO] [selfplay:2] [SelfPlay] 259/1000 (25%)  pos=24934  W/D/B=106/50/103  (40%/19%/39%)  d4/d7  1.0 games/s (avg 0.4)  1.2M nps  ETA 00:30:26
[2026-03-28T09:56:28.451] [INFO] [selfplay:2] [SelfPlay] 260/1000 (26%)  pos=25082  W/D/B=107/50/103  (41%/19%/39%)  d4/d7  1.2 games/s (avg 0.4)  1.2M nps  ETA 00:30:14
[2026-03-28T09:56:28.692] [INFO] [selfplay:2] [SelfPlay] 261/1000 (26%)  pos=25161  W/D/B=107/50/104  (40%/19%/39%)  d4/d7  1.1 games/s (avg 0.4)  1.2M nps  ETA 00:30:18
[2026-03-28T09:56:35.156] [INFO] [selfplay:2] [SelfPlay] 262/1000 (26%)  pos=25202  W/D/B=108/50/104  (41%/19%/39%)  d4/d7  1.5 games/s (avg 0.4)  1.2M nps  ETA 00:30:03
[2026-03-28T09:56:36.325] [INFO] [selfplay:2] [SelfPlay] 263/1000 (26%)  pos=25297  W/D/B=109/50/104  (41%/19%/39%)  d4/d7  1.3 games/s (avg 0.4)  1.2M nps  ETA 00:30:16
[2026-03-28T09:56:37.195] [INFO] [selfplay:2] [SelfPlay] 264/1000 (26%)  pos=25374  W/D/B=109/50/105  (41%/18%/39%)  d4/d7  1.3 games/s (avg 0.4)  1.2M nps  ETA 00:30:11
[2026-03-28T09:56:40.671] [INFO] [selfplay:2] [SelfPlay] 265/1000 (26%)  pos=25422  W/D/B=109/50/106  (41%/18%/40%)  d4/d7  1.2 games/s (avg 0.4)  1.2M nps  ETA 00:30:02
[2026-03-28T09:56:41.607] [INFO] [selfplay:2] [SelfPlay] 266/1000 (26%)  pos=25473  W/D/B=109/50/107  (40%/18%/40%)  d4/d7  1.1 games/s (avg 0.4)  1.2M nps  ETA 00:30:05
[2026-03-28T09:56:41.896] [INFO] [selfplay:2] [SelfPlay] 267/1000 (26%)  pos=25545  W/D/B=109/50/108  (40%/18%/40%)  d4/d7  1.1 games/s (avg 0.4)  1.2M nps  ETA 00:29:59
[2026-03-28T09:56:42.418] [INFO] [selfplay:2] [SelfPlay] 268/1000 (26%)  pos=25584  W/D/B=109/50/109  (40%/18%/40%)  d4/d7  1.4 games/s (avg 0.4)  1.2M nps  ETA 00:29:50
[2026-03-28T09:56:46.107] [INFO] [selfplay:2] [SelfPlay] 269/1000 (26%)  pos=25752  W/D/B=110/50/109  (40%/18%/40%)  d4/d7  1.5 games/s (avg 0.4)  1.2M nps  ETA 00:29:40
[2026-03-28T09:56:50.167] [INFO] [selfplay:2] [SelfPlay] 270/1000 (27%)  pos=25760  W/D/B=111/50/109  (41%/18%/40%)  d4/d7  1.3 games/s (avg 0.4)  1.2M nps  ETA 00:29:39
[2026-03-28T09:56:51.559] [INFO] [selfplay:2] [SelfPlay] 271/1000 (27%)  pos=25772  W/D/B=112/50/109  (41%/18%/40%)  d4/d7  1.2 games/s (avg 0.4)  1.2M nps  ETA 00:29:45
[2026-03-28T09:56:52.738] [INFO] [selfplay:2] [SelfPlay] 272/1000 (27%)  pos=25824  W/D/B=112/50/110  (41%/18%/40%)  d4/d7  1.1 games/s (avg 0.4)  1.2M nps  ETA 00:29:39
[2026-03-28T09:56:54.892] [INFO] [selfplay:2] [SelfPlay] 273/1000 (27%)  pos=25886  W/D/B=112/50/111  (41%/18%/40%)  d4/d7  1.1 games/s (avg 0.4)  1.2M nps  ETA 00:29:33
[2026-03-28T09:56:55.645] [INFO] [selfplay:2] [SelfPlay] 274/1000 (27%)  pos=25899  W/D/B=113/50/111  (41%/18%/40%)  d4/d7  1.0 games/s (avg 0.4)  1.2M nps  ETA 00:29:30
[2026-03-28T09:56:58.644] [INFO] [selfplay:2] [SelfPlay] 275/1000 (27%)  pos=25971  W/D/B=113/50/112  (41%/18%/40%)  d4/d7  1.0 games/s (avg 0.4)  1.2M nps  ETA 00:29:22
[2026-03-28T09:56:58.902] [INFO] [selfplay:2] [SelfPlay] 276/1000 (27%)  pos=26079  W/D/B=113/50/113  (40%/18%/40%)  d4/d7  0.9 games/s (avg 0.4)  1.1M nps  ETA 00:29:24
[2026-03-28T09:56:59.650] [INFO] [selfplay:2] [SelfPlay] 277/1000 (27%)  pos=26126  W/D/B=113/51/113  (40%/18%/40%)  d4/d7  1.4 games/s (avg 0.4)  1.1M nps  ETA 00:29:14
[2026-03-28T09:57:01.931] [INFO] [selfplay:2] [SelfPlay] 278/1000 (27%)  pos=26131  W/D/B=114/51/113  (41%/18%/40%)  d4/d7  1.4 games/s (avg 0.4)  1.1M nps  ETA 00:29:07
[2026-03-28T09:57:04.664] [INFO] [selfplay:2] [SelfPlay] 279/1000 (27%)  pos=26199  W/D/B=115/51/113  (41%/18%/40%)  d4/d7  1.2 games/s (avg 0.4)  1.1M nps  ETA 00:29:03
[2026-03-28T09:57:05.499] [INFO] [selfplay:2] [SelfPlay] 280/1000 (28%)  pos=26275  W/D/B=116/51/113  (41%/18%/40%)  d4/d7  1.1 games/s (avg 0.4)  1.1M nps  ETA 00:29:03
[2026-03-28T09:57:09.052] [INFO] [selfplay:2] [SelfPlay] 281/1000 (28%)  pos=26337  W/D/B=116/51/114  (41%/18%/40%)  d4/d7  1.1 games/s (avg 0.4)  1.1M nps  ETA 00:28:55
[2026-03-28T09:57:09.259] [INFO] [selfplay:2] [SelfPlay] 282/1000 (28%)  pos=26375  W/D/B=117/51/114  (41%/18%/40%)  d4/d7  1.0 games/s (avg 0.4)  1.1M nps  ETA 00:28:57
[2026-03-28T09:57:10.545] [INFO] [selfplay:2] [SelfPlay] 283/1000 (28%)  pos=26476  W/D/B=117/52/114  (41%/18%/40%)  d4/d7  1.6 games/s (avg 0.4)  1.1M nps  ETA 00:28:49
[2026-03-28T09:57:15.640] [INFO] [selfplay:2] [SelfPlay] 284/1000 (28%)  pos=26597  W/D/B=118/52/114  (41%/18%/40%)  d4/d7  1.4 games/s (avg 0.4)  1.1M nps  ETA 00:28:40
[2026-03-28T09:57:22.281] [INFO] [selfplay:2] [SelfPlay] 285/1000 (28%)  pos=26681  W/D/B=119/52/114  (41%/18%/40%)  d4/d7  1.3 games/s (avg 0.4)  1.1M nps  ETA 00:28:42
[2026-03-28T09:57:23.076] [INFO] [selfplay:2] [SelfPlay] 286/1000 (28%)  pos=26730  W/D/B=119/52/115  (41%/18%/40%)  d4/d7  1.1 games/s (avg 0.4)  1.1M nps  ETA 00:28:57
[2026-03-28T09:57:35.672] [INFO] [selfplay:2] [SelfPlay] 287/1000 (28%)  pos=26772  W/D/B=119/52/116  (41%/18%/40%)  d4/d7  1.1 games/s (avg 0.4)  1.1M nps  ETA 00:28:38
[2026-03-28T09:57:38.097] [INFO] [selfplay:2] [SelfPlay] 288/1000 (28%)  pos=26825  W/D/B=120/52/116  (41%/18%/40%)  d4/d7  1.0 games/s (avg 0.4)  1.1M nps  ETA 00:29:12
[2026-03-28T09:57:38.308] [INFO] [selfplay:2] [SelfPlay] 289/1000 (28%)  pos=26895  W/D/B=120/52/117  (41%/17%/40%)  d4/d7  0.9 games/s (avg 0.4)  1.1M nps  ETA 00:29:10
[2026-03-28T09:57:39.024] [INFO] [selfplay:2] [SelfPlay] 290/1000 (29%)  pos=26991  W/D/B=121/52/117  (41%/17%/40%)  d4/d7  1.5 games/s (avg 0.4)  1.1M nps  ETA 00:29:03
[2026-03-28T09:57:41.771] [INFO] [selfplay:2] [SelfPlay] 291/1000 (29%)  pos=27077  W/D/B=121/52/118  (41%/17%/40%)  d4/d7  1.5 games/s (avg 0.4)  1.1M nps  ETA 00:28:53
[2026-03-28T09:57:42.070] [INFO] [selfplay:2] [SelfPlay] 292/1000 (29%)  pos=27118  W/D/B=121/52/119  (41%/17%/40%)  d4/d7  1.3 games/s (avg 0.4)  1.1M nps  ETA 00:28:55
[2026-03-28T09:57:42.323] [INFO] [selfplay:2] [SelfPlay] 293/1000 (29%)  pos=27195  W/D/B=122/52/119  (41%/17%/40%)  d4/d7  1.6 games/s (avg 0.4)  1.1M nps  ETA 00:28:46
[2026-03-28T09:57:42.903] [INFO] [selfplay:2] [SelfPlay] 294/1000 (29%)  pos=27244  W/D/B=122/52/120  (41%/17%/40%)  d4/d7  2.0 games/s (avg 0.4)  1.1M nps  ETA 00:28:39
[2026-03-28T09:57:45.851] [INFO] [selfplay:2] [SelfPlay] 295/1000 (29%)  pos=27344  W/D/B=122/52/121  (41%/17%/41%)  d4/d7  1.9 games/s (avg 0.4)  1.1M nps  ETA 00:28:29
[2026-03-28T09:57:47.585] [INFO] [selfplay:2] [SelfPlay] 296/1000 (29%)  pos=27584  W/D/B=122/53/121  (41%/17%/40%)  d4/d7  1.7 games/s (avg 0.4)  1.1M nps  ETA 00:28:29
[2026-03-28T09:57:51.068] [INFO] [selfplay:2] [SelfPlay] 297/1000 (29%)  pos=27743  W/D/B=122/54/121  (41%/18%/40%)  d4/d7  1.5 games/s (avg 0.4)  1.1M nps  ETA 00:28:24
[2026-03-28T09:57:54.859] [INFO] [selfplay:2] [SelfPlay] 298/1000 (29%)  pos=27800  W/D/B=123/54/121  (41%/18%/40%)  d4/d7  1.3 games/s (avg 0.4)  1.1M nps  ETA 00:28:23
[2026-03-28T09:57:59.112] [INFO] [selfplay:2] [SelfPlay] 299/1000 (29%)  pos=27921  W/D/B=123/54/122  (41%/18%/40%)  d4/d7  1.2 games/s (avg 0.4)  1.1M nps  ETA 00:28:24
[2026-03-28T09:58:03.271] [INFO] [selfplay:2] [SelfPlay] 300/1000 (30%)  pos=28010  W/D/B=124/54/122  (41%/18%/40%)  d4/d7  1.0 games/s (avg 0.4)  1.1M nps  ETA 00:28:25
[2026-03-28T09:58:05.323] [INFO] [selfplay:2] [SelfPlay] 301/1000 (30%)  pos=28085  W/D/B=125/54/122  (41%/17%/40%)  d4/d7  0.9 games/s (avg 0.4)  1.1M nps  ETA 00:28:29
[2026-03-28T09:58:07.628] [INFO] [selfplay:2] [SelfPlay] 302/1000 (30%)  pos=28154  W/D/B=126/54/122  (41%/17%/40%)  d4/d7  0.9 games/s (avg 0.4)  1.1M nps  ETA 00:28:26
[2026-03-28T09:58:10.278] [INFO] [selfplay:2] [SelfPlay] 303/1000 (30%)  pos=28196  W/D/B=126/55/122  (41%/18%/40%)  d4/d7  0.8 games/s (avg 0.4)  1.1M nps  ETA 00:28:22
[2026-03-28T09:58:14.263] [INFO] [selfplay:2] [SelfPlay] 304/1000 (30%)  pos=28201  W/D/B=126/55/123  (41%/18%/40%)  d4/d7  0.7 games/s (avg 0.4)  1.1M nps  ETA 00:28:19
[2026-03-28T09:58:16.101] [INFO] [selfplay:2] [SelfPlay] 305/1000 (30%)  pos=28366  W/D/B=126/56/123  (41%/18%/40%)  d4/d7  0.7 games/s (avg 0.4)  1.1M nps  ETA 00:28:23
[2026-03-28T09:58:21.263] [INFO] [selfplay:2] [SelfPlay] 306/1000 (30%)  pos=28431  W/D/B=126/56/124  (41%/18%/40%)  d4/d7  0.6 games/s (avg 0.4)  1.1M nps  ETA 00:28:14
[2026-03-28T09:58:24.657] [INFO] [selfplay:2] [SelfPlay] 307/1000 (30%)  pos=28572  W/D/B=126/57/124  (41%/18%/40%)  d4/d7  0.6 games/s (avg 0.4)  1.1M nps  ETA 00:28:21
[2026-03-28T09:58:26.855] [INFO] [selfplay:2] [SelfPlay] 308/1000 (30%)  pos=28616  W/D/B=126/57/125  (40%/18%/40%)  d4/d7  0.5 games/s (avg 0.4)  1.1M nps  ETA 00:28:22
[2026-03-28T09:58:27.238] [INFO] [selfplay:2] [SelfPlay] 309/1000 (30%)  pos=28648  W/D/B=126/57/126  (40%/18%/40%)  d4/d7  0.5 games/s (avg 0.4)  1.1M nps  ETA 00:28:20
[2026-03-28T09:58:28.888] [INFO] [selfplay:2] [SelfPlay] 310/1000 (31%)  pos=28744  W/D/B=126/57/127  (40%/18%/40%)  d4/d7  0.8 games/s (avg 0.4)  1.1M nps  ETA 00:28:13
[2026-03-28T09:58:30.495] [INFO] [selfplay:2] [SelfPlay] 311/1000 (31%)  pos=28881  W/D/B=127/57/127  (40%/18%/40%)  d4/d7  0.8 games/s (avg 0.4)  1.1M nps  ETA 00:28:07
[2026-03-28T09:58:30.647] [INFO] [selfplay:2] [SelfPlay] 312/1000 (31%)  pos=28947  W/D/B=127/58/127  (40%/18%/40%)  d4/d7  0.8 games/s (avg 0.4)  1.1M nps  ETA 00:28:05
[2026-03-28T09:58:33.404] [INFO] [selfplay:2] [SelfPlay] 313/1000 (31%)  pos=29083  W/D/B=127/58/128  (40%/18%/40%)  d4/d7  1.6 games/s (avg 0.4)  1.1M nps  ETA 00:27:55
[2026-03-28T09:58:33.503] [INFO] [selfplay:2] [SelfPlay] 314/1000 (31%)  pos=29231  W/D/B=127/58/129  (40%/18%/41%)  d4/d7  1.4 games/s (avg 0.4)  1.1M nps  ETA 00:27:56
[2026-03-28T09:58:33.787] [INFO] [selfplay:2] [SelfPlay] 315/1000 (31%)  pos=29290  W/D/B=127/58/130  (40%/18%/41%)  d4/d7  2.7 games/s (avg 0.4)  1.1M nps  ETA 00:27:48
[2026-03-28T09:58:35.080] [INFO] [selfplay:2] [SelfPlay] 316/1000 (31%)  pos=29434  W/D/B=128/58/130  (40%/18%/41%)  d4/d7  2.9 games/s (avg 0.4)  1.1M nps  ETA 00:27:40
[2026-03-28T09:58:38.062] [INFO] [selfplay:2] [SelfPlay] 317/1000 (31%)  pos=29498  W/D/B=128/58/131  (40%/18%/41%)  d4/d7  2.5 games/s (avg 0.4)  1.1M nps  ETA 00:27:33
[2026-03-28T09:58:41.327] [INFO] [selfplay:2] [SelfPlay] 318/1000 (31%)  pos=29554  W/D/B=128/58/132  (40%/18%/41%)  d4/d7  2.2 games/s (avg 0.4)  1.1M nps  ETA 00:27:31
[2026-03-28T09:58:42.412] [INFO] [selfplay:2] [SelfPlay] 319/1000 (31%)  pos=29639  W/D/B=128/59/132  (40%/18%/41%)  d4/d7  1.9 games/s (avg 0.4)  1.1M nps  ETA 00:27:33
[2026-03-28T09:58:44.440] [INFO] [selfplay:2] [SelfPlay] 320/1000 (32%)  pos=29671  W/D/B=128/59/133  (40%/18%/41%)  d4/d7  1.8 games/s (avg 0.4)  1.1M nps  ETA 00:27:27
[2026-03-28T09:58:46.121] [INFO] [selfplay:2] [SelfPlay] 321/1000 (32%)  pos=29706  W/D/B=129/59/133  (40%/18%/41%)  d4/d7  1.6 games/s (avg 0.4)  1.1M nps  ETA 00:27:25
[2026-03-28T09:58:46.861] [INFO] [selfplay:2] [SelfPlay] 322/1000 (32%)  pos=29885  W/D/B=130/59/133  (40%/18%/41%)  d4/d7  1.4 games/s (avg 0.4)  1.0M nps  ETA 00:27:21
[2026-03-28T09:58:49.030] [INFO] [selfplay:2] [SelfPlay] 323/1000 (32%)  pos=29937  W/D/B=130/59/134  (40%/18%/41%)  d4/d7  1.4 games/s (avg 0.4)  1.1M nps  ETA 00:27:14
[2026-03-28T09:58:51.703] [INFO] [selfplay:2] [SelfPlay] 324/1000 (32%)  pos=30083  W/D/B=131/59/134  (40%/18%/41%)  d4/d7  1.3 games/s (avg 0.4)  1.1M nps  ETA 00:27:10
[2026-03-28T09:58:55.455] [INFO] [selfplay:2] [SelfPlay] 325/1000 (32%)  pos=30177  W/D/B=132/59/134  (40%/18%/41%)  d4/d7  1.1 games/s (avg 0.4)  1.0M nps  ETA 00:27:07
[2026-03-28T09:58:55.522] [INFO] [selfplay:2] [SelfPlay] 326/1000 (32%)  pos=30280  W/D/B=132/60/134  (40%/18%/41%)  d4/d7  1.0 games/s (avg 0.4)  1.0M nps  ETA 00:27:11
[2026-03-28T09:58:59.892] [INFO] [selfplay:2] [SelfPlay] 327/1000 (32%)  pos=30377  W/D/B=133/60/134  (40%/18%/40%)  d4/d7  3.1 games/s (avg 0.4)  1.0M nps  ETA 00:27:00
[2026-03-28T09:58:59.921] [INFO] [selfplay:2] [SelfPlay] 328/1000 (32%)  pos=30510  W/D/B=133/60/135  (40%/18%/41%)  d4/d7  2.9 games/s (avg 0.4)  1.0M nps  ETA 00:27:06
[2026-03-28T09:59:01.306] [INFO] [selfplay:2] [SelfPlay] 329/1000 (32%)  pos=30565  W/D/B=133/60/136  (40%/18%/41%)  d4/d7  7.6 games/s (avg 0.4)  1.0M nps  ETA 00:26:56
[2026-03-28T09:59:01.900] [INFO] [selfplay:2] [SelfPlay] 330/1000 (33%)  pos=30760  W/D/B=133/61/136  (40%/18%/41%)  d4/d7  7.0 games/s (avg 0.4)  1.0M nps  ETA 00:26:54
[2026-03-28T09:59:03.140] [INFO] [selfplay:2] [SelfPlay] 331/1000 (33%)  pos=30876  W/D/B=133/61/137  (40%/18%/41%)  d4/d7  6.2 games/s (avg 0.4)  1.0M nps  ETA 00:26:47
[2026-03-28T09:59:04.675] [INFO] [selfplay:2] [SelfPlay] 332/1000 (33%)  pos=30933  W/D/B=133/62/137  (40%/18%/41%)  d4/d7  5.4 games/s (avg 0.4)  1.0M nps  ETA 00:26:41
[2026-03-28T09:59:06.171] [INFO] [selfplay:2] [SelfPlay] 333/1000 (33%)  pos=31072  W/D/B=134/62/137  (40%/18%/41%)  d4/d7  4.7 games/s (avg 0.4)  1.0M nps  ETA 00:26:37
[2026-03-28T09:59:08.160] [INFO] [selfplay:2] [SelfPlay] 334/1000 (33%)  pos=31225  W/D/B=134/63/137  (40%/18%/41%)  d4/d7  4.1 games/s (avg 0.4)  1.0M nps  ETA 00:26:33
[2026-03-28T09:59:08.841] [INFO] [selfplay:2] [SelfPlay] 335/1000 (33%)  pos=31271  W/D/B=135/63/137  (40%/18%/40%)  d4/d7  3.6 games/s (avg 0.4)  1.0M nps  ETA 00:26:32
[2026-03-28T09:59:10.265] [INFO] [selfplay:2] [SelfPlay] 336/1000 (33%)  pos=31346  W/D/B=135/63/138  (40%/18%/41%)  d4/d7  3.2 games/s (avg 0.4)  1.0M nps  ETA 00:26:24
[2026-03-28T09:59:14.460] [INFO] [selfplay:2] [SelfPlay] 337/1000 (33%)  pos=31441  W/D/B=136/63/138  (40%/18%/40%)  d4/d7  2.9 games/s (avg 0.4)  1.0M nps  ETA 00:26:17
[2026-03-28T09:59:16.623] [INFO] [selfplay:2] [SelfPlay] 338/1000 (33%)  pos=31505  W/D/B=137/63/138  (40%/18%/40%)  d4/d7  2.6 games/s (avg 0.4)  1.0M nps  ETA 00:26:21
[2026-03-28T09:59:16.724] [INFO] [selfplay:2] [SelfPlay] 339/1000 (33%)  pos=31593  W/D/B=137/64/138  (40%/18%/40%)  d4/d7  2.3 games/s (avg 0.4)  1.0M nps  ETA 00:26:20
[2026-03-28T09:59:19.906] [INFO] [selfplay:2] [SelfPlay] 340/1000 (34%)  pos=31639  W/D/B=137/64/139  (40%/18%/40%)  d4/d7  3.5 games/s (avg 0.4)  1.0M nps  ETA 00:26:10
[2026-03-28T09:59:22.602] [INFO] [selfplay:2] [SelfPlay] 341/1000 (34%)  pos=31692  W/D/B=137/64/140  (40%/18%/41%)  d4/d7  3.2 games/s (avg 0.4)  1.0M nps  ETA 00:26:09
[2026-03-28T09:59:23.885] [INFO] [selfplay:2] [SelfPlay] 342/1000 (34%)  pos=31757  W/D/B=137/65/140  (40%/19%/40%)  d4/d7  2.8 games/s (avg 0.4)  1.0M nps  ETA 00:26:09
[2026-03-28T09:59:24.514] [INFO] [selfplay:2] [SelfPlay] 343/1000 (34%)  pos=31900  W/D/B=137/65/141  (39%/18%/41%)  d4/d7  2.5 games/s (avg 0.4)  1.0M nps  ETA 00:26:05
[2026-03-28T09:59:24.927] [INFO] [selfplay:2] [SelfPlay] 344/1000 (34%)  pos=32112  W/D/B=137/66/141  (39%/19%/40%)  d4/d7  2.3 games/s (avg 0.4)  1.0M nps  ETA 00:26:00
[2026-03-28T09:59:26.137] [INFO] [selfplay:2] [SelfPlay] 345/1000 (34%)  pos=32148  W/D/B=137/67/141  (39%/19%/40%)  d4/d7  2.4 games/s (avg 0.4)  1.0M nps  ETA 00:25:53
[2026-03-28T09:59:27.070] [INFO] [selfplay:2] [SelfPlay] 346/1000 (34%)  pos=32274  W/D/B=138/67/141  (39%/19%/40%)  d4/d7  2.1 games/s (avg 0.4)  1.0M nps  ETA 00:25:48
[2026-03-28T09:59:27.815] [INFO] [selfplay:2] [SelfPlay] 347/1000 (34%)  pos=32329  W/D/B=138/68/141  (39%/19%/40%)  d4/d7  2.0 games/s (avg 0.4)  1.0M nps  ETA 00:25:43
[2026-03-28T09:59:29.958] [INFO] [selfplay:2] [SelfPlay] 348/1000 (34%)  pos=32407  W/D/B=139/68/141  (39%/19%/40%)  d4/d7  1.9 games/s (avg 0.4)  1.0M nps  ETA 00:25:37
[2026-03-28T09:59:34.022] [INFO] [selfplay:2] [SelfPlay] 349/1000 (34%)  pos=32454  W/D/B=139/68/142  (39%/19%/40%)  d4/d7  1.7 games/s (avg 0.4)  1.0M nps  ETA 00:25:32
[2026-03-28T09:59:34.449] [INFO] [selfplay:2] [SelfPlay] 350/1000 (35%)  pos=32494  W/D/B=139/68/143  (39%/19%/40%)  d4/d7  1.4 games/s (avg 0.4)  1.0M nps  ETA 00:25:36
[2026-03-28T09:59:41.862] [INFO] [selfplay:2] [SelfPlay] 351/1000 (35%)  pos=32556  W/D/B=139/69/143  (39%/19%/40%)  d4/d7  1.6 games/s (avg 0.4)  1.0M nps  ETA 00:25:24
[2026-03-28T09:59:46.532] [INFO] [selfplay:2] [SelfPlay] 352/1000 (35%)  pos=32603  W/D/B=139/70/143  (39%/19%/40%)  d4/d7  1.5 games/s (avg 0.4)  1.0M nps  ETA 00:25:33
[2026-03-28T09:59:48.299] [INFO] [selfplay:2] [SelfPlay] 353/1000 (35%)  pos=32655  W/D/B=139/71/143  (39%/20%/40%)  d4/d7  1.3 games/s (avg 0.4)  1.0M nps  ETA 00:25:38
[2026-03-28T09:59:54.057] [INFO] [selfplay:2] [SelfPlay] 354/1000 (35%)  pos=32740  W/D/B=139/71/144  (39%/20%/40%)  d4/d7  1.2 games/s (avg 0.4)  1.0M nps  ETA 00:25:31
[2026-03-28T09:59:55.010] [INFO] [selfplay:2] [SelfPlay] 355/1000 (35%)  pos=32778  W/D/B=139/71/145  (39%/20%/40%)  d4/d7  1.0 games/s (avg 0.4)  1.0M nps  ETA 00:25:39
[2026-03-28T09:59:56.832] [INFO] [selfplay:2] [SelfPlay] 356/1000 (35%)  pos=32831  W/D/B=140/71/145  (39%/19%/40%)  d4/d7  1.0 games/s (avg 0.4)  1.0M nps  ETA 00:25:33
[2026-03-28T09:59:57.166] [INFO] [selfplay:2] [SelfPlay] 357/1000 (35%)  pos=32901  W/D/B=140/71/146  (39%/19%/40%)  d4/d7  1.0 games/s (avg 0.4)  1.0M nps  ETA 00:25:31
[2026-03-28T09:59:57.449] [INFO] [selfplay:2] [SelfPlay] 358/1000 (35%)  pos=33037  W/D/B=140/71/147  (39%/19%/41%)  d4/d7  1.3 games/s (avg 0.4)  1.0M nps  ETA 00:25:26
[2026-03-28T09:59:57.587] [INFO] [selfplay:2] [SelfPlay] 359/1000 (35%)  pos=33103  W/D/B=140/71/148  (38%/19%/41%)  d4/d7  1.6 games/s (avg 0.4)  1.0M nps  ETA 00:25:20
[2026-03-28T10:00:00.246] [INFO] [selfplay:2] [SelfPlay] 360/1000 (36%)  pos=33207  W/D/B=140/71/149  (38%/19%/41%)  d4/d7  2.4 games/s (avg 0.4)  1.0M nps  ETA 00:25:10
[2026-03-28T10:00:01.219] [INFO] [selfplay:2] [SelfPlay] 361/1000 (36%)  pos=33256  W/D/B=140/71/150  (38%/19%/41%)  d4/d7  2.1 games/s (avg 0.4)  1.0M nps  ETA 00:25:10
[2026-03-28T10:00:04.775] [INFO] [selfplay:2] [SelfPlay] 362/1000 (36%)  pos=33357  W/D/B=141/71/150  (38%/19%/41%)  d4/d7  2.0 games/s (avg 0.4)  1.0M nps  ETA 00:25:04
[2026-03-28T10:00:09.029] [INFO] [selfplay:2] [SelfPlay] 363/1000 (36%)  pos=33456  W/D/B=142/71/150  (39%/19%/41%)  d4/d7  1.7 games/s (avg 0.4)  1.0M nps  ETA 00:25:02
[2026-03-28T10:00:12.566] [INFO] [selfplay:2] [SelfPlay] 364/1000 (36%)  pos=33610  W/D/B=142/71/151  (39%/19%/41%)  d4/d7  1.5 games/s (avg 0.4)  1.0M nps  ETA 00:25:03
[2026-03-28T10:00:15.546] [INFO] [selfplay:2] [SelfPlay] 365/1000 (36%)  pos=33710  W/D/B=143/71/151  (39%/19%/41%)  d4/d7  1.3 games/s (avg 0.4)  1.0M nps  ETA 00:25:04
[2026-03-28T10:00:16.283] [INFO] [selfplay:2] [SelfPlay] 366/1000 (36%)  pos=33874  W/D/B=144/71/151  (39%/19%/41%)  d4/d7  1.2 games/s (avg 0.4)  1.0M nps  ETA 00:25:05
[2026-03-28T10:00:19.195] [INFO] [selfplay:2] [SelfPlay] 367/1000 (36%)  pos=33947  W/D/B=144/71/152  (39%/19%/41%)  d4/d7  1.2 games/s (avg 0.4)  1.0M nps  ETA 00:24:57
[2026-03-28T10:00:21.937] [INFO] [selfplay:2] [SelfPlay] 368/1000 (36%)  pos=34001  W/D/B=144/71/153  (39%/19%/41%)  d4/d7  1.1 games/s (avg 0.4)  1.0M nps  ETA 00:24:57
[2026-03-28T10:00:22.784] [INFO] [selfplay:2] [SelfPlay] 369/1000 (36%)  pos=34211  W/D/B=144/72/153  (39%/19%/41%)  d4/d7  1.0 games/s (avg 0.4)  1.0M nps  ETA 00:24:56
[2026-03-28T10:00:25.389] [INFO] [selfplay:2] [SelfPlay] 370/1000 (37%)  pos=34288  W/D/B=145/72/153  (39%/19%/41%)  d4/d7  1.0 games/s (avg 0.4)  1.0M nps  ETA 00:24:49
[2026-03-28T10:00:25.629] [INFO] [selfplay:2] [SelfPlay] 371/1000 (37%)  pos=34346  W/D/B=145/73/153  (39%/19%/41%)  d4/d7  0.9 games/s (avg 0.4)  1.0M nps  ETA 00:24:50
[2026-03-28T10:00:25.816] [INFO] [selfplay:2] [SelfPlay] 372/1000 (37%)  pos=34419  W/D/B=145/73/154  (38%/19%/41%)  d4/d7  1.4 games/s (avg 0.4)  1.0M nps  ETA 00:24:44
[2026-03-28T10:00:26.824] [INFO] [selfplay:2] [SelfPlay] 373/1000 (37%)  pos=34554  W/D/B=146/73/154  (39%/19%/41%)  d4/d7  2.0 games/s (avg 0.4)  1.0M nps  ETA 00:24:37
[2026-03-28T10:00:27.271] [INFO] [selfplay:2] [SelfPlay] 374/1000 (37%)  pos=34617  W/D/B=147/73/154  (39%/19%/41%)  d4/d7  1.8 games/s (avg 0.4)  1.0M nps  ETA 00:24:33
[2026-03-28T10:00:29.812] [INFO] [selfplay:2] [SelfPlay] 375/1000 (37%)  pos=34635  W/D/B=147/73/155  (39%/19%/41%)  d4/d7  1.9 games/s (avg 0.4)  1.0M nps  ETA 00:24:26
[2026-03-28T10:00:30.506] [INFO] [selfplay:2] [SelfPlay] 376/1000 (37%)  pos=34769  W/D/B=148/73/155  (39%/19%/41%)  d4/d7  1.7 games/s (avg 0.4)  1.0M nps  ETA 00:24:25
[2026-03-28T10:00:31.911] [INFO] [selfplay:2] [SelfPlay] 377/1000 (37%)  pos=34802  W/D/B=149/73/155  (39%/19%/41%)  d4/d7  1.6 games/s (avg 0.4)  1.0M nps  ETA 00:24:20
[2026-03-28T10:00:32.730] [INFO] [selfplay:2] [SelfPlay] 378/1000 (37%)  pos=34889  W/D/B=149/73/156  (39%/19%/41%)  d4/d7  1.5 games/s (avg 0.4)  1.0M nps  ETA 00:24:16
[2026-03-28T10:00:32.763] [INFO] [selfplay:2] [SelfPlay] 379/1000 (37%)  pos=34926  W/D/B=149/74/156  (39%/19%/41%)  d4/d7  1.5 games/s (avg 0.4)  999.2K nps  ETA 00:24:12
[2026-03-28T10:00:34.868] [INFO] [selfplay:2] [SelfPlay] 380/1000 (38%)  pos=34966  W/D/B=150/74/156  (39%/19%/41%)  d4/d7  5.8 games/s (avg 0.4)  1.0M nps  ETA 00:24:04
[2026-03-28T10:00:43.278] [INFO] [selfplay:2] [SelfPlay] 381/1000 (38%)  pos=35022  W/D/B=150/74/157  (39%/19%/41%)  d4/d7  5.3 games/s (avg 0.4)  1.0M nps  ETA 00:23:54
[2026-03-28T10:00:44.032] [INFO] [selfplay:2] [SelfPlay] 382/1000 (38%)  pos=35132  W/D/B=150/74/158  (39%/19%/41%)  d4/d7  4.9 games/s (avg 0.4)  1.0M nps  ETA 00:24:11
[2026-03-28T10:00:48.009] [INFO] [selfplay:2] [SelfPlay] 383/1000 (38%)  pos=35191  W/D/B=150/74/159  (39%/19%/41%)  d4/d7  4.4 games/s (avg 0.4)  1.0M nps  ETA 00:24:02
[2026-03-28T10:00:48.616] [INFO] [selfplay:2] [SelfPlay] 384/1000 (38%)  pos=35333  W/D/B=150/75/159  (39%/19%/41%)  d4/d7  4.1 games/s (avg 0.4)  1.0M nps  ETA 00:24:05
[2026-03-28T10:00:51.813] [INFO] [selfplay:2] [SelfPlay] 385/1000 (38%)  pos=35433  W/D/B=150/75/160  (38%/19%/41%)  d4/d7  3.7 games/s (avg 0.4)  1.0M nps  ETA 00:23:58
[2026-03-28T10:00:56.223] [INFO] [selfplay:2] [SelfPlay] 386/1000 (38%)  pos=35495  W/D/B=151/75/160  (39%/19%/41%)  d4/d7  3.4 games/s (avg 0.4)  1.0M nps  ETA 00:23:55
[2026-03-28T10:00:57.070] [INFO] [selfplay:2] [SelfPlay] 387/1000 (38%)  pos=35571  W/D/B=151/76/160  (39%/19%/41%)  d4/d7  3.2 games/s (avg 0.4)  1.0M nps  ETA 00:24:01
[2026-03-28T10:00:58.157] [INFO] [selfplay:2] [SelfPlay] 388/1000 (38%)  pos=35642  W/D/B=151/76/161  (38%/19%/41%)  d4/d7  2.9 games/s (avg 0.4)  1.0M nps  ETA 00:23:54
[2026-03-28T10:00:58.252] [INFO] [selfplay:2] [SelfPlay] 389/1000 (38%)  pos=35701  W/D/B=152/76/161  (39%/19%/41%)  d4/d7  2.6 games/s (avg 0.4)  1.0M nps  ETA 00:23:52
[2026-03-28T10:00:59.234] [INFO] [selfplay:2] [SelfPlay] 390/1000 (39%)  pos=35742  W/D/B=152/76/162  (38%/19%/41%)  d4/d7  3.8 games/s (avg 0.4)  1.0M nps  ETA 00:23:45
[2026-03-28T10:01:01.779] [INFO] [selfplay:2] [SelfPlay] 391/1000 (39%)  pos=35778  W/D/B=152/77/162  (38%/19%/41%)  d4/d7  3.3 games/s (avg 0.4)  1.0M nps  ETA 00:23:40
[2026-03-28T10:01:01.958] [INFO] [selfplay:2] [SelfPlay] 392/1000 (39%)  pos=35884  W/D/B=152/77/163  (38%/19%/41%)  d4/d7  2.9 games/s (avg 0.4)  1.0M nps  ETA 00:23:40
[2026-03-28T10:01:04.435] [INFO] [selfplay:2] [SelfPlay] 393/1000 (39%)  pos=35937  W/D/B=153/77/163  (38%/19%/41%)  d4/d7  3.3 games/s (avg 0.4)  1.0M nps  ETA 00:23:31
[2026-03-28T10:01:05.742] [INFO] [selfplay:2] [SelfPlay] 394/1000 (39%)  pos=36067  W/D/B=154/77/163  (39%/19%/41%)  d4/d7  2.9 games/s (avg 0.4)  1.0M nps  ETA 00:23:31
[2026-03-28T10:01:11.554] [INFO] [selfplay:2] [SelfPlay] 395/1000 (39%)  pos=36204  W/D/B=155/77/163  (39%/19%/41%)  d4/d7  2.6 games/s (avg 0.4)  1.0M nps  ETA 00:23:22
[2026-03-28T10:01:22.575] [INFO] [selfplay:2] [SelfPlay] 396/1000 (39%)  pos=36320  W/D/B=156/77/163  (39%/19%/41%)  d4/d7  2.4 games/s (avg 0.4)  1.0M nps  ETA 00:23:20
[2026-03-28T10:01:23.156] [INFO] [selfplay:2] [SelfPlay] 397/1000 (39%)  pos=36452  W/D/B=156/77/164  (39%/19%/41%)  d4/d7  2.2 games/s (avg 0.4)  1.0M nps  ETA 00:23:41
[2026-03-28T10:01:25.039] [INFO] [selfplay:2] [SelfPlay] 398/1000 (39%)  pos=36540  W/D/B=157/77/164  (39%/19%/41%)  d4/d7  2.1 games/s (avg 0.4)  1.0M nps  ETA 00:23:36
[2026-03-28T10:01:26.683] [INFO] [selfplay:2] [SelfPlay] 399/1000 (39%)  pos=36619  W/D/B=157/77/165  (39%/19%/41%)  d4/d7  1.9 games/s (avg 0.4)  1.0M nps  ETA 00:23:32
[2026-03-28T10:01:27.778] [INFO] [selfplay:2] [SelfPlay] 400/1000 (40%)  pos=36670  W/D/B=157/77/166  (39%/19%/41%)  d4/d7  1.7 games/s (avg 0.4)  1.0M nps  ETA 00:23:29
[2026-03-28T10:01:30.243] [INFO] [selfplay:2] [SelfPlay] 401/1000 (40%)  pos=36828  W/D/B=157/77/167  (39%/19%/41%)  d4/d7  1.6 games/s (avg 0.4)  1.0M nps  ETA 00:23:23
[2026-03-28T10:01:32.414] [INFO] [selfplay:2] [SelfPlay] 402/1000 (40%)  pos=36927  W/D/B=158/77/167  (39%/19%/41%)  d4/d7  1.4 games/s (avg 0.4)  1.0M nps  ETA 00:23:22
[2026-03-28T10:01:33.725] [INFO] [selfplay:2] [SelfPlay] 403/1000 (40%)  pos=37019  W/D/B=159/77/167  (39%/19%/41%)  d4/d7  1.3 games/s (avg 0.4)  1.0M nps  ETA 00:23:20
[2026-03-28T10:01:37.160] [INFO] [selfplay:2] [SelfPlay] 404/1000 (40%)  pos=37142  W/D/B=159/78/167  (39%/19%/41%)  d4/d7  1.2 games/s (avg 0.4)  1.0M nps  ETA 00:23:13
[2026-03-28T10:01:39.120] [INFO] [selfplay:2] [SelfPlay] 405/1000 (40%)  pos=37258  W/D/B=159/79/167  (39%/19%/41%)  d4/d7  1.0 games/s (avg 0.4)  1.0M nps  ETA 00:23:16
[2026-03-28T10:01:40.356] [INFO] [selfplay:2] [SelfPlay] 406/1000 (40%)  pos=37324  W/D/B=160/79/167  (39%/19%/41%)  d4/d7  1.0 games/s (avg 0.4)  1.0M nps  ETA 00:23:12
[2026-03-28T10:01:44.863] [INFO] [selfplay:2] [SelfPlay] 407/1000 (40%)  pos=37456  W/D/B=161/79/167  (39%/19%/41%)  d4/d7  0.9 games/s (avg 0.4)  1.0M nps  ETA 00:23:06
[2026-03-28T10:01:48.874] [INFO] [selfplay:2] [SelfPlay] 408/1000 (40%)  pos=37567  W/D/B=161/79/168  (39%/19%/41%)  d4/d7  0.8 games/s (avg 0.4)  1.0M nps  ETA 00:23:07
[2026-03-28T10:01:48.890] [INFO] [selfplay:2] [SelfPlay] 409/1000 (40%)  pos=37687  W/D/B=161/79/169  (39%/19%/41%)  d4/d7  0.7 games/s (avg 0.4)  1.0M nps  ETA 00:23:11
[2026-03-28T10:01:49.485] [INFO] [selfplay:2] [SelfPlay] 410/1000 (41%)  pos=37879  W/D/B=161/80/169  (39%/19%/41%)  d4/d7  10.0 games/s (avg 0.4)  1.0M nps  ETA 00:23:04
[2026-03-28T10:01:51.744] [INFO] [selfplay:2] [SelfPlay] 411/1000 (41%)  pos=37941  W/D/B=162/80/169  (39%/19%/41%)  d4/d7  8.8 games/s (avg 0.4)  1.0M nps  ETA 00:22:58
[2026-03-28T10:01:56.896] [INFO] [selfplay:2] [SelfPlay] 412/1000 (41%)  pos=38002  W/D/B=162/80/170  (39%/19%/41%)  d4/d7  8.1 games/s (avg 0.4)  1.0M nps  ETA 00:22:53
[2026-03-28T10:02:02.630] [INFO] [selfplay:2] [SelfPlay] 413/1000 (41%)  pos=38102  W/D/B=163/80/170  (39%/19%/41%)  d4/d7  7.5 games/s (avg 0.4)  1.0M nps  ETA 00:22:53
[2026-03-28T10:02:04.025] [INFO] [selfplay:2] [SelfPlay] 414/1000 (41%)  pos=38234  W/D/B=163/80/171  (39%/19%/41%)  d4/d7  6.9 games/s (avg 0.4)  1.0M nps  ETA 00:23:01
[2026-03-28T10:02:08.856] [INFO] [selfplay:2] [SelfPlay] 415/1000 (41%)  pos=38292  W/D/B=164/80/171  (39%/19%/41%)  d4/d7  6.0 games/s (avg 0.4)  1.0M nps  ETA 00:22:53
[2026-03-28T10:02:16.168] [INFO] [selfplay:2] [SelfPlay] 416/1000 (41%)  pos=38431  W/D/B=165/80/171  (39%/19%/41%)  d4/d7  5.6 games/s (avg 0.4)  1.0M nps  ETA 00:22:51
[2026-03-28T10:02:18.155] [INFO] [selfplay:2] [SelfPlay] 417/1000 (41%)  pos=38518  W/D/B=165/81/171  (39%/19%/41%)  d4/d7  5.1 games/s (avg 0.4)  1.0M nps  ETA 00:23:03
[2026-03-28T10:02:18.314] [INFO] [selfplay:2] [SelfPlay] 418/1000 (41%)  pos=38648  W/D/B=166/81/171  (39%/19%/40%)  d4/d7  4.8 games/s (avg 0.4)  1.0M nps  ETA 00:23:00
[2026-03-28T10:02:18.508] [INFO] [selfplay:2] [SelfPlay] 419/1000 (41%)  pos=38685  W/D/B=167/81/171  (39%/19%/40%)  d4/d7  5.0 games/s (avg 0.4)  1.0M nps  ETA 00:22:55
[2026-03-28T10:02:19.744] [INFO] [selfplay:2] [SelfPlay] 420/1000 (42%)  pos=38925  W/D/B=167/82/171  (39%/19%/40%)  d4/d7  5.0 games/s (avg 0.4)  1.0M nps  ETA 00:22:49
[2026-03-28T10:02:20.057] [INFO] [selfplay:2] [SelfPlay] 421/1000 (42%)  pos=38962  W/D/B=168/82/171  (39%/19%/40%)  d4/d7  4.4 games/s (avg 0.4)  1.0M nps  ETA 00:22:46
[2026-03-28T10:02:21.617] [INFO] [selfplay:2] [SelfPlay] 422/1000 (42%)  pos=39036  W/D/B=168/82/172  (39%/19%/40%)  d4/d7  4.2 games/s (avg 0.4)  1.0M nps  ETA 00:22:39
[2026-03-28T10:02:21.892] [INFO] [selfplay:2] [SelfPlay] 423/1000 (42%)  pos=39171  W/D/B=168/83/172  (39%/19%/40%)  d4/d7  3.7 games/s (avg 0.4)  1.0M nps  ETA 00:22:37
[2026-03-28T10:02:22.956] [INFO] [selfplay:2] [SelfPlay] 424/1000 (42%)  pos=39264  W/D/B=169/83/172  (39%/19%/40%)  d4/d7  3.7 games/s (avg 0.4)  1.0M nps  ETA 00:22:31
[2026-03-28T10:02:23.230] [INFO] [selfplay:2] [SelfPlay] 425/1000 (42%)  pos=39439  W/D/B=169/84/172  (39%/19%/40%)  d4/d7  3.3 games/s (avg 0.4)  1.0M nps  ETA 00:22:27
[2026-03-28T10:02:27.017] [INFO] [selfplay:2] [SelfPlay] 426/1000 (42%)  pos=39514  W/D/B=169/84/173  (39%/19%/40%)  d4/d7  3.3 games/s (avg 0.4)  1.0M nps  ETA 00:22:20
[2026-03-28T10:02:35.579] [INFO] [selfplay:2] [SelfPlay] 427/1000 (42%)  pos=39627  W/D/B=169/85/173  (39%/19%/40%)  d4/d7  3.1 games/s (avg 0.4)  1.0M nps  ETA 00:22:14
[2026-03-28T10:02:40.368] [INFO] [selfplay:2] [SelfPlay] 428/1000 (42%)  pos=39662  W/D/B=169/85/174  (39%/19%/40%)  d4/d7  2.8 games/s (avg 0.4)  1.0M nps  ETA 00:22:24
[2026-03-28T10:02:40.544] [INFO] [selfplay:2] [SelfPlay] 429/1000 (42%)  pos=39714  W/D/B=169/86/174  (39%/20%/40%)  d4/d7  2.6 games/s (avg 0.4)  1.0M nps  ETA 00:22:29
[2026-03-28T10:02:41.955] [INFO] [selfplay:2] [SelfPlay] 430/1000 (43%)  pos=39742  W/D/B=169/86/175  (39%/20%/40%)  d4/d7  3.1 games/s (avg 0.4)  1.0M nps  ETA 00:22:23
[2026-03-28T10:02:46.144] [INFO] [selfplay:2] [SelfPlay] 431/1000 (43%)  pos=39825  W/D/B=169/86/176  (39%/19%/40%)  d4/d7  2.7 games/s (avg 0.4)  1.0M nps  ETA 00:22:17
[2026-03-28T10:02:48.172] [INFO] [selfplay:2] [SelfPlay] 432/1000 (43%)  pos=39951  W/D/B=169/86/177  (39%/19%/40%)  d4/d7  2.5 games/s (avg 0.4)  1.0M nps  ETA 00:22:18
[2026-03-28T10:02:53.890] [INFO] [selfplay:2] [SelfPlay] 433/1000 (43%)  pos=40171  W/D/B=170/86/177  (39%/19%/40%)  d4/d7  2.2 games/s (avg 0.4)  1.0M nps  ETA 00:22:13
[2026-03-28T10:02:54.032] [INFO] [selfplay:2] [SelfPlay] 434/1000 (43%)  pos=40332  W/D/B=171/86/177  (39%/19%/40%)  d4/d7  2.0 games/s (avg 0.4)  1.0M nps  ETA 00:22:20
[2026-03-28T10:02:54.323] [INFO] [selfplay:2] [SelfPlay] 435/1000 (43%)  pos=40414  W/D/B=171/87/177  (39%/20%/40%)  d4/d7  2.8 games/s (avg 0.4)  1.1M nps  ETA 00:22:14
[2026-03-28T10:02:57.426] [INFO] [selfplay:2] [SelfPlay] 436/1000 (43%)  pos=40460  W/D/B=172/87/177  (39%/19%/40%)  d4/d7  2.9 games/s (avg 0.4)  1.1M nps  ETA 00:22:07
[2026-03-28T10:03:05.626] [INFO] [selfplay:2] [SelfPlay] 437/1000 (43%)  pos=40536  W/D/B=172/87/178  (39%/19%/40%)  d4/d7  2.5 games/s (avg 0.4)  1.1M nps  ETA 00:22:00
[2026-03-28T10:03:09.131] [INFO] [selfplay:2] [SelfPlay] 438/1000 (43%)  pos=40607  W/D/B=172/87/179  (39%/19%/40%)  d4/d7  2.3 games/s (avg 0.4)  1.1M nps  ETA 00:22:10
[2026-03-28T10:03:11.110] [INFO] [selfplay:2] [SelfPlay] 439/1000 (43%)  pos=40702  W/D/B=172/88/179  (39%/20%/40%)  d4/d7  2.0 games/s (avg 0.4)  1.0M nps  ETA 00:22:10
[2026-03-28T10:03:11.207] [INFO] [selfplay:2] [SelfPlay] 440/1000 (44%)  pos=40798  W/D/B=172/88/180  (39%/20%/40%)  d4/d7  1.8 games/s (avg 0.4)  1.0M nps  ETA 00:22:08
[2026-03-28T10:03:12.618] [INFO] [selfplay:2] [SelfPlay] 441/1000 (44%)  pos=40878  W/D/B=173/88/180  (39%/19%/40%)  d4/d7  3.1 games/s (avg 0.4)  1.1M nps  ETA 00:22:03
[2026-03-28T10:03:14.729] [INFO] [selfplay:2] [SelfPlay] 442/1000 (44%)  pos=41032  W/D/B=173/88/181  (39%/19%/40%)  d4/d7  2.7 games/s (avg 0.4)  1.1M nps  ETA 00:21:59
[2026-03-28T10:03:15.563] [INFO] [selfplay:2] [SelfPlay] 443/1000 (44%)  pos=41094  W/D/B=173/88/182  (39%/19%/41%)  d4/d7  2.4 games/s (avg 0.4)  1.1M nps  ETA 00:21:57
[2026-03-28T10:03:20.712] [INFO] [selfplay:2] [SelfPlay] 444/1000 (44%)  pos=41334  W/D/B=173/89/182  (38%/20%/40%)  d4/d7  2.2 games/s (avg 0.4)  1.1M nps  ETA 00:21:49
[2026-03-28T10:03:24.182] [INFO] [selfplay:2] [SelfPlay] 445/1000 (44%)  pos=41482  W/D/B=173/89/183  (38%/20%/41%)  d4/d7  2.0 games/s (avg 0.4)  1.1M nps  ETA 00:21:51
[2026-03-28T10:03:27.084] [INFO] [selfplay:2] [SelfPlay] 446/1000 (44%)  pos=41644  W/D/B=173/90/183  (38%/20%/41%)  d4/d7  1.8 games/s (avg 0.4)  1.1M nps  ETA 00:21:52
[2026-03-28T10:03:27.192] [INFO] [selfplay:2] [SelfPlay] 447/1000 (44%)  pos=41772  W/D/B=173/90/184  (38%/20%/41%)  d4/d7  1.6 games/s (avg 0.4)  1.0M nps  ETA 00:21:51
[2026-03-28T10:03:31.337] [INFO] [selfplay:2] [SelfPlay] 448/1000 (44%)  pos=41880  W/D/B=174/90/184  (38%/20%/41%)  d4/d7  2.7 games/s (avg 0.4)  1.1M nps  ETA 00:21:43
[2026-03-28T10:03:31.864] [INFO] [selfplay:2] [SelfPlay] 449/1000 (44%)  pos=41935  W/D/B=174/90/185  (38%/20%/41%)  d4/d7  2.5 games/s (avg 0.4)  1.1M nps  ETA 00:21:47
[2026-03-28T10:03:32.396] [INFO] [selfplay:2] [SelfPlay] 450/1000 (45%)  pos=41988  W/D/B=175/90/185  (38%/20%/41%)  d4/d7  2.4 games/s (avg 0.4)  1.1M nps  ETA 00:21:41
[2026-03-28T10:03:33.339] [INFO] [selfplay:2] [SelfPlay] 451/1000 (45%)  pos=42061  W/D/B=175/90/186  (38%/19%/41%)  d4/d7  2.3 games/s (avg 0.4)  1.1M nps  ETA 00:21:36
[2026-03-28T10:03:35.920] [INFO] [selfplay:2] [SelfPlay] 452/1000 (45%)  pos=42098  W/D/B=176/90/186  (38%/19%/41%)  d4/d7  2.1 games/s (avg 0.4)  1.1M nps  ETA 00:21:31
[2026-03-28T10:03:37.894] [INFO] [selfplay:2] [SelfPlay] 453/1000 (45%)  pos=42156  W/D/B=176/90/187  (38%/19%/41%)  d4/d7  1.9 games/s (avg 0.4)  1.1M nps  ETA 00:21:29
[2026-03-28T10:03:45.234] [INFO] [selfplay:2] [SelfPlay] 454/1000 (45%)  pos=42378  W/D/B=177/90/187  (38%/19%/41%)  d4/d7  1.7 games/s (avg 0.4)  1.1M nps  ETA 00:21:20
[2026-03-28T10:03:48.505] [INFO] [selfplay:2] [SelfPlay] 455/1000 (45%)  pos=42468  W/D/B=177/90/188  (38%/19%/41%)  d4/d7  1.6 games/s (avg 0.4)  1.1M nps  ETA 00:21:29
[2026-03-28T10:03:58.225] [INFO] [selfplay:2] [SelfPlay] 456/1000 (45%)  pos=42526  W/D/B=177/90/189  (38%/19%/41%)  d4/d7  1.4 games/s (avg 0.4)  1.1M nps  ETA 00:21:21
[2026-03-28T10:04:04.533] [INFO] [selfplay:2] [SelfPlay] 457/1000 (45%)  pos=42623  W/D/B=178/90/189  (38%/19%/41%)  d4/d7  1.3 games/s (avg 0.4)  1.1M nps  ETA 00:21:31
[2026-03-28T10:04:08.209] [INFO] [selfplay:2] [SelfPlay] 458/1000 (45%)  pos=42680  W/D/B=178/91/189  (38%/19%/41%)  d4/d7  1.1 games/s (avg 0.4)  1.0M nps  ETA 00:21:35
[2026-03-28T10:04:08.722] [INFO] [selfplay:2] [SelfPlay] 459/1000 (45%)  pos=42803  W/D/B=178/91/190  (38%/19%/41%)  d4/d7  1.0 games/s (avg 0.4)  1.0M nps  ETA 00:21:38
[2026-03-28T10:04:10.781] [INFO] [selfplay:2] [SelfPlay] 460/1000 (46%)  pos=42907  W/D/B=178/91/191  (38%/19%/41%)  d4/d7  1.1 games/s (avg 0.4)  1.0M nps  ETA 00:21:32
[2026-03-28T10:04:14.589] [INFO] [selfplay:2] [SelfPlay] 461/1000 (46%)  pos=43042  W/D/B=178/91/192  (38%/19%/41%)  d4/d7  1.0 games/s (avg 0.4)  1.0M nps  ETA 00:21:27
[2026-03-28T10:04:14.978] [INFO] [selfplay:2] [SelfPlay] 462/1000 (46%)  pos=43127  W/D/B=179/91/192  (38%/19%/41%)  d4/d7  0.9 games/s (avg 0.4)  1.0M nps  ETA 00:21:30
[2026-03-28T10:04:17.836] [INFO] [selfplay:2] [SelfPlay] 463/1000 (46%)  pos=43359  W/D/B=179/92/192  (38%/19%/41%)  d4/d7  1.2 games/s (avg 0.4)  1.0M nps  ETA 00:21:23
[2026-03-28T10:04:19.113] [INFO] [selfplay:2] [SelfPlay] 464/1000 (46%)  pos=43458  W/D/B=179/92/193  (38%/19%/41%)  d4/d7  1.0 games/s (avg 0.4)  1.0M nps  ETA 00:21:23
[2026-03-28T10:04:22.934] [INFO] [selfplay:2] [SelfPlay] 465/1000 (46%)  pos=43566  W/D/B=180/92/193  (38%/19%/41%)  d4/d7  1.0 games/s (avg 0.4)  1.0M nps  ETA 00:21:16
[2026-03-28T10:04:24.195] [INFO] [selfplay:2] [SelfPlay] 466/1000 (46%)  pos=43663  W/D/B=180/92/194  (38%/19%/41%)  d4/d7  0.9 games/s (avg 0.4)  1.0M nps  ETA 00:21:17
[2026-03-28T10:04:26.633] [INFO] [selfplay:2] [SelfPlay] 467/1000 (46%)  pos=43903  W/D/B=180/93/194  (38%/19%/41%)  d4/d7  0.9 games/s (avg 0.4)  1.0M nps  ETA 00:21:14
[2026-03-28T10:04:28.526] [INFO] [selfplay:2] [SelfPlay] 468/1000 (46%)  pos=44003  W/D/B=180/93/195  (38%/19%/41%)  d4/d7  0.8 games/s (avg 0.4)  1.0M nps  ETA 00:21:11
[2026-03-28T10:04:30.331] [INFO] [selfplay:2] [SelfPlay] 469/1000 (46%)  pos=44069  W/D/B=181/93/195  (38%/19%/41%)  d4/d7  0.8 games/s (avg 0.4)  1.0M nps  ETA 00:21:08
[2026-03-28T10:04:32.488] [INFO] [selfplay:2] [SelfPlay] 470/1000 (47%)  pos=44119  W/D/B=182/93/195  (38%/19%/41%)  d4/d7  0.7 games/s (avg 0.4)  1.0M nps  ETA 00:21:05
[2026-03-28T10:04:34.360] [INFO] [selfplay:2] [SelfPlay] 471/1000 (47%)  pos=44210  W/D/B=183/93/195  (38%/19%/41%)  d4/d7  0.7 games/s (avg 0.4)  1.0M nps  ETA 00:21:03
[2026-03-28T10:04:37.357] [INFO] [selfplay:2] [SelfPlay] 472/1000 (47%)  pos=44321  W/D/B=183/93/196  (38%/19%/41%)  d4/d7  0.7 games/s (avg 0.4)  1.0M nps  ETA 00:20:59
[2026-03-28T10:04:43.056] [INFO] [selfplay:2] [SelfPlay] 473/1000 (47%)  pos=44396  W/D/B=183/94/196  (38%/19%/41%)  d4/d7  0.6 games/s (avg 0.4)  1.0M nps  ETA 00:20:55
[2026-03-28T10:04:45.724] [INFO] [selfplay:2] [SelfPlay] 474/1000 (47%)  pos=44512  W/D/B=184/94/196  (38%/19%/41%)  d4/d7  0.6 games/s (avg 0.4)  1.0M nps  ETA 00:20:58
[2026-03-28T10:04:52.145] [INFO] [selfplay:2] [SelfPlay] 475/1000 (47%)  pos=44585  W/D/B=184/94/197  (38%/19%/41%)  d4/d7  0.5 games/s (avg 0.4)  1.0M nps  ETA 00:20:53
[2026-03-28T10:04:53.045] [INFO] [selfplay:2] [SelfPlay] 476/1000 (47%)  pos=44624  W/D/B=184/94/198  (38%/19%/41%)  d4/d7  0.5 games/s (avg 0.4)  1.0M nps  ETA 00:21:00
[2026-03-28T10:04:58.564] [INFO] [selfplay:2] [SelfPlay] 477/1000 (47%)  pos=44795  W/D/B=184/95/198  (38%/19%/41%)  d4/d7  0.6 games/s (avg 0.4)  1.0M nps  ETA 00:20:51
[2026-03-28T10:05:00.194] [INFO] [selfplay:2] [SelfPlay] 478/1000 (47%)  pos=44935  W/D/B=185/95/198  (38%/19%/41%)  d4/d7  0.5 games/s (avg 0.4)  1.0M nps  ETA 00:20:56
[2026-03-28T10:05:02.516] [INFO] [selfplay:2] [SelfPlay] 479/1000 (47%)  pos=45047  W/D/B=185/95/199  (38%/19%/41%)  d4/d7  0.5 games/s (avg 0.4)  1.0M nps  ETA 00:20:53
[2026-03-28T10:05:02.689] [INFO] [selfplay:2] [SelfPlay] 480/1000 (48%)  pos=45184  W/D/B=185/95/200  (38%/19%/41%)  d4/d7  0.5 games/s (avg 0.4)  1.0M nps  ETA 00:20:52
[2026-03-28T10:05:02.803] [INFO] [selfplay:2] [SelfPlay] 481/1000 (48%)  pos=45296  W/D/B=185/95/201  (38%/19%/41%)  d4/d7  1.3 games/s (avg 0.4)  1.0M nps  ETA 00:20:47
[2026-03-28T10:05:05.594] [INFO] [selfplay:2] [SelfPlay] 482/1000 (48%)  pos=45389  W/D/B=186/95/201  (38%/19%/41%)  d4/d7  2.4 games/s (avg 0.4)  1.0M nps  ETA 00:20:40
[2026-03-28T10:05:05.730] [INFO] [selfplay:2] [SelfPlay] 483/1000 (48%)  pos=45433  W/D/B=186/96/201  (38%/19%/41%)  d4/d7  2.1 games/s (avg 0.4)  1.0M nps  ETA 00:20:41
[2026-03-28T10:05:13.680] [INFO] [selfplay:2] [SelfPlay] 484/1000 (48%)  pos=45571  W/D/B=187/96/201  (38%/19%/41%)  d4/d7  2.9 games/s (avg 0.4)  1.0M nps  ETA 00:20:28
[2026-03-28T10:05:16.513] [INFO] [selfplay:2] [SelfPlay] 485/1000 (48%)  pos=45717  W/D/B=187/96/202  (38%/19%/41%)  d4/d7  2.7 games/s (avg 0.4)  1.0M nps  ETA 00:20:36
[2026-03-28T10:05:19.610] [INFO] [selfplay:2] [SelfPlay] 486/1000 (48%)  pos=45796  W/D/B=187/96/203  (38%/19%/41%)  d4/d7  2.3 games/s (avg 0.4)  1.0M nps  ETA 00:20:34
[2026-03-28T10:05:32.648] [INFO] [selfplay:2] [SelfPlay] 487/1000 (48%)  pos=46013  W/D/B=187/96/204  (38%/19%/41%)  d4/d7  2.0 games/s (avg 0.4)  1.0M nps  ETA 00:20:23
[2026-03-28T10:05:35.546] [INFO] [selfplay:2] [SelfPlay] 488/1000 (48%)  pos=46096  W/D/B=188/96/204  (38%/19%/41%)  d4/d7  1.9 games/s (avg 0.4)  1.0M nps  ETA 00:20:41
[2026-03-28T10:05:36.375] [INFO] [selfplay:2] [SelfPlay] 489/1000 (48%)  pos=46198  W/D/B=188/96/205  (38%/19%/41%)  d4/d7  1.6 games/s (avg 0.4)  1.0M nps  ETA 00:20:41
[2026-03-28T10:05:38.302] [INFO] [selfplay:2] [SelfPlay] 490/1000 (49%)  pos=46234  W/D/B=188/97/205  (38%/19%/41%)  d4/d7  1.6 games/s (avg 0.4)  1.0M nps  ETA 00:20:36
[2026-03-28T10:05:42.096] [INFO] [selfplay:2] [SelfPlay] 491/1000 (49%)  pos=46374  W/D/B=188/97/206  (38%/19%/41%)  d4/d7  1.4 games/s (avg 0.4)  1.0M nps  ETA 00:20:32
[2026-03-28T10:05:47.815] [INFO] [selfplay:2] [SelfPlay] 492/1000 (49%)  pos=46430  W/D/B=188/97/207  (38%/19%/42%)  d4/d7  1.2 games/s (avg 0.4)  1.0M nps  ETA 00:20:28
[2026-03-28T10:05:51.427] [INFO] [selfplay:2] [SelfPlay] 493/1000 (49%)  pos=46515  W/D/B=189/97/207  (38%/19%/41%)  d4/d7  1.1 games/s (avg 0.4)  1.0M nps  ETA 00:20:31
[2026-03-28T10:05:51.631] [INFO] [selfplay:2] [SelfPlay] 494/1000 (49%)  pos=46751  W/D/B=189/98/207  (38%/19%/41%)  d4/d7  1.0 games/s (avg 0.4)  1.0M nps  ETA 00:20:34
[2026-03-28T10:05:53.301] [INFO] [selfplay:2] [SelfPlay] 495/1000 (49%)  pos=46820  W/D/B=189/98/208  (38%/19%/42%)  d4/d7  1.6 games/s (avg 0.4)  1.0M nps  ETA 00:20:27
[2026-03-28T10:05:54.558] [INFO] [selfplay:2] [SelfPlay] 496/1000 (49%)  pos=46936  W/D/B=190/98/208  (38%/19%/41%)  d4/d7  1.4 games/s (avg 0.4)  1.0M nps  ETA 00:20:25
[2026-03-28T10:05:54.908] [INFO] [selfplay:2] [SelfPlay] 497/1000 (49%)  pos=47069  W/D/B=190/98/209  (38%/19%/42%)  d4/d7  1.3 games/s (avg 0.4)  1.0M nps  ETA 00:20:23
[2026-03-28T10:06:00.176] [INFO] [selfplay:2] [SelfPlay] 498/1000 (49%)  pos=47157  W/D/B=191/98/209  (38%/19%/41%)  d4/d7  1.6 games/s (avg 0.4)  1.0M nps  ETA 00:20:12
[2026-03-28T10:06:04.806] [INFO] [selfplay:2] [SelfPlay] 499/1000 (49%)  pos=47223  W/D/B=192/98/209  (38%/19%/41%)  d4/d7  1.3 games/s (avg 0.4)  1.0M nps  ETA 00:20:14
[2026-03-28T10:06:11.149] [INFO] [selfplay:2] [SelfPlay] 500/1000 (50%)  pos=47300  W/D/B=193/98/209  (38%/19%/41%)  d4/d7  1.2 games/s (avg 0.4)  1.0M nps  ETA 00:20:11
[2026-03-28T10:06:11.929] [INFO] [selfplay:2] [SelfPlay] 501/1000 (50%)  pos=47354  W/D/B=193/99/209  (38%/19%/41%)  d4/d7  1.0 games/s (avg 0.4)  1.0M nps  ETA 00:20:20
[2026-03-28T10:06:15.090] [INFO] [selfplay:2] [SelfPlay] 502/1000 (50%)  pos=47420  W/D/B=193/100/209  (38%/19%/41%)  d4/d7  1.1 games/s (avg 0.4)  1.0M nps  ETA 00:20:13
[2026-03-28T10:06:15.557] [INFO] [selfplay:2] [SelfPlay] 503/1000 (50%)  pos=47579  W/D/B=193/101/209  (38%/20%/41%)  d4/d7  1.0 games/s (avg 0.4)  1.0M nps  ETA 00:20:13
[2026-03-28T10:06:19.036] [INFO] [selfplay:2] [SelfPlay] 504/1000 (50%)  pos=47607  W/D/B=193/101/210  (38%/20%/41%)  d4/d7  1.1 games/s (avg 0.4)  1.0M nps  ETA 00:20:06
[2026-03-28T10:06:21.324] [INFO] [selfplay:2] [SelfPlay] 505/1000 (50%)  pos=47662  W/D/B=194/101/210  (38%/20%/41%)  d4/d7  1.0 games/s (avg 0.4)  1.0M nps  ETA 00:20:05
[2026-03-28T10:06:22.562] [INFO] [selfplay:2] [SelfPlay] 506/1000 (50%)  pos=47780  W/D/B=194/101/211  (38%/19%/41%)  d4/d7  0.9 games/s (avg 0.4)  1.0M nps  ETA 00:20:04
[2026-03-28T10:06:30.554] [INFO] [selfplay:2] [SelfPlay] 507/1000 (50%)  pos=48000  W/D/B=194/102/211  (38%/20%/41%)  d4/d7  0.9 games/s (avg 0.4)  1.0M nps  ETA 00:19:54
[2026-03-28T10:06:31.709] [INFO] [selfplay:2] [SelfPlay] 508/1000 (50%)  pos=48036  W/D/B=194/103/211  (38%/20%/41%)  d4/d7  0.8 games/s (avg 0.4)  996.6K nps  ETA 00:20:04
[2026-03-28T10:06:32.534] [INFO] [selfplay:2] [SelfPlay] 509/1000 (50%)  pos=48123  W/D/B=194/104/211  (38%/20%/41%)  d4/d7  0.8 games/s (avg 0.4)  997.4K nps  ETA 00:20:00
[2026-03-28T10:06:34.731] [INFO] [selfplay:2] [SelfPlay] 510/1000 (51%)  pos=48190  W/D/B=194/104/212  (38%/20%/41%)  d4/d7  0.9 games/s (avg 0.4)  998.5K nps  ETA 00:19:55
[2026-03-28T10:06:38.992] [INFO] [selfplay:2] [SelfPlay] 511/1000 (51%)  pos=48220  W/D/B=195/104/212  (38%/20%/41%)  d4/d7  0.8 games/s (avg 0.4)  996.5K nps  ETA 00:19:50
[2026-03-28T10:06:39.764] [INFO] [selfplay:2] [SelfPlay] 512/1000 (51%)  pos=48311  W/D/B=195/104/213  (38%/20%/41%)  d4/d7  0.7 games/s (avg 0.4)  991.2K nps  ETA 00:19:53
[2026-03-28T10:06:40.270] [INFO] [selfplay:2] [SelfPlay] 513/1000 (51%)  pos=48551  W/D/B=195/105/213  (38%/20%/41%)  d4/d7  0.8 games/s (avg 0.4)  990.7K nps  ETA 00:19:49
[2026-03-28T10:06:42.320] [INFO] [selfplay:2] [SelfPlay] 514/1000 (51%)  pos=48611  W/D/B=196/105/213  (38%/20%/41%)  d4/d7  1.0 games/s (avg 0.4)  992.4K nps  ETA 00:19:43
[2026-03-28T10:06:42.736] [INFO] [selfplay:2] [SelfPlay] 515/1000 (51%)  pos=48638  W/D/B=196/105/214  (38%/20%/41%)  d4/d7  0.9 games/s (avg 0.4)  991.3K nps  ETA 00:19:43
[2026-03-28T10:06:44.142] [INFO] [selfplay:2] [SelfPlay] 516/1000 (51%)  pos=48764  W/D/B=196/106/214  (37%/20%/41%)  d4/d7  1.1 games/s (avg 0.4)  992.8K nps  ETA 00:19:37
[2026-03-28T10:06:48.397] [INFO] [selfplay:2] [SelfPlay] 517/1000 (51%)  pos=48920  W/D/B=196/106/215  (37%/20%/41%)  d4/d7  1.1 games/s (avg 0.4)  994.7K nps  ETA 00:19:30
[2026-03-28T10:06:51.466] [INFO] [selfplay:2] [SelfPlay] 518/1000 (51%)  pos=49128  W/D/B=196/107/215  (37%/20%/41%)  d4/d7  0.9 games/s (avg 0.4)  993.1K nps  ETA 00:19:31
[2026-03-28T10:06:54.199] [INFO] [selfplay:2] [SelfPlay] 519/1000 (51%)  pos=49219  W/D/B=197/107/215  (37%/20%/41%)  d4/d7  0.8 games/s (avg 0.4)  991.6K nps  ETA 00:19:29
[2026-03-28T10:06:55.585] [INFO] [selfplay:2] [SelfPlay] 520/1000 (52%)  pos=49257  W/D/B=197/108/215  (37%/20%/41%)  d4/d7  0.8 games/s (avg 0.4)  989.1K nps  ETA 00:19:29
[2026-03-28T10:06:58.270] [INFO] [selfplay:2] [SelfPlay] 521/1000 (52%)  pos=49336  W/D/B=198/108/215  (38%/20%/41%)  d4/d7  0.8 games/s (avg 0.4)  990.2K nps  ETA 00:19:24
[2026-03-28T10:07:00.525] [INFO] [selfplay:2] [SelfPlay] 522/1000 (52%)  pos=49386  W/D/B=199/108/215  (38%/20%/41%)  d4/d7  0.7 games/s (avg 0.4)  987.1K nps  ETA 00:19:22
[2026-03-28T10:07:03.484] [INFO] [selfplay:2] [SelfPlay] 523/1000 (52%)  pos=49491  W/D/B=199/108/216  (38%/20%/41%)  d4/d7  0.7 games/s (avg 0.4)  986.8K nps  ETA 00:19:19
[2026-03-28T10:07:03.918] [INFO] [selfplay:2] [SelfPlay] 524/1000 (52%)  pos=49515  W/D/B=199/108/217  (37%/20%/41%)  d4/d7  0.6 games/s (avg 0.4)  984.1K nps  ETA 00:19:20
[2026-03-28T10:07:07.100] [INFO] [selfplay:2] [SelfPlay] 525/1000 (52%)  pos=49585  W/D/B=199/108/218  (37%/20%/41%)  d4/d7  0.9 games/s (avg 0.4)  983.7K nps  ETA 00:19:13
[2026-03-28T10:07:07.499] [INFO] [selfplay:2] [SelfPlay] 526/1000 (52%)  pos=49623  W/D/B=199/108/219  (37%/20%/41%)  d4/d7  0.8 games/s (avg 0.4)  981.5K nps  ETA 00:19:13
[2026-03-28T10:07:07.746] [INFO] [selfplay:2] [SelfPlay] 527/1000 (52%)  pos=49658  W/D/B=199/108/220  (37%/20%/41%)  d4/d7  1.0 games/s (avg 0.4)  983.3K nps  ETA 00:19:10
[2026-03-28T10:07:11.667] [INFO] [selfplay:2] [SelfPlay] 528/1000 (52%)  pos=49740  W/D/B=200/108/220  (37%/20%/41%)  d4/d7  1.5 games/s (avg 0.4)  985.4K nps  ETA 00:19:01
[2026-03-28T10:07:14.046] [INFO] [selfplay:2] [SelfPlay] 529/1000 (52%)  pos=49792  W/D/B=200/108/221  (37%/20%/41%)  d4/d7  1.3 games/s (avg 0.4)  982.3K nps  ETA 00:19:02
[2026-03-28T10:07:17.040] [INFO] [selfplay:2] [SelfPlay] 530/1000 (53%)  pos=49829  W/D/B=201/108/221  (37%/20%/41%)  d4/d7  1.2 games/s (avg 0.4)  981.3K nps  ETA 00:18:59
[2026-03-28T10:07:20.205] [INFO] [selfplay:2] [SelfPlay] 531/1000 (53%)  pos=49873  W/D/B=202/108/221  (38%/20%/41%)  d4/d7  1.1 games/s (avg 0.4)  977.8K nps  ETA 00:18:56
[2026-03-28T10:07:22.469] [INFO] [selfplay:2] [SelfPlay] 532/1000 (53%)  pos=49928  W/D/B=202/109/221  (37%/20%/41%)  d4/d7  0.9 games/s (avg 0.4)  976.4K nps  ETA 00:18:56
[2026-03-28T10:07:25.930] [INFO] [selfplay:2] [SelfPlay] 533/1000 (53%)  pos=50000  W/D/B=203/109/221  (38%/20%/41%)  d4/d7  0.9 games/s (avg 0.4)  974.0K nps  ETA 00:18:52
[2026-03-28T10:07:26.324] [INFO] [selfplay:2] [SelfPlay] 534/1000 (53%)  pos=50105  W/D/B=203/109/222  (38%/20%/41%)  d4/d7  0.8 games/s (avg 0.4)  970.0K nps  ETA 00:18:53
[2026-03-28T10:07:31.578] [INFO] [selfplay:2] [SelfPlay] 535/1000 (53%)  pos=50210  W/D/B=204/109/222  (38%/20%/41%)  d4/d7  1.0 games/s (avg 0.4)  969.9K nps  ETA 00:18:45
[2026-03-28T10:07:33.306] [INFO] [selfplay:2] [SelfPlay] 536/1000 (53%)  pos=50303  W/D/B=204/109/223  (38%/20%/41%)  d4/d7  0.9 games/s (avg 0.4)  966.5K nps  ETA 00:18:48
[2026-03-28T10:07:37.334] [INFO] [selfplay:2] [SelfPlay] 537/1000 (53%)  pos=50521  W/D/B=204/109/224  (37%/20%/41%)  d4/d7  0.9 games/s (avg 0.4)  967.2K nps  ETA 00:18:43
[2026-03-28T10:07:39.050] [INFO] [selfplay:2] [SelfPlay] 538/1000 (53%)  pos=50581  W/D/B=205/109/224  (38%/20%/41%)  d4/d7  0.8 games/s (avg 0.4)  964.5K nps  ETA 00:18:44
[2026-03-28T10:07:39.444] [INFO] [selfplay:2] [SelfPlay] 539/1000 (53%)  pos=50656  W/D/B=206/109/224  (38%/20%/41%)  d4/d7  0.7 games/s (avg 0.4)  964.9K nps  ETA 00:18:41
[2026-03-28T10:07:43.742] [INFO] [selfplay:2] [SelfPlay] 540/1000 (54%)  pos=50745  W/D/B=207/109/224  (38%/20%/41%)  d4/d7  1.0 games/s (avg 0.4)  966.6K nps  ETA 00:18:34
[2026-03-28T10:07:44.382] [INFO] [selfplay:2] [SelfPlay] 541/1000 (54%)  pos=50811  W/D/B=207/109/225  (38%/20%/41%)  d4/d7  0.9 games/s (avg 0.4)  963.7K nps  ETA 00:18:36
[2026-03-28T10:07:49.256] [INFO] [selfplay:2] [SelfPlay] 542/1000 (54%)  pos=50912  W/D/B=207/110/225  (38%/20%/41%)  d4/d7  1.0 games/s (avg 0.4)  963.3K nps  ETA 00:18:28
[2026-03-28T10:07:49.258] [INFO] [selfplay:2] [SelfPlay] 543/1000 (54%)  pos=50981  W/D/B=207/110/226  (38%/20%/41%)  d4/d7  0.9 games/s (avg 0.4)  960.0K nps  ETA 00:18:33
[2026-03-28T10:07:49.999] [INFO] [selfplay:2] [SelfPlay] 544/1000 (54%)  pos=51042  W/D/B=207/110/227  (38%/20%/41%)  d4/d7  76.7 games/s (avg 0.4)  962.5K nps  ETA 00:18:29
[2026-03-28T10:07:51.725] [INFO] [selfplay:2] [SelfPlay] 545/1000 (54%)  pos=51104  W/D/B=207/110/228  (37%/20%/41%)  d4/d7  70.9 games/s (avg 0.4)  964.8K nps  ETA 00:18:23
[2026-03-28T10:07:55.429] [INFO] [selfplay:2] [SelfPlay] 546/1000 (54%)  pos=51185  W/D/B=208/110/228  (38%/20%/41%)  d4/d7  65.6 games/s (avg 0.4)  967.3K nps  ETA 00:18:18
[2026-03-28T10:07:59.257] [INFO] [selfplay:2] [SelfPlay] 547/1000 (54%)  pos=51240  W/D/B=209/110/228  (38%/20%/41%)  d4/d7  60.7 games/s (avg 0.4)  967.6K nps  ETA 00:18:16
[2026-03-28T10:07:59.817] [INFO] [selfplay:2] [SelfPlay] 548/1000 (54%)  pos=51448  W/D/B=210/110/228  (38%/20%/41%)  d4/d7  56.1 games/s (avg 0.4)  968.1K nps  ETA 00:18:19
[2026-03-28T10:08:03.743] [INFO] [selfplay:2] [SelfPlay] 549/1000 (54%)  pos=51501  W/D/B=211/110/228  (38%/20%/41%)  d4/d7  51.9 games/s (avg 0.4)  969.2K nps  ETA 00:18:11
[2026-03-28T10:08:09.251] [INFO] [selfplay:2] [SelfPlay] 550/1000 (55%)  pos=51594  W/D/B=212/110/228  (38%/20%/41%)  d4/d7  48.0 games/s (avg 0.4)  970.7K nps  ETA 00:18:08
[2026-03-28T10:08:10.276] [INFO] [selfplay:2] [SelfPlay] 551/1000 (55%)  pos=51651  W/D/B=212/110/229  (38%/19%/41%)  d4/d7  44.4 games/s (avg 0.4)  972.6K nps  ETA 00:18:13
[2026-03-28T10:08:11.637] [INFO] [selfplay:2] [SelfPlay] 552/1000 (55%)  pos=51766  W/D/B=213/110/229  (38%/19%/41%)  d4/d7  41.1 games/s (avg 0.4)  975.2K nps  ETA 00:18:09
[2026-03-28T10:08:22.717] [INFO] [selfplay:2] [SelfPlay] 553/1000 (55%)  pos=51826  W/D/B=214/110/229  (38%/19%/41%)  d4/d7  38.0 games/s (avg 0.4)  977.9K nps  ETA 00:17:56
[2026-03-28T10:08:25.026] [INFO] [selfplay:2] [SelfPlay] 554/1000 (55%)  pos=51913  W/D/B=215/110/229  (38%/19%/41%)  d4/d7  35.2 games/s (avg 0.4)  981.0K nps  ETA 00:18:10
[2026-03-28T10:08:25.173] [INFO] [selfplay:2] [SelfPlay] 555/1000 (55%)  pos=51950  W/D/B=215/110/230  (38%/19%/41%)  d4/d7  32.5 games/s (avg 0.4)  981.8K nps  ETA 00:18:08
[2026-03-28T10:08:26.516] [INFO] [selfplay:2] [SelfPlay] 556/1000 (55%)  pos=52025  W/D/B=215/111/230  (38%/19%/41%)  d4/d7  28.7 games/s (avg 0.4)  983.7K nps  ETA 00:18:04
[2026-03-28T10:08:29.963] [INFO] [selfplay:2] [SelfPlay] 557/1000 (55%)  pos=52097  W/D/B=215/111/231  (38%/19%/41%)  d4/d7  26.5 games/s (avg 0.4)  986.3K nps  ETA 00:17:58
[2026-03-28T10:08:34.393] [INFO] [selfplay:2] [SelfPlay] 558/1000 (55%)  pos=52206  W/D/B=216/111/231  (38%/19%/41%)  d4/d7  24.5 games/s (avg 0.4)  989.0K nps  ETA 00:17:55
[2026-03-28T10:08:34.970] [INFO] [selfplay:2] [SelfPlay] 559/1000 (55%)  pos=52238  W/D/B=216/111/232  (38%/19%/41%)  d4/d7  22.7 games/s (avg 0.4)  990.7K nps  ETA 00:17:59
[2026-03-28T10:08:38.620] [INFO] [selfplay:2] [SelfPlay] 560/1000 (56%)  pos=52243  W/D/B=217/111/232  (38%/19%/41%)  d4/d7  21.0 games/s (avg 0.4)  990.3K nps  ETA 00:17:51
[2026-03-28T10:08:41.993] [INFO] [selfplay:2] [SelfPlay] 561/1000 (56%)  pos=52333  W/D/B=217/111/233  (38%/19%/41%)  d4/d7  19.4 games/s (avg 0.4)  992.0K nps  ETA 00:17:51
[2026-03-28T10:08:42.793] [INFO] [selfplay:2] [SelfPlay] 562/1000 (56%)  pos=52419  W/D/B=218/111/233  (38%/19%/41%)  d4/d7  18.0 games/s (avg 0.4)  995.0K nps  ETA 00:17:51
[2026-03-28T10:08:45.052] [INFO] [selfplay:2] [SelfPlay] 563/1000 (56%)  pos=52566  W/D/B=218/111/234  (38%/19%/41%)  d4/d7  16.6 games/s (avg 0.4)  996.7K nps  ETA 00:17:46
[2026-03-28T10:08:45.456] [INFO] [selfplay:2] [SelfPlay] 564/1000 (56%)  pos=52637  W/D/B=218/111/235  (38%/19%/41%)  d4/d7  15.4 games/s (avg 0.4)  997.9K nps  ETA 00:17:44
[2026-03-28T10:08:47.843] [INFO] [selfplay:2] [SelfPlay] 565/1000 (56%)  pos=52662  W/D/B=219/111/235  (38%/19%/41%)  d4/d7  13.4 games/s (avg 0.4)  998.6K nps  ETA 00:17:39
[2026-03-28T10:08:49.362] [INFO] [selfplay:2] [SelfPlay] 566/1000 (56%)  pos=52698  W/D/B=219/112/235  (38%/19%/41%)  d4/d7  12.4 games/s (avg 0.4)  999.3K nps  ETA 00:17:37
[2026-03-28T10:08:50.038] [INFO] [selfplay:2] [SelfPlay] 567/1000 (56%)  pos=52786  W/D/B=219/112/236  (38%/19%/41%)  d4/d7  11.5 games/s (avg 0.4)  1.0M nps  ETA 00:17:36
[2026-03-28T10:08:50.649] [INFO] [selfplay:2] [SelfPlay] 568/1000 (56%)  pos=52843  W/D/B=220/112/236  (38%/19%/41%)  d4/d7  10.0 games/s (avg 0.4)  1.0M nps  ETA 00:17:31
[2026-03-28T10:08:51.451] [INFO] [selfplay:2] [SelfPlay] 569/1000 (56%)  pos=53023  W/D/B=220/113/236  (38%/19%/41%)  d4/d7  8.7 games/s (avg 0.4)  1.0M nps  ETA 00:17:27
[2026-03-28T10:08:55.098] [INFO] [selfplay:2] [SelfPlay] 570/1000 (57%)  pos=53086  W/D/B=221/113/236  (38%/19%/41%)  d4/d7  7.6 games/s (avg 0.4)  1.0M nps  ETA 00:17:22
[2026-03-28T10:08:58.878] [INFO] [selfplay:2] [SelfPlay] 571/1000 (57%)  pos=53148  W/D/B=221/113/237  (38%/19%/41%)  d4/d7  7.0 games/s (avg 0.4)  1.0M nps  ETA 00:17:19
[2026-03-28T10:09:04.568] [INFO] [selfplay:2] [SelfPlay] 572/1000 (57%)  pos=53230  W/D/B=221/113/238  (38%/19%/41%)  d4/d7  6.5 games/s (avg 0.4)  1.0M nps  ETA 00:17:16
[2026-03-28T10:09:07.119] [INFO] [selfplay:2] [SelfPlay] 573/1000 (57%)  pos=53319  W/D/B=222/113/238  (38%/19%/41%)  d4/d7  6.0 games/s (avg 0.4)  1.0M nps  ETA 00:17:20
[2026-03-28T10:09:11.797] [INFO] [selfplay:2] [SelfPlay] 574/1000 (57%)  pos=53405  W/D/B=222/113/239  (38%/19%/41%)  d4/d7  5.6 games/s (avg 0.4)  1.0M nps  ETA 00:17:14
[2026-03-28T10:09:13.257] [INFO] [selfplay:2] [SelfPlay] 575/1000 (57%)  pos=53503  W/D/B=223/113/239  (38%/19%/41%)  d4/d7  5.2 games/s (avg 0.4)  1.0M nps  ETA 00:17:16
[2026-03-28T10:09:13.283] [INFO] [selfplay:2] [SelfPlay] 576/1000 (57%)  pos=53628  W/D/B=223/113/240  (38%/19%/41%)  d4/d7  4.5 games/s (avg 0.4)  1.0M nps  ETA 00:17:15
[2026-03-28T10:09:17.963] [INFO] [selfplay:2] [SelfPlay] 577/1000 (57%)  pos=53751  W/D/B=223/113/241  (38%/19%/41%)  d4/d7  9.6 games/s (avg 0.4)  1.0M nps  ETA 00:17:07
[2026-03-28T10:09:17.965] [INFO] [selfplay:2] [SelfPlay] 578/1000 (57%)  pos=53800  W/D/B=223/113/242  (38%/19%/41%)  d4/d7  8.9 games/s (avg 0.4)  1.0M nps  ETA 00:17:10
[2026-03-28T10:09:20.717] [INFO] [selfplay:2] [SelfPlay] 579/1000 (57%)  pos=53891  W/D/B=224/113/242  (38%/19%/41%)  d4/d7  75.6 games/s (avg 0.4)  1.0M nps  ETA 00:17:03
[2026-03-28T10:09:21.088] [INFO] [selfplay:2] [SelfPlay] 580/1000 (58%)  pos=53944  W/D/B=224/114/242  (38%/19%/41%)  d4/d7  70.0 games/s (avg 0.4)  1.0M nps  ETA 00:17:04
[2026-03-28T10:09:22.177] [INFO] [selfplay:2] [SelfPlay] 581/1000 (58%)  pos=54003  W/D/B=224/114/243  (38%/19%/41%)  d4/d7  64.7 games/s (avg 0.4)  1.0M nps  ETA 00:16:58
[2026-03-28T10:09:25.998] [INFO] [selfplay:2] [SelfPlay] 582/1000 (58%)  pos=54105  W/D/B=224/115/243  (38%/19%/41%)  d4/d7  59.9 games/s (avg 0.4)  1.0M nps  ETA 00:16:54
[2026-03-28T10:09:27.341] [INFO] [selfplay:2] [SelfPlay] 583/1000 (58%)  pos=54208  W/D/B=225/115/243  (38%/19%/41%)  d4/d7  55.4 games/s (avg 0.4)  1.0M nps  ETA 00:16:53
[2026-03-28T10:09:33.221] [INFO] [selfplay:2] [SelfPlay] 584/1000 (58%)  pos=54378  W/D/B=225/116/243  (38%/19%/41%)  d4/d7  51.2 games/s (avg 0.4)  1.0M nps  ETA 00:16:46
[2026-03-28T10:09:34.174] [INFO] [selfplay:2] [SelfPlay] 585/1000 (58%)  pos=54497  W/D/B=225/116/244  (38%/19%/41%)  d4/d7  47.4 games/s (avg 0.4)  1.0M nps  ETA 00:16:51
[2026-03-28T10:09:43.399] [INFO] [selfplay:2] [SelfPlay] 586/1000 (58%)  pos=54591  W/D/B=225/116/245  (38%/19%/41%)  d4/d7  43.8 games/s (avg 0.4)  1.0M nps  ETA 00:16:39
[2026-03-28T10:09:44.051] [INFO] [selfplay:2] [SelfPlay] 587/1000 (58%)  pos=54724  W/D/B=226/116/245  (38%/19%/41%)  d4/d7  40.5 games/s (avg 0.4)  1.0M nps  ETA 00:16:51
[2026-03-28T10:09:47.308] [INFO] [selfplay:2] [SelfPlay] 588/1000 (58%)  pos=54790  W/D/B=227/116/245  (38%/19%/41%)  d4/d7  37.5 games/s (avg 0.4)  1.0M nps  ETA 00:16:43
[2026-03-28T10:09:47.513] [INFO] [selfplay:2] [SelfPlay] 589/1000 (58%)  pos=54936  W/D/B=227/117/245  (38%/19%/41%)  d4/d7  34.7 games/s (avg 0.4)  1.0M nps  ETA 00:16:45
[2026-03-28T10:09:48.051] [INFO] [selfplay:2] [SelfPlay] 590/1000 (59%)  pos=55006  W/D/B=227/117/246  (38%/19%/41%)  d4/d7  30.2 games/s (avg 0.4)  1.0M nps  ETA 00:16:41
[2026-03-28T10:09:48.521] [INFO] [selfplay:2] [SelfPlay] 591/1000 (59%)  pos=55118  W/D/B=227/117/247  (38%/19%/41%)  d4/d7  28.0 games/s (avg 0.4)  1.0M nps  ETA 00:16:36
[2026-03-28T10:09:49.958] [INFO] [selfplay:2] [SelfPlay] 592/1000 (59%)  pos=55228  W/D/B=227/117/248  (38%/19%/41%)  d4/d7  25.9 games/s (avg 0.4)  1.0M nps  ETA 00:16:33
[2026-03-28T10:09:51.063] [INFO] [selfplay:2] [SelfPlay] 593/1000 (59%)  pos=55282  W/D/B=227/117/249  (38%/19%/41%)  d4/d7  23.9 games/s (avg 0.4)  1.0M nps  ETA 00:16:29
[2026-03-28T10:09:54.891] [INFO] [selfplay:2] [SelfPlay] 594/1000 (59%)  pos=55334  W/D/B=227/117/250  (38%/19%/42%)  d4/d7  22.1 games/s (avg 0.4)  1.0M nps  ETA 00:16:23
[2026-03-28T10:09:55.385] [INFO] [selfplay:2] [SelfPlay] 595/1000 (59%)  pos=55461  W/D/B=227/118/250  (38%/19%/42%)  d4/d7  20.5 games/s (avg 0.4)  1.0M nps  ETA 00:16:25
[2026-03-28T10:09:59.194] [INFO] [selfplay:2] [SelfPlay] 596/1000 (59%)  pos=55584  W/D/B=227/118/251  (38%/19%/42%)  d4/d7  18.9 games/s (avg 0.4)  1.0M nps  ETA 00:16:18
[2026-03-28T10:10:03.277] [INFO] [selfplay:2] [SelfPlay] 597/1000 (59%)  pos=55790  W/D/B=227/119/251  (38%/19%/42%)  d4/d7  17.5 games/s (avg 0.4)  1.0M nps  ETA 00:16:16
[2026-03-28T10:10:04.093] [INFO] [selfplay:2] [SelfPlay] 598/1000 (59%)  pos=56019  W/D/B=228/119/251  (38%/19%/41%)  d4/d7  16.2 games/s (avg 0.4)  1.0M nps  ETA 00:16:19
[2026-03-28T10:10:12.635] [INFO] [selfplay:2] [SelfPlay] 599/1000 (59%)  pos=56131  W/D/B=229/119/251  (38%/19%/41%)  d4/d7  15.0 games/s (avg 0.4)  1.0M nps  ETA 00:16:07
[2026-03-28T10:10:16.144] [INFO] [selfplay:2] [SelfPlay] 600/1000 (60%)  pos=56240  W/D/B=229/120/251  (38%/20%/41%)  d4/d7  13.9 games/s (avg 0.4)  1.0M nps  ETA 00:16:14
[2026-03-28T10:10:18.102] [INFO] [selfplay:2] [SelfPlay] 601/1000 (60%)  pos=56292  W/D/B=230/120/251  (38%/19%/41%)  d4/d7  12.8 games/s (avg 0.4)  1.0M nps  ETA 00:16:13
[2026-03-28T10:10:18.790] [INFO] [selfplay:2] [SelfPlay] 602/1000 (60%)  pos=56357  W/D/B=230/120/252  (38%/19%/41%)  d4/d7  11.9 games/s (avg 0.4)  1.1M nps  ETA 00:16:12
[2026-03-28T10:10:20.290] [INFO] [selfplay:2] [SelfPlay] 603/1000 (60%)  pos=56506  W/D/B=231/120/252  (38%/19%/41%)  d4/d7  10.3 games/s (avg 0.4)  1.1M nps  ETA 00:16:07
[2026-03-28T10:10:20.881] [INFO] [selfplay:2] [SelfPlay] 604/1000 (60%)  pos=56605  W/D/B=232/120/252  (38%/19%/41%)  d4/d7  9.5 games/s (avg 0.4)  1.1M nps  ETA 00:16:06
[2026-03-28T10:10:29.907] [INFO] [selfplay:2] [SelfPlay] 605/1000 (60%)  pos=56657  W/D/B=232/120/253  (38%/19%/41%)  d4/d7  8.3 games/s (avg 0.4)  1.1M nps  ETA 00:15:53
[2026-03-28T10:10:32.479] [INFO] [selfplay:2] [SelfPlay] 606/1000 (60%)  pos=56758  W/D/B=233/120/253  (38%/19%/41%)  d4/d7  7.7 games/s (avg 0.4)  1.1M nps  ETA 00:16:01
[2026-03-28T10:10:35.873] [INFO] [selfplay:2] [SelfPlay] 607/1000 (60%)  pos=56786  W/D/B=234/120/253  (38%/19%/41%)  d4/d7  7.1 games/s (avg 0.4)  1.1M nps  ETA 00:15:59
[2026-03-28T10:10:37.651] [INFO] [selfplay:2] [SelfPlay] 608/1000 (60%)  pos=56910  W/D/B=234/120/254  (38%/19%/41%)  d4/d7  6.6 games/s (avg 0.4)  1.1M nps  ETA 00:15:58
[2026-03-28T10:10:43.406] [INFO] [selfplay:2] [SelfPlay] 609/1000 (60%)  pos=57031  W/D/B=234/121/254  (38%/19%/41%)  d4/d7  6.1 games/s (avg 0.4)  1.1M nps  ETA 00:15:51
[2026-03-28T10:10:47.934] [INFO] [selfplay:2] [SelfPlay] 610/1000 (61%)  pos=57089  W/D/B=235/121/254  (38%/19%/41%)  d4/d7  5.7 games/s (avg 0.4)  1.1M nps  ETA 00:15:53
[2026-03-28T10:10:49.834] [INFO] [selfplay:2] [SelfPlay] 611/1000 (61%)  pos=57242  W/D/B=235/122/254  (38%/19%/41%)  d4/d7  5.2 games/s (avg 0.4)  1.1M nps  ETA 00:15:54
[2026-03-28T10:10:54.204] [INFO] [selfplay:2] [SelfPlay] 612/1000 (61%)  pos=57480  W/D/B=236/122/254  (38%/19%/41%)  d4/d7  4.5 games/s (avg 0.4)  1.1M nps  ETA 00:15:48
[2026-03-28T10:10:55.157] [INFO] [selfplay:2] [SelfPlay] 613/1000 (61%)  pos=57599  W/D/B=236/122/255  (38%/19%/41%)  d4/d7  4.2 games/s (avg 0.4)  1.1M nps  ETA 00:15:51
[2026-03-28T10:10:56.001] [INFO] [selfplay:2] [SelfPlay] 614/1000 (61%)  pos=57656  W/D/B=236/122/256  (38%/19%/41%)  d4/d7  3.7 games/s (avg 0.4)  1.1M nps  ETA 00:15:48
[2026-03-28T10:10:58.005] [INFO] [selfplay:2] [SelfPlay] 615/1000 (61%)  pos=57799  W/D/B=237/122/256  (38%/19%/41%)  d4/d7  3.3 games/s (avg 0.4)  1.1M nps  ETA 00:15:43
[2026-03-28T10:11:00.751] [INFO] [selfplay:2] [SelfPlay] 616/1000 (61%)  pos=57880  W/D/B=237/123/256  (38%/19%/41%)  d4/d7  2.9 games/s (avg 0.4)  1.1M nps  ETA 00:15:39
[2026-03-28T10:11:00.979] [INFO] [selfplay:2] [SelfPlay] 617/1000 (61%)  pos=57936  W/D/B=237/123/257  (38%/19%/41%)  d4/d7  2.5 games/s (avg 0.4)  1.1M nps  ETA 00:15:40
[2026-03-28T10:11:09.149] [INFO] [selfplay:2] [SelfPlay] 618/1000 (61%)  pos=58088  W/D/B=238/123/257  (38%/19%/41%)  d4/d7  2.8 games/s (avg 0.4)  1.1M nps  ETA 00:15:28
[2026-03-28T10:11:20.140] [INFO] [selfplay:2] [SelfPlay] 619/1000 (61%)  pos=58221  W/D/B=239/123/257  (38%/19%/41%)  d4/d7  2.6 games/s (avg 0.4)  1.1M nps  ETA 00:15:26
[2026-03-28T10:11:23.092] [INFO] [selfplay:2] [SelfPlay] 620/1000 (62%)  pos=58298  W/D/B=239/123/258  (38%/19%/41%)  d4/d7  2.4 games/s (avg 0.4)  1.1M nps  ETA 00:15:37
[2026-03-28T10:11:26.932] [INFO] [selfplay:2] [SelfPlay] 621/1000 (62%)  pos=58359  W/D/B=240/123/258  (38%/19%/41%)  d4/d7  2.1 games/s (avg 0.4)  1.1M nps  ETA 00:15:34
[2026-03-28T10:11:28.048] [INFO] [selfplay:2] [SelfPlay] 622/1000 (62%)  pos=58599  W/D/B=240/124/258  (38%/19%/41%)  d4/d7  1.8 games/s (avg 0.4)  1.1M nps  ETA 00:15:35
[2026-03-28T10:11:31.374] [INFO] [selfplay:2] [SelfPlay] 623/1000 (62%)  pos=58655  W/D/B=240/124/259  (38%/19%/41%)  d4/d7  1.7 games/s (avg 0.4)  1.1M nps  ETA 00:15:29
[2026-03-28T10:11:32.100] [INFO] [selfplay:2] [SelfPlay] 624/1000 (62%)  pos=58762  W/D/B=241/124/259  (38%/19%/41%)  d4/d7  1.5 games/s (avg 0.4)  1.1M nps  ETA 00:15:31
[2026-03-28T10:11:32.856] [INFO] [selfplay:2] [SelfPlay] 625/1000 (62%)  pos=58863  W/D/B=241/125/259  (38%/20%/41%)  d4/d7  1.5 games/s (avg 0.4)  1.1M nps  ETA 00:15:26
[2026-03-28T10:11:33.829] [INFO] [selfplay:2] [SelfPlay] 626/1000 (62%)  pos=58982  W/D/B=242/125/259  (38%/19%/41%)  d4/d7  1.4 games/s (avg 0.4)  1.1M nps  ETA 00:15:23
[2026-03-28T10:11:38.890] [INFO] [selfplay:2] [SelfPlay] 627/1000 (62%)  pos=59064  W/D/B=242/126/259  (38%/20%/41%)  d4/d7  1.4 games/s (avg 0.4)  1.1M nps  ETA 00:15:15
[2026-03-28T10:11:39.845] [INFO] [selfplay:2] [SelfPlay] 628/1000 (62%)  pos=59148  W/D/B=242/126/260  (38%/20%/41%)  d4/d7  1.2 games/s (avg 0.4)  1.1M nps  ETA 00:15:18
[2026-03-28T10:11:40.262] [INFO] [selfplay:2] [SelfPlay] 629/1000 (62%)  pos=59298  W/D/B=242/126/261  (38%/20%/41%)  d4/d7  1.2 games/s (avg 0.4)  1.1M nps  ETA 00:15:15
[2026-03-28T10:11:40.427] [INFO] [selfplay:2] [SelfPlay] 630/1000 (63%)  pos=59419  W/D/B=242/126/262  (38%/20%/41%)  d4/d7  1.4 games/s (avg 0.4)  1.1M nps  ETA 00:15:12
[2026-03-28T10:11:41.126] [INFO] [selfplay:2] [SelfPlay] 631/1000 (63%)  pos=59527  W/D/B=242/127/262  (38%/20%/41%)  d4/d7  2.1 games/s (avg 0.4)  1.1M nps  ETA 00:15:08
[2026-03-28T10:11:47.023] [INFO] [selfplay:2] [SelfPlay] 632/1000 (63%)  pos=59617  W/D/B=243/127/262  (38%/20%/41%)  d4/d7  2.0 games/s (avg 0.4)  1.1M nps  ETA 00:14:59
[2026-03-28T10:11:53.550] [INFO] [selfplay:2] [SelfPlay] 633/1000 (63%)  pos=59733  W/D/B=243/127/263  (38%/20%/41%)  d4/d7  1.8 games/s (avg 0.4)  1.1M nps  ETA 00:14:57
[2026-03-28T10:11:57.053] [INFO] [selfplay:2] [SelfPlay] 634/1000 (63%)  pos=59838  W/D/B=243/127/264  (38%/20%/41%)  d4/d7  1.7 games/s (avg 0.4)  1.1M nps  ETA 00:15:01
[2026-03-28T10:11:58.993] [INFO] [selfplay:2] [SelfPlay] 635/1000 (63%)  pos=59867  W/D/B=244/127/264  (38%/20%/41%)  d4/d7  1.5 games/s (avg 0.4)  1.1M nps  ETA 00:15:00
[2026-03-28T10:12:00.365] [INFO] [selfplay:2] [SelfPlay] 636/1000 (63%)  pos=59975  W/D/B=245/127/264  (38%/19%/41%)  d4/d7  1.3 games/s (avg 0.4)  1.1M nps  ETA 00:14:58
[2026-03-28T10:12:02.692] [INFO] [selfplay:2] [SelfPlay] 637/1000 (63%)  pos=60037  W/D/B=245/128/264  (38%/20%/41%)  d4/d7  1.2 games/s (avg 0.4)  1.1M nps  ETA 00:14:55
[2026-03-28T10:12:06.957] [INFO] [selfplay:2] [SelfPlay] 638/1000 (63%)  pos=60277  W/D/B=245/129/264  (38%/20%/41%)  d4/d7  1.1 games/s (avg 0.4)  1.1M nps  ETA 00:14:50
[2026-03-28T10:12:09.761] [INFO] [selfplay:2] [SelfPlay] 639/1000 (63%)  pos=60350  W/D/B=245/130/264  (38%/20%/41%)  d4/d7  1.0 games/s (avg 0.4)  1.1M nps  ETA 00:14:50
[2026-03-28T10:12:20.549] [INFO] [selfplay:2] [SelfPlay] 640/1000 (64%)  pos=60515  W/D/B=246/130/264  (38%/20%/41%)  d4/d7  0.9 games/s (avg 0.4)  1.1M nps  ETA 00:14:39
[2026-03-28T10:12:22.723] [INFO] [selfplay:2] [SelfPlay] 641/1000 (64%)  pos=60589  W/D/B=247/130/264  (38%/20%/41%)  d4/d7  0.8 games/s (avg 0.4)  1.1M nps  ETA 00:14:50
[2026-03-28T10:12:28.018] [INFO] [selfplay:2] [SelfPlay] 642/1000 (64%)  pos=60654  W/D/B=248/130/264  (38%/20%/41%)  d4/d7  0.7 games/s (avg 0.4)  1.1M nps  ETA 00:14:45
[2026-03-28T10:12:34.791] [INFO] [selfplay:2] [SelfPlay] 643/1000 (64%)  pos=60705  W/D/B=248/130/265  (38%/20%/41%)  d4/d7  0.6 games/s (avg 0.4)  1.1M nps  ETA 00:14:42
[2026-03-28T10:12:38.529] [INFO] [selfplay:2] [SelfPlay] 644/1000 (64%)  pos=60833  W/D/B=248/130/266  (38%/20%/41%)  d4/d7  0.6 games/s (avg 0.4)  1.1M nps  ETA 00:14:45
[2026-03-28T10:12:38.999] [INFO] [selfplay:2] [SelfPlay] 645/1000 (64%)  pos=60879  W/D/B=248/130/267  (38%/20%/41%)  d4/d7  0.5 games/s (avg 0.4)  1.0M nps  ETA 00:14:47
[2026-03-28T10:12:41.275] [INFO] [selfplay:2] [SelfPlay] 646/1000 (64%)  pos=61016  W/D/B=248/130/268  (38%/20%/41%)  d4/d7  0.8 games/s (avg 0.4)  1.1M nps  ETA 00:14:40
[2026-03-28T10:12:46.812] [INFO] [selfplay:2] [SelfPlay] 647/1000 (64%)  pos=61078  W/D/B=248/131/268  (38%/20%/41%)  d4/d7  0.7 games/s (avg 0.4)  1.1M nps  ETA 00:14:36
[2026-03-28T10:12:47.894] [INFO] [selfplay:2] [SelfPlay] 648/1000 (64%)  pos=61167  W/D/B=249/131/268  (38%/20%/41%)  d4/d7  0.6 games/s (avg 0.4)  1.0M nps  ETA 00:14:39
[2026-03-28T10:12:47.967] [INFO] [selfplay:2] [SelfPlay] 649/1000 (64%)  pos=61244  W/D/B=249/131/269  (38%/20%/41%)  d4/d7  0.7 games/s (avg 0.4)  1.1M nps  ETA 00:14:37
[2026-03-28T10:12:48.421] [INFO] [selfplay:2] [SelfPlay] 650/1000 (65%)  pos=61481  W/D/B=249/132/269  (38%/20%/41%)  d4/d7  2.6 games/s (avg 0.4)  1.1M nps  ETA 00:14:32
[2026-03-28T10:12:51.295] [INFO] [selfplay:2] [SelfPlay] 651/1000 (65%)  pos=61535  W/D/B=250/132/269  (38%/20%/41%)  d4/d7  2.6 games/s (avg 0.4)  1.1M nps  ETA 00:14:26
[2026-03-28T10:12:54.782] [INFO] [selfplay:2] [SelfPlay] 652/1000 (65%)  pos=61688  W/D/B=250/133/269  (38%/20%/41%)  d4/d7  2.2 games/s (avg 0.4)  1.1M nps  ETA 00:14:24
[2026-03-28T10:12:55.924] [INFO] [selfplay:2] [SelfPlay] 653/1000 (65%)  pos=61767  W/D/B=251/133/269  (38%/20%/41%)  d4/d7  1.9 games/s (avg 0.4)  1.1M nps  ETA 00:14:24
[2026-03-28T10:12:56.660] [INFO] [selfplay:2] [SelfPlay] 654/1000 (65%)  pos=61785  W/D/B=252/133/269  (38%/20%/41%)  d4/d7  1.8 games/s (avg 0.4)  1.1M nps  ETA 00:14:21
[2026-03-28T10:12:57.035] [INFO] [selfplay:2] [SelfPlay] 655/1000 (65%)  pos=61898  W/D/B=252/133/270  (38%/20%/41%)  d4/d7  1.7 games/s (avg 0.4)  1.1M nps  ETA 00:14:18
[2026-03-28T10:13:02.537] [INFO] [selfplay:2] [SelfPlay] 656/1000 (65%)  pos=62002  W/D/B=253/133/270  (38%/20%/41%)  d4/d7  1.9 games/s (avg 0.4)  1.1M nps  ETA 00:14:09
[2026-03-28T10:13:08.994] [INFO] [selfplay:2] [SelfPlay] 657/1000 (65%)  pos=62099  W/D/B=253/133/271  (38%/20%/41%)  d4/d7  1.7 games/s (avg 0.4)  1.1M nps  ETA 00:14:08
[2026-03-28T10:13:10.266] [INFO] [selfplay:2] [SelfPlay] 658/1000 (65%)  pos=62135  W/D/B=253/134/271  (38%/20%/41%)  d4/d7  1.6 games/s (avg 0.4)  1.1M nps  ETA 00:14:11
[2026-03-28T10:13:18.377] [INFO] [selfplay:2] [SelfPlay] 659/1000 (65%)  pos=62154  W/D/B=253/135/271  (38%/20%/41%)  d4/d7  1.5 games/s (avg 0.4)  1.1M nps  ETA 00:14:02
[2026-03-28T10:13:19.625] [INFO] [selfplay:2] [SelfPlay] 660/1000 (66%)  pos=62238  W/D/B=253/136/271  (38%/20%/41%)  d4/d7  1.4 games/s (avg 0.4)  1.1M nps  ETA 00:14:10
[2026-03-28T10:13:22.340] [INFO] [selfplay:2] [SelfPlay] 661/1000 (66%)  pos=62336  W/D/B=253/136/272  (38%/20%/41%)  d4/d7  1.3 games/s (avg 0.4)  1.1M nps  ETA 00:14:05
[2026-03-28T10:13:30.220] [INFO] [selfplay:2] [SelfPlay] 662/1000 (66%)  pos=62401  W/D/B=254/136/272  (38%/20%/41%)  d4/d7  1.1 games/s (avg 0.4)  1.1M nps  ETA 00:13:57
[2026-03-28T10:13:35.163] [INFO] [selfplay:2] [SelfPlay] 663/1000 (66%)  pos=62511  W/D/B=255/136/272  (38%/20%/41%)  d4/d7  1.0 games/s (avg 0.4)  1.0M nps  ETA 00:14:00
[2026-03-28T10:13:36.470] [INFO] [selfplay:2] [SelfPlay] 664/1000 (66%)  pos=62539  W/D/B=255/136/273  (38%/20%/41%)  d4/d7  0.9 games/s (avg 0.4)  1.0M nps  ETA 00:14:03
[2026-03-28T10:13:36.868] [INFO] [selfplay:2] [SelfPlay] 665/1000 (66%)  pos=62628  W/D/B=256/136/273  (38%/20%/41%)  d4/d7  0.9 games/s (avg 0.4)  1.0M nps  ETA 00:14:01
[2026-03-28T10:13:38.896] [INFO] [selfplay:2] [SelfPlay] 666/1000 (66%)  pos=62699  W/D/B=256/136/274  (38%/20%/41%)  d4/d7  1.1 games/s (avg 0.4)  1.0M nps  ETA 00:13:55
[2026-03-28T10:13:38.988] [INFO] [selfplay:2] [SelfPlay] 667/1000 (66%)  pos=62828  W/D/B=256/136/275  (38%/20%/41%)  d4/d7  1.0 games/s (avg 0.4)  1.0M nps  ETA 00:13:55
[2026-03-28T10:13:40.241] [INFO] [selfplay:2] [SelfPlay] 668/1000 (66%)  pos=63068  W/D/B=256/137/275  (38%/20%/41%)  d4/d7  2.5 games/s (avg 0.4)  1.0M nps  ETA 00:13:49
[2026-03-28T10:13:40.290] [INFO] [selfplay:2] [SelfPlay] 669/1000 (66%)  pos=63089  W/D/B=256/137/276  (38%/20%/41%)  d4/d7  2.2 games/s (avg 0.4)  1.0M nps  ETA 00:13:48
[2026-03-28T10:13:43.500] [INFO] [selfplay:2] [SelfPlay] 670/1000 (67%)  pos=63116  W/D/B=256/137/277  (38%/20%/41%)  d4/d7  5.0 games/s (avg 0.4)  1.0M nps  ETA 00:13:41
[2026-03-28T10:13:45.086] [INFO] [selfplay:2] [SelfPlay] 671/1000 (67%)  pos=63233  W/D/B=257/137/277  (38%/20%/41%)  d4/d7  4.6 games/s (avg 0.4)  1.1M nps  ETA 00:13:41
[2026-03-28T10:13:45.536] [INFO] [selfplay:2] [SelfPlay] 672/1000 (67%)  pos=63238  W/D/B=257/137/278  (38%/20%/41%)  d4/d7  4.0 games/s (avg 0.4)  1.0M nps  ETA 00:13:38
[2026-03-28T10:13:47.757] [INFO] [selfplay:2] [SelfPlay] 673/1000 (67%)  pos=63358  W/D/B=258/137/278  (38%/20%/41%)  d4/d7  3.7 games/s (avg 0.4)  1.1M nps  ETA 00:13:33
[2026-03-28T10:13:55.347] [INFO] [selfplay:2] [SelfPlay] 674/1000 (67%)  pos=63454  W/D/B=259/137/278  (38%/20%/41%)  d4/d7  3.2 games/s (avg 0.4)  1.1M nps  ETA 00:13:25
[2026-03-28T10:14:00.896] [INFO] [selfplay:2] [SelfPlay] 675/1000 (67%)  pos=63694  W/D/B=259/138/278  (38%/20%/41%)  d4/d7  3.0 games/s (avg 0.4)  1.1M nps  ETA 00:13:28
[2026-03-28T10:14:03.402] [INFO] [selfplay:2] [SelfPlay] 676/1000 (67%)  pos=63781  W/D/B=259/139/278  (38%/20%/41%)  d4/d7  2.8 games/s (avg 0.4)  1.1M nps  ETA 00:13:29
[2026-03-28T10:14:04.073] [INFO] [selfplay:2] [SelfPlay] 677/1000 (67%)  pos=63904  W/D/B=260/139/278  (38%/20%/41%)  d4/d7  2.4 games/s (avg 0.4)  1.1M nps  ETA 00:13:29
[2026-03-28T10:14:07.005] [INFO] [selfplay:2] [SelfPlay] 678/1000 (67%)  pos=63942  W/D/B=260/139/279  (38%/20%/41%)  d4/d7  2.3 games/s (avg 0.4)  1.1M nps  ETA 00:13:23
[2026-03-28T10:14:07.724] [INFO] [selfplay:2] [SelfPlay] 679/1000 (67%)  pos=63950  W/D/B=260/139/280  (38%/20%/41%)  d4/d7  2.0 games/s (avg 0.4)  1.1M nps  ETA 00:13:23
[2026-03-28T10:14:08.243] [INFO] [selfplay:2] [SelfPlay] 680/1000 (68%)  pos=64030  W/D/B=260/139/281  (38%/20%/41%)  d4/d7  1.9 games/s (avg 0.4)  1.1M nps  ETA 00:13:19
[2026-03-28T10:14:08.648] [INFO] [selfplay:2] [SelfPlay] 681/1000 (68%)  pos=64155  W/D/B=261/139/281  (38%/20%/41%)  d4/d7  1.9 games/s (avg 0.4)  1.1M nps  ETA 00:13:17
[2026-03-28T10:14:10.780] [INFO] [selfplay:2] [SelfPlay] 682/1000 (68%)  pos=64194  W/D/B=261/140/281  (38%/20%/41%)  d4/d7  2.0 games/s (avg 0.4)  1.1M nps  ETA 00:13:11
[2026-03-28T10:14:10.874] [INFO] [selfplay:2] [SelfPlay] 683/1000 (68%)  pos=64243  W/D/B=261/141/281  (38%/20%/41%)  d4/d7  1.8 games/s (avg 0.4)  1.1M nps  ETA 00:13:11
[2026-03-28T10:14:13.349] [INFO] [selfplay:2] [SelfPlay] 684/1000 (68%)  pos=64375  W/D/B=261/141/282  (38%/20%/41%)  d4/d7  3.1 games/s (avg 0.4)  1.1M nps  ETA 00:13:04
[2026-03-28T10:14:13.703] [INFO] [selfplay:2] [SelfPlay] 685/1000 (68%)  pos=64448  W/D/B=262/141/282  (38%/20%/41%)  d4/d7  2.7 games/s (avg 0.4)  1.1M nps  ETA 00:13:05
[2026-03-28T10:14:14.035] [INFO] [selfplay:2] [SelfPlay] 686/1000 (68%)  pos=64551  W/D/B=262/142/282  (38%/20%/41%)  d4/d7  2.7 games/s (avg 0.4)  1.1M nps  ETA 00:13:01
[2026-03-28T10:14:16.260] [INFO] [selfplay:2] [SelfPlay] 687/1000 (68%)  pos=64639  W/D/B=263/142/282  (38%/20%/41%)  d4/d7  2.8 games/s (avg 0.4)  1.1M nps  ETA 00:12:55
[2026-03-28T10:14:18.934] [INFO] [selfplay:2] [SelfPlay] 688/1000 (68%)  pos=64690  W/D/B=264/142/282  (38%/20%/40%)  d4/d7  2.4 games/s (avg 0.4)  1.1M nps  ETA 00:12:53
[2026-03-28T10:14:22.552] [INFO] [selfplay:2] [SelfPlay] 689/1000 (68%)  pos=64824  W/D/B=264/143/282  (38%/20%/40%)  d4/d7  2.1 games/s (avg 0.4)  1.1M nps  ETA 00:12:49
[2026-03-28T10:14:24.052] [INFO] [selfplay:2] [SelfPlay] 690/1000 (69%)  pos=64894  W/D/B=264/144/282  (38%/20%/40%)  d4/d7  1.8 games/s (avg 0.4)  1.0M nps  ETA 00:12:50
[2026-03-28T10:14:26.940] [INFO] [selfplay:2] [SelfPlay] 691/1000 (69%)  pos=64987  W/D/B=264/144/283  (38%/20%/40%)  d4/d7  1.7 games/s (avg 0.4)  1.0M nps  ETA 00:12:45
[2026-03-28T10:14:27.666] [INFO] [selfplay:2] [SelfPlay] 692/1000 (69%)  pos=65104  W/D/B=265/144/283  (38%/20%/40%)  d4/d7  1.5 games/s (avg 0.4)  1.0M nps  ETA 00:12:44
[2026-03-28T10:14:40.234] [INFO] [selfplay:2] [SelfPlay] 693/1000 (69%)  pos=65142  W/D/B=265/144/284  (38%/20%/40%)  d4/d7  1.4 games/s (avg 0.4)  1.0M nps  ETA 00:12:29
[2026-03-28T10:14:42.942] [INFO] [selfplay:2] [SelfPlay] 694/1000 (69%)  pos=65228  W/D/B=265/145/284  (38%/20%/40%)  d4/d7  1.3 games/s (avg 0.4)  1.0M nps  ETA 00:12:42
[2026-03-28T10:14:45.381] [INFO] [selfplay:2] [SelfPlay] 695/1000 (69%)  pos=65281  W/D/B=265/146/284  (38%/21%/40%)  d4/d7  1.2 games/s (avg 0.4)  1.0M nps  ETA 00:12:39
[2026-03-28T10:14:45.844] [INFO] [selfplay:2] [SelfPlay] 696/1000 (69%)  pos=65309  W/D/B=266/146/284  (38%/20%/40%)  d4/d7  1.1 games/s (avg 0.4)  1.0M nps  ETA 00:12:39
[2026-03-28T10:14:47.089] [INFO] [selfplay:2] [SelfPlay] 697/1000 (69%)  pos=65358  W/D/B=267/146/284  (38%/20%/40%)  d4/d7  1.2 games/s (avg 0.4)  1.0M nps  ETA 00:12:35
[2026-03-28T10:14:49.001] [INFO] [selfplay:2] [SelfPlay] 698/1000 (69%)  pos=65473  W/D/B=267/146/285  (38%/20%/40%)  d4/d7  1.2 games/s (avg 0.4)  1.0M nps  ETA 00:12:31
[2026-03-28T10:14:51.856] [INFO] [selfplay:2] [SelfPlay] 699/1000 (69%)  pos=65588  W/D/B=267/146/286  (38%/20%/40%)  d4/d7  1.1 games/s (avg 0.4)  1.0M nps  ETA 00:12:27
[2026-03-28T10:14:53.310] [INFO] [selfplay:2] [SelfPlay] 700/1000 (70%)  pos=65651  W/D/B=267/146/287  (38%/20%/41%)  d4/d7  1.0 games/s (avg 0.4)  1.0M nps  ETA 00:12:26
[2026-03-28T10:14:53.571] [INFO] [selfplay:2] [SelfPlay] 701/1000 (70%)  pos=65755  W/D/B=267/146/288  (38%/20%/41%)  d4/d7  0.9 games/s (avg 0.4)  1.0M nps  ETA 00:12:25
[2026-03-28T10:15:00.195] [INFO] [selfplay:2] [SelfPlay] 702/1000 (70%)  pos=65764  W/D/B=268/146/288  (38%/20%/41%)  d4/d7  1.4 games/s (avg 0.4)  1.0M nps  ETA 00:12:14
[2026-03-28T10:15:00.685] [INFO] [selfplay:2] [SelfPlay] 703/1000 (70%)  pos=65860  W/D/B=269/146/288  (38%/20%/40%)  d4/d7  1.2 games/s (avg 0.4)  1.0M nps  ETA 00:12:21
[2026-03-28T10:15:01.817] [INFO] [selfplay:2] [SelfPlay] 704/1000 (70%)  pos=66001  W/D/B=270/146/288  (38%/20%/40%)  d4/d7  1.3 games/s (avg 0.4)  1.0M nps  ETA 00:12:16
[2026-03-28T10:15:05.275] [INFO] [selfplay:2] [SelfPlay] 705/1000 (70%)  pos=66068  W/D/B=271/146/288  (38%/20%/40%)  d4/d7  1.2 games/s (avg 0.4)  1.0M nps  ETA 00:12:10
[2026-03-28T10:15:08.284] [INFO] [selfplay:2] [SelfPlay] 706/1000 (70%)  pos=66142  W/D/B=271/146/289  (38%/20%/40%)  d4/d7  1.1 games/s (avg 0.4)  1.0M nps  ETA 00:12:09
[2026-03-28T10:15:08.746] [INFO] [selfplay:2] [SelfPlay] 707/1000 (70%)  pos=66228  W/D/B=272/146/289  (38%/20%/40%)  d4/d7  1.0 games/s (avg 0.4)  1.0M nps  ETA 00:12:10
[2026-03-28T10:15:13.301] [INFO] [selfplay:2] [SelfPlay] 708/1000 (70%)  pos=66429  W/D/B=272/146/290  (38%/20%/40%)  d4/d7  1.2 games/s (avg 0.4)  1.0M nps  ETA 00:12:01
[2026-03-28T10:15:21.378] [INFO] [selfplay:2] [SelfPlay] 709/1000 (70%)  pos=66622  W/D/B=273/146/290  (38%/20%/40%)  d4/d7  1.0 games/s (avg 0.4)  1.0M nps  ETA 00:11:57
[2026-03-28T10:15:25.743] [INFO] [selfplay:2] [SelfPlay] 710/1000 (71%)  pos=66742  W/D/B=273/146/291  (38%/20%/40%)  d4/d7  0.9 games/s (avg 0.4)  1.0M nps  ETA 00:12:01
[2026-03-28T10:15:26.769] [INFO] [selfplay:2] [SelfPlay] 711/1000 (71%)  pos=66825  W/D/B=273/146/292  (38%/20%/41%)  d4/d7  0.8 games/s (avg 0.4)  1.0M nps  ETA 00:12:02
[2026-03-28T10:15:29.908] [INFO] [selfplay:2] [SelfPlay] 712/1000 (71%)  pos=66936  W/D/B=274/146/292  (38%/20%/41%)  d4/d7  0.8 games/s (avg 0.4)  1.0M nps  ETA 00:11:57
[2026-03-28T10:15:34.584] [INFO] [selfplay:2] [SelfPlay] 713/1000 (71%)  pos=67006  W/D/B=274/146/293  (38%/20%/41%)  d4/d7  0.7 games/s (avg 0.4)  1.0M nps  ETA 00:11:53
[2026-03-28T10:15:36.239] [INFO] [selfplay:2] [SelfPlay] 714/1000 (71%)  pos=67065  W/D/B=275/146/293  (38%/20%/41%)  d4/d7  0.7 games/s (avg 0.4)  1.0M nps  ETA 00:11:54
[2026-03-28T10:15:38.516] [INFO] [selfplay:2] [SelfPlay] 715/1000 (71%)  pos=67118  W/D/B=276/146/293  (38%/20%/40%)  d4/d7  0.7 games/s (avg 0.4)  1.0M nps  ETA 00:11:51
[2026-03-28T10:15:39.084] [INFO] [selfplay:2] [SelfPlay] 716/1000 (71%)  pos=67274  W/D/B=276/146/294  (38%/20%/41%)  d4/d7  0.6 games/s (avg 0.4)  1.0M nps  ETA 00:11:50
[2026-03-28T10:15:42.148] [INFO] [selfplay:2] [SelfPlay] 717/1000 (71%)  pos=67347  W/D/B=277/146/294  (38%/20%/41%)  d4/d7  0.8 games/s (avg 0.4)  1.0M nps  ETA 00:11:44
[2026-03-28T10:15:42.867] [INFO] [selfplay:2] [SelfPlay] 718/1000 (71%)  pos=67420  W/D/B=278/146/294  (38%/20%/40%)  d4/d7  0.7 games/s (avg 0.4)  1.0M nps  ETA 00:11:44
[2026-03-28T10:15:46.222] [INFO] [selfplay:2] [SelfPlay] 719/1000 (71%)  pos=67479  W/D/B=279/146/294  (38%/20%/40%)  d4/d7  0.8 games/s (avg 0.4)  1.0M nps  ETA 00:11:38
[2026-03-28T10:15:51.010] [INFO] [selfplay:2] [SelfPlay] 720/1000 (72%)  pos=67564  W/D/B=279/146/295  (38%/20%/40%)  d4/d7  0.7 games/s (avg 0.4)  1.0M nps  ETA 00:11:36
[2026-03-28T10:15:51.298] [INFO] [selfplay:2] [SelfPlay] 721/1000 (72%)  pos=67736  W/D/B=280/146/295  (38%/20%/40%)  d4/d7  0.7 games/s (avg 0.4)  1.0M nps  ETA 00:11:37
[2026-03-28T10:15:51.992] [INFO] [selfplay:2] [SelfPlay] 722/1000 (72%)  pos=67772  W/D/B=281/146/295  (38%/20%/40%)  d4/d7  1.1 games/s (avg 0.4)  1.0M nps  ETA 00:11:35
[2026-03-28T10:15:55.375] [INFO] [selfplay:2] [SelfPlay] 723/1000 (72%)  pos=67858  W/D/B=281/146/296  (38%/20%/40%)  d4/d7  1.1 games/s (avg 0.4)  1.0M nps  ETA 00:11:27
[2026-03-28T10:16:01.622] [INFO] [selfplay:2] [SelfPlay] 724/1000 (72%)  pos=67949  W/D/B=282/146/296  (38%/20%/40%)  d4/d7  1.0 games/s (avg 0.4)  1.0M nps  ETA 00:11:23
[2026-03-28T10:16:05.329] [INFO] [selfplay:2] [SelfPlay] 725/1000 (72%)  pos=68055  W/D/B=282/146/297  (38%/20%/40%)  d4/d7  0.9 games/s (avg 0.4)  1.0M nps  ETA 00:11:24
[2026-03-28T10:16:06.360] [INFO] [selfplay:2] [SelfPlay] 726/1000 (72%)  pos=68072  W/D/B=282/146/298  (38%/20%/41%)  d4/d7  0.8 games/s (avg 0.4)  1.0M nps  ETA 00:11:25
[2026-03-28T10:16:06.693] [INFO] [selfplay:2] [SelfPlay] 727/1000 (72%)  pos=68144  W/D/B=283/146/298  (38%/20%/40%)  d4/d7  0.8 games/s (avg 0.4)  1.0M nps  ETA 00:11:23
[2026-03-28T10:16:08.603] [INFO] [selfplay:2] [SelfPlay] 728/1000 (72%)  pos=68218  W/D/B=284/146/298  (39%/20%/40%)  d4/d7  1.1 games/s (avg 0.4)  1.0M nps  ETA 00:11:18
[2026-03-28T10:16:13.978] [INFO] [selfplay:2] [SelfPlay] 729/1000 (72%)  pos=68364  W/D/B=284/146/299  (38%/20%/41%)  d4/d7  1.1 games/s (avg 0.4)  1.0M nps  ETA 00:11:12
[2026-03-28T10:16:17.842] [INFO] [selfplay:2] [SelfPlay] 730/1000 (73%)  pos=68505  W/D/B=284/146/300  (38%/20%/41%)  d4/d7  0.9 games/s (avg 0.4)  1.0M nps  ETA 00:11:12
[2026-03-28T10:16:22.924] [INFO] [selfplay:2] [SelfPlay] 731/1000 (73%)  pos=68592  W/D/B=284/147/300  (38%/20%/41%)  d4/d7  0.8 games/s (avg 0.4)  1.0M nps  ETA 00:11:09
[2026-03-28T10:16:24.626] [INFO] [selfplay:2] [SelfPlay] 732/1000 (73%)  pos=68740  W/D/B=285/147/300  (38%/20%/40%)  d4/d7  0.7 games/s (avg 0.4)  1.0M nps  ETA 00:11:10
[2026-03-28T10:16:25.629] [INFO] [selfplay:2] [SelfPlay] 733/1000 (73%)  pos=68844  W/D/B=286/147/300  (39%/20%/40%)  d4/d7  0.7 games/s (avg 0.4)  1.0M nps  ETA 00:11:08
[2026-03-28T10:16:25.660] [INFO] [selfplay:2] [SelfPlay] 734/1000 (73%)  pos=68918  W/D/B=287/147/300  (39%/20%/40%)  d4/d7  0.8 games/s (avg 0.4)  1.0M nps  ETA 00:11:06
[2026-03-28T10:16:27.234] [INFO] [selfplay:2] [SelfPlay] 735/1000 (73%)  pos=68992  W/D/B=287/147/301  (39%/20%/40%)  d4/d7  5.5 games/s (avg 0.4)  1.0M nps  ETA 00:11:01
[2026-03-28T10:16:33.371] [INFO] [selfplay:2] [SelfPlay] 736/1000 (73%)  pos=69039  W/D/B=287/148/301  (38%/20%/40%)  d4/d7  4.8 games/s (avg 0.4)  1.0M nps  ETA 00:10:54
[2026-03-28T10:16:33.600] [INFO] [selfplay:2] [SelfPlay] 737/1000 (73%)  pos=69136  W/D/B=287/148/302  (38%/20%/40%)  d4/d7  4.4 games/s (avg 0.4)  1.0M nps  ETA 00:10:59
[2026-03-28T10:16:34.216] [INFO] [selfplay:2] [SelfPlay] 738/1000 (73%)  pos=69154  W/D/B=288/148/302  (39%/20%/40%)  d4/d7  4.4 games/s (avg 0.4)  1.0M nps  ETA 00:10:54
[2026-03-28T10:16:36.388] [INFO] [selfplay:2] [SelfPlay] 739/1000 (73%)  pos=69253  W/D/B=288/148/303  (38%/20%/41%)  d4/d7  4.0 games/s (avg 0.4)  1.0M nps  ETA 00:10:50
[2026-03-28T10:16:38.149] [INFO] [selfplay:2] [SelfPlay] 740/1000 (74%)  pos=69380  W/D/B=289/148/303  (39%/20%/40%)  d4/d7  3.5 games/s (avg 0.4)  1.0M nps  ETA 00:10:49
[2026-03-28T10:16:41.337] [INFO] [selfplay:2] [SelfPlay] 741/1000 (74%)  pos=69458  W/D/B=290/148/303  (39%/19%/40%)  d4/d7  3.0 games/s (avg 0.4)  1.0M nps  ETA 00:10:43
[2026-03-28T10:16:43.545] [INFO] [selfplay:2] [SelfPlay] 742/1000 (74%)  pos=69526  W/D/B=291/148/303  (39%/19%/40%)  d4/d7  2.6 games/s (avg 0.4)  1.0M nps  ETA 00:10:43
[2026-03-28T10:16:46.577] [INFO] [selfplay:2] [SelfPlay] 743/1000 (74%)  pos=69609  W/D/B=291/148/304  (39%/19%/40%)  d4/d7  2.3 games/s (avg 0.4)  1.0M nps  ETA 00:10:39
[2026-03-28T10:16:48.078] [INFO] [selfplay:2] [SelfPlay] 744/1000 (74%)  pos=69728  W/D/B=292/148/304  (39%/19%/40%)  d4/d7  2.0 games/s (avg 0.4)  1.0M nps  ETA 00:10:39
[2026-03-28T10:16:48.813] [INFO] [selfplay:2] [SelfPlay] 745/1000 (74%)  pos=69828  W/D/B=292/148/305  (39%/19%/40%)  d4/d7  1.8 games/s (avg 0.4)  1.0M nps  ETA 00:10:36
[2026-03-28T10:16:49.778] [INFO] [selfplay:2] [SelfPlay] 746/1000 (74%)  pos=69916  W/D/B=293/148/305  (39%/19%/40%)  d4/d7  1.7 games/s (avg 0.4)  1.0M nps  ETA 00:10:33
[2026-03-28T10:16:51.398] [INFO] [selfplay:2] [SelfPlay] 747/1000 (74%)  pos=69972  W/D/B=294/148/305  (39%/19%/40%)  d4/d7  1.6 games/s (avg 0.4)  1.0M nps  ETA 00:10:29
[2026-03-28T10:16:52.257] [INFO] [selfplay:2] [SelfPlay] 748/1000 (74%)  pos=70003  W/D/B=294/148/306  (39%/19%/40%)  d4/d7  1.5 games/s (avg 0.4)  1.0M nps  ETA 00:10:27
[2026-03-28T10:16:54.578] [INFO] [selfplay:2] [SelfPlay] 749/1000 (74%)  pos=70079  W/D/B=294/149/306  (39%/19%/40%)  d4/d7  1.4 games/s (avg 0.4)  1.0M nps  ETA 00:10:23
[2026-03-28T10:16:55.540] [INFO] [selfplay:2] [SelfPlay] 750/1000 (75%)  pos=70167  W/D/B=295/149/306  (39%/19%/40%)  d4/d7  1.3 games/s (avg 0.4)  1.0M nps  ETA 00:10:21
[2026-03-28T10:17:02.992] [INFO] [selfplay:2] [SelfPlay] 751/1000 (75%)  pos=70263  W/D/B=296/149/306  (39%/19%/40%)  d4/d7  1.2 games/s (avg 0.4)  1.0M nps  ETA 00:10:12
[2026-03-28T10:17:08.661] [INFO] [selfplay:2] [SelfPlay] 752/1000 (75%)  pos=70342  W/D/B=296/149/307  (39%/19%/40%)  d4/d7  1.1 games/s (avg 0.4)  1.0M nps  ETA 00:10:12
[2026-03-28T10:17:15.404] [INFO] [selfplay:2] [SelfPlay] 753/1000 (75%)  pos=70422  W/D/B=296/150/307  (39%/19%/40%)  d4/d7  0.9 games/s (avg 0.4)  995.6K nps  ETA 00:10:10
[2026-03-28T10:17:17.493] [INFO] [selfplay:2] [SelfPlay] 754/1000 (75%)  pos=70553  W/D/B=296/150/308  (39%/19%/40%)  d4/d7  0.8 games/s (avg 0.4)  991.7K nps  ETA 00:10:14
[2026-03-28T10:17:17.943] [INFO] [selfplay:2] [SelfPlay] 755/1000 (75%)  pos=70594  W/D/B=296/150/309  (39%/19%/40%)  d4/d7  0.8 games/s (avg 0.4)  991.8K nps  ETA 00:10:13
[2026-03-28T10:17:18.042] [INFO] [selfplay:2] [SelfPlay] 756/1000 (75%)  pos=70763  W/D/B=296/151/309  (39%/19%/40%)  d4/d7  1.0 games/s (avg 0.4)  993.4K nps  ETA 00:10:10
[2026-03-28T10:17:20.594] [INFO] [selfplay:2] [SelfPlay] 757/1000 (75%)  pos=70869  W/D/B=296/151/310  (39%/19%/40%)  d4/d7  2.4 games/s (avg 0.4)  994.9K nps  ETA 00:10:04
[2026-03-28T10:17:21.785] [INFO] [selfplay:2] [SelfPlay] 758/1000 (75%)  pos=70940  W/D/B=296/152/310  (39%/20%/40%)  d4/d7  2.1 games/s (avg 0.4)  992.8K nps  ETA 00:10:03
[2026-03-28T10:17:24.470] [INFO] [selfplay:2] [SelfPlay] 759/1000 (75%)  pos=71079  W/D/B=297/152/310  (39%/20%/40%)  d4/d7  1.9 games/s (avg 0.4)  993.3K nps  ETA 00:09:58
[2026-03-28T10:17:26.431] [INFO] [selfplay:2] [SelfPlay] 760/1000 (76%)  pos=71214  W/D/B=298/152/310  (39%/20%/40%)  d4/d7  1.7 games/s (avg 0.4)  993.0K nps  ETA 00:09:57
[2026-03-28T10:17:32.376] [INFO] [selfplay:2] [SelfPlay] 761/1000 (76%)  pos=71322  W/D/B=298/153/310  (39%/20%/40%)  d4/d7  1.5 games/s (avg 0.4)  992.9K nps  ETA 00:09:50
[2026-03-28T10:17:33.122] [INFO] [selfplay:2] [SelfPlay] 762/1000 (76%)  pos=71422  W/D/B=299/153/310  (39%/20%/40%)  d4/d7  1.3 games/s (avg 0.4)  989.9K nps  ETA 00:09:55
[2026-03-28T10:17:33.589] [INFO] [selfplay:2] [SelfPlay] 763/1000 (76%)  pos=71512  W/D/B=299/153/311  (39%/20%/40%)  d4/d7  1.3 games/s (avg 0.4)  989.5K nps  ETA 00:09:51
[2026-03-28T10:17:34.448] [INFO] [selfplay:2] [SelfPlay] 764/1000 (76%)  pos=71593  W/D/B=300/153/311  (39%/20%/40%)  d4/d7  1.4 games/s (avg 0.4)  990.2K nps  ETA 00:09:48
[2026-03-28T10:17:38.446] [INFO] [selfplay:2] [SelfPlay] 765/1000 (76%)  pos=71624  W/D/B=301/153/311  (39%/20%/40%)  d4/d7  1.4 games/s (avg 0.4)  989.6K nps  ETA 00:09:42
[2026-03-28T10:17:38.606] [INFO] [selfplay:2] [SelfPlay] 766/1000 (76%)  pos=71753  W/D/B=301/154/311  (39%/20%/40%)  d4/d7  1.2 games/s (avg 0.4)  986.3K nps  ETA 00:09:44
[2026-03-28T10:17:39.360] [INFO] [selfplay:2] [SelfPlay] 767/1000 (76%)  pos=71813  W/D/B=301/155/311  (39%/20%/40%)  d4/d7  2.0 games/s (avg 0.4)  986.9K nps  ETA 00:09:39
[2026-03-28T10:17:39.377] [INFO] [selfplay:2] [SelfPlay] 768/1000 (76%)  pos=71941  W/D/B=301/156/311  (39%/20%/40%)  d4/d7  1.9 games/s (avg 0.4)  988.1K nps  ETA 00:09:37
[2026-03-28T10:17:42.462] [INFO] [selfplay:2] [SelfPlay] 769/1000 (76%)  pos=71999  W/D/B=302/156/311  (39%/20%/40%)  d4/d7  10.4 games/s (avg 0.4)  989.9K nps  ETA 00:09:31
[2026-03-28T10:17:46.503] [INFO] [selfplay:2] [SelfPlay] 770/1000 (77%)  pos=72118  W/D/B=303/156/311  (39%/20%/40%)  d4/d7  9.6 games/s (avg 0.4)  990.0K nps  ETA 00:09:28
[2026-03-28T10:17:48.582] [INFO] [selfplay:2] [SelfPlay] 771/1000 (77%)  pos=72222  W/D/B=304/156/311  (39%/20%/40%)  d4/d7  8.9 games/s (avg 0.4)  992.2K nps  ETA 00:09:28
[2026-03-28T10:17:49.832] [INFO] [selfplay:2] [SelfPlay] 772/1000 (77%)  pos=72276  W/D/B=305/156/311  (39%/20%/40%)  d4/d7  8.2 games/s (avg 0.4)  993.4K nps  ETA 00:09:26
[2026-03-28T10:17:50.516] [INFO] [selfplay:2] [SelfPlay] 773/1000 (77%)  pos=72326  W/D/B=305/156/312  (39%/20%/40%)  d4/d7  7.6 games/s (avg 0.4)  993.4K nps  ETA 00:09:23
[2026-03-28T10:17:50.619] [INFO] [selfplay:2] [SelfPlay] 774/1000 (77%)  pos=72413  W/D/B=305/157/312  (39%/20%/40%)  d4/d7  6.7 games/s (avg 0.4)  994.2K nps  ETA 00:09:21
[2026-03-28T10:17:50.934] [INFO] [selfplay:2] [SelfPlay] 775/1000 (77%)  pos=72486  W/D/B=305/157/313  (39%/20%/40%)  d4/d7  7.1 games/s (avg 0.4)  995.5K nps  ETA 00:09:18
[2026-03-28T10:18:05.385] [INFO] [selfplay:2] [SelfPlay] 776/1000 (77%)  pos=72578  W/D/B=306/157/313  (39%/20%/40%)  d4/d7  6.5 games/s (avg 0.4)  996.3K nps  ETA 00:09:00
[2026-03-28T10:18:07.134] [INFO] [selfplay:2] [SelfPlay] 777/1000 (77%)  pos=72684  W/D/B=306/158/313  (39%/20%/40%)  d4/d7  6.0 games/s (avg 0.4)  997.6K nps  ETA 00:09:15
[2026-03-28T10:18:07.274] [INFO] [selfplay:2] [SelfPlay] 778/1000 (77%)  pos=72719  W/D/B=307/158/313  (39%/20%/40%)  d4/d7  5.6 games/s (avg 0.4)  999.5K nps  ETA 00:09:12
[2026-03-28T10:18:09.309] [INFO] [selfplay:2] [SelfPlay] 779/1000 (77%)  pos=72786  W/D/B=307/158/314  (39%/20%/40%)  d4/d7  5.8 games/s (avg 0.4)  1.0M nps  ETA 00:09:08
[2026-03-28T10:18:12.080] [INFO] [selfplay:2] [SelfPlay] 780/1000 (78%)  pos=72828  W/D/B=307/158/315  (39%/20%/40%)  d4/d7  5.4 games/s (avg 0.4)  1.0M nps  ETA 00:09:06
[2026-03-28T10:18:18.372] [INFO] [selfplay:2] [SelfPlay] 781/1000 (78%)  pos=72996  W/D/B=307/158/316  (39%/20%/40%)  d4/d7  5.0 games/s (avg 0.4)  1.0M nps  ETA 00:08:58
[2026-03-28T10:18:23.850] [INFO] [selfplay:2] [SelfPlay] 782/1000 (78%)  pos=73065  W/D/B=307/159/316  (39%/20%/40%)  d4/d7  4.6 games/s (avg 0.4)  1.0M nps  ETA 00:08:59
[2026-03-28T10:18:24.602] [INFO] [selfplay:2] [SelfPlay] 783/1000 (78%)  pos=73132  W/D/B=308/159/316  (39%/20%/40%)  d4/d7  4.3 games/s (avg 0.4)  1.0M nps  ETA 00:09:01
[2026-03-28T10:18:24.736] [INFO] [selfplay:2] [SelfPlay] 784/1000 (78%)  pos=73199  W/D/B=308/159/317  (39%/20%/40%)  d4/d7  3.8 games/s (avg 0.4)  1.0M nps  ETA 00:08:59
[2026-03-28T10:18:28.137] [INFO] [selfplay:2] [SelfPlay] 785/1000 (78%)  pos=73402  W/D/B=308/160/317  (39%/20%/40%)  d4/d7  4.4 games/s (avg 0.4)  1.0M nps  ETA 00:08:53
[2026-03-28T10:18:33.142] [INFO] [selfplay:2] [SelfPlay] 786/1000 (78%)  pos=73527  W/D/B=308/160/318  (39%/20%/40%)  d4/d7  4.0 games/s (avg 0.4)  1.0M nps  ETA 00:08:49
[2026-03-28T10:18:35.763] [INFO] [selfplay:2] [SelfPlay] 787/1000 (78%)  pos=73682  W/D/B=308/160/319  (39%/20%/40%)  d4/d7  3.7 games/s (avg 0.4)  1.0M nps  ETA 00:08:49
[2026-03-28T10:18:36.578] [INFO] [selfplay:2] [SelfPlay] 788/1000 (78%)  pos=73829  W/D/B=308/160/320  (39%/20%/40%)  d4/d7  3.2 games/s (avg 0.4)  1.0M nps  ETA 00:08:48
[2026-03-28T10:18:41.089] [INFO] [selfplay:2] [SelfPlay] 789/1000 (78%)  pos=73945  W/D/B=309/160/320  (39%/20%/40%)  d4/d7  2.9 games/s (avg 0.4)  1.0M nps  ETA 00:08:42
[2026-03-28T10:18:41.634] [INFO] [selfplay:2] [SelfPlay] 790/1000 (79%)  pos=74019  W/D/B=309/160/321  (39%/20%/40%)  d4/d7  2.7 games/s (avg 0.4)  1.0M nps  ETA 00:08:43
[2026-03-28T10:18:45.002] [INFO] [selfplay:2] [SelfPlay] 791/1000 (79%)  pos=74144  W/D/B=309/160/322  (39%/20%/40%)  d4/d7  2.6 games/s (avg 0.4)  1.0M nps  ETA 00:08:38
[2026-03-28T10:18:48.417] [INFO] [selfplay:2] [SelfPlay] 792/1000 (79%)  pos=74207  W/D/B=310/160/322  (39%/20%/40%)  d4/d7  2.2 games/s (avg 0.4)  1.0M nps  ETA 00:08:35
[2026-03-28T10:18:55.688] [INFO] [selfplay:2] [SelfPlay] 793/1000 (79%)  pos=74313  W/D/B=310/161/322  (39%/20%/40%)  d4/d7  1.9 games/s (avg 0.4)  1.0M nps  ETA 00:08:30
[2026-03-28T10:18:55.884] [INFO] [selfplay:2] [SelfPlay] 794/1000 (79%)  pos=74355  W/D/B=310/162/322  (39%/20%/40%)  d4/d7  1.8 games/s (avg 0.4)  1.0M nps  ETA 00:08:36
[2026-03-28T10:18:57.293] [INFO] [selfplay:2] [SelfPlay] 795/1000 (79%)  pos=74414  W/D/B=310/163/322  (38%/20%/40%)  d4/d7  2.3 games/s (avg 0.4)  1.0M nps  ETA 00:08:31
[2026-03-28T10:18:59.533] [INFO] [selfplay:2] [SelfPlay] 796/1000 (79%)  pos=74520  W/D/B=310/163/323  (38%/20%/40%)  d4/d7  2.1 games/s (avg 0.4)  1.0M nps  ETA 00:08:28
[2026-03-28T10:19:02.250] [INFO] [selfplay:2] [SelfPlay] 797/1000 (79%)  pos=74693  W/D/B=310/164/323  (38%/20%/40%)  d4/d7  1.8 games/s (avg 0.4)  1.0M nps  ETA 00:08:24
[2026-03-28T10:19:04.042] [INFO] [selfplay:2] [SelfPlay] 798/1000 (79%)  pos=74842  W/D/B=310/164/324  (38%/20%/40%)  d4/d7  1.6 games/s (avg 0.4)  1.0M nps  ETA 00:08:24
[2026-03-28T10:19:05.549] [INFO] [selfplay:2] [SelfPlay] 799/1000 (79%)  pos=74947  W/D/B=310/164/325  (38%/20%/40%)  d4/d7  1.4 games/s (avg 0.4)  1.0M nps  ETA 00:08:20
[2026-03-28T10:19:10.349] [INFO] [selfplay:2] [SelfPlay] 800/1000 (80%)  pos=75052  W/D/B=310/164/326  (38%/20%/40%)  d4/d7  1.3 games/s (avg 0.4)  1.0M nps  ETA 00:08:14
[2026-03-28T10:19:12.189] [INFO] [selfplay:2] [SelfPlay] 801/1000 (80%)  pos=75192  W/D/B=311/164/326  (38%/20%/40%)  d4/d7  1.2 games/s (avg 0.4)  1.0M nps  ETA 00:08:15
[2026-03-28T10:19:16.197] [INFO] [selfplay:2] [SelfPlay] 802/1000 (80%)  pos=75286  W/D/B=311/164/327  (38%/20%/40%)  d4/d7  1.1 games/s (avg 0.4)  1.0M nps  ETA 00:08:11
[2026-03-28T10:19:18.405] [INFO] [selfplay:2] [SelfPlay] 803/1000 (80%)  pos=75474  W/D/B=311/165/327  (38%/20%/40%)  d4/d7  0.9 games/s (avg 0.4)  1.0M nps  ETA 00:08:11
[2026-03-28T10:19:18.658] [INFO] [selfplay:2] [SelfPlay] 804/1000 (80%)  pos=75519  W/D/B=311/165/328  (38%/20%/40%)  d4/d7  0.9 games/s (avg 0.4)  1.0M nps  ETA 00:08:10
[2026-03-28T10:19:22.748] [INFO] [selfplay:2] [SelfPlay] 805/1000 (80%)  pos=75522  W/D/B=312/165/328  (38%/20%/40%)  d4/d7  1.3 games/s (avg 0.4)  1.0M nps  ETA 00:08:03
[2026-03-28T10:19:27.161] [INFO] [selfplay:2] [SelfPlay] 806/1000 (80%)  pos=75762  W/D/B=312/166/328  (38%/20%/40%)  d4/d7  1.2 games/s (avg 0.4)  1.0M nps  ETA 00:08:00
[2026-03-28T10:19:27.919] [INFO] [selfplay:2] [SelfPlay] 807/1000 (80%)  pos=75911  W/D/B=313/166/328  (38%/20%/40%)  d4/d7  1.0 games/s (avg 0.4)  1.0M nps  ETA 00:08:03
[2026-03-28T10:19:32.144] [INFO] [selfplay:2] [SelfPlay] 808/1000 (80%)  pos=76060  W/D/B=313/167/328  (38%/20%/40%)  d4/d7  1.1 games/s (avg 0.4)  1.0M nps  ETA 00:07:56
[2026-03-28T10:19:35.319] [INFO] [selfplay:2] [SelfPlay] 809/1000 (80%)  pos=76141  W/D/B=314/167/328  (38%/20%/40%)  d4/d7  0.9 games/s (avg 0.4)  999.9K nps  ETA 00:07:54
[2026-03-28T10:19:35.578] [INFO] [selfplay:2] [SelfPlay] 810/1000 (81%)  pos=76247  W/D/B=315/167/328  (38%/20%/40%)  d4/d7  0.9 games/s (avg 0.4)  999.5K nps  ETA 00:07:55
[2026-03-28T10:19:39.972] [INFO] [selfplay:2] [SelfPlay] 811/1000 (81%)  pos=76293  W/D/B=316/167/328  (38%/20%/40%)  d4/d7  1.3 games/s (avg 0.4)  1.0M nps  ETA 00:07:48
[2026-03-28T10:19:39.990] [INFO] [selfplay:2] [SelfPlay] 812/1000 (81%)  pos=76385  W/D/B=316/167/329  (38%/20%/40%)  d4/d7  1.1 games/s (avg 0.4)  997.2K nps  ETA 00:07:50
[2026-03-28T10:19:47.858] [INFO] [selfplay:2] [SelfPlay] 813/1000 (81%)  pos=76495  W/D/B=316/167/330  (38%/20%/40%)  d4/d7  9.5 games/s (avg 0.4)  998.7K nps  ETA 00:07:39
[2026-03-28T10:19:48.819] [INFO] [selfplay:2] [SelfPlay] 814/1000 (81%)  pos=76594  W/D/B=317/167/330  (38%/20%/40%)  d4/d7  8.8 games/s (avg 0.4)  1.0M nps  ETA 00:07:45
[2026-03-28T10:19:54.593] [INFO] [selfplay:2] [SelfPlay] 815/1000 (81%)  pos=76729  W/D/B=317/167/331  (38%/20%/40%)  d4/d7  7.6 games/s (avg 0.4)  1.0M nps  ETA 00:07:37
[2026-03-28T10:19:56.401] [INFO] [selfplay:2] [SelfPlay] 816/1000 (81%)  pos=76820  W/D/B=318/167/331  (38%/20%/40%)  d4/d7  7.1 games/s (avg 0.4)  1.0M nps  ETA 00:07:39
[2026-03-28T10:20:01.278] [INFO] [selfplay:2] [SelfPlay] 817/1000 (81%)  pos=76927  W/D/B=318/168/331  (38%/20%/40%)  d4/d7  6.5 games/s (avg 0.4)  1.0M nps  ETA 00:07:34
[2026-03-28T10:20:05.163] [INFO] [selfplay:2] [SelfPlay] 818/1000 (81%)  pos=77012  W/D/B=319/168/331  (38%/20%/40%)  d4/d7  6.0 games/s (avg 0.4)  1.0M nps  ETA 00:07:33
[2026-03-28T10:20:06.452] [INFO] [selfplay:2] [SelfPlay] 819/1000 (81%)  pos=77088  W/D/B=319/169/331  (38%/20%/40%)  d4/d7  5.6 games/s (avg 0.4)  1.0M nps  ETA 00:07:34
[2026-03-28T10:20:09.843] [INFO] [selfplay:2] [SelfPlay] 820/1000 (82%)  pos=77175  W/D/B=320/169/331  (39%/20%/40%)  d4/d7  4.9 games/s (avg 0.4)  1.0M nps  ETA 00:07:29
[2026-03-28T10:20:10.466] [INFO] [selfplay:2] [SelfPlay] 821/1000 (82%)  pos=77285  W/D/B=321/169/331  (39%/20%/40%)  d4/d7  4.5 games/s (avg 0.4)  1.0M nps  ETA 00:07:28
[2026-03-28T10:20:11.045] [INFO] [selfplay:2] [SelfPlay] 822/1000 (82%)  pos=77388  W/D/B=322/169/331  (39%/20%/40%)  d4/d7  4.1 games/s (avg 0.4)  1.0M nps  ETA 00:07:27
[2026-03-28T10:20:15.829] [INFO] [selfplay:2] [SelfPlay] 823/1000 (82%)  pos=77548  W/D/B=322/169/332  (39%/20%/40%)  d4/d7  3.7 games/s (avg 0.4)  1.0M nps  ETA 00:07:19
[2026-03-28T10:20:19.512] [INFO] [selfplay:2] [SelfPlay] 824/1000 (82%)  pos=77788  W/D/B=322/170/332  (39%/20%/40%)  d4/d7  3.4 games/s (avg 0.4)  1.0M nps  ETA 00:07:18
[2026-03-28T10:20:23.167] [INFO] [selfplay:2] [SelfPlay] 825/1000 (82%)  pos=77867  W/D/B=322/170/333  (39%/20%/40%)  d4/d7  3.2 games/s (avg 0.4)  1.0M nps  ETA 00:07:15
[2026-03-28T10:20:27.128] [INFO] [selfplay:2] [SelfPlay] 826/1000 (82%)  pos=78035  W/D/B=322/170/334  (38%/20%/40%)  d4/d7  2.9 games/s (avg 0.4)  1.0M nps  ETA 00:07:14
[2026-03-28T10:20:27.346] [INFO] [selfplay:2] [SelfPlay] 827/1000 (82%)  pos=78181  W/D/B=323/170/334  (39%/20%/40%)  d4/d7  2.7 games/s (avg 0.4)  1.0M nps  ETA 00:07:14
[2026-03-28T10:20:29.911] [INFO] [selfplay:2] [SelfPlay] 828/1000 (82%)  pos=78297  W/D/B=324/170/334  (39%/20%/40%)  d4/d7  3.0 games/s (avg 0.4)  1.0M nps  ETA 00:07:10
[2026-03-28T10:20:31.117] [INFO] [selfplay:2] [SelfPlay] 829/1000 (82%)  pos=78434  W/D/B=325/170/334  (39%/20%/40%)  d4/d7  2.6 games/s (avg 0.4)  1.0M nps  ETA 00:07:08
[2026-03-28T10:20:40.041] [INFO] [selfplay:2] [SelfPlay] 830/1000 (83%)  pos=78499  W/D/B=326/170/334  (39%/20%/40%)  d4/d7  2.3 games/s (avg 0.4)  1.0M nps  ETA 00:06:58
[2026-03-28T10:20:40.143] [INFO] [selfplay:2] [SelfPlay] 831/1000 (83%)  pos=78585  W/D/B=327/170/334  (39%/20%/40%)  d4/d7  2.2 games/s (avg 0.4)  1.0M nps  ETA 00:07:05
[2026-03-28T10:20:40.463] [INFO] [selfplay:2] [SelfPlay] 832/1000 (83%)  pos=78710  W/D/B=327/171/334  (39%/20%/40%)  d4/d7  3.3 games/s (avg 0.4)  1.0M nps  ETA 00:07:01
[2026-03-28T10:20:45.570] [INFO] [selfplay:2] [SelfPlay] 833/1000 (83%)  pos=78809  W/D/B=328/171/334  (39%/20%/40%)  d4/d7  3.3 games/s (avg 0.4)  1.0M nps  ETA 00:06:54
[2026-03-28T10:20:50.259] [INFO] [selfplay:2] [SelfPlay] 834/1000 (83%)  pos=78917  W/D/B=329/171/334  (39%/20%/40%)  d4/d7  3.0 games/s (avg 0.4)  1.0M nps  ETA 00:06:52
[2026-03-28T10:20:51.714] [INFO] [selfplay:2] [SelfPlay] 835/1000 (83%)  pos=78986  W/D/B=329/171/335  (39%/20%/40%)  d4/d7  2.8 games/s (avg 0.4)  1.0M nps  ETA 00:06:54
[2026-03-28T10:20:52.837] [INFO] [selfplay:2] [SelfPlay] 836/1000 (83%)  pos=79199  W/D/B=330/171/335  (39%/20%/40%)  d4/d7  2.5 games/s (avg 0.4)  1.0M nps  ETA 00:06:52
[2026-03-28T10:20:53.073] [INFO] [selfplay:2] [SelfPlay] 837/1000 (83%)  pos=79277  W/D/B=330/171/336  (39%/20%/40%)  d4/d7  2.2 games/s (avg 0.4)  1.0M nps  ETA 00:06:50
[2026-03-28T10:21:01.863] [INFO] [selfplay:2] [SelfPlay] 838/1000 (83%)  pos=79388  W/D/B=331/171/336  (39%/20%/40%)  d4/d7  2.5 games/s (avg 0.4)  1.0M nps  ETA 00:06:38
[2026-03-28T10:21:01.937] [INFO] [selfplay:2] [SelfPlay] 839/1000 (83%)  pos=79507  W/D/B=332/171/336  (39%/20%/40%)  d4/d7  2.4 games/s (avg 0.4)  1.0M nps  ETA 00:06:45
[2026-03-28T10:21:09.395] [INFO] [selfplay:2] [SelfPlay] 840/1000 (84%)  pos=79609  W/D/B=333/171/336  (39%/20%/40%)  d4/d7  4.0 games/s (avg 0.4)  1.0M nps  ETA 00:06:35
[2026-03-28T10:21:10.374] [INFO] [selfplay:2] [SelfPlay] 841/1000 (84%)  pos=79665  W/D/B=334/171/336  (39%/20%/39%)  d4/d7  3.7 games/s (avg 0.4)  1.0M nps  ETA 00:06:40
[2026-03-28T10:21:10.460] [INFO] [selfplay:2] [SelfPlay] 842/1000 (84%)  pos=79749  W/D/B=334/172/336  (39%/20%/39%)  d4/d7  3.3 games/s (avg 0.4)  1.0M nps  ETA 00:06:38
[2026-03-28T10:21:20.714] [INFO] [selfplay:2] [SelfPlay] 843/1000 (84%)  pos=79839  W/D/B=334/172/337  (39%/20%/39%)  d4/d7  4.6 games/s (avg 0.4)  1.0M nps  ETA 00:06:25
[2026-03-28T10:21:21.380] [INFO] [selfplay:2] [SelfPlay] 844/1000 (84%)  pos=79883  W/D/B=335/172/337  (39%/20%/39%)  d4/d7  4.2 games/s (avg 0.4)  1.0M nps  ETA 00:06:33
[2026-03-28T10:21:21.657] [INFO] [selfplay:2] [SelfPlay] 845/1000 (84%)  pos=80019  W/D/B=335/172/338  (39%/20%/40%)  d4/d7  3.8 games/s (avg 0.4)  1.0M nps  ETA 00:06:31
[2026-03-28T10:21:25.266] [INFO] [selfplay:2] [SelfPlay] 846/1000 (84%)  pos=80074  W/D/B=335/172/339  (39%/20%/40%)  d4/d7  3.8 games/s (avg 0.4)  1.0M nps  ETA 00:06:24
[2026-03-28T10:21:25.909] [INFO] [selfplay:2] [SelfPlay] 847/1000 (84%)  pos=80129  W/D/B=335/173/339  (39%/20%/40%)  d4/d7  3.5 games/s (avg 0.4)  1.0M nps  ETA 00:06:26
[2026-03-28T10:21:25.999] [INFO] [selfplay:2] [SelfPlay] 848/1000 (84%)  pos=80192  W/D/B=335/173/340  (39%/20%/40%)  d4/d7  3.2 games/s (avg 0.4)  1.0M nps  ETA 00:06:23
[2026-03-28T10:21:31.274] [INFO] [selfplay:2] [SelfPlay] 849/1000 (84%)  pos=80253  W/D/B=335/173/341  (39%/20%/40%)  d4/d7  4.4 games/s (avg 0.4)  1.0M nps  ETA 00:06:14
[2026-03-28T10:21:32.633] [INFO] [selfplay:2] [SelfPlay] 850/1000 (85%)  pos=80368  W/D/B=335/174/341  (39%/20%/40%)  d4/d7  4.1 games/s (avg 0.4)  1.0M nps  ETA 00:06:17
[2026-03-28T10:21:44.837] [INFO] [selfplay:2] [SelfPlay] 851/1000 (85%)  pos=80451  W/D/B=336/174/341  (39%/20%/40%)  d4/d7  3.6 games/s (avg 0.4)  1.0M nps  ETA 00:06:03
[2026-03-28T10:21:45.295] [INFO] [selfplay:2] [SelfPlay] 852/1000 (85%)  pos=80516  W/D/B=337/174/341  (39%/20%/40%)  d4/d7  3.3 games/s (avg 0.4)  1.0M nps  ETA 00:06:13
[2026-03-28T10:21:47.047] [INFO] [selfplay:2] [SelfPlay] 853/1000 (85%)  pos=80555  W/D/B=337/174/342  (39%/20%/40%)  d4/d7  3.1 games/s (avg 0.4)  1.0M nps  ETA 00:06:11
[2026-03-28T10:21:47.704] [INFO] [selfplay:2] [SelfPlay] 854/1000 (85%)  pos=80795  W/D/B=337/175/342  (39%/20%/40%)  d4/d7  2.7 games/s (avg 0.4)  1.0M nps  ETA 00:06:08
[2026-03-28T10:21:58.700] [INFO] [selfplay:2] [SelfPlay] 855/1000 (85%)  pos=80848  W/D/B=337/175/343  (39%/20%/40%)  d4/d7  2.6 games/s (avg 0.4)  1.0M nps  ETA 00:05:55
[2026-03-28T10:22:01.548] [INFO] [selfplay:2] [SelfPlay] 856/1000 (85%)  pos=81004  W/D/B=337/175/344  (39%/20%/40%)  d4/d7  2.4 games/s (avg 0.4)  1.0M nps  ETA 00:06:02
[2026-03-28T10:22:03.284] [INFO] [selfplay:2] [SelfPlay] 857/1000 (85%)  pos=81198  W/D/B=338/175/344  (39%/20%/40%)  d4/d7  2.1 games/s (avg 0.4)  1.0M nps  ETA 00:06:00
[2026-03-28T10:22:04.886] [INFO] [selfplay:2] [SelfPlay] 858/1000 (85%)  pos=81313  W/D/B=339/175/344  (39%/20%/40%)  d4/d7  1.8 games/s (avg 0.4)  1.0M nps  ETA 00:05:59
[2026-03-28T10:22:10.785] [INFO] [selfplay:2] [SelfPlay] 859/1000 (85%)  pos=81431  W/D/B=339/175/345  (39%/20%/40%)  d4/d7  1.7 games/s (avg 0.4)  1.0M nps  ETA 00:05:51
[2026-03-28T10:22:11.088] [INFO] [selfplay:2] [SelfPlay] 860/1000 (86%)  pos=81486  W/D/B=339/175/346  (39%/20%/40%)  d4/d7  1.4 games/s (avg 0.4)  1.0M nps  ETA 00:05:55
[2026-03-28T10:22:11.374] [INFO] [selfplay:2] [SelfPlay] 861/1000 (86%)  pos=81543  W/D/B=339/175/347  (39%/20%/40%)  d4/d7  1.7 games/s (avg 0.4)  1.0M nps  ETA 00:05:51
[2026-03-28T10:22:14.890] [INFO] [selfplay:2] [SelfPlay] 862/1000 (86%)  pos=81609  W/D/B=339/175/348  (39%/20%/40%)  d4/d7  2.0 games/s (avg 0.4)  1.0M nps  ETA 00:05:46
[2026-03-28T10:22:16.243] [INFO] [selfplay:2] [SelfPlay] 863/1000 (86%)  pos=81652  W/D/B=340/175/348  (39%/20%/40%)  d4/d7  1.7 games/s (avg 0.4)  1.0M nps  ETA 00:05:45
[2026-03-28T10:22:17.721] [INFO] [selfplay:2] [SelfPlay] 864/1000 (86%)  pos=81740  W/D/B=340/175/349  (39%/20%/40%)  d4/d7  1.6 games/s (avg 0.4)  1.0M nps  ETA 00:05:43
[2026-03-28T10:22:19.117] [INFO] [selfplay:2] [SelfPlay] 865/1000 (86%)  pos=81864  W/D/B=340/175/350  (39%/20%/40%)  d4/d7  1.4 games/s (avg 0.4)  1.0M nps  ETA 00:05:41
[2026-03-28T10:22:23.100] [INFO] [selfplay:2] [SelfPlay] 866/1000 (86%)  pos=81970  W/D/B=341/175/350  (39%/20%/40%)  d4/d7  1.3 games/s (avg 0.4)  1.0M nps  ETA 00:05:35
[2026-03-28T10:22:26.132] [INFO] [selfplay:2] [SelfPlay] 867/1000 (86%)  pos=82015  W/D/B=342/175/350  (39%/20%/40%)  d4/d7  1.2 games/s (avg 0.4)  1.0M nps  ETA 00:05:34
[2026-03-28T10:22:29.015] [INFO] [selfplay:2] [SelfPlay] 868/1000 (86%)  pos=82051  W/D/B=343/175/350  (39%/20%/40%)  d4/d7  1.0 games/s (avg 0.4)  1.0M nps  ETA 00:05:31
[2026-03-28T10:22:29.201] [INFO] [selfplay:2] [SelfPlay] 869/1000 (86%)  pos=82123  W/D/B=343/175/351  (39%/20%/40%)  d4/d7  0.9 games/s (avg 0.4)  1.0M nps  ETA 00:05:31
[2026-03-28T10:22:30.390] [INFO] [selfplay:2] [SelfPlay] 870/1000 (87%)  pos=82162  W/D/B=343/175/352  (39%/20%/40%)  d4/d7  1.6 games/s (avg 0.4)  1.0M nps  ETA 00:05:28
[2026-03-28T10:22:40.872] [INFO] [selfplay:2] [SelfPlay] 871/1000 (87%)  pos=82205  W/D/B=343/176/352  (39%/20%/40%)  d4/d7  1.5 games/s (avg 0.4)  1.0M nps  ETA 00:05:16
[2026-03-28T10:22:41.925] [INFO] [selfplay:2] [SelfPlay] 872/1000 (87%)  pos=82314  W/D/B=343/176/353  (39%/20%/40%)  d4/d7  1.4 games/s (avg 0.4)  1.0M nps  ETA 00:05:24
[2026-03-28T10:22:43.912] [INFO] [selfplay:2] [SelfPlay] 873/1000 (87%)  pos=82455  W/D/B=344/176/353  (39%/20%/40%)  d4/d7  1.3 games/s (avg 0.4)  1.0M nps  ETA 00:05:20
[2026-03-28T10:22:44.964] [INFO] [selfplay:2] [SelfPlay] 874/1000 (87%)  pos=82516  W/D/B=344/176/354  (39%/20%/40%)  d4/d7  1.2 games/s (avg 0.4)  1.0M nps  ETA 00:05:18
[2026-03-28T10:22:46.834] [INFO] [selfplay:2] [SelfPlay] 875/1000 (87%)  pos=82557  W/D/B=345/176/354  (39%/20%/40%)  d4/d7  1.2 games/s (avg 0.4)  1.0M nps  ETA 00:05:14
[2026-03-28T10:22:49.607] [INFO] [selfplay:2] [SelfPlay] 876/1000 (87%)  pos=82623  W/D/B=345/176/355  (39%/20%/40%)  d4/d7  1.1 games/s (avg 0.4)  1.0M nps  ETA 00:05:11
[2026-03-28T10:22:51.137] [INFO] [selfplay:2] [SelfPlay] 877/1000 (87%)  pos=82738  W/D/B=346/176/355  (39%/20%/40%)  d4/d7  1.0 games/s (avg 0.4)  1.0M nps  ETA 00:05:10
[2026-03-28T10:22:52.011] [INFO] [selfplay:2] [SelfPlay] 878/1000 (87%)  pos=82939  W/D/B=346/176/356  (39%/20%/40%)  d4/d7  0.9 games/s (avg 0.4)  1.0M nps  ETA 00:05:08
[2026-03-28T10:22:52.642] [INFO] [selfplay:2] [SelfPlay] 879/1000 (87%)  pos=83049  W/D/B=347/176/356  (39%/20%/40%)  d4/d7  0.9 games/s (avg 0.4)  1.0M nps  ETA 00:05:05
[2026-03-28T10:22:52.659] [INFO] [selfplay:2] [SelfPlay] 880/1000 (88%)  pos=83118  W/D/B=348/176/356  (39%/20%/40%)  d4/d7  1.0 games/s (avg 0.4)  1.0M nps  ETA 00:05:03
[2026-03-28T10:22:54.062] [INFO] [selfplay:2] [SelfPlay] 881/1000 (88%)  pos=83169  W/D/B=349/176/356  (39%/19%/40%)  d4/d7  9.8 games/s (avg 0.4)  1.0M nps  ETA 00:04:59
[2026-03-28T10:22:55.214] [INFO] [selfplay:2] [SelfPlay] 882/1000 (88%)  pos=83273  W/D/B=349/176/357  (39%/19%/40%)  d4/d7  9.1 games/s (avg 0.4)  1.0M nps  ETA 00:04:56
[2026-03-28T10:23:01.478] [INFO] [selfplay:2] [SelfPlay] 883/1000 (88%)  pos=83418  W/D/B=350/176/357  (39%/19%/40%)  d4/d7  8.4 games/s (avg 0.4)  1.0M nps  ETA 00:04:49
[2026-03-28T10:23:02.233] [INFO] [selfplay:2] [SelfPlay] 884/1000 (88%)  pos=83469  W/D/B=351/176/357  (39%/19%/40%)  d4/d7  7.8 games/s (avg 0.4)  1.0M nps  ETA 00:04:52
[2026-03-28T10:23:05.475] [INFO] [selfplay:2] [SelfPlay] 885/1000 (88%)  pos=83499  W/D/B=352/176/357  (39%/19%/40%)  d4/d7  6.8 games/s (avg 0.4)  1.0M nps  ETA 00:04:47
[2026-03-28T10:23:17.631] [INFO] [selfplay:2] [SelfPlay] 886/1000 (88%)  pos=83551  W/D/B=353/176/357  (39%/19%/40%)  d4/d7  6.3 games/s (avg 0.4)  1.0M nps  ETA 00:04:36
[2026-03-28T10:23:21.153] [INFO] [selfplay:2] [SelfPlay] 887/1000 (88%)  pos=83618  W/D/B=353/176/358  (39%/19%/40%)  d4/d7  5.8 games/s (avg 0.4)  1.0M nps  ETA 00:04:43
[2026-03-28T10:23:22.405] [INFO] [selfplay:2] [SelfPlay] 888/1000 (88%)  pos=83655  W/D/B=353/177/358  (39%/19%/40%)  d4/d7  5.4 games/s (avg 0.4)  1.0M nps  ETA 00:04:43
[2026-03-28T10:23:23.206] [INFO] [selfplay:2] [SelfPlay] 889/1000 (88%)  pos=83728  W/D/B=353/177/359  (39%/19%/40%)  d4/d7  4.7 games/s (avg 0.4)  1.0M nps  ETA 00:04:40
[2026-03-28T10:23:23.968] [INFO] [selfplay:2] [SelfPlay] 890/1000 (89%)  pos=83837  W/D/B=354/177/359  (39%/19%/40%)  d4/d7  4.2 games/s (avg 0.4)  1.0M nps  ETA 00:04:38
[2026-03-28T10:23:27.886] [INFO] [selfplay:2] [SelfPlay] 891/1000 (89%)  pos=83881  W/D/B=355/177/359  (39%/19%/40%)  d4/d7  3.7 games/s (avg 0.4)  1.0M nps  ETA 00:04:32
[2026-03-28T10:23:28.886] [INFO] [selfplay:2] [SelfPlay] 892/1000 (89%)  pos=83938  W/D/B=355/177/360  (39%/19%/40%)  d4/d7  3.5 games/s (avg 0.4)  1.0M nps  ETA 00:04:32
[2026-03-28T10:23:30.200] [INFO] [selfplay:2] [SelfPlay] 893/1000 (89%)  pos=84008  W/D/B=355/177/361  (39%/19%/40%)  d4/d7  3.1 games/s (avg 0.4)  1.0M nps  ETA 00:04:29
[2026-03-28T10:23:31.392] [INFO] [selfplay:2] [SelfPlay] 894/1000 (89%)  pos=84109  W/D/B=355/177/362  (39%/19%/40%)  d4/d7  2.7 games/s (avg 0.4)  1.0M nps  ETA 00:04:27
[2026-03-28T10:23:32.096] [INFO] [selfplay:2] [SelfPlay] 895/1000 (89%)  pos=84177  W/D/B=356/177/362  (39%/19%/40%)  d4/d7  2.5 games/s (avg 0.4)  1.0M nps  ETA 00:04:25
[2026-03-28T10:23:36.295] [INFO] [selfplay:2] [SelfPlay] 896/1000 (89%)  pos=84321  W/D/B=356/178/362  (39%/19%/40%)  d4/d7  2.3 games/s (avg 0.4)  1.0M nps  ETA 00:04:18
[2026-03-28T10:23:36.919] [INFO] [selfplay:2] [SelfPlay] 897/1000 (89%)  pos=84498  W/D/B=357/178/362  (39%/19%/40%)  d4/d7  2.0 games/s (avg 0.4)  1.0M nps  ETA 00:04:20
[2026-03-28T10:23:38.465] [INFO] [selfplay:2] [SelfPlay] 898/1000 (89%)  pos=84633  W/D/B=357/179/362  (39%/19%/40%)  d4/d7  1.9 games/s (avg 0.4)  1.0M nps  ETA 00:04:15
[2026-03-28T10:23:40.739] [INFO] [selfplay:2] [SelfPlay] 899/1000 (89%)  pos=84660  W/D/B=357/179/363  (39%/19%/40%)  d4/d7  1.7 games/s (avg 0.4)  1.0M nps  ETA 00:04:13
[2026-03-28T10:23:40.992] [INFO] [selfplay:2] [SelfPlay] 900/1000 (90%)  pos=84820  W/D/B=357/180/363  (39%/20%/40%)  d4/d7  1.5 games/s (avg 0.4)  1.0M nps  ETA 00:04:12
[2026-03-28T10:23:43.984] [INFO] [selfplay:2] [SelfPlay] 901/1000 (90%)  pos=84895  W/D/B=357/180/364  (39%/19%/40%)  d4/d7  1.9 games/s (avg 0.4)  1.0M nps  ETA 00:04:06
[2026-03-28T10:23:45.789] [INFO] [selfplay:2] [SelfPlay] 902/1000 (90%)  pos=84966  W/D/B=357/181/364  (39%/20%/40%)  d4/d7  1.7 games/s (avg 0.4)  1.0M nps  ETA 00:04:05
[2026-03-28T10:23:45.902] [INFO] [selfplay:2] [SelfPlay] 903/1000 (90%)  pos=85019  W/D/B=357/182/364  (39%/20%/40%)  d4/d7  1.5 games/s (avg 0.4)  1.0M nps  ETA 00:04:04
[2026-03-28T10:23:51.534] [INFO] [selfplay:2] [SelfPlay] 904/1000 (90%)  pos=85058  W/D/B=357/182/365  (39%/20%/40%)  d4/d7  2.6 games/s (avg 0.4)  1.0M nps  ETA 00:03:56
[2026-03-28T10:23:57.535] [INFO] [selfplay:2] [SelfPlay] 905/1000 (90%)  pos=85137  W/D/B=357/182/366  (39%/20%/40%)  d4/d7  2.4 games/s (avg 0.4)  1.0M nps  ETA 00:03:53
[2026-03-28T10:23:57.760] [INFO] [selfplay:2] [SelfPlay] 906/1000 (90%)  pos=85307  W/D/B=358/182/366  (39%/20%/40%)  d4/d7  2.2 games/s (avg 0.4)  1.0M nps  ETA 00:03:57
[2026-03-28T10:24:04.736] [INFO] [selfplay:2] [SelfPlay] 907/1000 (90%)  pos=85401  W/D/B=358/182/367  (39%/20%/40%)  d4/d7  2.6 games/s (avg 0.4)  1.1M nps  ETA 00:03:47
[2026-03-28T10:24:05.071] [INFO] [selfplay:2] [SelfPlay] 908/1000 (90%)  pos=85446  W/D/B=358/183/367  (39%/20%/40%)  d4/d7  2.4 games/s (avg 0.4)  1.1M nps  ETA 00:03:52
[2026-03-28T10:24:07.726] [INFO] [selfplay:2] [SelfPlay] 909/1000 (90%)  pos=85467  W/D/B=358/183/368  (39%/20%/40%)  d4/d7  2.5 games/s (avg 0.4)  1.1M nps  ETA 00:03:47
[2026-03-28T10:24:08.998] [INFO] [selfplay:2] [SelfPlay] 910/1000 (91%)  pos=85557  W/D/B=359/183/368  (39%/20%/40%)  d4/d7  2.2 games/s (avg 0.4)  1.1M nps  ETA 00:03:46
[2026-03-28T10:24:10.070] [INFO] [selfplay:2] [SelfPlay] 911/1000 (91%)  pos=85688  W/D/B=359/183/369  (39%/20%/40%)  d4/d7  1.9 games/s (avg 0.4)  1.1M nps  ETA 00:03:43
[2026-03-28T10:24:10.121] [INFO] [selfplay:2] [SelfPlay] 912/1000 (91%)  pos=85787  W/D/B=359/183/370  (39%/20%/40%)  d4/d7  1.8 games/s (avg 0.4)  1.1M nps  ETA 00:03:42
[2026-03-28T10:24:20.791] [INFO] [selfplay:2] [SelfPlay] 913/1000 (91%)  pos=85866  W/D/B=359/184/370  (39%/20%/40%)  d4/d7  4.5 games/s (avg 0.4)  1.1M nps  ETA 00:03:28
[2026-03-28T10:24:23.295] [INFO] [selfplay:2] [SelfPlay] 914/1000 (91%)  pos=85949  W/D/B=360/184/370  (39%/20%/40%)  d4/d7  4.1 games/s (avg 0.4)  1.1M nps  ETA 00:03:34
[2026-03-28T10:24:23.517] [INFO] [selfplay:2] [SelfPlay] 915/1000 (91%)  pos=86010  W/D/B=360/184/371  (39%/20%/40%)  d4/d7  3.8 games/s (avg 0.4)  1.1M nps  ETA 00:03:35
[2026-03-28T10:24:23.992] [INFO] [selfplay:2] [SelfPlay] 916/1000 (91%)  pos=86113  W/D/B=360/184/372  (39%/20%/40%)  d4/d7  3.9 games/s (avg 0.4)  1.1M nps  ETA 00:03:32
[2026-03-28T10:24:26.824] [INFO] [selfplay:2] [SelfPlay] 917/1000 (91%)  pos=86169  W/D/B=361/184/372  (39%/20%/40%)  d4/d7  3.7 games/s (avg 0.4)  1.1M nps  ETA 00:03:26
[2026-03-28T10:24:30.311] [INFO] [selfplay:2] [SelfPlay] 918/1000 (91%)  pos=86205  W/D/B=361/185/372  (39%/20%/40%)  d4/d7  3.4 games/s (avg 0.4)  1.1M nps  ETA 00:03:23
[2026-03-28T10:24:32.363] [INFO] [selfplay:2] [SelfPlay] 919/1000 (91%)  pos=86268  W/D/B=361/186/372  (39%/20%/40%)  d4/d7  3.1 games/s (avg 0.4)  1.1M nps  ETA 00:03:22
[2026-03-28T10:24:38.027] [INFO] [selfplay:2] [SelfPlay] 920/1000 (92%)  pos=86419  W/D/B=362/186/372  (39%/20%/40%)  d4/d7  2.7 games/s (avg 0.4)  1.1M nps  ETA 00:03:17
[2026-03-28T10:24:45.492] [INFO] [selfplay:2] [SelfPlay] 921/1000 (92%)  pos=86502  W/D/B=363/186/372  (39%/20%/40%)  d4/d7  2.5 games/s (avg 0.4)  1.1M nps  ETA 00:03:12
[2026-03-28T10:24:48.792] [INFO] [selfplay:2] [SelfPlay] 922/1000 (92%)  pos=86542  W/D/B=364/186/372  (39%/20%/40%)  d4/d7  2.3 games/s (avg 0.4)  1.1M nps  ETA 00:03:14
[2026-03-28T10:24:49.436] [INFO] [selfplay:2] [SelfPlay] 923/1000 (92%)  pos=86664  W/D/B=365/186/372  (39%/20%/40%)  d4/d7  2.0 games/s (avg 0.4)  1.1M nps  ETA 00:03:14
[2026-03-28T10:24:50.841] [INFO] [selfplay:2] [SelfPlay] 924/1000 (92%)  pos=86754  W/D/B=365/186/373  (39%/20%/40%)  d4/d7  2.0 games/s (avg 0.4)  1.1M nps  ETA 00:03:11
[2026-03-28T10:24:56.819] [INFO] [selfplay:2] [SelfPlay] 925/1000 (92%)  pos=86849  W/D/B=366/186/373  (39%/20%/40%)  d4/d7  1.8 games/s (avg 0.4)  1.1M nps  ETA 00:03:04
[2026-03-28T10:25:00.070] [INFO] [selfplay:2] [SelfPlay] 926/1000 (92%)  pos=86958  W/D/B=367/186/373  (39%/20%/40%)  d4/d7  1.6 games/s (avg 0.4)  1.1M nps  ETA 00:03:04
[2026-03-28T10:25:02.165] [INFO] [selfplay:2] [SelfPlay] 927/1000 (92%)  pos=87019  W/D/B=367/186/374  (39%/20%/40%)  d4/d7  1.4 games/s (avg 0.4)  1.1M nps  ETA 00:03:02
[2026-03-28T10:25:05.038] [INFO] [selfplay:2] [SelfPlay] 928/1000 (92%)  pos=87086  W/D/B=368/186/374  (39%/20%/40%)  d4/d7  1.3 games/s (avg 0.4)  1.1M nps  ETA 00:03:00
[2026-03-28T10:25:08.958] [INFO] [selfplay:2] [SelfPlay] 929/1000 (92%)  pos=87125  W/D/B=369/186/374  (39%/20%/40%)  d4/d7  1.2 games/s (avg 0.4)  1.1M nps  ETA 00:02:56
[2026-03-28T10:25:09.538] [INFO] [selfplay:2] [SelfPlay] 930/1000 (93%)  pos=87251  W/D/B=370/186/374  (39%/20%/40%)  d4/d7  1.0 games/s (avg 0.4)  1.1M nps  ETA 00:02:56
[2026-03-28T10:25:11.525] [INFO] [selfplay:2] [SelfPlay] 931/1000 (93%)  pos=87321  W/D/B=370/186/375  (39%/19%/40%)  d4/d7  1.1 games/s (avg 0.4)  1.1M nps  ETA 00:02:53
[2026-03-28T10:25:14.599] [INFO] [selfplay:2] [SelfPlay] 932/1000 (93%)  pos=87556  W/D/B=370/187/375  (39%/20%/40%)  d4/d7  1.0 games/s (avg 0.4)  1.1M nps  ETA 00:02:49
[2026-03-28T10:25:17.996] [INFO] [selfplay:2] [SelfPlay] 933/1000 (93%)  pos=87585  W/D/B=370/187/376  (39%/20%/40%)  d4/d7  0.9 games/s (avg 0.4)  1.1M nps  ETA 00:02:47
[2026-03-28T10:25:22.325] [INFO] [selfplay:2] [SelfPlay] 934/1000 (93%)  pos=87703  W/D/B=370/187/377  (39%/20%/40%)  d4/d7  0.8 games/s (avg 0.4)  1.1M nps  ETA 00:02:42
[2026-03-28T10:25:27.069] [INFO] [selfplay:2] [SelfPlay] 935/1000 (93%)  pos=87748  W/D/B=371/187/377  (39%/20%/40%)  d4/d7  0.7 games/s (avg 0.4)  1.1M nps  ETA 00:02:41
[2026-03-28T10:25:33.498] [INFO] [selfplay:2] [SelfPlay] 936/1000 (93%)  pos=87846  W/D/B=371/187/378  (39%/19%/40%)  d4/d7  0.7 games/s (avg 0.4)  1.1M nps  ETA 00:02:35
[2026-03-28T10:25:34.060] [INFO] [selfplay:2] [SelfPlay] 937/1000 (93%)  pos=87902  W/D/B=372/187/378  (39%/19%/40%)  d4/d7  0.6 games/s (avg 0.4)  1.0M nps  ETA 00:02:40
[2026-03-28T10:25:39.867] [INFO] [selfplay:2] [SelfPlay] 938/1000 (93%)  pos=88035  W/D/B=373/187/378  (39%/19%/40%)  d4/d7  0.8 games/s (avg 0.4)  1.1M nps  ETA 00:02:31
[2026-03-28T10:25:41.999] [INFO] [selfplay:2] [SelfPlay] 939/1000 (93%)  pos=88119  W/D/B=373/187/379  (39%/19%/40%)  d4/d7  0.7 games/s (avg 0.4)  1.0M nps  ETA 00:02:33
[2026-03-28T10:25:44.486] [INFO] [selfplay:2] [SelfPlay] 940/1000 (94%)  pos=88170  W/D/B=373/188/379  (39%/20%/40%)  d4/d7  0.6 games/s (avg 0.4)  1.0M nps  ETA 00:02:29
[2026-03-28T10:25:45.031] [INFO] [selfplay:2] [SelfPlay] 941/1000 (94%)  pos=88215  W/D/B=373/189/379  (39%/20%/40%)  d4/d7  0.6 games/s (avg 0.4)  1.0M nps  ETA 00:02:30
[2026-03-28T10:25:45.549] [INFO] [selfplay:2] [SelfPlay] 942/1000 (94%)  pos=88344  W/D/B=374/189/379  (39%/20%/40%)  d4/d7  0.8 games/s (avg 0.4)  1.0M nps  ETA 00:02:26
[2026-03-28T10:25:46.055] [INFO] [selfplay:2] [SelfPlay] 943/1000 (94%)  pos=88397  W/D/B=374/189/380  (39%/20%/40%)  d4/d7  1.0 games/s (avg 0.4)  1.0M nps  ETA 00:02:25
[2026-03-28T10:25:46.097] [INFO] [selfplay:2] [SelfPlay] 944/1000 (94%)  pos=88454  W/D/B=374/190/380  (39%/20%/40%)  d4/d7  1.1 games/s (avg 0.4)  1.0M nps  ETA 00:02:22
[2026-03-28T10:25:46.999] [INFO] [selfplay:2] [SelfPlay] 945/1000 (94%)  pos=88503  W/D/B=374/191/380  (39%/20%/40%)  d4/d7  4.5 games/s (avg 0.4)  1.0M nps  ETA 00:02:18
[2026-03-28T10:25:47.891] [INFO] [selfplay:2] [SelfPlay] 946/1000 (94%)  pos=88577  W/D/B=375/191/380  (39%/20%/40%)  d4/d7  4.0 games/s (avg 0.4)  1.0M nps  ETA 00:02:16
[2026-03-28T10:25:50.539] [INFO] [selfplay:2] [SelfPlay] 947/1000 (94%)  pos=88678  W/D/B=375/191/381  (39%/20%/40%)  d4/d7  3.5 games/s (avg 0.4)  1.0M nps  ETA 00:02:11
[2026-03-28T10:25:50.925] [INFO] [selfplay:2] [SelfPlay] 948/1000 (94%)  pos=88791  W/D/B=375/192/381  (39%/20%/40%)  d4/d7  3.1 games/s (avg 0.4)  1.0M nps  ETA 00:02:11
[2026-03-28T10:25:51.320] [INFO] [selfplay:2] [SelfPlay] 949/1000 (94%)  pos=88898  W/D/B=376/192/381  (39%/20%/40%)  d4/d7  3.0 games/s (avg 0.4)  1.0M nps  ETA 00:02:08
[2026-03-28T10:25:55.573] [INFO] [selfplay:2] [SelfPlay] 950/1000 (95%)  pos=89000  W/D/B=377/192/381  (39%/20%/40%)  d4/d7  2.9 games/s (avg 0.4)  1.0M nps  ETA 00:02:02
[2026-03-28T10:25:56.101] [INFO] [selfplay:2] [SelfPlay] 951/1000 (95%)  pos=89110  W/D/B=377/192/382  (39%/20%/40%)  d4/d7  2.7 games/s (avg 0.4)  1.0M nps  ETA 00:02:04
[2026-03-28T10:25:56.996] [INFO] [selfplay:2] [SelfPlay] 952/1000 (95%)  pos=89115  W/D/B=377/192/383  (39%/20%/40%)  d4/d7  2.6 games/s (avg 0.4)  1.0M nps  ETA 00:02:00
[2026-03-28T10:26:00.569] [INFO] [selfplay:2] [SelfPlay] 953/1000 (95%)  pos=89179  W/D/B=378/192/383  (39%/20%/40%)  d4/d7  2.4 games/s (avg 0.4)  1.0M nps  ETA 00:01:54
[2026-03-28T10:26:00.754] [INFO] [selfplay:2] [SelfPlay] 954/1000 (95%)  pos=89419  W/D/B=378/193/383  (39%/20%/40%)  d4/d7  2.0 games/s (avg 0.4)  1.0M nps  ETA 00:01:56
[2026-03-28T10:26:05.145] [INFO] [selfplay:2] [SelfPlay] 955/1000 (95%)  pos=89544  W/D/B=379/193/383  (39%/20%/40%)  d4/d7  2.6 games/s (avg 0.4)  1.0M nps  ETA 00:01:49
[2026-03-28T10:26:11.815] [INFO] [selfplay:2] [SelfPlay] 956/1000 (95%)  pos=89599  W/D/B=379/193/384  (39%/20%/40%)  d4/d7  2.4 games/s (avg 0.4)  1.0M nps  ETA 00:01:44
[2026-03-28T10:26:14.984] [INFO] [selfplay:2] [SelfPlay] 957/1000 (95%)  pos=89642  W/D/B=379/194/384  (39%/20%/40%)  d4/d7  2.2 games/s (avg 0.4)  1.1M nps  ETA 00:01:45
[2026-03-28T10:26:17.193] [INFO] [selfplay:2] [SelfPlay] 958/1000 (95%)  pos=89676  W/D/B=380/194/384  (39%/20%/40%)  d4/d7  1.9 games/s (avg 0.4)  1.0M nps  ETA 00:01:43
[2026-03-28T10:26:17.304] [INFO] [selfplay:2] [SelfPlay] 959/1000 (95%)  pos=89712  W/D/B=380/195/384  (39%/20%/40%)  d4/d7  1.7 games/s (avg 0.4)  1.0M nps  ETA 00:01:43
[2026-03-28T10:26:25.212] [INFO] [selfplay:2] [SelfPlay] 960/1000 (96%)  pos=89770  W/D/B=380/196/384  (39%/20%/40%)  d4/d7  2.8 games/s (avg 0.4)  1.0M nps  ETA 00:01:33
[2026-03-28T10:26:27.451] [INFO] [selfplay:2] [SelfPlay] 961/1000 (96%)  pos=89866  W/D/B=381/196/384  (39%/20%/39%)  d4/d7  2.6 games/s (avg 0.4)  1.0M nps  ETA 00:01:36
[2026-03-28T10:26:28.610] [INFO] [selfplay:2] [SelfPlay] 962/1000 (96%)  pos=89955  W/D/B=382/196/384  (39%/20%/39%)  d4/d7  2.3 games/s (avg 0.4)  1.0M nps  ETA 00:01:35
[2026-03-28T10:26:29.772] [INFO] [selfplay:2] [SelfPlay] 963/1000 (96%)  pos=90032  W/D/B=383/196/384  (39%/20%/39%)  d4/d7  2.1 games/s (avg 0.4)  1.1M nps  ETA 00:01:32
[2026-03-28T10:26:35.078] [INFO] [selfplay:2] [SelfPlay] 964/1000 (96%)  pos=90073  W/D/B=383/196/385  (39%/20%/39%)  d4/d7  1.9 games/s (avg 0.4)  1.1M nps  ETA 00:01:26
[2026-03-28T10:26:35.169] [INFO] [selfplay:2] [SelfPlay] 965/1000 (96%)  pos=90129  W/D/B=384/196/385  (39%/20%/39%)  d4/d7  1.6 games/s (avg 0.4)  1.0M nps  ETA 00:01:27
[2026-03-28T10:26:36.876] [INFO] [selfplay:2] [SelfPlay] 966/1000 (96%)  pos=90225  W/D/B=384/197/385  (39%/20%/39%)  d4/d7  3.0 games/s (avg 0.4)  1.0M nps  ETA 00:01:25
[2026-03-28T10:26:37.568] [INFO] [selfplay:2] [SelfPlay] 967/1000 (96%)  pos=90356  W/D/B=385/197/385  (39%/20%/39%)  d4/d7  2.7 games/s (avg 0.4)  1.0M nps  ETA 00:01:22
[2026-03-28T10:26:44.756] [INFO] [selfplay:2] [SelfPlay] 968/1000 (96%)  pos=90539  W/D/B=385/198/385  (39%/20%/39%)  d4/d7  2.5 games/s (avg 0.4)  1.0M nps  ETA 00:01:14
[2026-03-28T10:26:45.393] [INFO] [selfplay:2] [SelfPlay] 969/1000 (96%)  pos=90597  W/D/B=385/199/385  (39%/20%/39%)  d4/d7  2.3 games/s (avg 0.4)  1.0M nps  ETA 00:01:17
[2026-03-28T10:26:46.846] [INFO] [selfplay:2] [SelfPlay] 970/1000 (97%)  pos=90703  W/D/B=386/199/385  (39%/20%/39%)  d4/d7  2.2 games/s (avg 0.4)  1.1M nps  ETA 00:01:15
[2026-03-28T10:26:47.843] [INFO] [selfplay:2] [SelfPlay] 971/1000 (97%)  pos=90825  W/D/B=387/199/385  (39%/20%/39%)  d4/d7  2.0 games/s (avg 0.4)  1.1M nps  ETA 00:01:12
[2026-03-28T10:26:51.704] [INFO] [selfplay:2] [SelfPlay] 972/1000 (97%)  pos=90914  W/D/B=388/199/385  (39%/20%/39%)  d4/d7  1.8 games/s (avg 0.4)  1.1M nps  ETA 00:01:06
[2026-03-28T10:26:59.670] [INFO] [selfplay:2] [SelfPlay] 973/1000 (97%)  pos=90998  W/D/B=388/199/386  (39%/20%/39%)  d4/d7  1.6 games/s (avg 0.4)  1.0M nps  ETA 00:01:00
[2026-03-28T10:27:01.534] [INFO] [selfplay:2] [SelfPlay] 974/1000 (97%)  pos=91057  W/D/B=388/199/387  (39%/20%/39%)  d4/d7  1.5 games/s (avg 0.4)  1.0M nps  ETA 00:01:04
[2026-03-28T10:27:04.426] [INFO] [selfplay:2] [SelfPlay] 975/1000 (97%)  pos=91115  W/D/B=389/199/387  (39%/20%/39%)  d4/d7  1.3 games/s (avg 0.4)  1.0M nps  ETA 00:01:00
[2026-03-28T10:27:04.880] [INFO] [selfplay:2] [SelfPlay] 976/1000 (97%)  pos=91217  W/D/B=389/199/388  (39%/20%/39%)  d4/d7  1.2 games/s (avg 0.4)  1.0M nps  ETA 00:01:00
[2026-03-28T10:27:05.221] [INFO] [selfplay:2] [SelfPlay] 977/1000 (97%)  pos=91294  W/D/B=390/199/388  (39%/20%/39%)  d4/d7  1.3 games/s (avg 0.4)  1.0M nps  ETA 00:00:57
[2026-03-28T10:27:05.521] [INFO] [selfplay:2] [SelfPlay] 978/1000 (97%)  pos=91330  W/D/B=391/199/388  (39%/20%/39%)  d4/d7  1.6 games/s (avg 0.4)  1.0M nps  ETA 00:00:55
[2026-03-28T10:27:15.820] [INFO] [selfplay:2] [SelfPlay] 979/1000 (97%)  pos=91426  W/D/B=392/199/388  (40%/20%/39%)  d4/d7  1.8 games/s (avg 0.4)  1.0M nps  ETA 00:00:43
[2026-03-28T10:27:15.975] [INFO] [selfplay:2] [SelfPlay] 980/1000 (98%)  pos=91501  W/D/B=393/199/388  (40%/20%/39%)  d4/d7  1.7 games/s (avg 0.4)  1.1M nps  ETA 00:00:50
[2026-03-28T10:27:26.133] [INFO] [selfplay:2] [SelfPlay] 981/1000 (98%)  pos=91741  W/D/B=393/200/388  (40%/20%/39%)  d4/d7  2.4 games/s (avg 0.4)  1.1M nps  ETA 00:00:38
[2026-03-28T10:27:26.636] [INFO] [selfplay:2] [SelfPlay] 982/1000 (98%)  pos=91778  W/D/B=394/200/388  (40%/20%/39%)  d4/d7  2.2 games/s (avg 0.4)  1.1M nps  ETA 00:00:44
[2026-03-28T10:27:27.578] [INFO] [selfplay:2] [SelfPlay] 983/1000 (98%)  pos=91856  W/D/B=395/200/388  (40%/20%/39%)  d4/d7  2.2 games/s (avg 0.4)  1.1M nps  ETA 00:00:42
[2026-03-28T10:27:34.217] [INFO] [selfplay:2] [SelfPlay] 984/1000 (98%)  pos=91912  W/D/B=396/200/388  (40%/20%/39%)  d4/d7  2.0 games/s (avg 0.4)  1.1M nps  ETA 00:00:33
[2026-03-28T10:27:35.621] [INFO] [selfplay:2] [SelfPlay] 985/1000 (98%)  pos=92021  W/D/B=397/200/388  (40%/20%/39%)  d4/d7  1.9 games/s (avg 0.4)  1.1M nps  ETA 00:00:37
[2026-03-28T10:27:44.734] [INFO] [selfplay:2] [SelfPlay] 986/1000 (98%)  pos=92057  W/D/B=398/200/388  (40%/20%/39%)  d4/d7  1.7 games/s (avg 0.4)  1.1M nps  ETA 00:00:26
[2026-03-28T10:27:45.814] [INFO] [selfplay:2] [SelfPlay] 987/1000 (98%)  pos=92134  W/D/B=399/200/388  (40%/20%/39%)  d4/d7  1.6 games/s (avg 0.4)  1.1M nps  ETA 00:00:32
[2026-03-28T10:27:49.088] [INFO] [selfplay:2] [SelfPlay] 988/1000 (98%)  pos=92209  W/D/B=399/200/389  (40%/20%/39%)  d4/d7  1.5 games/s (avg 0.4)  1.1M nps  ETA 00:00:27
[2026-03-28T10:27:49.250] [INFO] [selfplay:2] [SelfPlay] 989/1000 (98%)  pos=92331  W/D/B=399/200/390  (40%/20%/39%)  d4/d7  1.3 games/s (avg 0.4)  1.1M nps  ETA 00:00:29
[2026-03-28T10:27:49.699] [INFO] [selfplay:2] [SelfPlay] 990/1000 (99%)  pos=92415  W/D/B=399/200/391  (40%/20%/39%)  d4/d7  2.0 games/s (avg 0.4)  1.1M nps  ETA 00:00:30
[2026-03-28T10:27:49.794] [INFO] [selfplay:2] [SelfPlay] 991/1000 (99%)  pos=92515  W/D/B=399/200/392  (40%/20%/39%)  d4/d7  2.1 games/s (avg 0.4)  1.1M nps  ETA 00:00:30
[2026-03-28T10:27:49.855] [INFO] [selfplay:2] [SelfPlay] 992/1000 (99%)  pos=92559  W/D/B=399/200/393  (40%/20%/39%)  d4/d7  3.3 games/s (avg 0.4)  1.1M nps  ETA 00:00:30
[2026-03-28T10:27:50.894] [INFO] [selfplay:2] [SelfPlay] 993/1000 (99%)  pos=92689  W/D/B=399/200/394  (40%/20%/39%)  d4/d7  5.3 games/s (avg 0.4)  1.1M nps  ETA 00:00:29
[2026-03-28T10:27:52.917] [INFO] [selfplay:2] [SelfPlay] 994/1000 (99%)  pos=92804  W/D/B=400/200/394  (40%/20%/39%)  d4/d7  4.6 games/s (avg 0.4)  1.1M nps  ETA 00:00:28
[2026-03-28T10:27:53.990] [INFO] [selfplay:2] [SelfPlay] 995/1000 (99%)  pos=92852  W/D/B=400/200/395  (40%/20%/39%)  d4/d7  4.0 games/s (avg 0.4)  1.1M nps  ETA 00:00:29
[2026-03-28T10:27:58.339] [INFO] [selfplay:2] [SelfPlay] 996/1000 (99%)  pos=92891  W/D/B=400/201/395  (40%/20%/39%)  d4/d7  3.5 games/s (avg 0.4)  1.1M nps  ETA 00:00:25
[2026-03-28T10:28:11.202] [INFO] [selfplay:2] [SelfPlay] 997/1000 (99%)  pos=92931  W/D/B=401/201/395  (40%/20%/39%)  d4/d7  3.3 games/s (avg 0.4)  1.1M nps  ETA 00:00:17
[2026-03-28T10:28:25.468] [INFO] [selfplay:2] [SelfPlay] 998/1000 (99%)  pos=93013  W/D/B=402/201/395  (40%/20%/39%)  d4/d7  3.0 games/s (avg 0.4)  1.1M nps  ETA 00:00:16
[2026-03-28T10:28:31.867] [INFO] [selfplay:2] [SelfPlay] 999/1000 (99%)  pos=93184  W/D/B=403/201/395  (40%/20%/39%)  d4/d7  2.8 games/s (avg 0.4)  1.1M nps  ETA 00:00:24
[2026-03-28T10:28:32.155] [INFO] [selfplay:2] [SelfPlay] 1000/1000 (100%)  pos=93272  W/D/B=403/201/396  (40%/20%/39%)  d4/d7  2.6 games/s (avg 0.4)  1.1M nps  ETA 00:00:00
[2026-03-28T10:28:32.179] [INFO] [selfplay:2] [SelfPlay] Done. 93272 positions written to C:\Users\chris\pyproj\my_env\Projects\ChessEngine\x64\Release\assets\selfplay_gen11.bin
[2026-03-28T10:28:32.251] [EVENT] [selfplay:11] PHASE_END success=true elapsed_sec=2566.0
[2026-03-28T10:28:32.860] [INFO] [selfplay:2]   Using Stockfish-labeled data: C:\Users\chris\pyproj\my_env\Projects\ChessEngine\x64\Release\assets\training_data_sf.bin
[2026-03-28T10:28:32.860] [INFO] [selfplay:2]   Self-play current gen (weight 0.0902, base gets 0.75)
[2026-03-28T10:28:32.860] [INFO] [selfplay:2]   Replay buffer: gen 10 (weight 0.0631)
[2026-03-28T10:28:32.860] [INFO] [selfplay:2]   Replay buffer: gen 9 (weight 0.0442)
[2026-03-28T10:28:32.860] [INFO] [selfplay:2]   Replay buffer: gen 8 (weight 0.0309)
[2026-03-28T10:28:32.860] [INFO] [selfplay:2]   Replay buffer: gen 7 (weight 0.0216)
[2026-03-28T10:28:32.860] [EVENT] [training:11] PHASE_START epochs=12 batch=2048 lr=0.0002
[2026-03-28T10:28:32.860] [CMD] [training:2] [CMD] py -3.10 -u "C:\Users\chris\pyproj\my_env\Projects\ChessEngine\x64\Release\train_nnue.py" --data "C:\Users\chris\pyproj\my_env\Projects\ChessEngine\x64\Release\assets\training_data_sf.bin" --extra-data "C:\Users\chris\pyproj\my_env\Projects\ChessEngine\x64\Release\assets\selfplay_gen11.bin" 0.0902 --extra-data "C:\Users\chris\pyproj\my_env\Projects\ChessEngine\x64\Release\assets\selfplay_gen10.bin" 0.0631 --extra-data "C:\Users\chris\pyproj\my_env\Projects\ChessEngine\x64\Release\assets\selfplay_gen9.bin" 0.0442 --extra-data "C:\Users\chris\pyproj\my_env\Projects\ChessEngine\x64\Release\assets\selfplay_gen8.bin" 0.0309 --extra-data "C:\Users\chris\pyproj\my_env\Projects\ChessEngine\x64\Release\assets\selfplay_gen7.bin" 0.0216 --max-positions 200000 --epochs 12 --batch-size 2048 --lr 0.0002 --lr-min 0.00001 --weight-decay 0.0015 --dropout 0.2 --grad-clip 1.0 --grad-accum 4 --warmup-steps 100 --draw-weight 0.3 --mate-boost 10.0 --early-stop 8 --wdl-alpha 0.3 --wdl-draw-elo 50.0 --enhanced --plot --cosine-lr --no-cosine-restarts --swa --swa-start 8 --label-smoothing 0.01 --extra-data "C:\Users\chris\pyproj\my_env\Projects\ChessEngine\x64\Release\assets\training_data_draws.bin" 0.3 --load-weights "C:\Users\chris\pyproj\my_env\Projects\ChessEngine\x64\Release\assets\nnue_weights_gen10.bin" --output "C:\Users\chris\pyproj\my_env\Projects\ChessEngine\x64\Release\assets\nnue_weights.bin"
[2026-03-28T10:28:35.688] [INFO] [training:2] === Enhanced mode v3: warmup=100, grad_accum=4, SWA=ON, label_smooth=0.01, filter_eval=1000.0, eval_soft_cap=800.0, draw_weight=0.3x, wdl_alpha=0.3, wdl_draw_elo=50.0, cosine_decay ===
[2026-03-28T10:28:35.688] [INFO] [training:2] Using device: CPU (optimized)
[2026-03-28T10:28:35.744] [INFO] [training:2]   CPU threads: 16
[2026-03-28T10:28:35.751] [INFO] [training:2]   --max-positions: distributing 200,000 budget across 7 sources by ratio
[2026-03-28T10:28:35.751] [INFO] [training:2]     training_data_sf.bin: 25,194,593 -> 89,999 (ratio 45.0%)
[2026-03-28T10:28:35.751] [INFO] [training:2]     selfplay_gen11.bin: 93,272 -> 18,040 (ratio 9.0%)
[2026-03-28T10:28:35.751] [INFO] [training:2]     selfplay_gen10.bin: 92,355 -> 12,620 (ratio 6.3%)
[2026-03-28T10:28:35.751] [INFO] [training:2]     selfplay_gen9.bin: 91,241 -> 8,840 (ratio 4.4%)
[2026-03-28T10:28:35.751] [INFO] [training:2]     selfplay_gen8.bin: 68,276 -> 6,180 (ratio 3.1%)
[2026-03-28T10:28:35.751] [INFO] [training:2]     selfplay_gen7.bin: 68,956 -> 4,320 (ratio 2.2%)
[2026-03-28T10:28:35.751] [INFO] [training:2]     training_data_draws.bin: 35,143,613 -> 60,000 (ratio 30.0%)
[2026-03-28T10:28:35.751] [INFO] [training:2] Datasets:             7 sources (ratio-based sampling)
[2026-03-28T10:28:35.751] [INFO] [training:2]   - training_data_sf.bin                     ratio=45.0%  pos=89,999
[2026-03-28T10:28:35.751] [INFO] [training:2]   - selfplay_gen11.bin                       ratio=9.0%  pos=18,040
[2026-03-28T10:28:35.751] [INFO] [training:2]   - selfplay_gen10.bin                       ratio=6.3%  pos=12,620
[2026-03-28T10:28:35.751] [INFO] [training:2]   - selfplay_gen9.bin                        ratio=4.4%  pos=8,840
[2026-03-28T10:28:35.751] [INFO] [training:2]   - selfplay_gen8.bin                        ratio=3.1%  pos=6,180
[2026-03-28T10:28:35.751] [INFO] [training:2]   - selfplay_gen7.bin                        ratio=2.2%  pos=4,320
[2026-03-28T10:28:35.751] [INFO] [training:2]   - training_data_draws.bin                  ratio=30.0%  pos=60,000
[2026-03-28T10:28:35.751] [INFO] [training:2]   Total positions: 199,999
[2026-03-28T10:28:35.751] [INFO] [training:2]   Mode: PRELOAD (full dataset fits in RAM)
[2026-03-28T10:28:35.993] [INFO] [training:2] Weights loaded from C:\Users\chris\pyproj\my_env\Projects\ChessEngine\x64\Release\assets\nnue_weights_gen10.bin
[2026-03-28T10:28:35.996] [INFO] [training:2] Loaded existing weights from C:\Users\chris\pyproj\my_env\Projects\ChessEngine\x64\Release\assets\nnue_weights_gen10.bin
[2026-03-28T10:28:36.979] [INFO] [training:2]   Fresh optimizer (--load-weights skips old optimizer state)
[2026-03-28T10:28:36.979] [INFO] [training:2] ============================================================
[2026-03-28T10:28:36.979] [INFO] [training:2] Training Configuration:
[2026-03-28T10:28:36.979] [INFO] [training:2]   Positions:         199,999
[2026-03-28T10:28:36.979] [INFO] [training:2]   Batch size:        2048 (effective: 8192 with grad accum x4)
[2026-03-28T10:28:36.979] [INFO] [training:2]   Epochs:            12
[2026-03-28T10:28:36.979] [INFO] [training:2]   Learning rate:     0.0002
[2026-03-28T10:28:36.979] [INFO] [training:2]   LR schedule:       Cosine Decay (T_max=8, warmup_epochs~4)
[2026-03-28T10:28:36.979] [INFO] [training:2]   LR min:            1e-05
[2026-03-28T10:28:36.979] [INFO] [training:2]   LR warmup:         100 optimizer steps
[2026-03-28T10:28:36.979] [INFO] [training:2]   Lambda (eval/res): 0.5
[2026-03-28T10:28:36.979] [INFO] [training:2]   Eval scale:        400.0
[2026-03-28T10:28:36.979] [INFO] [training:2]   Phase balanced:    True
[2026-03-28T10:28:36.979] [INFO] [training:2]   Early stop:        8 epochs
[2026-03-28T10:28:36.979] [INFO] [training:2]   Weight decay:      0.0015
[2026-03-28T10:28:36.979] [INFO] [training:2]   Dropout:           0.2
[2026-03-28T10:28:36.979] [INFO] [training:2]   Grad accumulation: 4x
[2026-03-28T10:28:36.979] [INFO] [training:2]   Label smoothing:   0.01
[2026-03-28T10:28:36.979] [INFO] [training:2]   SWA:               ON (start epoch 8)
[2026-03-28T10:28:36.979] [INFO] [training:2]   Filter eval max:   1000.0
[2026-03-28T10:28:36.979] [INFO] [training:2]   Eval soft-cap:     800.0
[2026-03-28T10:28:36.979] [INFO] [training:2]   Draw weight:       0.3x
[2026-03-28T10:28:36.979] [INFO] [training:2]   Mate boost:        10.0x
[2026-03-28T10:28:36.979] [INFO] [training:2]   Async prefetch:    N/A (preload mode)
[2026-03-28T10:28:36.979] [INFO] [training:2]   WDL CE loss:       ON (alpha=0.3, lambda=0.5 (from --lam), draw_elo=50.0)
[2026-03-28T10:28:36.979] [INFO] [training:2]   Activation:        SCReLU (squared clipped ReLU)
[2026-03-28T10:28:36.979] [INFO] [training:2]   Architecture:      40960->512->128->64->WDL(3)x3heads
[2026-03-28T10:28:36.979] [INFO] [training:2]   Grad clip norm:    1.0
[2026-03-28T10:28:36.979] [INFO] [training:2]   Streaming:         False
[2026-03-28T10:28:36.979] [INFO] [training:2]   Datasets:          7 sources (ratio-based sampling)
[2026-03-28T10:28:36.979] [INFO] [training:2]     - training_data_sf.bin            ratio=45.0%  pos=89,999
[2026-03-28T10:28:36.979] [INFO] [training:2]     - selfplay_gen11.bin              ratio=9.0%  pos=18,040
[2026-03-28T10:28:36.979] [INFO] [training:2]     - selfplay_gen10.bin              ratio=6.3%  pos=12,620
[2026-03-28T10:28:36.979] [INFO] [training:2]     - selfplay_gen9.bin               ratio=4.4%  pos=8,840
[2026-03-28T10:28:36.979] [INFO] [training:2]     - selfplay_gen8.bin               ratio=3.1%  pos=6,180
[2026-03-28T10:28:36.980] [INFO] [training:2]     - selfplay_gen7.bin               ratio=2.2%  pos=4,320
[2026-03-28T10:28:36.980] [INFO] [training:2]     - training_data_draws.bin         ratio=30.0%  pos=60,000
[2026-03-28T10:28:36.980] [INFO] [training:2] ============================================================
[2026-03-28T10:28:36.980] [INFO] [training:2]   Multi-dataset preload: ratios will be applied during epoch sampling.
[2026-03-28T10:28:36.980] [INFO] [training:2]   Loading 7 datasets sequentially...
[2026-03-28T10:28:36.980] [INFO] [training:2] Loading positions from C:\Users\chris\pyproj\my_env\Projects\ChessEngine\x64\Release\assets\training_data_sf.bin...
[2026-03-28T10:28:36.980] [INFO] [training:2]   Total positions: 25,194,593 — using offset-cache fast path (avoids reading 1201 MB into RAM)
[2026-03-28T10:28:36.980] [INFO] [training:2] Scanning C:\Users\chris\pyproj\my_env\Projects\ChessEngine\x64\Release\assets\training_data_sf.bin for position offsets...
[2026-03-28T10:28:37.829] [INFO] [training:2]   Loaded cached index: 25,194,593 offsets (C:\Users\chris\pyproj\my_env\Projects\ChessEngine\x64\Release\assets\training_data_sf.bin.offidx)
[2026-03-28T10:28:39.344] [INFO] [training:2]   Sampled 89,999 from 25,194,593 positions (reservoir)
[2026-03-28T10:28:44.858] [INFO] [training:2]     Parsed 50,000/89,999 positions (16503 pos/s,
[2026-03-28T10:28:44.858] [INFO] [training:2]   Parsed 89,999 positions in 5.5s (16,353 pos/s)
[2026-03-28T10:28:44.858] [INFO] [training:2]   Vectorized HalfKAv2 conversion (89,999 positions)...
[2026-03-28T10:28:45.134] [INFO] [training:2]   HalfKAv2 conversion: 0.3s (327,028 pos/s)
[2026-03-28T10:28:45.146] [INFO] [training:2]   Converting to tensors...
[2026-03-28T10:28:45.146] [INFO] [training:2] Phase distribution: Opening=25,739, Middlegame=28,750, Endgame=31,615
[2026-03-28T10:28:45.147] [INFO] [training:2]   [training_data_sf.bin] loaded: 86,104 positions
[2026-03-28T10:28:45.219] [INFO] [training:2] Loading positions from C:\Users\chris\pyproj\my_env\Projects\ChessEngine\x64\Release\assets\selfplay_gen11.bin...
[2026-03-28T10:28:45.220] [INFO] [training:2]   Total positions: 93,272 — using offset-cache fast path (avoids reading 4 MB into RAM)
[2026-03-28T10:28:45.220] [INFO] [training:2] Scanning C:\Users\chris\pyproj\my_env\Projects\ChessEngine\x64\Release\assets\selfplay_gen11.bin for position offsets...
[2026-03-28T10:28:45.220] [INFO] [training:2]   Building offset index (first time, may take several minutes)...
[2026-03-28T10:28:45.220] [INFO] [training:2]   Total positions: 93,272 (header: versioned)
[2026-03-28T10:28:45.265] [INFO] [training:2]   Scan complete: 93,272 positions indexed.[K
[2026-03-28T10:28:45.270] [INFO] [training:2]   Saved offset cache: 0.7 MB (C:\Users\chris\pyproj\my_env\Projects\ChessEngine\x64\Release\assets\selfplay_gen11.bin.offidx)
[2026-03-28T10:28:45.272] [INFO] [training:2]   Sampled 18,040 from 93,272 positions (reservoir)
[2026-03-28T10:28:45.314] [INFO] [training:2]   Parsed 18,040 positions in 0.0s (434,478 pos/s)
[2026-03-28T10:28:45.314] [INFO] [training:2]   Vectorized HalfKAv2 conversion (18,040 positions)...
[2026-03-28T10:28:45.417] [INFO] [training:2]   HalfKAv2 conversion: 0.1s (173,592 pos/s)
[2026-03-28T10:28:45.420] [INFO] [training:2]   Converting to tensors...
[2026-03-28T10:28:45.420] [INFO] [training:2] Phase distribution: Opening=2,166, Middlegame=7,977, Endgame=7,371
[2026-03-28T10:28:45.420] [INFO] [training:2]   [selfplay_gen11.bin] loaded: 17,514 positions
[2026-03-28T10:28:45.485] [INFO] [training:2] Loading positions from C:\Users\chris\pyproj\my_env\Projects\ChessEngine\x64\Release\assets\selfplay_gen10.bin...
[2026-03-28T10:28:45.485] [INFO] [training:2]   Total positions: 92,355 — using offset-cache fast path (avoids reading 4 MB into RAM)
[2026-03-28T10:28:45.485] [INFO] [training:2] Scanning C:\Users\chris\pyproj\my_env\Projects\ChessEngine\x64\Release\assets\selfplay_gen10.bin for position offsets...
[2026-03-28T10:28:45.493] [INFO] [training:2]   Loaded cached index: 92,355 offsets (C:\Users\chris\pyproj\my_env\Projects\ChessEngine\x64\Release\assets\selfplay_gen10.bin.offidx)
[2026-03-28T10:28:45.495] [INFO] [training:2]   Sampled 12,620 from 92,355 positions (reservoir)
[2026-03-28T10:28:45.538] [INFO] [training:2]   Parsed 12,620 positions in 0.0s (293,051 pos/s)
[2026-03-28T10:28:45.538] [INFO] [training:2]   Vectorized HalfKAv2 conversion (12,620 positions)...
[2026-03-28T10:28:45.631] [INFO] [training:2]   HalfKAv2 conversion: 0.1s (134,999 pos/s)
[2026-03-28T10:28:45.633] [INFO] [training:2]   Converting to tensors...
[2026-03-28T10:28:45.633] [INFO] [training:2] Phase distribution: Opening=1,493, Middlegame=5,690, Endgame=5,066
[2026-03-28T10:28:45.633] [INFO] [training:2]   [selfplay_gen10.bin] loaded: 12,249 positions
[2026-03-28T10:28:45.700] [INFO] [training:2] Loading positions from C:\Users\chris\pyproj\my_env\Projects\ChessEngine\x64\Release\assets\selfplay_gen9.bin...
[2026-03-28T10:28:45.700] [INFO] [training:2]   Total positions: 91,241 — using offset-cache fast path (avoids reading 4 MB into RAM)
[2026-03-28T10:28:45.700] [INFO] [training:2] Scanning C:\Users\chris\pyproj\my_env\Projects\ChessEngine\x64\Release\assets\selfplay_gen9.bin for position offsets...
[2026-03-28T10:28:45.705] [INFO] [training:2]   Loaded cached index: 91,241 offsets (C:\Users\chris\pyproj\my_env\Projects\ChessEngine\x64\Release\assets\selfplay_gen9.bin.offidx)
[2026-03-28T10:28:45.707] [INFO] [training:2]   Sampled 8,840 from 91,241 positions (reservoir)
[2026-03-28T10:28:45.745] [INFO] [training:2]   Parsed 8,840 positions in 0.0s (226,205 pos/s)
[2026-03-28T10:28:45.745] [INFO] [training:2]   Vectorized HalfKAv2 conversion (8,840 positions)...
[2026-03-28T10:28:45.831] [INFO] [training:2]   HalfKAv2 conversion: 0.1s (103,965 pos/s)
[2026-03-28T10:28:45.832] [INFO] [training:2]   Converting to tensors...
[2026-03-28T10:28:45.832] [INFO] [training:2] Phase distribution: Opening=1,116, Middlegame=3,949, Endgame=3,525
[2026-03-28T10:28:45.832] [INFO] [training:2]   [selfplay_gen9.bin] loaded: 8,590 positions
[2026-03-28T10:28:45.896] [INFO] [training:2] Loading positions from C:\Users\chris\pyproj\my_env\Projects\ChessEngine\x64\Release\assets\selfplay_gen8.bin...
[2026-03-28T10:28:45.896] [INFO] [training:2]   Total positions: 68,276 — using offset-cache fast path (avoids reading 3 MB into RAM)
[2026-03-28T10:28:45.896] [INFO] [training:2] Scanning C:\Users\chris\pyproj\my_env\Projects\ChessEngine\x64\Release\assets\selfplay_gen8.bin for position offsets...
[2026-03-28T10:28:45.900] [INFO] [training:2]   Loaded cached index: 68,276 offsets (C:\Users\chris\pyproj\my_env\Projects\ChessEngine\x64\Release\assets\selfplay_gen8.bin.offidx)
[2026-03-28T10:28:45.902] [INFO] [training:2]   Sampled 6,180 from 68,276 positions (reservoir)
[2026-03-28T10:28:45.940] [INFO] [training:2]   Parsed 6,180 positions in 0.0s (162,637 pos/s)
[2026-03-28T10:28:45.940] [INFO] [training:2]   Vectorized HalfKAv2 conversion (6,180 positions)...
[2026-03-28T10:28:46.027] [INFO] [training:2]   HalfKAv2 conversion: 0.1s (71,175 pos/s)
[2026-03-28T10:28:46.028] [INFO] [training:2]   Converting to tensors...
[2026-03-28T10:28:46.028] [INFO] [training:2] Phase distribution: Opening=710, Middlegame=2,813, Endgame=2,475
[2026-03-28T10:28:46.028] [INFO] [training:2]   [selfplay_gen8.bin] loaded: 5,998 positions
[2026-03-28T10:28:46.098] [INFO] [training:2] Loading positions from C:\Users\chris\pyproj\my_env\Projects\ChessEngine\x64\Release\assets\selfplay_gen7.bin...
[2026-03-28T10:28:46.098] [INFO] [training:2]   Total positions: 68,956 — using offset-cache fast path (avoids reading 3 MB into RAM)
[2026-03-28T10:28:46.098] [INFO] [training:2] Scanning C:\Users\chris\pyproj\my_env\Projects\ChessEngine\x64\Release\assets\selfplay_gen7.bin for position offsets...
[2026-03-28T10:28:46.102] [INFO] [training:2]   Loaded cached index: 68,956 offsets (C:\Users\chris\pyproj\my_env\Projects\ChessEngine\x64\Release\assets\selfplay_gen7.bin.offidx)
[2026-03-28T10:28:46.103] [INFO] [training:2]   Sampled 4,320 from 68,956 positions (reservoir)
[2026-03-28T10:28:46.123] [INFO] [training:2]   Parsed 4,320 positions in 0.0s (221,157 pos/s)
[2026-03-28T10:28:46.123] [INFO] [training:2]   Vectorized HalfKAv2 conversion (4,320 positions)...
[2026-03-28T10:28:46.210] [INFO] [training:2]   HalfKAv2 conversion: 0.1s (49,531 pos/s)
[2026-03-28T10:28:46.210] [INFO] [training:2]   Converting to tensors...
[2026-03-28T10:28:46.210] [INFO] [training:2] Phase distribution: Opening=511, Middlegame=1,956, Endgame=1,710
[2026-03-28T10:28:46.210] [INFO] [training:2]   [selfplay_gen7.bin] loaded: 4,177 positions
[2026-03-28T10:28:46.279] [INFO] [training:2] Loading positions from C:\Users\chris\pyproj\my_env\Projects\ChessEngine\x64\Release\assets\training_data_draws.bin...
[2026-03-28T10:28:46.280] [INFO] [training:2]   Total positions: 35,143,613 — using offset-cache fast path (avoids reading 1675 MB into RAM)
[2026-03-28T10:28:46.280] [INFO] [training:2] Scanning C:\Users\chris\pyproj\my_env\Projects\ChessEngine\x64\Release\assets\training_data_draws.bin for position offsets...
[2026-03-28T10:28:47.423] [INFO] [training:2]   Loaded cached index: 35,143,613 offsets (C:\Users\chris\pyproj\my_env\Projects\ChessEngine\x64\Release\assets\training_data_draws.bin.offidx)
[2026-03-28T10:28:49.609] [INFO] [training:2]   Sampled 60,000 from 35,143,613 positions (reservoir)
[2026-03-28T10:28:58.405] [INFO] [training:2]     Parsed 50,000/60,000 positions (7975 pos/s,
[2026-03-28T10:28:58.406] [INFO] [training:2]   Parsed 60,000 positions in 8.8s (6,831 pos/s)
[2026-03-28T10:28:58.406] [INFO] [training:2]   Vectorized HalfKAv2 conversion (60,000 positions)...
[2026-03-28T10:28:58.928] [INFO] [training:2]   HalfKAv2 conversion: 0.5s (115,093 pos/s)
[2026-03-28T10:28:58.928] [INFO] [training:2]   Converting to tensors...
[2026-03-28T10:28:58.928] [INFO] [training:2] Phase distribution: Opening=19,642, Middlegame=16,897, Endgame=23,461
[2026-03-28T10:28:58.929] [INFO] [training:2]   [training_data_draws.bin] loaded: 60,000 positions
[2026-03-28T10:28:59.119] [INFO] [training:2]   Train positions: 175,169
[2026-03-28T10:28:59.120] [INFO] [training:2]   Val positions:   19,463
[2026-03-28T10:28:59.379] [INFO] [training:2]   Phase-balanced samples: 202,944 (from 175,169 train)
[2026-03-28T10:30:57.228] [INFO] [training:2]   Ep 1 | Batch 86/86 (100%) | Loss: 0.178084
[2026-03-28T10:31:10.400] [INFO] [training:2] ----------------------------------------------------------------------
[2026-03-28T10:31:10.400] [INFO] [training:2]   Epoch    1/12 | Train: 0.178084 (rebalanced) | Val: 0.334398 * | LR: 0.000042 | Acc: 0.5999
[2026-03-28T10:31:10.400] [METRIC] [training:11] EPOCH epoch=1 train_loss=0.17808400 val_loss=0.33439800 lr=4.200000e-05 acc=0.5999
[2026-03-28T10:31:10.400] [INFO] [training:2]   Time: 1m58s | Elapsed: 1m58s | 1,492 pos/s
[2026-03-28T10:31:10.400] [INFO] [training:2]   Phase loss -> Opening: 0.348739  Middlegame: 0.329612  Endgame: 0.328965
[2026-03-28T10:31:11.679] [INFO] [training:2] Weights saved to C:\Users\chris\pyproj\my_env\Projects\ChessEngine\x64\Release\assets\nnue_weights.bin
[2026-03-28T10:31:13.407] [INFO] [training:2] Checkpoint saved to C:\Users\chris\pyproj\my_env\Projects\ChessEngine\x64\Release\assets\nnue_weights_checkpoint.pt
[2026-03-28T10:33:03.280] [INFO] [training:2]   Ep 2 | Batch 86/86 (100%) | Loss: 0.177042
[2026-03-28T10:33:18.654] [INFO] [training:2] ----------------------------------------------------------------------
[2026-03-28T10:33:18.655] [INFO] [training:2]   Epoch    2/12 | Train: 0.177042 (rebalanced) | Val: 0.334028 * | LR: 0.000086 | Acc: 0.6015
[2026-03-28T10:33:18.655] [METRIC] [training:11] EPOCH epoch=2 train_loss=0.17704200 val_loss=0.33402800 lr=8.600000e-05 acc=0.6015
[2026-03-28T10:33:18.655] [INFO] [training:2]   Time: 1m50s | Elapsed: 4m04s | 1,601 pos/s
[2026-03-28T10:33:18.655] [INFO] [training:2]   Phase loss -> Opening: 0.348073  Middlegame: 0.328979  Endgame: 0.329032
[2026-03-28T10:33:20.050] [INFO] [training:2] Weights saved to C:\Users\chris\pyproj\my_env\Projects\ChessEngine\x64\Release\assets\nnue_weights.bin
[2026-03-28T10:33:22.102] [INFO] [training:2] Checkpoint saved to C:\Users\chris\pyproj\my_env\Projects\ChessEngine\x64\Release\assets\nnue_weights_checkpoint.pt
[2026-03-28T10:35:17.972] [INFO] [training:2]   Ep 3 | Batch 86/86 (100%) | Loss: 0.174381
[2026-03-28T10:35:31.369] [INFO] [training:2] ----------------------------------------------------------------------
[2026-03-28T10:35:31.369] [INFO] [training:2]   Epoch    3/12 | Train: 0.174381 (rebalanced) | Val: 0.335215 | LR: 0.000130 | Acc: 0.5906
[2026-03-28T10:35:31.369] [METRIC] [training:11] EPOCH epoch=3 train_loss=0.17438100 val_loss=0.33521500 lr=1.300000e-04 acc=0.5906
[2026-03-28T10:35:31.369] [INFO] [training:2]   Time: 1m56s | Elapsed: 6m18s | 1,518 pos/s
[2026-03-28T10:35:31.369] [INFO] [training:2]   Phase loss -> Opening: 0.349340  Middlegame: 0.330768  Endgame: 0.329627
[2026-03-28T10:37:24.883] [INFO] [training:2]   Ep 4 | Batch 86/86 (100%) | Loss: 0.171559
[2026-03-28T10:37:37.872] [INFO] [training:2] ----------------------------------------------------------------------
[2026-03-28T10:37:37.872] [INFO] [training:2]   Epoch    4/12 | Train: 0.171559 (rebalanced) | Val: 0.334068 | LR: 0.000174 | Acc: 0.5963
[2026-03-28T10:37:37.872] [METRIC] [training:11] EPOCH epoch=4 train_loss=0.17155900 val_loss=0.33406800 lr=1.740000e-04 acc=0.5963
[2026-03-28T10:37:37.872] [INFO] [training:2]   Time: 1m53s | Elapsed: 8m25s | 1,549 pos/s
[2026-03-28T10:37:37.872] [INFO] [training:2]   Phase loss -> Opening: 0.348738  Middlegame: 0.329983  Endgame: 0.327787
[2026-03-28T10:37:37.872] [INFO] [training:2]   No improvement for 1/8 epochs
[2026-03-28T10:39:30.381] [INFO] [training:2]   Ep 5 | Batch 86/86 (100%) | Loss: 0.168640
[2026-03-28T10:39:43.050] [INFO] [training:2] ----------------------------------------------------------------------
[2026-03-28T10:39:43.050] [INFO] [training:2]   Epoch    5/12 | Train: 0.168640 (rebalanced) | Val: 0.334069 | LR: 0.000193 | Acc: 0.5972
[2026-03-28T10:39:43.050] [METRIC] [training:11] EPOCH epoch=5 train_loss=0.16864000 val_loss=0.33406900 lr=1.930000e-04 acc=0.5972
[2026-03-28T10:39:43.050] [INFO] [training:2]   Time: 1m52s | Elapsed: 10m31s | 1,563 pos/s
[2026-03-28T10:39:43.050] [INFO] [training:2]   Phase loss -> Opening: 0.348998  Middlegame: 0.329735  Endgame: 0.327836
[2026-03-28T10:39:43.050] [INFO] [training:2]   No improvement for 2/8 epochs
[2026-03-28T10:41:33.413] [INFO] [training:2]   Ep 6 | Batch 80/86 (93%) | Loss: 0.165936
[2026-03-28T10:41:33.413] [INFO] [training:2] [INFO] Process terminated -- pipeline stopped by user.
[2026-03-28T10:41:33.413] [EVENT] [training:11] PHASE_END success=false elapsed_sec=780.0
[2026-03-28T10:41:33.414] [ERROR] [training:2] [ERR] Training failed gen 11
[2026-03-28T10:41:33.414] [INFO] [training:2] === Pipeline stopped ===
[2026-03-28T10:41:33.414] [EVENT] [pipeline:0] PIPELINE_END stopped=true total_elapsed_sec=12040.0 completed_gens=2
# â”€â”€ END OF LOG â”€â”€ 2026-03-28T10:41:33.414
